[0.093s] DEBUG:colcon:Command line arguments: ['/usr/bin/colcon', 'build', '--symlink-install']
[0.093s] DEBUG:colcon:Parsed command line arguments: Namespace(log_base=None, log_level=None, verb_name='build', build_base='build', install_base='install', merge_install=False, symlink_install=True, test_result_base=None, continue_on_error=False, executor='parallel', parallel_workers=12, event_handlers=None, ignore_user_meta=False, metas=['./colcon.meta'], base_paths=['.'], packages_ignore=None, packages_ignore_regex=None, paths=None, packages_up_to=None, packages_up_to_regex=None, packages_above=None, packages_above_and_dependencies=None, packages_above_depth=None, packages_select_by_dep=None, packages_skip_by_dep=None, packages_skip_up_to=None, packages_select_build_failed=False, packages_skip_build_finished=False, packages_select_test_failures=False, packages_skip_test_passed=False, packages_select=None, packages_skip=None, packages_select_regex=None, packages_skip_regex=None, packages_start=None, packages_end=None, allow_overriding=[], cmake_args=None, cmake_target=None, cmake_target_skip_unavailable=False, cmake_clean_cache=False, cmake_clean_first=False, cmake_force_configure=False, ament_cmake_args=None, catkin_cmake_args=None, catkin_skip_building_tests=False, mixin_files=None, mixin=None, verb_parser=<colcon_mixin.mixin.mixin_argument.MixinArgumentDecorator object at 0x7007bb622740>, verb_extension=<colcon_core.verb.build.BuildVerb object at 0x7007bb717d00>, main=<bound method BuildVerb.main of <colcon_core.verb.build.BuildVerb object at 0x7007bb717d00>>, mixin_verb=('build',))
[0.257s] Level 1:colcon.colcon_core.package_discovery:discover_packages(colcon_meta) check parameters
[0.257s] Level 1:colcon.colcon_core.package_discovery:discover_packages(recursive) check parameters
[0.257s] Level 1:colcon.colcon_core.package_discovery:discover_packages(ignore) check parameters
[0.257s] Level 1:colcon.colcon_core.package_discovery:discover_packages(path) check parameters
[0.257s] Level 1:colcon.colcon_core.package_discovery:discover_packages(colcon_meta) discover
[0.257s] Level 1:colcon.colcon_core.package_discovery:discover_packages(recursive) discover
[0.257s] INFO:colcon.colcon_core.package_discovery:Crawling recursively for packages in '/home/daniel/code/2025-phd-daniel-guerrero/robot_ws'
[0.257s] Level 1:colcon.colcon_core.package_identification:_identify(.) by extensions ['ignore', 'ignore_ament_install']
[0.257s] Level 1:colcon.colcon_core.package_identification:_identify(.) by extension 'ignore'
[0.257s] Level 1:colcon.colcon_core.package_identification:_identify(.) by extension 'ignore_ament_install'
[0.257s] Level 1:colcon.colcon_core.package_identification:_identify(.) by extensions ['colcon_pkg']
[0.257s] Level 1:colcon.colcon_core.package_identification:_identify(.) by extension 'colcon_pkg'
[0.257s] Level 1:colcon.colcon_core.package_identification:_identify(.) by extensions ['colcon_meta']
[0.257s] Level 1:colcon.colcon_core.package_identification:_identify(.) by extension 'colcon_meta'
[0.257s] Level 1:colcon.colcon_core.package_identification:_identify(.) by extensions ['ros']
[0.257s] Level 1:colcon.colcon_core.package_identification:_identify(.) by extension 'ros'
[0.270s] Level 1:colcon.colcon_core.package_identification:_identify(.) by extensions ['cmake', 'python']
[0.270s] Level 1:colcon.colcon_core.package_identification:_identify(.) by extension 'cmake'
[0.270s] Level 1:colcon.colcon_core.package_identification:_identify(.) by extension 'python'
[0.270s] Level 1:colcon.colcon_core.package_identification:_identify(.) by extensions ['python_setup_py']
[0.270s] Level 1:colcon.colcon_core.package_identification:_identify(.) by extension 'python_setup_py'
[0.271s] Level 1:colcon.colcon_core.package_identification:_identify(build) by extensions ['ignore', 'ignore_ament_install']
[0.271s] Level 1:colcon.colcon_core.package_identification:_identify(build) by extension 'ignore'
[0.271s] Level 1:colcon.colcon_core.package_identification:_identify(build) ignored
[0.271s] Level 1:colcon.colcon_core.package_identification:_identify(install) by extensions ['ignore', 'ignore_ament_install']
[0.271s] Level 1:colcon.colcon_core.package_identification:_identify(install) by extension 'ignore'
[0.271s] Level 1:colcon.colcon_core.package_identification:_identify(install) ignored
[0.271s] Level 1:colcon.colcon_core.package_identification:_identify(log) by extensions ['ignore', 'ignore_ament_install']
[0.271s] Level 1:colcon.colcon_core.package_identification:_identify(log) by extension 'ignore'
[0.271s] Level 1:colcon.colcon_core.package_identification:_identify(log) ignored
[0.271s] Level 1:colcon.colcon_core.package_identification:_identify(src) by extensions ['ignore', 'ignore_ament_install']
[0.271s] Level 1:colcon.colcon_core.package_identification:_identify(src) by extension 'ignore'
[0.271s] Level 1:colcon.colcon_core.package_identification:_identify(src) by extension 'ignore_ament_install'
[0.271s] Level 1:colcon.colcon_core.package_identification:_identify(src) by extensions ['colcon_pkg']
[0.271s] Level 1:colcon.colcon_core.package_identification:_identify(src) by extension 'colcon_pkg'
[0.271s] Level 1:colcon.colcon_core.package_identification:_identify(src) by extensions ['colcon_meta']
[0.271s] Level 1:colcon.colcon_core.package_identification:_identify(src) by extension 'colcon_meta'
[0.271s] Level 1:colcon.colcon_core.package_identification:_identify(src) by extensions ['ros']
[0.271s] Level 1:colcon.colcon_core.package_identification:_identify(src) by extension 'ros'
[0.271s] Level 1:colcon.colcon_core.package_identification:_identify(src) by extensions ['cmake', 'python']
[0.271s] Level 1:colcon.colcon_core.package_identification:_identify(src) by extension 'cmake'
[0.271s] Level 1:colcon.colcon_core.package_identification:_identify(src) by extension 'python'
[0.271s] Level 1:colcon.colcon_core.package_identification:_identify(src) by extensions ['python_setup_py']
[0.271s] Level 1:colcon.colcon_core.package_identification:_identify(src) by extension 'python_setup_py'
[0.271s] Level 1:colcon.colcon_core.package_identification:_identify(src/carla_ros) by extensions ['ignore', 'ignore_ament_install']
[0.272s] Level 1:colcon.colcon_core.package_identification:_identify(src/carla_ros) by extension 'ignore'
[0.272s] Level 1:colcon.colcon_core.package_identification:_identify(src/carla_ros) by extension 'ignore_ament_install'
[0.272s] Level 1:colcon.colcon_core.package_identification:_identify(src/carla_ros) by extensions ['colcon_pkg']
[0.272s] Level 1:colcon.colcon_core.package_identification:_identify(src/carla_ros) by extension 'colcon_pkg'
[0.272s] Level 1:colcon.colcon_core.package_identification:_identify(src/carla_ros) by extensions ['colcon_meta']
[0.272s] Level 1:colcon.colcon_core.package_identification:_identify(src/carla_ros) by extension 'colcon_meta'
[0.272s] Level 1:colcon.colcon_core.package_identification:_identify(src/carla_ros) by extensions ['ros']
[0.272s] Level 1:colcon.colcon_core.package_identification:_identify(src/carla_ros) by extension 'ros'
[0.272s] Level 1:colcon.colcon_core.package_identification:_identify(src/carla_ros) by extensions ['cmake', 'python']
[0.272s] Level 1:colcon.colcon_core.package_identification:_identify(src/carla_ros) by extension 'cmake'
[0.272s] Level 1:colcon.colcon_core.package_identification:_identify(src/carla_ros) by extension 'python'
[0.272s] Level 1:colcon.colcon_core.package_identification:_identify(src/carla_ros) by extensions ['python_setup_py']
[0.272s] Level 1:colcon.colcon_core.package_identification:_identify(src/carla_ros) by extension 'python_setup_py'
[0.272s] Level 1:colcon.colcon_core.package_identification:_identify(src/carla_ros/carla_ackermann_control) by extensions ['ignore', 'ignore_ament_install']
[0.272s] Level 1:colcon.colcon_core.package_identification:_identify(src/carla_ros/carla_ackermann_control) by extension 'ignore'
[0.272s] Level 1:colcon.colcon_core.package_identification:_identify(src/carla_ros/carla_ackermann_control) by extension 'ignore_ament_install'
[0.272s] Level 1:colcon.colcon_core.package_identification:_identify(src/carla_ros/carla_ackermann_control) by extensions ['colcon_pkg']
[0.272s] Level 1:colcon.colcon_core.package_identification:_identify(src/carla_ros/carla_ackermann_control) by extension 'colcon_pkg'
[0.272s] Level 1:colcon.colcon_core.package_identification:_identify(src/carla_ros/carla_ackermann_control) by extensions ['colcon_meta']
[0.272s] Level 1:colcon.colcon_core.package_identification:_identify(src/carla_ros/carla_ackermann_control) by extension 'colcon_meta'
[0.272s] Level 1:colcon.colcon_core.package_identification:_identify(src/carla_ros/carla_ackermann_control) by extensions ['ros']
[0.272s] Level 1:colcon.colcon_core.package_identification:_identify(src/carla_ros/carla_ackermann_control) by extension 'ros'
[0.277s] DEBUG:colcon.colcon_core.package_identification:Package 'src/carla_ros/carla_ackermann_control' with type 'ros.ament_python' and name 'carla_ackermann_control'
[0.277s] Level 1:colcon.colcon_core.package_identification:_identify(src/carla_ros/carla_ackermann_msgs) by extensions ['ignore', 'ignore_ament_install']
[0.277s] Level 1:colcon.colcon_core.package_identification:_identify(src/carla_ros/carla_ackermann_msgs) by extension 'ignore'
[0.277s] Level 1:colcon.colcon_core.package_identification:_identify(src/carla_ros/carla_ackermann_msgs) by extension 'ignore_ament_install'
[0.277s] Level 1:colcon.colcon_core.package_identification:_identify(src/carla_ros/carla_ackermann_msgs) by extensions ['colcon_pkg']
[0.277s] Level 1:colcon.colcon_core.package_identification:_identify(src/carla_ros/carla_ackermann_msgs) by extension 'colcon_pkg'
[0.277s] Level 1:colcon.colcon_core.package_identification:_identify(src/carla_ros/carla_ackermann_msgs) by extensions ['colcon_meta']
[0.277s] Level 1:colcon.colcon_core.package_identification:_identify(src/carla_ros/carla_ackermann_msgs) by extension 'colcon_meta'
[0.277s] Level 1:colcon.colcon_core.package_identification:_identify(src/carla_ros/carla_ackermann_msgs) by extensions ['ros']
[0.277s] Level 1:colcon.colcon_core.package_identification:_identify(src/carla_ros/carla_ackermann_msgs) by extension 'ros'
[0.280s] DEBUG:colcon.colcon_core.package_identification:Package 'src/carla_ros/carla_ackermann_msgs' with type 'ros.ament_cmake' and name 'carla_ackermann_msgs'
[0.280s] Level 1:colcon.colcon_core.package_identification:_identify(src/carla_ros/carla_ad_agent) by extensions ['ignore', 'ignore_ament_install']
[0.280s] Level 1:colcon.colcon_core.package_identification:_identify(src/carla_ros/carla_ad_agent) by extension 'ignore'
[0.280s] Level 1:colcon.colcon_core.package_identification:_identify(src/carla_ros/carla_ad_agent) by extension 'ignore_ament_install'
[0.280s] Level 1:colcon.colcon_core.package_identification:_identify(src/carla_ros/carla_ad_agent) by extensions ['colcon_pkg']
[0.280s] Level 1:colcon.colcon_core.package_identification:_identify(src/carla_ros/carla_ad_agent) by extension 'colcon_pkg'
[0.280s] Level 1:colcon.colcon_core.package_identification:_identify(src/carla_ros/carla_ad_agent) by extensions ['colcon_meta']
[0.280s] Level 1:colcon.colcon_core.package_identification:_identify(src/carla_ros/carla_ad_agent) by extension 'colcon_meta'
[0.280s] Level 1:colcon.colcon_core.package_identification:_identify(src/carla_ros/carla_ad_agent) by extensions ['ros']
[0.280s] Level 1:colcon.colcon_core.package_identification:_identify(src/carla_ros/carla_ad_agent) by extension 'ros'
[0.282s] DEBUG:colcon.colcon_core.package_identification:Package 'src/carla_ros/carla_ad_agent' with type 'ros.ament_python' and name 'carla_ad_agent'
[0.283s] Level 1:colcon.colcon_core.package_identification:_identify(src/carla_ros/carla_ad_demo) by extensions ['ignore', 'ignore_ament_install']
[0.283s] Level 1:colcon.colcon_core.package_identification:_identify(src/carla_ros/carla_ad_demo) by extension 'ignore'
[0.283s] Level 1:colcon.colcon_core.package_identification:_identify(src/carla_ros/carla_ad_demo) by extension 'ignore_ament_install'
[0.283s] Level 1:colcon.colcon_core.package_identification:_identify(src/carla_ros/carla_ad_demo) by extensions ['colcon_pkg']
[0.283s] Level 1:colcon.colcon_core.package_identification:_identify(src/carla_ros/carla_ad_demo) by extension 'colcon_pkg'
[0.283s] Level 1:colcon.colcon_core.package_identification:_identify(src/carla_ros/carla_ad_demo) by extensions ['colcon_meta']
[0.283s] Level 1:colcon.colcon_core.package_identification:_identify(src/carla_ros/carla_ad_demo) by extension 'colcon_meta'
[0.283s] Level 1:colcon.colcon_core.package_identification:_identify(src/carla_ros/carla_ad_demo) by extensions ['ros']
[0.283s] Level 1:colcon.colcon_core.package_identification:_identify(src/carla_ros/carla_ad_demo) by extension 'ros'
[0.284s] DEBUG:colcon.colcon_core.package_identification:Package 'src/carla_ros/carla_ad_demo' with type 'ros.ament_cmake' and name 'carla_ad_demo'
[0.284s] Level 1:colcon.colcon_core.package_identification:_identify(src/carla_ros/carla_common) by extensions ['ignore', 'ignore_ament_install']
[0.285s] Level 1:colcon.colcon_core.package_identification:_identify(src/carla_ros/carla_common) by extension 'ignore'
[0.285s] Level 1:colcon.colcon_core.package_identification:_identify(src/carla_ros/carla_common) by extension 'ignore_ament_install'
[0.285s] Level 1:colcon.colcon_core.package_identification:_identify(src/carla_ros/carla_common) by extensions ['colcon_pkg']
[0.285s] Level 1:colcon.colcon_core.package_identification:_identify(src/carla_ros/carla_common) by extension 'colcon_pkg'
[0.285s] Level 1:colcon.colcon_core.package_identification:_identify(src/carla_ros/carla_common) by extensions ['colcon_meta']
[0.285s] Level 1:colcon.colcon_core.package_identification:_identify(src/carla_ros/carla_common) by extension 'colcon_meta'
[0.285s] Level 1:colcon.colcon_core.package_identification:_identify(src/carla_ros/carla_common) by extensions ['ros']
[0.285s] Level 1:colcon.colcon_core.package_identification:_identify(src/carla_ros/carla_common) by extension 'ros'
[0.285s] DEBUG:colcon.colcon_core.package_identification:Package 'src/carla_ros/carla_common' with type 'ros.ament_python' and name 'carla_common'
[0.285s] Level 1:colcon.colcon_core.package_identification:_identify(src/carla_ros/carla_manual_control) by extensions ['ignore', 'ignore_ament_install']
[0.286s] Level 1:colcon.colcon_core.package_identification:_identify(src/carla_ros/carla_manual_control) by extension 'ignore'
[0.286s] Level 1:colcon.colcon_core.package_identification:_identify(src/carla_ros/carla_manual_control) by extension 'ignore_ament_install'
[0.286s] Level 1:colcon.colcon_core.package_identification:_identify(src/carla_ros/carla_manual_control) by extensions ['colcon_pkg']
[0.286s] Level 1:colcon.colcon_core.package_identification:_identify(src/carla_ros/carla_manual_control) by extension 'colcon_pkg'
[0.286s] Level 1:colcon.colcon_core.package_identification:_identify(src/carla_ros/carla_manual_control) by extensions ['colcon_meta']
[0.286s] Level 1:colcon.colcon_core.package_identification:_identify(src/carla_ros/carla_manual_control) by extension 'colcon_meta'
[0.286s] Level 1:colcon.colcon_core.package_identification:_identify(src/carla_ros/carla_manual_control) by extensions ['ros']
[0.286s] Level 1:colcon.colcon_core.package_identification:_identify(src/carla_ros/carla_manual_control) by extension 'ros'
[0.288s] DEBUG:colcon.colcon_core.package_identification:Package 'src/carla_ros/carla_manual_control' with type 'ros.ament_python' and name 'carla_manual_control'
[0.288s] Level 1:colcon.colcon_core.package_identification:_identify(src/carla_ros/carla_msgs) by extensions ['ignore', 'ignore_ament_install']
[0.288s] Level 1:colcon.colcon_core.package_identification:_identify(src/carla_ros/carla_msgs) by extension 'ignore'
[0.288s] Level 1:colcon.colcon_core.package_identification:_identify(src/carla_ros/carla_msgs) by extension 'ignore_ament_install'
[0.288s] Level 1:colcon.colcon_core.package_identification:_identify(src/carla_ros/carla_msgs) by extensions ['colcon_pkg']
[0.288s] Level 1:colcon.colcon_core.package_identification:_identify(src/carla_ros/carla_msgs) by extension 'colcon_pkg'
[0.288s] Level 1:colcon.colcon_core.package_identification:_identify(src/carla_ros/carla_msgs) by extensions ['colcon_meta']
[0.288s] Level 1:colcon.colcon_core.package_identification:_identify(src/carla_ros/carla_msgs) by extension 'colcon_meta'
[0.288s] Level 1:colcon.colcon_core.package_identification:_identify(src/carla_ros/carla_msgs) by extensions ['ros']
[0.288s] Level 1:colcon.colcon_core.package_identification:_identify(src/carla_ros/carla_msgs) by extension 'ros'
[0.291s] DEBUG:colcon.colcon_core.package_identification:Package 'src/carla_ros/carla_msgs' with type 'ros.ament_cmake' and name 'carla_msgs'
[0.291s] Level 1:colcon.colcon_core.package_identification:_identify(src/carla_ros/carla_ros_bridge) by extensions ['ignore', 'ignore_ament_install']
[0.291s] Level 1:colcon.colcon_core.package_identification:_identify(src/carla_ros/carla_ros_bridge) by extension 'ignore'
[0.291s] Level 1:colcon.colcon_core.package_identification:_identify(src/carla_ros/carla_ros_bridge) by extension 'ignore_ament_install'
[0.291s] Level 1:colcon.colcon_core.package_identification:_identify(src/carla_ros/carla_ros_bridge) by extensions ['colcon_pkg']
[0.291s] Level 1:colcon.colcon_core.package_identification:_identify(src/carla_ros/carla_ros_bridge) by extension 'colcon_pkg'
[0.291s] Level 1:colcon.colcon_core.package_identification:_identify(src/carla_ros/carla_ros_bridge) by extensions ['colcon_meta']
[0.291s] Level 1:colcon.colcon_core.package_identification:_identify(src/carla_ros/carla_ros_bridge) by extension 'colcon_meta'
[0.291s] Level 1:colcon.colcon_core.package_identification:_identify(src/carla_ros/carla_ros_bridge) by extensions ['ros']
[0.291s] Level 1:colcon.colcon_core.package_identification:_identify(src/carla_ros/carla_ros_bridge) by extension 'ros'
[0.294s] DEBUG:colcon.colcon_core.package_identification:Package 'src/carla_ros/carla_ros_bridge' with type 'ros.ament_python' and name 'carla_ros_bridge'
[0.294s] Level 1:colcon.colcon_core.package_identification:_identify(src/carla_ros/carla_ros_scenario_runner) by extensions ['ignore', 'ignore_ament_install']
[0.294s] Level 1:colcon.colcon_core.package_identification:_identify(src/carla_ros/carla_ros_scenario_runner) by extension 'ignore'
[0.295s] Level 1:colcon.colcon_core.package_identification:_identify(src/carla_ros/carla_ros_scenario_runner) by extension 'ignore_ament_install'
[0.295s] Level 1:colcon.colcon_core.package_identification:_identify(src/carla_ros/carla_ros_scenario_runner) by extensions ['colcon_pkg']
[0.295s] Level 1:colcon.colcon_core.package_identification:_identify(src/carla_ros/carla_ros_scenario_runner) by extension 'colcon_pkg'
[0.295s] Level 1:colcon.colcon_core.package_identification:_identify(src/carla_ros/carla_ros_scenario_runner) by extensions ['colcon_meta']
[0.295s] Level 1:colcon.colcon_core.package_identification:_identify(src/carla_ros/carla_ros_scenario_runner) by extension 'colcon_meta'
[0.295s] Level 1:colcon.colcon_core.package_identification:_identify(src/carla_ros/carla_ros_scenario_runner) by extensions ['ros']
[0.295s] Level 1:colcon.colcon_core.package_identification:_identify(src/carla_ros/carla_ros_scenario_runner) by extension 'ros'
[0.297s] DEBUG:colcon.colcon_core.package_identification:Package 'src/carla_ros/carla_ros_scenario_runner' with type 'ros.ament_python' and name 'carla_ros_scenario_runner'
[0.297s] Level 1:colcon.colcon_core.package_identification:_identify(src/carla_ros/carla_ros_scenario_runner_types) by extensions ['ignore', 'ignore_ament_install']
[0.297s] Level 1:colcon.colcon_core.package_identification:_identify(src/carla_ros/carla_ros_scenario_runner_types) by extension 'ignore'
[0.297s] Level 1:colcon.colcon_core.package_identification:_identify(src/carla_ros/carla_ros_scenario_runner_types) by extension 'ignore_ament_install'
[0.297s] Level 1:colcon.colcon_core.package_identification:_identify(src/carla_ros/carla_ros_scenario_runner_types) by extensions ['colcon_pkg']
[0.297s] Level 1:colcon.colcon_core.package_identification:_identify(src/carla_ros/carla_ros_scenario_runner_types) by extension 'colcon_pkg'
[0.297s] Level 1:colcon.colcon_core.package_identification:_identify(src/carla_ros/carla_ros_scenario_runner_types) by extensions ['colcon_meta']
[0.297s] Level 1:colcon.colcon_core.package_identification:_identify(src/carla_ros/carla_ros_scenario_runner_types) by extension 'colcon_meta'
[0.297s] Level 1:colcon.colcon_core.package_identification:_identify(src/carla_ros/carla_ros_scenario_runner_types) by extensions ['ros']
[0.297s] Level 1:colcon.colcon_core.package_identification:_identify(src/carla_ros/carla_ros_scenario_runner_types) by extension 'ros'
[0.299s] DEBUG:colcon.colcon_core.package_identification:Package 'src/carla_ros/carla_ros_scenario_runner_types' with type 'ros.ament_cmake' and name 'carla_ros_scenario_runner_types'
[0.299s] Level 1:colcon.colcon_core.package_identification:_identify(src/carla_ros/carla_spawn_objects) by extensions ['ignore', 'ignore_ament_install']
[0.300s] Level 1:colcon.colcon_core.package_identification:_identify(src/carla_ros/carla_spawn_objects) by extension 'ignore'
[0.300s] Level 1:colcon.colcon_core.package_identification:_identify(src/carla_ros/carla_spawn_objects) by extension 'ignore_ament_install'
[0.300s] Level 1:colcon.colcon_core.package_identification:_identify(src/carla_ros/carla_spawn_objects) by extensions ['colcon_pkg']
[0.300s] Level 1:colcon.colcon_core.package_identification:_identify(src/carla_ros/carla_spawn_objects) by extension 'colcon_pkg'
[0.300s] Level 1:colcon.colcon_core.package_identification:_identify(src/carla_ros/carla_spawn_objects) by extensions ['colcon_meta']
[0.300s] Level 1:colcon.colcon_core.package_identification:_identify(src/carla_ros/carla_spawn_objects) by extension 'colcon_meta'
[0.300s] Level 1:colcon.colcon_core.package_identification:_identify(src/carla_ros/carla_spawn_objects) by extensions ['ros']
[0.300s] Level 1:colcon.colcon_core.package_identification:_identify(src/carla_ros/carla_spawn_objects) by extension 'ros'
[0.302s] DEBUG:colcon.colcon_core.package_identification:Package 'src/carla_ros/carla_spawn_objects' with type 'ros.ament_python' and name 'carla_spawn_objects'
[0.302s] Level 1:colcon.colcon_core.package_identification:_identify(src/carla_ros/carla_twist_to_control) by extensions ['ignore', 'ignore_ament_install']
[0.302s] Level 1:colcon.colcon_core.package_identification:_identify(src/carla_ros/carla_twist_to_control) by extension 'ignore'
[0.302s] Level 1:colcon.colcon_core.package_identification:_identify(src/carla_ros/carla_twist_to_control) by extension 'ignore_ament_install'
[0.302s] Level 1:colcon.colcon_core.package_identification:_identify(src/carla_ros/carla_twist_to_control) by extensions ['colcon_pkg']
[0.302s] Level 1:colcon.colcon_core.package_identification:_identify(src/carla_ros/carla_twist_to_control) by extension 'colcon_pkg'
[0.302s] Level 1:colcon.colcon_core.package_identification:_identify(src/carla_ros/carla_twist_to_control) by extensions ['colcon_meta']
[0.302s] Level 1:colcon.colcon_core.package_identification:_identify(src/carla_ros/carla_twist_to_control) by extension 'colcon_meta'
[0.302s] Level 1:colcon.colcon_core.package_identification:_identify(src/carla_ros/carla_twist_to_control) by extensions ['ros']
[0.302s] Level 1:colcon.colcon_core.package_identification:_identify(src/carla_ros/carla_twist_to_control) by extension 'ros'
[0.304s] DEBUG:colcon.colcon_core.package_identification:Package 'src/carla_ros/carla_twist_to_control' with type 'ros.ament_python' and name 'carla_twist_to_control'
[0.304s] Level 1:colcon.colcon_core.package_identification:_identify(src/carla_ros/carla_walker_agent) by extensions ['ignore', 'ignore_ament_install']
[0.304s] Level 1:colcon.colcon_core.package_identification:_identify(src/carla_ros/carla_walker_agent) by extension 'ignore'
[0.305s] Level 1:colcon.colcon_core.package_identification:_identify(src/carla_ros/carla_walker_agent) by extension 'ignore_ament_install'
[0.305s] Level 1:colcon.colcon_core.package_identification:_identify(src/carla_ros/carla_walker_agent) by extensions ['colcon_pkg']
[0.305s] Level 1:colcon.colcon_core.package_identification:_identify(src/carla_ros/carla_walker_agent) by extension 'colcon_pkg'
[0.305s] Level 1:colcon.colcon_core.package_identification:_identify(src/carla_ros/carla_walker_agent) by extensions ['colcon_meta']
[0.305s] Level 1:colcon.colcon_core.package_identification:_identify(src/carla_ros/carla_walker_agent) by extension 'colcon_meta'
[0.305s] Level 1:colcon.colcon_core.package_identification:_identify(src/carla_ros/carla_walker_agent) by extensions ['ros']
[0.305s] Level 1:colcon.colcon_core.package_identification:_identify(src/carla_ros/carla_walker_agent) by extension 'ros'
[0.307s] DEBUG:colcon.colcon_core.package_identification:Package 'src/carla_ros/carla_walker_agent' with type 'ros.ament_python' and name 'carla_walker_agent'
[0.307s] Level 1:colcon.colcon_core.package_identification:_identify(src/carla_ros/carla_waypoint_publisher) by extensions ['ignore', 'ignore_ament_install']
[0.307s] Level 1:colcon.colcon_core.package_identification:_identify(src/carla_ros/carla_waypoint_publisher) by extension 'ignore'
[0.307s] Level 1:colcon.colcon_core.package_identification:_identify(src/carla_ros/carla_waypoint_publisher) by extension 'ignore_ament_install'
[0.307s] Level 1:colcon.colcon_core.package_identification:_identify(src/carla_ros/carla_waypoint_publisher) by extensions ['colcon_pkg']
[0.307s] Level 1:colcon.colcon_core.package_identification:_identify(src/carla_ros/carla_waypoint_publisher) by extension 'colcon_pkg'
[0.307s] Level 1:colcon.colcon_core.package_identification:_identify(src/carla_ros/carla_waypoint_publisher) by extensions ['colcon_meta']
[0.307s] Level 1:colcon.colcon_core.package_identification:_identify(src/carla_ros/carla_waypoint_publisher) by extension 'colcon_meta'
[0.307s] Level 1:colcon.colcon_core.package_identification:_identify(src/carla_ros/carla_waypoint_publisher) by extensions ['ros']
[0.307s] Level 1:colcon.colcon_core.package_identification:_identify(src/carla_ros/carla_waypoint_publisher) by extension 'ros'
[0.309s] DEBUG:colcon.colcon_core.package_identification:Package 'src/carla_ros/carla_waypoint_publisher' with type 'ros.ament_python' and name 'carla_waypoint_publisher'
[0.309s] Level 1:colcon.colcon_core.package_identification:_identify(src/carla_ros/carla_waypoint_types) by extensions ['ignore', 'ignore_ament_install']
[0.309s] Level 1:colcon.colcon_core.package_identification:_identify(src/carla_ros/carla_waypoint_types) by extension 'ignore'
[0.309s] Level 1:colcon.colcon_core.package_identification:_identify(src/carla_ros/carla_waypoint_types) by extension 'ignore_ament_install'
[0.309s] Level 1:colcon.colcon_core.package_identification:_identify(src/carla_ros/carla_waypoint_types) by extensions ['colcon_pkg']
[0.309s] Level 1:colcon.colcon_core.package_identification:_identify(src/carla_ros/carla_waypoint_types) by extension 'colcon_pkg'
[0.309s] Level 1:colcon.colcon_core.package_identification:_identify(src/carla_ros/carla_waypoint_types) by extensions ['colcon_meta']
[0.309s] Level 1:colcon.colcon_core.package_identification:_identify(src/carla_ros/carla_waypoint_types) by extension 'colcon_meta'
[0.309s] Level 1:colcon.colcon_core.package_identification:_identify(src/carla_ros/carla_waypoint_types) by extensions ['ros']
[0.309s] Level 1:colcon.colcon_core.package_identification:_identify(src/carla_ros/carla_waypoint_types) by extension 'ros'
[0.311s] DEBUG:colcon.colcon_core.package_identification:Package 'src/carla_ros/carla_waypoint_types' with type 'ros.ament_cmake' and name 'carla_waypoint_types'
[0.311s] Level 1:colcon.colcon_core.package_identification:_identify(src/carla_ros/docker) by extensions ['ignore', 'ignore_ament_install']
[0.312s] Level 1:colcon.colcon_core.package_identification:_identify(src/carla_ros/docker) by extension 'ignore'
[0.312s] Level 1:colcon.colcon_core.package_identification:_identify(src/carla_ros/docker) by extension 'ignore_ament_install'
[0.312s] Level 1:colcon.colcon_core.package_identification:_identify(src/carla_ros/docker) by extensions ['colcon_pkg']
[0.312s] Level 1:colcon.colcon_core.package_identification:_identify(src/carla_ros/docker) by extension 'colcon_pkg'
[0.312s] Level 1:colcon.colcon_core.package_identification:_identify(src/carla_ros/docker) by extensions ['colcon_meta']
[0.312s] Level 1:colcon.colcon_core.package_identification:_identify(src/carla_ros/docker) by extension 'colcon_meta'
[0.312s] Level 1:colcon.colcon_core.package_identification:_identify(src/carla_ros/docker) by extensions ['ros']
[0.312s] Level 1:colcon.colcon_core.package_identification:_identify(src/carla_ros/docker) by extension 'ros'
[0.312s] Level 1:colcon.colcon_core.package_identification:_identify(src/carla_ros/docker) by extensions ['cmake', 'python']
[0.312s] Level 1:colcon.colcon_core.package_identification:_identify(src/carla_ros/docker) by extension 'cmake'
[0.312s] Level 1:colcon.colcon_core.package_identification:_identify(src/carla_ros/docker) by extension 'python'
[0.312s] Level 1:colcon.colcon_core.package_identification:_identify(src/carla_ros/docker) by extensions ['python_setup_py']
[0.312s] Level 1:colcon.colcon_core.package_identification:_identify(src/carla_ros/docker) by extension 'python_setup_py'
[0.312s] Level 1:colcon.colcon_core.package_identification:_identify(src/carla_ros/docker/content) by extensions ['ignore', 'ignore_ament_install']
[0.312s] Level 1:colcon.colcon_core.package_identification:_identify(src/carla_ros/docker/content) by extension 'ignore'
[0.312s] Level 1:colcon.colcon_core.package_identification:_identify(src/carla_ros/docker/content) by extension 'ignore_ament_install'
[0.312s] Level 1:colcon.colcon_core.package_identification:_identify(src/carla_ros/docker/content) by extensions ['colcon_pkg']
[0.312s] Level 1:colcon.colcon_core.package_identification:_identify(src/carla_ros/docker/content) by extension 'colcon_pkg'
[0.312s] Level 1:colcon.colcon_core.package_identification:_identify(src/carla_ros/docker/content) by extensions ['colcon_meta']
[0.312s] Level 1:colcon.colcon_core.package_identification:_identify(src/carla_ros/docker/content) by extension 'colcon_meta'
[0.312s] Level 1:colcon.colcon_core.package_identification:_identify(src/carla_ros/docker/content) by extensions ['ros']
[0.312s] Level 1:colcon.colcon_core.package_identification:_identify(src/carla_ros/docker/content) by extension 'ros'
[0.312s] Level 1:colcon.colcon_core.package_identification:_identify(src/carla_ros/docker/content) by extensions ['cmake', 'python']
[0.312s] Level 1:colcon.colcon_core.package_identification:_identify(src/carla_ros/docker/content) by extension 'cmake'
[0.312s] Level 1:colcon.colcon_core.package_identification:_identify(src/carla_ros/docker/content) by extension 'python'
[0.312s] Level 1:colcon.colcon_core.package_identification:_identify(src/carla_ros/docker/content) by extensions ['python_setup_py']
[0.312s] Level 1:colcon.colcon_core.package_identification:_identify(src/carla_ros/docker/content) by extension 'python_setup_py'
[0.312s] Level 1:colcon.colcon_core.package_identification:_identify(src/carla_ros/docs) by extensions ['ignore', 'ignore_ament_install']
[0.313s] Level 1:colcon.colcon_core.package_identification:_identify(src/carla_ros/docs) by extension 'ignore'
[0.313s] Level 1:colcon.colcon_core.package_identification:_identify(src/carla_ros/docs) by extension 'ignore_ament_install'
[0.313s] Level 1:colcon.colcon_core.package_identification:_identify(src/carla_ros/docs) by extensions ['colcon_pkg']
[0.313s] Level 1:colcon.colcon_core.package_identification:_identify(src/carla_ros/docs) by extension 'colcon_pkg'
[0.313s] Level 1:colcon.colcon_core.package_identification:_identify(src/carla_ros/docs) by extensions ['colcon_meta']
[0.313s] Level 1:colcon.colcon_core.package_identification:_identify(src/carla_ros/docs) by extension 'colcon_meta'
[0.313s] Level 1:colcon.colcon_core.package_identification:_identify(src/carla_ros/docs) by extensions ['ros']
[0.313s] Level 1:colcon.colcon_core.package_identification:_identify(src/carla_ros/docs) by extension 'ros'
[0.313s] Level 1:colcon.colcon_core.package_identification:_identify(src/carla_ros/docs) by extensions ['cmake', 'python']
[0.313s] Level 1:colcon.colcon_core.package_identification:_identify(src/carla_ros/docs) by extension 'cmake'
[0.313s] Level 1:colcon.colcon_core.package_identification:_identify(src/carla_ros/docs) by extension 'python'
[0.313s] Level 1:colcon.colcon_core.package_identification:_identify(src/carla_ros/docs) by extensions ['python_setup_py']
[0.313s] Level 1:colcon.colcon_core.package_identification:_identify(src/carla_ros/docs) by extension 'python_setup_py'
[0.313s] Level 1:colcon.colcon_core.package_identification:_identify(src/carla_ros/docs/images) by extensions ['ignore', 'ignore_ament_install']
[0.313s] Level 1:colcon.colcon_core.package_identification:_identify(src/carla_ros/docs/images) by extension 'ignore'
[0.313s] Level 1:colcon.colcon_core.package_identification:_identify(src/carla_ros/docs/images) by extension 'ignore_ament_install'
[0.313s] Level 1:colcon.colcon_core.package_identification:_identify(src/carla_ros/docs/images) by extensions ['colcon_pkg']
[0.313s] Level 1:colcon.colcon_core.package_identification:_identify(src/carla_ros/docs/images) by extension 'colcon_pkg'
[0.313s] Level 1:colcon.colcon_core.package_identification:_identify(src/carla_ros/docs/images) by extensions ['colcon_meta']
[0.313s] Level 1:colcon.colcon_core.package_identification:_identify(src/carla_ros/docs/images) by extension 'colcon_meta'
[0.313s] Level 1:colcon.colcon_core.package_identification:_identify(src/carla_ros/docs/images) by extensions ['ros']
[0.313s] Level 1:colcon.colcon_core.package_identification:_identify(src/carla_ros/docs/images) by extension 'ros'
[0.313s] Level 1:colcon.colcon_core.package_identification:_identify(src/carla_ros/docs/images) by extensions ['cmake', 'python']
[0.313s] Level 1:colcon.colcon_core.package_identification:_identify(src/carla_ros/docs/images) by extension 'cmake'
[0.313s] Level 1:colcon.colcon_core.package_identification:_identify(src/carla_ros/docs/images) by extension 'python'
[0.313s] Level 1:colcon.colcon_core.package_identification:_identify(src/carla_ros/docs/images) by extensions ['python_setup_py']
[0.313s] Level 1:colcon.colcon_core.package_identification:_identify(src/carla_ros/docs/images) by extension 'python_setup_py'
[0.313s] Level 1:colcon.colcon_core.package_identification:_identify(src/carla_ros/packaging) by extensions ['ignore', 'ignore_ament_install']
[0.314s] Level 1:colcon.colcon_core.package_identification:_identify(src/carla_ros/packaging) by extension 'ignore'
[0.314s] Level 1:colcon.colcon_core.package_identification:_identify(src/carla_ros/packaging) by extension 'ignore_ament_install'
[0.314s] Level 1:colcon.colcon_core.package_identification:_identify(src/carla_ros/packaging) by extensions ['colcon_pkg']
[0.314s] Level 1:colcon.colcon_core.package_identification:_identify(src/carla_ros/packaging) by extension 'colcon_pkg'
[0.314s] Level 1:colcon.colcon_core.package_identification:_identify(src/carla_ros/packaging) by extensions ['colcon_meta']
[0.314s] Level 1:colcon.colcon_core.package_identification:_identify(src/carla_ros/packaging) by extension 'colcon_meta'
[0.314s] Level 1:colcon.colcon_core.package_identification:_identify(src/carla_ros/packaging) by extensions ['ros']
[0.314s] Level 1:colcon.colcon_core.package_identification:_identify(src/carla_ros/packaging) by extension 'ros'
[0.314s] Level 1:colcon.colcon_core.package_identification:_identify(src/carla_ros/packaging) by extensions ['cmake', 'python']
[0.314s] Level 1:colcon.colcon_core.package_identification:_identify(src/carla_ros/packaging) by extension 'cmake'
[0.314s] Level 1:colcon.colcon_core.package_identification:_identify(src/carla_ros/packaging) by extension 'python'
[0.314s] Level 1:colcon.colcon_core.package_identification:_identify(src/carla_ros/packaging) by extensions ['python_setup_py']
[0.314s] Level 1:colcon.colcon_core.package_identification:_identify(src/carla_ros/packaging) by extension 'python_setup_py'
[0.314s] Level 1:colcon.colcon_core.package_identification:_identify(src/carla_ros/packaging/debian) by extensions ['ignore', 'ignore_ament_install']
[0.314s] Level 1:colcon.colcon_core.package_identification:_identify(src/carla_ros/packaging/debian) by extension 'ignore'
[0.314s] Level 1:colcon.colcon_core.package_identification:_identify(src/carla_ros/packaging/debian) by extension 'ignore_ament_install'
[0.314s] Level 1:colcon.colcon_core.package_identification:_identify(src/carla_ros/packaging/debian) by extensions ['colcon_pkg']
[0.314s] Level 1:colcon.colcon_core.package_identification:_identify(src/carla_ros/packaging/debian) by extension 'colcon_pkg'
[0.314s] Level 1:colcon.colcon_core.package_identification:_identify(src/carla_ros/packaging/debian) by extensions ['colcon_meta']
[0.314s] Level 1:colcon.colcon_core.package_identification:_identify(src/carla_ros/packaging/debian) by extension 'colcon_meta'
[0.314s] Level 1:colcon.colcon_core.package_identification:_identify(src/carla_ros/packaging/debian) by extensions ['ros']
[0.314s] Level 1:colcon.colcon_core.package_identification:_identify(src/carla_ros/packaging/debian) by extension 'ros'
[0.314s] Level 1:colcon.colcon_core.package_identification:_identify(src/carla_ros/packaging/debian) by extensions ['cmake', 'python']
[0.314s] Level 1:colcon.colcon_core.package_identification:_identify(src/carla_ros/packaging/debian) by extension 'cmake'
[0.314s] Level 1:colcon.colcon_core.package_identification:_identify(src/carla_ros/packaging/debian) by extension 'python'
[0.314s] Level 1:colcon.colcon_core.package_identification:_identify(src/carla_ros/packaging/debian) by extensions ['python_setup_py']
[0.314s] Level 1:colcon.colcon_core.package_identification:_identify(src/carla_ros/packaging/debian) by extension 'python_setup_py'
[0.314s] Level 1:colcon.colcon_core.package_identification:_identify(src/carla_ros/packaging/debian/source) by extensions ['ignore', 'ignore_ament_install']
[0.314s] Level 1:colcon.colcon_core.package_identification:_identify(src/carla_ros/packaging/debian/source) by extension 'ignore'
[0.315s] Level 1:colcon.colcon_core.package_identification:_identify(src/carla_ros/packaging/debian/source) by extension 'ignore_ament_install'
[0.315s] Level 1:colcon.colcon_core.package_identification:_identify(src/carla_ros/packaging/debian/source) by extensions ['colcon_pkg']
[0.315s] Level 1:colcon.colcon_core.package_identification:_identify(src/carla_ros/packaging/debian/source) by extension 'colcon_pkg'
[0.315s] Level 1:colcon.colcon_core.package_identification:_identify(src/carla_ros/packaging/debian/source) by extensions ['colcon_meta']
[0.315s] Level 1:colcon.colcon_core.package_identification:_identify(src/carla_ros/packaging/debian/source) by extension 'colcon_meta'
[0.315s] Level 1:colcon.colcon_core.package_identification:_identify(src/carla_ros/packaging/debian/source) by extensions ['ros']
[0.315s] Level 1:colcon.colcon_core.package_identification:_identify(src/carla_ros/packaging/debian/source) by extension 'ros'
[0.315s] Level 1:colcon.colcon_core.package_identification:_identify(src/carla_ros/packaging/debian/source) by extensions ['cmake', 'python']
[0.315s] Level 1:colcon.colcon_core.package_identification:_identify(src/carla_ros/packaging/debian/source) by extension 'cmake'
[0.315s] Level 1:colcon.colcon_core.package_identification:_identify(src/carla_ros/packaging/debian/source) by extension 'python'
[0.315s] Level 1:colcon.colcon_core.package_identification:_identify(src/carla_ros/packaging/debian/source) by extensions ['python_setup_py']
[0.315s] Level 1:colcon.colcon_core.package_identification:_identify(src/carla_ros/packaging/debian/source) by extension 'python_setup_py'
[0.315s] Level 1:colcon.colcon_core.package_identification:_identify(src/carla_ros/pcl_recorder) by extensions ['ignore', 'ignore_ament_install']
[0.315s] Level 1:colcon.colcon_core.package_identification:_identify(src/carla_ros/pcl_recorder) by extension 'ignore'
[0.315s] Level 1:colcon.colcon_core.package_identification:_identify(src/carla_ros/pcl_recorder) by extension 'ignore_ament_install'
[0.315s] Level 1:colcon.colcon_core.package_identification:_identify(src/carla_ros/pcl_recorder) by extensions ['colcon_pkg']
[0.315s] Level 1:colcon.colcon_core.package_identification:_identify(src/carla_ros/pcl_recorder) by extension 'colcon_pkg'
[0.315s] Level 1:colcon.colcon_core.package_identification:_identify(src/carla_ros/pcl_recorder) by extensions ['colcon_meta']
[0.315s] Level 1:colcon.colcon_core.package_identification:_identify(src/carla_ros/pcl_recorder) by extension 'colcon_meta'
[0.315s] Level 1:colcon.colcon_core.package_identification:_identify(src/carla_ros/pcl_recorder) by extensions ['ros']
[0.315s] Level 1:colcon.colcon_core.package_identification:_identify(src/carla_ros/pcl_recorder) by extension 'ros'
[0.318s] DEBUG:colcon.colcon_core.package_identification:Package 'src/carla_ros/pcl_recorder' with type 'ros.ament_cmake' and name 'pcl_recorder'
[0.318s] Level 1:colcon.colcon_core.package_identification:_identify(src/carla_ros/ros_compatibility) by extensions ['ignore', 'ignore_ament_install']
[0.318s] Level 1:colcon.colcon_core.package_identification:_identify(src/carla_ros/ros_compatibility) by extension 'ignore'
[0.318s] Level 1:colcon.colcon_core.package_identification:_identify(src/carla_ros/ros_compatibility) by extension 'ignore_ament_install'
[0.318s] Level 1:colcon.colcon_core.package_identification:_identify(src/carla_ros/ros_compatibility) by extensions ['colcon_pkg']
[0.318s] Level 1:colcon.colcon_core.package_identification:_identify(src/carla_ros/ros_compatibility) by extension 'colcon_pkg'
[0.318s] Level 1:colcon.colcon_core.package_identification:_identify(src/carla_ros/ros_compatibility) by extensions ['colcon_meta']
[0.318s] Level 1:colcon.colcon_core.package_identification:_identify(src/carla_ros/ros_compatibility) by extension 'colcon_meta'
[0.318s] Level 1:colcon.colcon_core.package_identification:_identify(src/carla_ros/ros_compatibility) by extensions ['ros']
[0.318s] Level 1:colcon.colcon_core.package_identification:_identify(src/carla_ros/ros_compatibility) by extension 'ros'
[0.321s] DEBUG:colcon.colcon_core.package_identification:Package 'src/carla_ros/ros_compatibility' with type 'ros.ament_python' and name 'ros_compatibility'
[0.321s] Level 1:colcon.colcon_core.package_identification:_identify(src/carla_ros/rqt_carla_control) by extensions ['ignore', 'ignore_ament_install']
[0.321s] Level 1:colcon.colcon_core.package_identification:_identify(src/carla_ros/rqt_carla_control) by extension 'ignore'
[0.321s] Level 1:colcon.colcon_core.package_identification:_identify(src/carla_ros/rqt_carla_control) by extension 'ignore_ament_install'
[0.321s] Level 1:colcon.colcon_core.package_identification:_identify(src/carla_ros/rqt_carla_control) by extensions ['colcon_pkg']
[0.321s] Level 1:colcon.colcon_core.package_identification:_identify(src/carla_ros/rqt_carla_control) by extension 'colcon_pkg'
[0.321s] Level 1:colcon.colcon_core.package_identification:_identify(src/carla_ros/rqt_carla_control) by extensions ['colcon_meta']
[0.321s] Level 1:colcon.colcon_core.package_identification:_identify(src/carla_ros/rqt_carla_control) by extension 'colcon_meta'
[0.321s] Level 1:colcon.colcon_core.package_identification:_identify(src/carla_ros/rqt_carla_control) by extensions ['ros']
[0.321s] Level 1:colcon.colcon_core.package_identification:_identify(src/carla_ros/rqt_carla_control) by extension 'ros'
[0.322s] DEBUG:colcon.colcon_core.package_identification:Package 'src/carla_ros/rqt_carla_control' with type 'ros.ament_python' and name 'rqt_carla_control'
[0.322s] Level 1:colcon.colcon_core.package_identification:_identify(src/carla_ros/rviz_carla_plugin) by extensions ['ignore', 'ignore_ament_install']
[0.323s] Level 1:colcon.colcon_core.package_identification:_identify(src/carla_ros/rviz_carla_plugin) by extension 'ignore'
[0.323s] Level 1:colcon.colcon_core.package_identification:_identify(src/carla_ros/rviz_carla_plugin) by extension 'ignore_ament_install'
[0.323s] Level 1:colcon.colcon_core.package_identification:_identify(src/carla_ros/rviz_carla_plugin) by extensions ['colcon_pkg']
[0.323s] Level 1:colcon.colcon_core.package_identification:_identify(src/carla_ros/rviz_carla_plugin) by extension 'colcon_pkg'
[0.323s] Level 1:colcon.colcon_core.package_identification:_identify(src/carla_ros/rviz_carla_plugin) by extensions ['colcon_meta']
[0.323s] Level 1:colcon.colcon_core.package_identification:_identify(src/carla_ros/rviz_carla_plugin) by extension 'colcon_meta'
[0.323s] Level 1:colcon.colcon_core.package_identification:_identify(src/carla_ros/rviz_carla_plugin) by extensions ['ros']
[0.323s] Level 1:colcon.colcon_core.package_identification:_identify(src/carla_ros/rviz_carla_plugin) by extension 'ros'
[0.325s] DEBUG:colcon.colcon_core.package_identification:Package 'src/carla_ros/rviz_carla_plugin' with type 'ros.ament_cmake' and name 'rviz_carla_plugin'
[0.325s] Level 1:colcon.colcon_core.package_discovery:discover_packages(recursive) using defaults
[0.325s] Level 1:colcon.colcon_core.package_discovery:discover_packages(ignore) discover
[0.325s] Level 1:colcon.colcon_core.package_discovery:discover_packages(ignore) using defaults
[0.325s] Level 1:colcon.colcon_core.package_discovery:discover_packages(path) discover
[0.325s] Level 1:colcon.colcon_core.package_discovery:discover_packages(path) using defaults
[0.343s] Level 1:colcon.colcon_core.package_discovery:discover_packages(prefix_path) check parameters
[0.343s] Level 1:colcon.colcon_core.package_discovery:discover_packages(prefix_path) discover
[0.345s] DEBUG:colcon.colcon_installed_package_information.package_discovery:Found 279 installed packages in /opt/ros/humble
[0.346s] Level 1:colcon.colcon_core.package_discovery:discover_packages(prefix_path) using defaults
[0.373s] Level 5:colcon.colcon_core.verb:set package 'carla_common' build argument 'cmake_args' from command line to 'None'
[0.373s] Level 5:colcon.colcon_core.verb:set package 'carla_common' build argument 'cmake_target' from command line to 'None'
[0.373s] Level 5:colcon.colcon_core.verb:set package 'carla_common' build argument 'cmake_target_skip_unavailable' from command line to 'False'
[0.373s] Level 5:colcon.colcon_core.verb:set package 'carla_common' build argument 'cmake_clean_cache' from command line to 'False'
[0.373s] Level 5:colcon.colcon_core.verb:set package 'carla_common' build argument 'cmake_clean_first' from command line to 'False'
[0.374s] Level 5:colcon.colcon_core.verb:set package 'carla_common' build argument 'cmake_force_configure' from command line to 'False'
[0.374s] Level 5:colcon.colcon_core.verb:set package 'carla_common' build argument 'ament_cmake_args' from command line to 'None'
[0.374s] Level 5:colcon.colcon_core.verb:set package 'carla_common' build argument 'catkin_cmake_args' from command line to 'None'
[0.374s] Level 5:colcon.colcon_core.verb:set package 'carla_common' build argument 'catkin_skip_building_tests' from command line to 'False'
[0.374s] DEBUG:colcon.colcon_core.verb:Building package 'carla_common' with the following arguments: {'ament_cmake_args': None, 'build_base': '/home/daniel/code/2025-phd-daniel-guerrero/robot_ws/build/carla_common', 'catkin_cmake_args': None, 'catkin_skip_building_tests': False, 'cmake_args': None, 'cmake_clean_cache': False, 'cmake_clean_first': False, 'cmake_force_configure': False, 'cmake_target': None, 'cmake_target_skip_unavailable': False, 'install_base': '/home/daniel/code/2025-phd-daniel-guerrero/robot_ws/install/carla_common', 'merge_install': False, 'path': '/home/daniel/code/2025-phd-daniel-guerrero/robot_ws/src/carla_ros/carla_common', 'symlink_install': True, 'test_result_base': None}
[0.374s] Level 5:colcon.colcon_core.verb:set package 'carla_msgs' build argument 'cmake_args' from command line to 'None'
[0.374s] Level 5:colcon.colcon_core.verb:set package 'carla_msgs' build argument 'cmake_target' from command line to 'None'
[0.374s] Level 5:colcon.colcon_core.verb:set package 'carla_msgs' build argument 'cmake_target_skip_unavailable' from command line to 'False'
[0.374s] Level 5:colcon.colcon_core.verb:set package 'carla_msgs' build argument 'cmake_clean_cache' from command line to 'False'
[0.374s] Level 5:colcon.colcon_core.verb:set package 'carla_msgs' build argument 'cmake_clean_first' from command line to 'False'
[0.374s] Level 5:colcon.colcon_core.verb:set package 'carla_msgs' build argument 'cmake_force_configure' from command line to 'False'
[0.374s] Level 5:colcon.colcon_core.verb:set package 'carla_msgs' build argument 'ament_cmake_args' from command line to 'None'
[0.374s] Level 5:colcon.colcon_core.verb:set package 'carla_msgs' build argument 'catkin_cmake_args' from command line to 'None'
[0.374s] Level 5:colcon.colcon_core.verb:set package 'carla_msgs' build argument 'catkin_skip_building_tests' from command line to 'False'
[0.374s] DEBUG:colcon.colcon_core.verb:Building package 'carla_msgs' with the following arguments: {'ament_cmake_args': None, 'build_base': '/home/daniel/code/2025-phd-daniel-guerrero/robot_ws/build/carla_msgs', 'catkin_cmake_args': None, 'catkin_skip_building_tests': False, 'cmake_args': None, 'cmake_clean_cache': False, 'cmake_clean_first': False, 'cmake_force_configure': False, 'cmake_target': None, 'cmake_target_skip_unavailable': False, 'install_base': '/home/daniel/code/2025-phd-daniel-guerrero/robot_ws/install/carla_msgs', 'merge_install': False, 'path': '/home/daniel/code/2025-phd-daniel-guerrero/robot_ws/src/carla_ros/carla_msgs', 'symlink_install': True, 'test_result_base': None}
[0.374s] Level 5:colcon.colcon_core.verb:set package 'carla_ros_scenario_runner_types' build argument 'cmake_args' from command line to 'None'
[0.374s] Level 5:colcon.colcon_core.verb:set package 'carla_ros_scenario_runner_types' build argument 'cmake_target' from command line to 'None'
[0.374s] Level 5:colcon.colcon_core.verb:set package 'carla_ros_scenario_runner_types' build argument 'cmake_target_skip_unavailable' from command line to 'False'
[0.374s] Level 5:colcon.colcon_core.verb:set package 'carla_ros_scenario_runner_types' build argument 'cmake_clean_cache' from command line to 'False'
[0.374s] Level 5:colcon.colcon_core.verb:set package 'carla_ros_scenario_runner_types' build argument 'cmake_clean_first' from command line to 'False'
[0.374s] Level 5:colcon.colcon_core.verb:set package 'carla_ros_scenario_runner_types' build argument 'cmake_force_configure' from command line to 'False'
[0.374s] Level 5:colcon.colcon_core.verb:set package 'carla_ros_scenario_runner_types' build argument 'ament_cmake_args' from command line to 'None'
[0.374s] Level 5:colcon.colcon_core.verb:set package 'carla_ros_scenario_runner_types' build argument 'catkin_cmake_args' from command line to 'None'
[0.374s] Level 5:colcon.colcon_core.verb:set package 'carla_ros_scenario_runner_types' build argument 'catkin_skip_building_tests' from command line to 'False'
[0.374s] DEBUG:colcon.colcon_core.verb:Building package 'carla_ros_scenario_runner_types' with the following arguments: {'ament_cmake_args': None, 'build_base': '/home/daniel/code/2025-phd-daniel-guerrero/robot_ws/build/carla_ros_scenario_runner_types', 'catkin_cmake_args': None, 'catkin_skip_building_tests': False, 'cmake_args': None, 'cmake_clean_cache': False, 'cmake_clean_first': False, 'cmake_force_configure': False, 'cmake_target': None, 'cmake_target_skip_unavailable': False, 'install_base': '/home/daniel/code/2025-phd-daniel-guerrero/robot_ws/install/carla_ros_scenario_runner_types', 'merge_install': False, 'path': '/home/daniel/code/2025-phd-daniel-guerrero/robot_ws/src/carla_ros/carla_ros_scenario_runner_types', 'symlink_install': True, 'test_result_base': None}
[0.375s] Level 5:colcon.colcon_core.verb:set package 'carla_twist_to_control' build argument 'cmake_args' from command line to 'None'
[0.375s] Level 5:colcon.colcon_core.verb:set package 'carla_twist_to_control' build argument 'cmake_target' from command line to 'None'
[0.375s] Level 5:colcon.colcon_core.verb:set package 'carla_twist_to_control' build argument 'cmake_target_skip_unavailable' from command line to 'False'
[0.375s] Level 5:colcon.colcon_core.verb:set package 'carla_twist_to_control' build argument 'cmake_clean_cache' from command line to 'False'
[0.375s] Level 5:colcon.colcon_core.verb:set package 'carla_twist_to_control' build argument 'cmake_clean_first' from command line to 'False'
[0.375s] Level 5:colcon.colcon_core.verb:set package 'carla_twist_to_control' build argument 'cmake_force_configure' from command line to 'False'
[0.375s] Level 5:colcon.colcon_core.verb:set package 'carla_twist_to_control' build argument 'ament_cmake_args' from command line to 'None'
[0.375s] Level 5:colcon.colcon_core.verb:set package 'carla_twist_to_control' build argument 'catkin_cmake_args' from command line to 'None'
[0.375s] Level 5:colcon.colcon_core.verb:set package 'carla_twist_to_control' build argument 'catkin_skip_building_tests' from command line to 'False'
[0.375s] DEBUG:colcon.colcon_core.verb:Building package 'carla_twist_to_control' with the following arguments: {'ament_cmake_args': None, 'build_base': '/home/daniel/code/2025-phd-daniel-guerrero/robot_ws/build/carla_twist_to_control', 'catkin_cmake_args': None, 'catkin_skip_building_tests': False, 'cmake_args': None, 'cmake_clean_cache': False, 'cmake_clean_first': False, 'cmake_force_configure': False, 'cmake_target': None, 'cmake_target_skip_unavailable': False, 'install_base': '/home/daniel/code/2025-phd-daniel-guerrero/robot_ws/install/carla_twist_to_control', 'merge_install': False, 'path': '/home/daniel/code/2025-phd-daniel-guerrero/robot_ws/src/carla_ros/carla_twist_to_control', 'symlink_install': True, 'test_result_base': None}
[0.375s] Level 5:colcon.colcon_core.verb:set package 'carla_waypoint_types' build argument 'cmake_args' from command line to 'None'
[0.375s] Level 5:colcon.colcon_core.verb:set package 'carla_waypoint_types' build argument 'cmake_target' from command line to 'None'
[0.375s] Level 5:colcon.colcon_core.verb:set package 'carla_waypoint_types' build argument 'cmake_target_skip_unavailable' from command line to 'False'
[0.375s] Level 5:colcon.colcon_core.verb:set package 'carla_waypoint_types' build argument 'cmake_clean_cache' from command line to 'False'
[0.375s] Level 5:colcon.colcon_core.verb:set package 'carla_waypoint_types' build argument 'cmake_clean_first' from command line to 'False'
[0.375s] Level 5:colcon.colcon_core.verb:set package 'carla_waypoint_types' build argument 'cmake_force_configure' from command line to 'False'
[0.375s] Level 5:colcon.colcon_core.verb:set package 'carla_waypoint_types' build argument 'ament_cmake_args' from command line to 'None'
[0.375s] Level 5:colcon.colcon_core.verb:set package 'carla_waypoint_types' build argument 'catkin_cmake_args' from command line to 'None'
[0.375s] Level 5:colcon.colcon_core.verb:set package 'carla_waypoint_types' build argument 'catkin_skip_building_tests' from command line to 'False'
[0.375s] DEBUG:colcon.colcon_core.verb:Building package 'carla_waypoint_types' with the following arguments: {'ament_cmake_args': None, 'build_base': '/home/daniel/code/2025-phd-daniel-guerrero/robot_ws/build/carla_waypoint_types', 'catkin_cmake_args': None, 'catkin_skip_building_tests': False, 'cmake_args': None, 'cmake_clean_cache': False, 'cmake_clean_first': False, 'cmake_force_configure': False, 'cmake_target': None, 'cmake_target_skip_unavailable': False, 'install_base': '/home/daniel/code/2025-phd-daniel-guerrero/robot_ws/install/carla_waypoint_types', 'merge_install': False, 'path': '/home/daniel/code/2025-phd-daniel-guerrero/robot_ws/src/carla_ros/carla_waypoint_types', 'symlink_install': True, 'test_result_base': None}
[0.375s] Level 5:colcon.colcon_core.verb:set package 'ros_compatibility' build argument 'cmake_args' from command line to 'None'
[0.375s] Level 5:colcon.colcon_core.verb:set package 'ros_compatibility' build argument 'cmake_target' from command line to 'None'
[0.375s] Level 5:colcon.colcon_core.verb:set package 'ros_compatibility' build argument 'cmake_target_skip_unavailable' from command line to 'False'
[0.375s] Level 5:colcon.colcon_core.verb:set package 'ros_compatibility' build argument 'cmake_clean_cache' from command line to 'False'
[0.375s] Level 5:colcon.colcon_core.verb:set package 'ros_compatibility' build argument 'cmake_clean_first' from command line to 'False'
[0.375s] Level 5:colcon.colcon_core.verb:set package 'ros_compatibility' build argument 'cmake_force_configure' from command line to 'False'
[0.375s] Level 5:colcon.colcon_core.verb:set package 'ros_compatibility' build argument 'ament_cmake_args' from command line to 'None'
[0.376s] Level 5:colcon.colcon_core.verb:set package 'ros_compatibility' build argument 'catkin_cmake_args' from command line to 'None'
[0.376s] Level 5:colcon.colcon_core.verb:set package 'ros_compatibility' build argument 'catkin_skip_building_tests' from command line to 'False'
[0.376s] DEBUG:colcon.colcon_core.verb:Building package 'ros_compatibility' with the following arguments: {'ament_cmake_args': None, 'build_base': '/home/daniel/code/2025-phd-daniel-guerrero/robot_ws/build/ros_compatibility', 'catkin_cmake_args': None, 'catkin_skip_building_tests': False, 'cmake_args': None, 'cmake_clean_cache': False, 'cmake_clean_first': False, 'cmake_force_configure': False, 'cmake_target': None, 'cmake_target_skip_unavailable': False, 'install_base': '/home/daniel/code/2025-phd-daniel-guerrero/robot_ws/install/ros_compatibility', 'merge_install': False, 'path': '/home/daniel/code/2025-phd-daniel-guerrero/robot_ws/src/carla_ros/ros_compatibility', 'symlink_install': True, 'test_result_base': None}
[0.376s] Level 5:colcon.colcon_core.verb:set package 'rqt_carla_control' build argument 'cmake_args' from command line to 'None'
[0.376s] Level 5:colcon.colcon_core.verb:set package 'rqt_carla_control' build argument 'cmake_target' from command line to 'None'
[0.376s] Level 5:colcon.colcon_core.verb:set package 'rqt_carla_control' build argument 'cmake_target_skip_unavailable' from command line to 'False'
[0.376s] Level 5:colcon.colcon_core.verb:set package 'rqt_carla_control' build argument 'cmake_clean_cache' from command line to 'False'
[0.376s] Level 5:colcon.colcon_core.verb:set package 'rqt_carla_control' build argument 'cmake_clean_first' from command line to 'False'
[0.376s] Level 5:colcon.colcon_core.verb:set package 'rqt_carla_control' build argument 'cmake_force_configure' from command line to 'False'
[0.376s] Level 5:colcon.colcon_core.verb:set package 'rqt_carla_control' build argument 'ament_cmake_args' from command line to 'None'
[0.376s] Level 5:colcon.colcon_core.verb:set package 'rqt_carla_control' build argument 'catkin_cmake_args' from command line to 'None'
[0.376s] Level 5:colcon.colcon_core.verb:set package 'rqt_carla_control' build argument 'catkin_skip_building_tests' from command line to 'False'
[0.376s] DEBUG:colcon.colcon_core.verb:Building package 'rqt_carla_control' with the following arguments: {'ament_cmake_args': None, 'build_base': '/home/daniel/code/2025-phd-daniel-guerrero/robot_ws/build/rqt_carla_control', 'catkin_cmake_args': None, 'catkin_skip_building_tests': False, 'cmake_args': None, 'cmake_clean_cache': False, 'cmake_clean_first': False, 'cmake_force_configure': False, 'cmake_target': None, 'cmake_target_skip_unavailable': False, 'install_base': '/home/daniel/code/2025-phd-daniel-guerrero/robot_ws/install/rqt_carla_control', 'merge_install': False, 'path': '/home/daniel/code/2025-phd-daniel-guerrero/robot_ws/src/carla_ros/rqt_carla_control', 'symlink_install': True, 'test_result_base': None}
[0.376s] Level 5:colcon.colcon_core.verb:set package 'carla_ackermann_msgs' build argument 'cmake_args' from command line to 'None'
[0.376s] Level 5:colcon.colcon_core.verb:set package 'carla_ackermann_msgs' build argument 'cmake_target' from command line to 'None'
[0.376s] Level 5:colcon.colcon_core.verb:set package 'carla_ackermann_msgs' build argument 'cmake_target_skip_unavailable' from command line to 'False'
[0.376s] Level 5:colcon.colcon_core.verb:set package 'carla_ackermann_msgs' build argument 'cmake_clean_cache' from command line to 'False'
[0.376s] Level 5:colcon.colcon_core.verb:set package 'carla_ackermann_msgs' build argument 'cmake_clean_first' from command line to 'False'
[0.376s] Level 5:colcon.colcon_core.verb:set package 'carla_ackermann_msgs' build argument 'cmake_force_configure' from command line to 'False'
[0.376s] Level 5:colcon.colcon_core.verb:set package 'carla_ackermann_msgs' build argument 'ament_cmake_args' from command line to 'None'
[0.376s] Level 5:colcon.colcon_core.verb:set package 'carla_ackermann_msgs' build argument 'catkin_cmake_args' from command line to 'None'
[0.376s] Level 5:colcon.colcon_core.verb:set package 'carla_ackermann_msgs' build argument 'catkin_skip_building_tests' from command line to 'False'
[0.376s] DEBUG:colcon.colcon_core.verb:Building package 'carla_ackermann_msgs' with the following arguments: {'ament_cmake_args': None, 'build_base': '/home/daniel/code/2025-phd-daniel-guerrero/robot_ws/build/carla_ackermann_msgs', 'catkin_cmake_args': None, 'catkin_skip_building_tests': False, 'cmake_args': None, 'cmake_clean_cache': False, 'cmake_clean_first': False, 'cmake_force_configure': False, 'cmake_target': None, 'cmake_target_skip_unavailable': False, 'install_base': '/home/daniel/code/2025-phd-daniel-guerrero/robot_ws/install/carla_ackermann_msgs', 'merge_install': False, 'path': '/home/daniel/code/2025-phd-daniel-guerrero/robot_ws/src/carla_ros/carla_ackermann_msgs', 'symlink_install': True, 'test_result_base': None}
[0.377s] Level 5:colcon.colcon_core.verb:set package 'carla_ad_agent' build argument 'cmake_args' from command line to 'None'
[0.377s] Level 5:colcon.colcon_core.verb:set package 'carla_ad_agent' build argument 'cmake_target' from command line to 'None'
[0.377s] Level 5:colcon.colcon_core.verb:set package 'carla_ad_agent' build argument 'cmake_target_skip_unavailable' from command line to 'False'
[0.377s] Level 5:colcon.colcon_core.verb:set package 'carla_ad_agent' build argument 'cmake_clean_cache' from command line to 'False'
[0.377s] Level 5:colcon.colcon_core.verb:set package 'carla_ad_agent' build argument 'cmake_clean_first' from command line to 'False'
[0.377s] Level 5:colcon.colcon_core.verb:set package 'carla_ad_agent' build argument 'cmake_force_configure' from command line to 'False'
[0.377s] Level 5:colcon.colcon_core.verb:set package 'carla_ad_agent' build argument 'ament_cmake_args' from command line to 'None'
[0.377s] Level 5:colcon.colcon_core.verb:set package 'carla_ad_agent' build argument 'catkin_cmake_args' from command line to 'None'
[0.377s] Level 5:colcon.colcon_core.verb:set package 'carla_ad_agent' build argument 'catkin_skip_building_tests' from command line to 'False'
[0.377s] DEBUG:colcon.colcon_core.verb:Building package 'carla_ad_agent' with the following arguments: {'ament_cmake_args': None, 'build_base': '/home/daniel/code/2025-phd-daniel-guerrero/robot_ws/build/carla_ad_agent', 'catkin_cmake_args': None, 'catkin_skip_building_tests': False, 'cmake_args': None, 'cmake_clean_cache': False, 'cmake_clean_first': False, 'cmake_force_configure': False, 'cmake_target': None, 'cmake_target_skip_unavailable': False, 'install_base': '/home/daniel/code/2025-phd-daniel-guerrero/robot_ws/install/carla_ad_agent', 'merge_install': False, 'path': '/home/daniel/code/2025-phd-daniel-guerrero/robot_ws/src/carla_ros/carla_ad_agent', 'symlink_install': True, 'test_result_base': None}
[0.377s] Level 5:colcon.colcon_core.verb:set package 'carla_manual_control' build argument 'cmake_args' from command line to 'None'
[0.377s] Level 5:colcon.colcon_core.verb:set package 'carla_manual_control' build argument 'cmake_target' from command line to 'None'
[0.377s] Level 5:colcon.colcon_core.verb:set package 'carla_manual_control' build argument 'cmake_target_skip_unavailable' from command line to 'False'
[0.377s] Level 5:colcon.colcon_core.verb:set package 'carla_manual_control' build argument 'cmake_clean_cache' from command line to 'False'
[0.377s] Level 5:colcon.colcon_core.verb:set package 'carla_manual_control' build argument 'cmake_clean_first' from command line to 'False'
[0.377s] Level 5:colcon.colcon_core.verb:set package 'carla_manual_control' build argument 'cmake_force_configure' from command line to 'False'
[0.377s] Level 5:colcon.colcon_core.verb:set package 'carla_manual_control' build argument 'ament_cmake_args' from command line to 'None'
[0.377s] Level 5:colcon.colcon_core.verb:set package 'carla_manual_control' build argument 'catkin_cmake_args' from command line to 'None'
[0.377s] Level 5:colcon.colcon_core.verb:set package 'carla_manual_control' build argument 'catkin_skip_building_tests' from command line to 'False'
[0.377s] DEBUG:colcon.colcon_core.verb:Building package 'carla_manual_control' with the following arguments: {'ament_cmake_args': None, 'build_base': '/home/daniel/code/2025-phd-daniel-guerrero/robot_ws/build/carla_manual_control', 'catkin_cmake_args': None, 'catkin_skip_building_tests': False, 'cmake_args': None, 'cmake_clean_cache': False, 'cmake_clean_first': False, 'cmake_force_configure': False, 'cmake_target': None, 'cmake_target_skip_unavailable': False, 'install_base': '/home/daniel/code/2025-phd-daniel-guerrero/robot_ws/install/carla_manual_control', 'merge_install': False, 'path': '/home/daniel/code/2025-phd-daniel-guerrero/robot_ws/src/carla_ros/carla_manual_control', 'symlink_install': True, 'test_result_base': None}
[0.377s] Level 5:colcon.colcon_core.verb:set package 'carla_ros_scenario_runner' build argument 'cmake_args' from command line to 'None'
[0.377s] Level 5:colcon.colcon_core.verb:set package 'carla_ros_scenario_runner' build argument 'cmake_target' from command line to 'None'
[0.377s] Level 5:colcon.colcon_core.verb:set package 'carla_ros_scenario_runner' build argument 'cmake_target_skip_unavailable' from command line to 'False'
[0.377s] Level 5:colcon.colcon_core.verb:set package 'carla_ros_scenario_runner' build argument 'cmake_clean_cache' from command line to 'False'
[0.377s] Level 5:colcon.colcon_core.verb:set package 'carla_ros_scenario_runner' build argument 'cmake_clean_first' from command line to 'False'
[0.377s] Level 5:colcon.colcon_core.verb:set package 'carla_ros_scenario_runner' build argument 'cmake_force_configure' from command line to 'False'
[0.377s] Level 5:colcon.colcon_core.verb:set package 'carla_ros_scenario_runner' build argument 'ament_cmake_args' from command line to 'None'
[0.377s] Level 5:colcon.colcon_core.verb:set package 'carla_ros_scenario_runner' build argument 'catkin_cmake_args' from command line to 'None'
[0.377s] Level 5:colcon.colcon_core.verb:set package 'carla_ros_scenario_runner' build argument 'catkin_skip_building_tests' from command line to 'False'
[0.378s] DEBUG:colcon.colcon_core.verb:Building package 'carla_ros_scenario_runner' with the following arguments: {'ament_cmake_args': None, 'build_base': '/home/daniel/code/2025-phd-daniel-guerrero/robot_ws/build/carla_ros_scenario_runner', 'catkin_cmake_args': None, 'catkin_skip_building_tests': False, 'cmake_args': None, 'cmake_clean_cache': False, 'cmake_clean_first': False, 'cmake_force_configure': False, 'cmake_target': None, 'cmake_target_skip_unavailable': False, 'install_base': '/home/daniel/code/2025-phd-daniel-guerrero/robot_ws/install/carla_ros_scenario_runner', 'merge_install': False, 'path': '/home/daniel/code/2025-phd-daniel-guerrero/robot_ws/src/carla_ros/carla_ros_scenario_runner', 'symlink_install': True, 'test_result_base': None}
[0.378s] Level 5:colcon.colcon_core.verb:set package 'carla_spawn_objects' build argument 'cmake_args' from command line to 'None'
[0.378s] Level 5:colcon.colcon_core.verb:set package 'carla_spawn_objects' build argument 'cmake_target' from command line to 'None'
[0.378s] Level 5:colcon.colcon_core.verb:set package 'carla_spawn_objects' build argument 'cmake_target_skip_unavailable' from command line to 'False'
[0.378s] Level 5:colcon.colcon_core.verb:set package 'carla_spawn_objects' build argument 'cmake_clean_cache' from command line to 'False'
[0.378s] Level 5:colcon.colcon_core.verb:set package 'carla_spawn_objects' build argument 'cmake_clean_first' from command line to 'False'
[0.378s] Level 5:colcon.colcon_core.verb:set package 'carla_spawn_objects' build argument 'cmake_force_configure' from command line to 'False'
[0.378s] Level 5:colcon.colcon_core.verb:set package 'carla_spawn_objects' build argument 'ament_cmake_args' from command line to 'None'
[0.378s] Level 5:colcon.colcon_core.verb:set package 'carla_spawn_objects' build argument 'catkin_cmake_args' from command line to 'None'
[0.378s] Level 5:colcon.colcon_core.verb:set package 'carla_spawn_objects' build argument 'catkin_skip_building_tests' from command line to 'False'
[0.378s] DEBUG:colcon.colcon_core.verb:Building package 'carla_spawn_objects' with the following arguments: {'ament_cmake_args': None, 'build_base': '/home/daniel/code/2025-phd-daniel-guerrero/robot_ws/build/carla_spawn_objects', 'catkin_cmake_args': None, 'catkin_skip_building_tests': False, 'cmake_args': None, 'cmake_clean_cache': False, 'cmake_clean_first': False, 'cmake_force_configure': False, 'cmake_target': None, 'cmake_target_skip_unavailable': False, 'install_base': '/home/daniel/code/2025-phd-daniel-guerrero/robot_ws/install/carla_spawn_objects', 'merge_install': False, 'path': '/home/daniel/code/2025-phd-daniel-guerrero/robot_ws/src/carla_ros/carla_spawn_objects', 'symlink_install': True, 'test_result_base': None}
[0.378s] Level 5:colcon.colcon_core.verb:set package 'carla_walker_agent' build argument 'cmake_args' from command line to 'None'
[0.378s] Level 5:colcon.colcon_core.verb:set package 'carla_walker_agent' build argument 'cmake_target' from command line to 'None'
[0.378s] Level 5:colcon.colcon_core.verb:set package 'carla_walker_agent' build argument 'cmake_target_skip_unavailable' from command line to 'False'
[0.378s] Level 5:colcon.colcon_core.verb:set package 'carla_walker_agent' build argument 'cmake_clean_cache' from command line to 'False'
[0.378s] Level 5:colcon.colcon_core.verb:set package 'carla_walker_agent' build argument 'cmake_clean_first' from command line to 'False'
[0.378s] Level 5:colcon.colcon_core.verb:set package 'carla_walker_agent' build argument 'cmake_force_configure' from command line to 'False'
[0.378s] Level 5:colcon.colcon_core.verb:set package 'carla_walker_agent' build argument 'ament_cmake_args' from command line to 'None'
[0.378s] Level 5:colcon.colcon_core.verb:set package 'carla_walker_agent' build argument 'catkin_cmake_args' from command line to 'None'
[0.378s] Level 5:colcon.colcon_core.verb:set package 'carla_walker_agent' build argument 'catkin_skip_building_tests' from command line to 'False'
[0.378s] DEBUG:colcon.colcon_core.verb:Building package 'carla_walker_agent' with the following arguments: {'ament_cmake_args': None, 'build_base': '/home/daniel/code/2025-phd-daniel-guerrero/robot_ws/build/carla_walker_agent', 'catkin_cmake_args': None, 'catkin_skip_building_tests': False, 'cmake_args': None, 'cmake_clean_cache': False, 'cmake_clean_first': False, 'cmake_force_configure': False, 'cmake_target': None, 'cmake_target_skip_unavailable': False, 'install_base': '/home/daniel/code/2025-phd-daniel-guerrero/robot_ws/install/carla_walker_agent', 'merge_install': False, 'path': '/home/daniel/code/2025-phd-daniel-guerrero/robot_ws/src/carla_ros/carla_walker_agent', 'symlink_install': True, 'test_result_base': None}
[0.379s] Level 5:colcon.colcon_core.verb:set package 'carla_waypoint_publisher' build argument 'cmake_args' from command line to 'None'
[0.379s] Level 5:colcon.colcon_core.verb:set package 'carla_waypoint_publisher' build argument 'cmake_target' from command line to 'None'
[0.379s] Level 5:colcon.colcon_core.verb:set package 'carla_waypoint_publisher' build argument 'cmake_target_skip_unavailable' from command line to 'False'
[0.379s] Level 5:colcon.colcon_core.verb:set package 'carla_waypoint_publisher' build argument 'cmake_clean_cache' from command line to 'False'
[0.379s] Level 5:colcon.colcon_core.verb:set package 'carla_waypoint_publisher' build argument 'cmake_clean_first' from command line to 'False'
[0.379s] Level 5:colcon.colcon_core.verb:set package 'carla_waypoint_publisher' build argument 'cmake_force_configure' from command line to 'False'
[0.379s] Level 5:colcon.colcon_core.verb:set package 'carla_waypoint_publisher' build argument 'ament_cmake_args' from command line to 'None'
[0.379s] Level 5:colcon.colcon_core.verb:set package 'carla_waypoint_publisher' build argument 'catkin_cmake_args' from command line to 'None'
[0.379s] Level 5:colcon.colcon_core.verb:set package 'carla_waypoint_publisher' build argument 'catkin_skip_building_tests' from command line to 'False'
[0.379s] DEBUG:colcon.colcon_core.verb:Building package 'carla_waypoint_publisher' with the following arguments: {'ament_cmake_args': None, 'build_base': '/home/daniel/code/2025-phd-daniel-guerrero/robot_ws/build/carla_waypoint_publisher', 'catkin_cmake_args': None, 'catkin_skip_building_tests': False, 'cmake_args': None, 'cmake_clean_cache': False, 'cmake_clean_first': False, 'cmake_force_configure': False, 'cmake_target': None, 'cmake_target_skip_unavailable': False, 'install_base': '/home/daniel/code/2025-phd-daniel-guerrero/robot_ws/install/carla_waypoint_publisher', 'merge_install': False, 'path': '/home/daniel/code/2025-phd-daniel-guerrero/robot_ws/src/carla_ros/carla_waypoint_publisher', 'symlink_install': True, 'test_result_base': None}
[0.379s] Level 5:colcon.colcon_core.verb:set package 'rviz_carla_plugin' build argument 'cmake_args' from command line to 'None'
[0.379s] Level 5:colcon.colcon_core.verb:set package 'rviz_carla_plugin' build argument 'cmake_target' from command line to 'None'
[0.379s] Level 5:colcon.colcon_core.verb:set package 'rviz_carla_plugin' build argument 'cmake_target_skip_unavailable' from command line to 'False'
[0.379s] Level 5:colcon.colcon_core.verb:set package 'rviz_carla_plugin' build argument 'cmake_clean_cache' from command line to 'False'
[0.379s] Level 5:colcon.colcon_core.verb:set package 'rviz_carla_plugin' build argument 'cmake_clean_first' from command line to 'False'
[0.379s] Level 5:colcon.colcon_core.verb:set package 'rviz_carla_plugin' build argument 'cmake_force_configure' from command line to 'False'
[0.379s] Level 5:colcon.colcon_core.verb:set package 'rviz_carla_plugin' build argument 'ament_cmake_args' from command line to 'None'
[0.379s] Level 5:colcon.colcon_core.verb:set package 'rviz_carla_plugin' build argument 'catkin_cmake_args' from command line to 'None'
[0.379s] Level 5:colcon.colcon_core.verb:set package 'rviz_carla_plugin' build argument 'catkin_skip_building_tests' from command line to 'False'
[0.379s] DEBUG:colcon.colcon_core.verb:Building package 'rviz_carla_plugin' with the following arguments: {'ament_cmake_args': None, 'build_base': '/home/daniel/code/2025-phd-daniel-guerrero/robot_ws/build/rviz_carla_plugin', 'catkin_cmake_args': None, 'catkin_skip_building_tests': False, 'cmake_args': None, 'cmake_clean_cache': False, 'cmake_clean_first': False, 'cmake_force_configure': False, 'cmake_target': None, 'cmake_target_skip_unavailable': False, 'install_base': '/home/daniel/code/2025-phd-daniel-guerrero/robot_ws/install/rviz_carla_plugin', 'merge_install': False, 'path': '/home/daniel/code/2025-phd-daniel-guerrero/robot_ws/src/carla_ros/rviz_carla_plugin', 'symlink_install': True, 'test_result_base': None}
[0.379s] Level 5:colcon.colcon_core.verb:set package 'carla_ros_bridge' build argument 'cmake_args' from command line to 'None'
[0.379s] Level 5:colcon.colcon_core.verb:set package 'carla_ros_bridge' build argument 'cmake_target' from command line to 'None'
[0.379s] Level 5:colcon.colcon_core.verb:set package 'carla_ros_bridge' build argument 'cmake_target_skip_unavailable' from command line to 'False'
[0.379s] Level 5:colcon.colcon_core.verb:set package 'carla_ros_bridge' build argument 'cmake_clean_cache' from command line to 'False'
[0.379s] Level 5:colcon.colcon_core.verb:set package 'carla_ros_bridge' build argument 'cmake_clean_first' from command line to 'False'
[0.379s] Level 5:colcon.colcon_core.verb:set package 'carla_ros_bridge' build argument 'cmake_force_configure' from command line to 'False'
[0.379s] Level 5:colcon.colcon_core.verb:set package 'carla_ros_bridge' build argument 'ament_cmake_args' from command line to 'None'
[0.379s] Level 5:colcon.colcon_core.verb:set package 'carla_ros_bridge' build argument 'catkin_cmake_args' from command line to 'None'
[0.379s] Level 5:colcon.colcon_core.verb:set package 'carla_ros_bridge' build argument 'catkin_skip_building_tests' from command line to 'False'
[0.379s] DEBUG:colcon.colcon_core.verb:Building package 'carla_ros_bridge' with the following arguments: {'ament_cmake_args': None, 'build_base': '/home/daniel/code/2025-phd-daniel-guerrero/robot_ws/build/carla_ros_bridge', 'catkin_cmake_args': None, 'catkin_skip_building_tests': False, 'cmake_args': None, 'cmake_clean_cache': False, 'cmake_clean_first': False, 'cmake_force_configure': False, 'cmake_target': None, 'cmake_target_skip_unavailable': False, 'install_base': '/home/daniel/code/2025-phd-daniel-guerrero/robot_ws/install/carla_ros_bridge', 'merge_install': False, 'path': '/home/daniel/code/2025-phd-daniel-guerrero/robot_ws/src/carla_ros/carla_ros_bridge', 'symlink_install': True, 'test_result_base': None}
[0.380s] Level 5:colcon.colcon_core.verb:set package 'carla_ackermann_control' build argument 'cmake_args' from command line to 'None'
[0.380s] Level 5:colcon.colcon_core.verb:set package 'carla_ackermann_control' build argument 'cmake_target' from command line to 'None'
[0.380s] Level 5:colcon.colcon_core.verb:set package 'carla_ackermann_control' build argument 'cmake_target_skip_unavailable' from command line to 'False'
[0.380s] Level 5:colcon.colcon_core.verb:set package 'carla_ackermann_control' build argument 'cmake_clean_cache' from command line to 'False'
[0.380s] Level 5:colcon.colcon_core.verb:set package 'carla_ackermann_control' build argument 'cmake_clean_first' from command line to 'False'
[0.380s] Level 5:colcon.colcon_core.verb:set package 'carla_ackermann_control' build argument 'cmake_force_configure' from command line to 'False'
[0.380s] Level 5:colcon.colcon_core.verb:set package 'carla_ackermann_control' build argument 'ament_cmake_args' from command line to 'None'
[0.380s] Level 5:colcon.colcon_core.verb:set package 'carla_ackermann_control' build argument 'catkin_cmake_args' from command line to 'None'
[0.380s] Level 5:colcon.colcon_core.verb:set package 'carla_ackermann_control' build argument 'catkin_skip_building_tests' from command line to 'False'
[0.380s] DEBUG:colcon.colcon_core.verb:Building package 'carla_ackermann_control' with the following arguments: {'ament_cmake_args': None, 'build_base': '/home/daniel/code/2025-phd-daniel-guerrero/robot_ws/build/carla_ackermann_control', 'catkin_cmake_args': None, 'catkin_skip_building_tests': False, 'cmake_args': None, 'cmake_clean_cache': False, 'cmake_clean_first': False, 'cmake_force_configure': False, 'cmake_target': None, 'cmake_target_skip_unavailable': False, 'install_base': '/home/daniel/code/2025-phd-daniel-guerrero/robot_ws/install/carla_ackermann_control', 'merge_install': False, 'path': '/home/daniel/code/2025-phd-daniel-guerrero/robot_ws/src/carla_ros/carla_ackermann_control', 'symlink_install': True, 'test_result_base': None}
[0.380s] Level 5:colcon.colcon_core.verb:set package 'carla_ad_demo' build argument 'cmake_args' from command line to 'None'
[0.380s] Level 5:colcon.colcon_core.verb:set package 'carla_ad_demo' build argument 'cmake_target' from command line to 'None'
[0.380s] Level 5:colcon.colcon_core.verb:set package 'carla_ad_demo' build argument 'cmake_target_skip_unavailable' from command line to 'False'
[0.380s] Level 5:colcon.colcon_core.verb:set package 'carla_ad_demo' build argument 'cmake_clean_cache' from command line to 'False'
[0.380s] Level 5:colcon.colcon_core.verb:set package 'carla_ad_demo' build argument 'cmake_clean_first' from command line to 'False'
[0.380s] Level 5:colcon.colcon_core.verb:set package 'carla_ad_demo' build argument 'cmake_force_configure' from command line to 'False'
[0.380s] Level 5:colcon.colcon_core.verb:set package 'carla_ad_demo' build argument 'ament_cmake_args' from command line to 'None'
[0.380s] Level 5:colcon.colcon_core.verb:set package 'carla_ad_demo' build argument 'catkin_cmake_args' from command line to 'None'
[0.380s] Level 5:colcon.colcon_core.verb:set package 'carla_ad_demo' build argument 'catkin_skip_building_tests' from command line to 'False'
[0.380s] DEBUG:colcon.colcon_core.verb:Building package 'carla_ad_demo' with the following arguments: {'ament_cmake_args': None, 'build_base': '/home/daniel/code/2025-phd-daniel-guerrero/robot_ws/build/carla_ad_demo', 'catkin_cmake_args': None, 'catkin_skip_building_tests': False, 'cmake_args': None, 'cmake_clean_cache': False, 'cmake_clean_first': False, 'cmake_force_configure': False, 'cmake_target': None, 'cmake_target_skip_unavailable': False, 'install_base': '/home/daniel/code/2025-phd-daniel-guerrero/robot_ws/install/carla_ad_demo', 'merge_install': False, 'path': '/home/daniel/code/2025-phd-daniel-guerrero/robot_ws/src/carla_ros/carla_ad_demo', 'symlink_install': True, 'test_result_base': None}
[0.381s] Level 5:colcon.colcon_core.verb:set package 'pcl_recorder' build argument 'cmake_args' from command line to 'None'
[0.381s] Level 5:colcon.colcon_core.verb:set package 'pcl_recorder' build argument 'cmake_target' from command line to 'None'
[0.381s] Level 5:colcon.colcon_core.verb:set package 'pcl_recorder' build argument 'cmake_target_skip_unavailable' from command line to 'False'
[0.381s] Level 5:colcon.colcon_core.verb:set package 'pcl_recorder' build argument 'cmake_clean_cache' from command line to 'False'
[0.381s] Level 5:colcon.colcon_core.verb:set package 'pcl_recorder' build argument 'cmake_clean_first' from command line to 'False'
[0.381s] Level 5:colcon.colcon_core.verb:set package 'pcl_recorder' build argument 'cmake_force_configure' from command line to 'False'
[0.381s] Level 5:colcon.colcon_core.verb:set package 'pcl_recorder' build argument 'ament_cmake_args' from command line to 'None'
[0.381s] Level 5:colcon.colcon_core.verb:set package 'pcl_recorder' build argument 'catkin_cmake_args' from command line to 'None'
[0.381s] Level 5:colcon.colcon_core.verb:set package 'pcl_recorder' build argument 'catkin_skip_building_tests' from command line to 'False'
[0.381s] DEBUG:colcon.colcon_core.verb:Building package 'pcl_recorder' with the following arguments: {'ament_cmake_args': None, 'build_base': '/home/daniel/code/2025-phd-daniel-guerrero/robot_ws/build/pcl_recorder', 'catkin_cmake_args': None, 'catkin_skip_building_tests': False, 'cmake_args': None, 'cmake_clean_cache': False, 'cmake_clean_first': False, 'cmake_force_configure': False, 'cmake_target': None, 'cmake_target_skip_unavailable': False, 'install_base': '/home/daniel/code/2025-phd-daniel-guerrero/robot_ws/install/pcl_recorder', 'merge_install': False, 'path': '/home/daniel/code/2025-phd-daniel-guerrero/robot_ws/src/carla_ros/pcl_recorder', 'symlink_install': True, 'test_result_base': None}
[0.381s] INFO:colcon.colcon_core.executor:Executing jobs using 'parallel' executor
[0.382s] DEBUG:colcon.colcon_parallel_executor.executor.parallel:run_until_complete
[0.382s] INFO:colcon.colcon_ros.task.ament_cmake.build:Building ROS package in '/home/daniel/code/2025-phd-daniel-guerrero/robot_ws/src/carla_ros/carla_msgs' with build type 'ament_cmake'
[0.382s] INFO:colcon.colcon_cmake.task.cmake.build:Building CMake package in '/home/daniel/code/2025-phd-daniel-guerrero/robot_ws/src/carla_ros/carla_msgs'
[0.384s] INFO:colcon.colcon_core.plugin_system:Skipping extension 'colcon_core.shell.bat': Not used on non-Windows systems
[0.384s] INFO:colcon.colcon_core.shell:Skip shell extension 'powershell' for command environment: Not usable outside of PowerShell
[0.384s] DEBUG:colcon.colcon_core.shell:Skip shell extension 'dsv' for command environment
[0.386s] INFO:colcon.colcon_ros.task.ament_python.build:Building ROS package in '/home/daniel/code/2025-phd-daniel-guerrero/robot_ws/src/carla_ros/ros_compatibility' with build type 'ament_python'
[0.386s] Level 1:colcon.colcon_core.shell:create_environment_hook('ros_compatibility', 'ament_prefix_path')
[0.386s] INFO:colcon.colcon_core.shell:Creating environment hook '/home/daniel/code/2025-phd-daniel-guerrero/robot_ws/install/ros_compatibility/share/ros_compatibility/hook/ament_prefix_path.ps1'
[0.387s] INFO:colcon.colcon_core.shell:Creating environment descriptor '/home/daniel/code/2025-phd-daniel-guerrero/robot_ws/install/ros_compatibility/share/ros_compatibility/hook/ament_prefix_path.dsv'
[0.387s] INFO:colcon.colcon_core.shell:Creating environment hook '/home/daniel/code/2025-phd-daniel-guerrero/robot_ws/install/ros_compatibility/share/ros_compatibility/hook/ament_prefix_path.sh'
[0.388s] INFO:colcon.colcon_core.shell:Skip shell extension 'powershell' for command environment: Not usable outside of PowerShell
[0.388s] DEBUG:colcon.colcon_core.shell:Skip shell extension 'dsv' for command environment
[0.390s] INFO:colcon.colcon_ros.task.ament_python.build:Building ROS package in '/home/daniel/code/2025-phd-daniel-guerrero/robot_ws/src/carla_ros/carla_common' with build type 'ament_python'
[0.390s] Level 1:colcon.colcon_core.shell:create_environment_hook('carla_common', 'ament_prefix_path')
[0.390s] INFO:colcon.colcon_core.shell:Creating environment hook '/home/daniel/code/2025-phd-daniel-guerrero/robot_ws/install/carla_common/share/carla_common/hook/ament_prefix_path.ps1'
[0.391s] INFO:colcon.colcon_core.shell:Creating environment descriptor '/home/daniel/code/2025-phd-daniel-guerrero/robot_ws/install/carla_common/share/carla_common/hook/ament_prefix_path.dsv'
[0.391s] INFO:colcon.colcon_core.shell:Creating environment hook '/home/daniel/code/2025-phd-daniel-guerrero/robot_ws/install/carla_common/share/carla_common/hook/ament_prefix_path.sh'
[0.391s] INFO:colcon.colcon_core.shell:Skip shell extension 'powershell' for command environment: Not usable outside of PowerShell
[0.391s] DEBUG:colcon.colcon_core.shell:Skip shell extension 'dsv' for command environment
[0.393s] INFO:colcon.colcon_ros.task.ament_cmake.build:Building ROS package in '/home/daniel/code/2025-phd-daniel-guerrero/robot_ws/src/carla_ros/carla_ros_scenario_runner_types' with build type 'ament_cmake'
[0.393s] INFO:colcon.colcon_cmake.task.cmake.build:Building CMake package in '/home/daniel/code/2025-phd-daniel-guerrero/robot_ws/src/carla_ros/carla_ros_scenario_runner_types'
[0.393s] INFO:colcon.colcon_core.shell:Skip shell extension 'powershell' for command environment: Not usable outside of PowerShell
[0.393s] DEBUG:colcon.colcon_core.shell:Skip shell extension 'dsv' for command environment
[0.395s] INFO:colcon.colcon_ros.task.ament_cmake.build:Building ROS package in '/home/daniel/code/2025-phd-daniel-guerrero/robot_ws/src/carla_ros/carla_waypoint_types' with build type 'ament_cmake'
[0.395s] INFO:colcon.colcon_cmake.task.cmake.build:Building CMake package in '/home/daniel/code/2025-phd-daniel-guerrero/robot_ws/src/carla_ros/carla_waypoint_types'
[0.396s] INFO:colcon.colcon_core.shell:Skip shell extension 'powershell' for command environment: Not usable outside of PowerShell
[0.396s] DEBUG:colcon.colcon_core.shell:Skip shell extension 'dsv' for command environment
[0.398s] INFO:colcon.colcon_ros.task.ament_python.build:Building ROS package in '/home/daniel/code/2025-phd-daniel-guerrero/robot_ws/src/carla_ros/carla_twist_to_control' with build type 'ament_python'
[0.398s] Level 1:colcon.colcon_core.shell:create_environment_hook('carla_twist_to_control', 'ament_prefix_path')
[0.398s] INFO:colcon.colcon_core.shell:Creating environment hook '/home/daniel/code/2025-phd-daniel-guerrero/robot_ws/install/carla_twist_to_control/share/carla_twist_to_control/hook/ament_prefix_path.ps1'
[0.398s] INFO:colcon.colcon_core.shell:Creating environment descriptor '/home/daniel/code/2025-phd-daniel-guerrero/robot_ws/install/carla_twist_to_control/share/carla_twist_to_control/hook/ament_prefix_path.dsv'
[0.398s] INFO:colcon.colcon_core.shell:Creating environment hook '/home/daniel/code/2025-phd-daniel-guerrero/robot_ws/install/carla_twist_to_control/share/carla_twist_to_control/hook/ament_prefix_path.sh'
[0.399s] INFO:colcon.colcon_core.shell:Skip shell extension 'powershell' for command environment: Not usable outside of PowerShell
[0.399s] DEBUG:colcon.colcon_core.shell:Skip shell extension 'dsv' for command environment
[0.400s] INFO:colcon.colcon_ros.task.ament_python.build:Building ROS package in '/home/daniel/code/2025-phd-daniel-guerrero/robot_ws/src/carla_ros/rqt_carla_control' with build type 'ament_python'
[0.401s] Level 1:colcon.colcon_core.shell:create_environment_hook('rqt_carla_control', 'ament_prefix_path')
[0.401s] INFO:colcon.colcon_core.shell:Creating environment hook '/home/daniel/code/2025-phd-daniel-guerrero/robot_ws/install/rqt_carla_control/share/rqt_carla_control/hook/ament_prefix_path.ps1'
[0.401s] INFO:colcon.colcon_core.shell:Creating environment descriptor '/home/daniel/code/2025-phd-daniel-guerrero/robot_ws/install/rqt_carla_control/share/rqt_carla_control/hook/ament_prefix_path.dsv'
[0.401s] INFO:colcon.colcon_core.shell:Creating environment hook '/home/daniel/code/2025-phd-daniel-guerrero/robot_ws/install/rqt_carla_control/share/rqt_carla_control/hook/ament_prefix_path.sh'
[0.402s] INFO:colcon.colcon_core.shell:Skip shell extension 'powershell' for command environment: Not usable outside of PowerShell
[0.402s] DEBUG:colcon.colcon_core.shell:Skip shell extension 'dsv' for command environment
[0.407s] DEBUG:colcon.colcon_core.event_handler.log_command:Invoking command in '/home/daniel/code/2025-phd-daniel-guerrero/robot_ws/build/carla_msgs': CMAKE_PREFIX_PATH=/opt/ros/humble /opt/cmake-3.28.3-linux-x86_64/bin/cmake /home/daniel/code/2025-phd-daniel-guerrero/robot_ws/src/carla_ros/carla_msgs -DAMENT_CMAKE_SYMLINK_INSTALL=1 -DCMAKE_INSTALL_PREFIX=/home/daniel/code/2025-phd-daniel-guerrero/robot_ws/install/carla_msgs
[0.684s] INFO:colcon.colcon_core.task.python.build:Building Python package in '/home/daniel/code/2025-phd-daniel-guerrero/robot_ws/src/carla_ros/ros_compatibility'
[0.685s] INFO:colcon.colcon_core.shell:Skip shell extension 'powershell' for command environment: Not usable outside of PowerShell
[0.685s] DEBUG:colcon.colcon_core.shell:Skip shell extension 'dsv' for command environment
[0.959s] INFO:colcon.colcon_core.task.python.build:Building Python package in '/home/daniel/code/2025-phd-daniel-guerrero/robot_ws/src/carla_ros/carla_common'
[0.959s] INFO:colcon.colcon_core.shell:Skip shell extension 'powershell' for command environment: Not usable outside of PowerShell
[0.960s] DEBUG:colcon.colcon_core.shell:Skip shell extension 'dsv' for command environment
[0.966s] DEBUG:colcon.colcon_core.event_handler.log_command:Invoking command in '/home/daniel/code/2025-phd-daniel-guerrero/robot_ws/build/carla_ros_scenario_runner_types': CMAKE_PREFIX_PATH=/opt/ros/humble /opt/cmake-3.28.3-linux-x86_64/bin/cmake /home/daniel/code/2025-phd-daniel-guerrero/robot_ws/src/carla_ros/carla_ros_scenario_runner_types -DAMENT_CMAKE_SYMLINK_INSTALL=1 -DCMAKE_INSTALL_PREFIX=/home/daniel/code/2025-phd-daniel-guerrero/robot_ws/install/carla_ros_scenario_runner_types
[0.968s] DEBUG:colcon.colcon_core.event_handler.log_command:Invoking command in '/home/daniel/code/2025-phd-daniel-guerrero/robot_ws/build/carla_waypoint_types': CMAKE_PREFIX_PATH=/opt/ros/humble /opt/cmake-3.28.3-linux-x86_64/bin/cmake /home/daniel/code/2025-phd-daniel-guerrero/robot_ws/src/carla_ros/carla_waypoint_types -DAMENT_CMAKE_SYMLINK_INSTALL=1 -DCMAKE_INSTALL_PREFIX=/home/daniel/code/2025-phd-daniel-guerrero/robot_ws/install/carla_waypoint_types
[1.245s] INFO:colcon.colcon_core.task.python.build:Building Python package in '/home/daniel/code/2025-phd-daniel-guerrero/robot_ws/src/carla_ros/carla_twist_to_control'
[1.246s] INFO:colcon.colcon_core.shell:Skip shell extension 'powershell' for command environment: Not usable outside of PowerShell
[1.246s] DEBUG:colcon.colcon_core.shell:Skip shell extension 'dsv' for command environment
[1.539s] INFO:colcon.colcon_core.task.python.build:Building Python package in '/home/daniel/code/2025-phd-daniel-guerrero/robot_ws/src/carla_ros/rqt_carla_control'
[1.539s] INFO:colcon.colcon_core.shell:Skip shell extension 'powershell' for command environment: Not usable outside of PowerShell
[1.539s] DEBUG:colcon.colcon_core.shell:Skip shell extension 'dsv' for command environment
[1.995s] DEBUG:colcon.colcon_core.event_handler.log_command:Invoking command in '/home/daniel/code/2025-phd-daniel-guerrero/robot_ws/build/rqt_carla_control': PYTHONPATH=/home/daniel/code/2025-phd-daniel-guerrero/robot_ws/build/rqt_carla_control/prefix_override:/usr/lib/python3/dist-packages/colcon_core/task/python/colcon_distutils_commands:/home/daniel/code/2025-phd-daniel-guerrero/robot_ws/install/rqt_carla_control/lib/python3.10/site-packages:${PYTHONPATH} /usr/bin/python3 -W ignore:setup.py install is deprecated -W ignore:easy_install command is deprecated setup.py develop --editable --build-directory /home/daniel/code/2025-phd-daniel-guerrero/robot_ws/build/rqt_carla_control/build --no-deps symlink_data
[1.999s] DEBUG:colcon.colcon_core.event_handler.log_command:Invoking command in '/home/daniel/code/2025-phd-daniel-guerrero/robot_ws/build/carla_common': PYTHONPATH=/home/daniel/code/2025-phd-daniel-guerrero/robot_ws/build/carla_common/prefix_override:/usr/lib/python3/dist-packages/colcon_core/task/python/colcon_distutils_commands:/home/daniel/code/2025-phd-daniel-guerrero/robot_ws/install/carla_common/lib/python3.10/site-packages:${PYTHONPATH} /usr/bin/python3 -W ignore:setup.py install is deprecated -W ignore:easy_install command is deprecated setup.py develop --editable --build-directory /home/daniel/code/2025-phd-daniel-guerrero/robot_ws/build/carla_common/build --no-deps symlink_data
[2.008s] DEBUG:colcon.colcon_core.event_handler.log_command:Invoking command in '/home/daniel/code/2025-phd-daniel-guerrero/robot_ws/build/ros_compatibility': PYTHONPATH=/home/daniel/code/2025-phd-daniel-guerrero/robot_ws/build/ros_compatibility/prefix_override:/usr/lib/python3/dist-packages/colcon_core/task/python/colcon_distutils_commands:/home/daniel/code/2025-phd-daniel-guerrero/robot_ws/install/ros_compatibility/lib/python3.10/site-packages:${PYTHONPATH} /usr/bin/python3 -W ignore:setup.py install is deprecated -W ignore:easy_install command is deprecated setup.py develop --editable --build-directory /home/daniel/code/2025-phd-daniel-guerrero/robot_ws/build/ros_compatibility/build --no-deps symlink_data
[2.060s] DEBUG:colcon.colcon_core.event_handler.log_command:Invoking command in '/home/daniel/code/2025-phd-daniel-guerrero/robot_ws/build/carla_twist_to_control': PYTHONPATH=/home/daniel/code/2025-phd-daniel-guerrero/robot_ws/build/carla_twist_to_control/prefix_override:/usr/lib/python3/dist-packages/colcon_core/task/python/colcon_distutils_commands:/home/daniel/code/2025-phd-daniel-guerrero/robot_ws/install/carla_twist_to_control/lib/python3.10/site-packages:${PYTHONPATH} /usr/bin/python3 -W ignore:setup.py install is deprecated -W ignore:easy_install command is deprecated setup.py develop --editable --build-directory /home/daniel/code/2025-phd-daniel-guerrero/robot_ws/build/carla_twist_to_control/build --no-deps symlink_data
[2.528s] Level 1:colcon.colcon_core.shell:create_environment_hook('carla_common', 'pythonpath_develop')
[2.528s] INFO:colcon.colcon_core.shell:Creating environment hook '/home/daniel/code/2025-phd-daniel-guerrero/robot_ws/build/carla_common/src/share/carla_common/hook/pythonpath_develop.ps1'
[2.529s] DEBUG:colcon.colcon_core.event_handler.log_command:Invoked command in '/home/daniel/code/2025-phd-daniel-guerrero/robot_ws/build/carla_common' returned '0': PYTHONPATH=/home/daniel/code/2025-phd-daniel-guerrero/robot_ws/build/carla_common/prefix_override:/usr/lib/python3/dist-packages/colcon_core/task/python/colcon_distutils_commands:/home/daniel/code/2025-phd-daniel-guerrero/robot_ws/install/carla_common/lib/python3.10/site-packages:${PYTHONPATH} /usr/bin/python3 -W ignore:setup.py install is deprecated -W ignore:easy_install command is deprecated setup.py develop --editable --build-directory /home/daniel/code/2025-phd-daniel-guerrero/robot_ws/build/carla_common/build --no-deps symlink_data
[2.529s] INFO:colcon.colcon_core.shell:Creating environment descriptor '/home/daniel/code/2025-phd-daniel-guerrero/robot_ws/build/carla_common/src/share/carla_common/hook/pythonpath_develop.dsv'
[2.529s] INFO:colcon.colcon_core.shell:Creating environment hook '/home/daniel/code/2025-phd-daniel-guerrero/robot_ws/build/carla_common/src/share/carla_common/hook/pythonpath_develop.sh'
[2.531s] Level 1:colcon.colcon_core.environment:checking '/home/daniel/code/2025-phd-daniel-guerrero/robot_ws/install/carla_common' for CMake module files
[2.531s] Level 1:colcon.colcon_core.environment:checking '/home/daniel/code/2025-phd-daniel-guerrero/robot_ws/install/carla_common' for CMake config files
[2.532s] Level 1:colcon.colcon_core.environment:checking '/home/daniel/code/2025-phd-daniel-guerrero/robot_ws/install/carla_common/lib'
[2.532s] Level 1:colcon.colcon_core.environment:checking '/home/daniel/code/2025-phd-daniel-guerrero/robot_ws/install/carla_common/bin'
[2.532s] Level 1:colcon.colcon_core.environment:checking '/home/daniel/code/2025-phd-daniel-guerrero/robot_ws/install/carla_common/lib/pkgconfig/carla_common.pc'
[2.532s] Level 1:colcon.colcon_core.environment:checking '/home/daniel/code/2025-phd-daniel-guerrero/robot_ws/install/carla_common/lib/python3.10/site-packages'
[2.532s] Level 1:colcon.colcon_core.shell:create_environment_hook('carla_common', 'pythonpath')
[2.532s] INFO:colcon.colcon_core.shell:Creating environment hook '/home/daniel/code/2025-phd-daniel-guerrero/robot_ws/install/carla_common/share/carla_common/hook/pythonpath.ps1'
[2.532s] INFO:colcon.colcon_core.shell:Creating environment descriptor '/home/daniel/code/2025-phd-daniel-guerrero/robot_ws/install/carla_common/share/carla_common/hook/pythonpath.dsv'
[2.533s] INFO:colcon.colcon_core.shell:Creating environment hook '/home/daniel/code/2025-phd-daniel-guerrero/robot_ws/install/carla_common/share/carla_common/hook/pythonpath.sh'
[2.533s] Level 1:colcon.colcon_core.environment:checking '/home/daniel/code/2025-phd-daniel-guerrero/robot_ws/install/carla_common/bin'
[2.533s] Level 1:colcon.colcon_core.environment:create_environment_scripts_only(carla_common)
[2.533s] INFO:colcon.colcon_core.shell:Creating package script '/home/daniel/code/2025-phd-daniel-guerrero/robot_ws/install/carla_common/share/carla_common/package.ps1'
[2.534s] INFO:colcon.colcon_core.shell:Creating package descriptor '/home/daniel/code/2025-phd-daniel-guerrero/robot_ws/install/carla_common/share/carla_common/package.dsv'
[2.534s] INFO:colcon.colcon_core.shell:Creating package script '/home/daniel/code/2025-phd-daniel-guerrero/robot_ws/install/carla_common/share/carla_common/package.sh'
[2.535s] INFO:colcon.colcon_core.shell:Creating package script '/home/daniel/code/2025-phd-daniel-guerrero/robot_ws/install/carla_common/share/carla_common/package.bash'
[2.535s] INFO:colcon.colcon_core.shell:Creating package script '/home/daniel/code/2025-phd-daniel-guerrero/robot_ws/install/carla_common/share/carla_common/package.zsh'
[2.536s] Level 1:colcon.colcon_core.environment:create_file_with_runtime_dependencies(/home/daniel/code/2025-phd-daniel-guerrero/robot_ws/install/carla_common/share/colcon-core/packages/carla_common)
[2.581s] Level 1:colcon.colcon_core.shell:create_environment_hook('rqt_carla_control', 'pythonpath_develop')
[2.581s] INFO:colcon.colcon_core.shell:Creating environment hook '/home/daniel/code/2025-phd-daniel-guerrero/robot_ws/build/rqt_carla_control/src/share/rqt_carla_control/hook/pythonpath_develop.ps1'
[2.581s] DEBUG:colcon.colcon_core.event_handler.log_command:Invoked command in '/home/daniel/code/2025-phd-daniel-guerrero/robot_ws/build/rqt_carla_control' returned '0': PYTHONPATH=/home/daniel/code/2025-phd-daniel-guerrero/robot_ws/build/rqt_carla_control/prefix_override:/usr/lib/python3/dist-packages/colcon_core/task/python/colcon_distutils_commands:/home/daniel/code/2025-phd-daniel-guerrero/robot_ws/install/rqt_carla_control/lib/python3.10/site-packages:${PYTHONPATH} /usr/bin/python3 -W ignore:setup.py install is deprecated -W ignore:easy_install command is deprecated setup.py develop --editable --build-directory /home/daniel/code/2025-phd-daniel-guerrero/robot_ws/build/rqt_carla_control/build --no-deps symlink_data
[2.582s] INFO:colcon.colcon_core.shell:Creating environment descriptor '/home/daniel/code/2025-phd-daniel-guerrero/robot_ws/build/rqt_carla_control/src/share/rqt_carla_control/hook/pythonpath_develop.dsv'
[2.582s] INFO:colcon.colcon_core.shell:Creating environment hook '/home/daniel/code/2025-phd-daniel-guerrero/robot_ws/build/rqt_carla_control/src/share/rqt_carla_control/hook/pythonpath_develop.sh'
[2.582s] Level 1:colcon.colcon_core.environment:checking '/home/daniel/code/2025-phd-daniel-guerrero/robot_ws/install/rqt_carla_control' for CMake module files
[2.583s] Level 1:colcon.colcon_core.environment:checking '/home/daniel/code/2025-phd-daniel-guerrero/robot_ws/install/rqt_carla_control' for CMake config files
[2.583s] Level 1:colcon.colcon_core.environment:checking '/home/daniel/code/2025-phd-daniel-guerrero/robot_ws/install/rqt_carla_control/lib'
[2.583s] Level 1:colcon.colcon_core.environment:checking '/home/daniel/code/2025-phd-daniel-guerrero/robot_ws/install/rqt_carla_control/bin'
[2.583s] Level 1:colcon.colcon_core.environment:checking '/home/daniel/code/2025-phd-daniel-guerrero/robot_ws/install/rqt_carla_control/lib/pkgconfig/rqt_carla_control.pc'
[2.583s] Level 1:colcon.colcon_core.environment:checking '/home/daniel/code/2025-phd-daniel-guerrero/robot_ws/install/rqt_carla_control/lib/python3.10/site-packages'
[2.583s] Level 1:colcon.colcon_core.shell:create_environment_hook('rqt_carla_control', 'pythonpath')
[2.584s] INFO:colcon.colcon_core.shell:Creating environment hook '/home/daniel/code/2025-phd-daniel-guerrero/robot_ws/install/rqt_carla_control/share/rqt_carla_control/hook/pythonpath.ps1'
[2.584s] INFO:colcon.colcon_core.shell:Creating environment descriptor '/home/daniel/code/2025-phd-daniel-guerrero/robot_ws/install/rqt_carla_control/share/rqt_carla_control/hook/pythonpath.dsv'
[2.584s] INFO:colcon.colcon_core.shell:Creating environment hook '/home/daniel/code/2025-phd-daniel-guerrero/robot_ws/install/rqt_carla_control/share/rqt_carla_control/hook/pythonpath.sh'
[2.584s] Level 1:colcon.colcon_core.environment:checking '/home/daniel/code/2025-phd-daniel-guerrero/robot_ws/install/rqt_carla_control/bin'
[2.584s] Level 1:colcon.colcon_core.environment:create_environment_scripts_only(rqt_carla_control)
[2.585s] INFO:colcon.colcon_core.shell:Creating package script '/home/daniel/code/2025-phd-daniel-guerrero/robot_ws/install/rqt_carla_control/share/rqt_carla_control/package.ps1'
[2.585s] INFO:colcon.colcon_core.shell:Creating package descriptor '/home/daniel/code/2025-phd-daniel-guerrero/robot_ws/install/rqt_carla_control/share/rqt_carla_control/package.dsv'
[2.585s] INFO:colcon.colcon_core.shell:Creating package script '/home/daniel/code/2025-phd-daniel-guerrero/robot_ws/install/rqt_carla_control/share/rqt_carla_control/package.sh'
[2.586s] INFO:colcon.colcon_core.shell:Creating package script '/home/daniel/code/2025-phd-daniel-guerrero/robot_ws/install/rqt_carla_control/share/rqt_carla_control/package.bash'
[2.586s] INFO:colcon.colcon_core.shell:Creating package script '/home/daniel/code/2025-phd-daniel-guerrero/robot_ws/install/rqt_carla_control/share/rqt_carla_control/package.zsh'
[2.586s] Level 1:colcon.colcon_core.environment:create_file_with_runtime_dependencies(/home/daniel/code/2025-phd-daniel-guerrero/robot_ws/install/rqt_carla_control/share/colcon-core/packages/rqt_carla_control)
[2.587s] Level 1:colcon.colcon_core.shell:create_environment_hook('ros_compatibility', 'pythonpath_develop')
[2.587s] INFO:colcon.colcon_core.shell:Creating environment hook '/home/daniel/code/2025-phd-daniel-guerrero/robot_ws/build/ros_compatibility/src/share/ros_compatibility/hook/pythonpath_develop.ps1'
[2.588s] DEBUG:colcon.colcon_core.event_handler.log_command:Invoked command in '/home/daniel/code/2025-phd-daniel-guerrero/robot_ws/build/ros_compatibility' returned '0': PYTHONPATH=/home/daniel/code/2025-phd-daniel-guerrero/robot_ws/build/ros_compatibility/prefix_override:/usr/lib/python3/dist-packages/colcon_core/task/python/colcon_distutils_commands:/home/daniel/code/2025-phd-daniel-guerrero/robot_ws/install/ros_compatibility/lib/python3.10/site-packages:${PYTHONPATH} /usr/bin/python3 -W ignore:setup.py install is deprecated -W ignore:easy_install command is deprecated setup.py develop --editable --build-directory /home/daniel/code/2025-phd-daniel-guerrero/robot_ws/build/ros_compatibility/build --no-deps symlink_data
[2.588s] INFO:colcon.colcon_core.shell:Creating environment descriptor '/home/daniel/code/2025-phd-daniel-guerrero/robot_ws/build/ros_compatibility/src/share/ros_compatibility/hook/pythonpath_develop.dsv'
[2.588s] INFO:colcon.colcon_core.shell:Creating environment hook '/home/daniel/code/2025-phd-daniel-guerrero/robot_ws/build/ros_compatibility/src/share/ros_compatibility/hook/pythonpath_develop.sh'
[2.588s] Level 1:colcon.colcon_core.environment:checking '/home/daniel/code/2025-phd-daniel-guerrero/robot_ws/install/ros_compatibility' for CMake module files
[2.589s] Level 1:colcon.colcon_core.environment:checking '/home/daniel/code/2025-phd-daniel-guerrero/robot_ws/install/ros_compatibility' for CMake config files
[2.589s] Level 1:colcon.colcon_core.environment:checking '/home/daniel/code/2025-phd-daniel-guerrero/robot_ws/install/ros_compatibility/lib'
[2.589s] Level 1:colcon.colcon_core.environment:checking '/home/daniel/code/2025-phd-daniel-guerrero/robot_ws/install/ros_compatibility/bin'
[2.589s] Level 1:colcon.colcon_core.environment:checking '/home/daniel/code/2025-phd-daniel-guerrero/robot_ws/install/ros_compatibility/lib/pkgconfig/ros_compatibility.pc'
[2.589s] Level 1:colcon.colcon_core.environment:checking '/home/daniel/code/2025-phd-daniel-guerrero/robot_ws/install/ros_compatibility/lib/python3.10/site-packages'
[2.589s] Level 1:colcon.colcon_core.shell:create_environment_hook('ros_compatibility', 'pythonpath')
[2.589s] INFO:colcon.colcon_core.shell:Creating environment hook '/home/daniel/code/2025-phd-daniel-guerrero/robot_ws/install/ros_compatibility/share/ros_compatibility/hook/pythonpath.ps1'
[2.590s] INFO:colcon.colcon_core.shell:Creating environment descriptor '/home/daniel/code/2025-phd-daniel-guerrero/robot_ws/install/ros_compatibility/share/ros_compatibility/hook/pythonpath.dsv'
[2.590s] INFO:colcon.colcon_core.shell:Creating environment hook '/home/daniel/code/2025-phd-daniel-guerrero/robot_ws/install/ros_compatibility/share/ros_compatibility/hook/pythonpath.sh'
[2.590s] Level 1:colcon.colcon_core.environment:checking '/home/daniel/code/2025-phd-daniel-guerrero/robot_ws/install/ros_compatibility/bin'
[2.590s] Level 1:colcon.colcon_core.environment:create_environment_scripts_only(ros_compatibility)
[2.591s] INFO:colcon.colcon_core.shell:Creating package script '/home/daniel/code/2025-phd-daniel-guerrero/robot_ws/install/ros_compatibility/share/ros_compatibility/package.ps1'
[2.591s] INFO:colcon.colcon_core.shell:Creating package descriptor '/home/daniel/code/2025-phd-daniel-guerrero/robot_ws/install/ros_compatibility/share/ros_compatibility/package.dsv'
[2.591s] INFO:colcon.colcon_core.shell:Creating package script '/home/daniel/code/2025-phd-daniel-guerrero/robot_ws/install/ros_compatibility/share/ros_compatibility/package.sh'
[2.591s] INFO:colcon.colcon_core.shell:Creating package script '/home/daniel/code/2025-phd-daniel-guerrero/robot_ws/install/ros_compatibility/share/ros_compatibility/package.bash'
[2.592s] INFO:colcon.colcon_core.shell:Creating package script '/home/daniel/code/2025-phd-daniel-guerrero/robot_ws/install/ros_compatibility/share/ros_compatibility/package.zsh'
[2.592s] Level 1:colcon.colcon_core.environment:create_file_with_runtime_dependencies(/home/daniel/code/2025-phd-daniel-guerrero/robot_ws/install/ros_compatibility/share/colcon-core/packages/ros_compatibility)
[2.599s] DEBUG:colcon.colcon_core.event_handler.log_command:Invoked command in '/home/daniel/code/2025-phd-daniel-guerrero/robot_ws/build/carla_msgs' returned '0': CMAKE_PREFIX_PATH=/opt/ros/humble /opt/cmake-3.28.3-linux-x86_64/bin/cmake /home/daniel/code/2025-phd-daniel-guerrero/robot_ws/src/carla_ros/carla_msgs -DAMENT_CMAKE_SYMLINK_INSTALL=1 -DCMAKE_INSTALL_PREFIX=/home/daniel/code/2025-phd-daniel-guerrero/robot_ws/install/carla_msgs
[2.602s] DEBUG:colcon.colcon_core.event_handler.log_command:Invoking command in '/home/daniel/code/2025-phd-daniel-guerrero/robot_ws/build/carla_msgs': CMAKE_PREFIX_PATH=/opt/ros/humble /opt/cmake-3.28.3-linux-x86_64/bin/cmake --build /home/daniel/code/2025-phd-daniel-guerrero/robot_ws/build/carla_msgs -- -j12 -l12
[2.642s] Level 1:colcon.colcon_core.shell:create_environment_hook('carla_twist_to_control', 'pythonpath_develop')
[2.642s] INFO:colcon.colcon_core.shell:Creating environment hook '/home/daniel/code/2025-phd-daniel-guerrero/robot_ws/build/carla_twist_to_control/src/share/carla_twist_to_control/hook/pythonpath_develop.ps1'
[2.643s] DEBUG:colcon.colcon_core.event_handler.log_command:Invoked command in '/home/daniel/code/2025-phd-daniel-guerrero/robot_ws/build/carla_twist_to_control' returned '0': PYTHONPATH=/home/daniel/code/2025-phd-daniel-guerrero/robot_ws/build/carla_twist_to_control/prefix_override:/usr/lib/python3/dist-packages/colcon_core/task/python/colcon_distutils_commands:/home/daniel/code/2025-phd-daniel-guerrero/robot_ws/install/carla_twist_to_control/lib/python3.10/site-packages:${PYTHONPATH} /usr/bin/python3 -W ignore:setup.py install is deprecated -W ignore:easy_install command is deprecated setup.py develop --editable --build-directory /home/daniel/code/2025-phd-daniel-guerrero/robot_ws/build/carla_twist_to_control/build --no-deps symlink_data
[2.643s] INFO:colcon.colcon_core.shell:Creating environment descriptor '/home/daniel/code/2025-phd-daniel-guerrero/robot_ws/build/carla_twist_to_control/src/share/carla_twist_to_control/hook/pythonpath_develop.dsv'
[2.643s] INFO:colcon.colcon_core.shell:Creating environment hook '/home/daniel/code/2025-phd-daniel-guerrero/robot_ws/build/carla_twist_to_control/src/share/carla_twist_to_control/hook/pythonpath_develop.sh'
[2.644s] Level 1:colcon.colcon_core.environment:checking '/home/daniel/code/2025-phd-daniel-guerrero/robot_ws/install/carla_twist_to_control' for CMake module files
[2.644s] Level 1:colcon.colcon_core.environment:checking '/home/daniel/code/2025-phd-daniel-guerrero/robot_ws/install/carla_twist_to_control' for CMake config files
[2.644s] Level 1:colcon.colcon_core.environment:checking '/home/daniel/code/2025-phd-daniel-guerrero/robot_ws/install/carla_twist_to_control/lib'
[2.644s] Level 1:colcon.colcon_core.environment:checking '/home/daniel/code/2025-phd-daniel-guerrero/robot_ws/install/carla_twist_to_control/bin'
[2.644s] Level 1:colcon.colcon_core.environment:checking '/home/daniel/code/2025-phd-daniel-guerrero/robot_ws/install/carla_twist_to_control/lib/pkgconfig/carla_twist_to_control.pc'
[2.645s] Level 1:colcon.colcon_core.environment:checking '/home/daniel/code/2025-phd-daniel-guerrero/robot_ws/install/carla_twist_to_control/lib/python3.10/site-packages'
[2.645s] Level 1:colcon.colcon_core.shell:create_environment_hook('carla_twist_to_control', 'pythonpath')
[2.645s] INFO:colcon.colcon_core.shell:Creating environment hook '/home/daniel/code/2025-phd-daniel-guerrero/robot_ws/install/carla_twist_to_control/share/carla_twist_to_control/hook/pythonpath.ps1'
[2.645s] INFO:colcon.colcon_core.shell:Creating environment descriptor '/home/daniel/code/2025-phd-daniel-guerrero/robot_ws/install/carla_twist_to_control/share/carla_twist_to_control/hook/pythonpath.dsv'
[2.645s] INFO:colcon.colcon_core.shell:Creating environment hook '/home/daniel/code/2025-phd-daniel-guerrero/robot_ws/install/carla_twist_to_control/share/carla_twist_to_control/hook/pythonpath.sh'
[2.646s] Level 1:colcon.colcon_core.environment:checking '/home/daniel/code/2025-phd-daniel-guerrero/robot_ws/install/carla_twist_to_control/bin'
[2.646s] Level 1:colcon.colcon_core.environment:create_environment_scripts_only(carla_twist_to_control)
[2.646s] INFO:colcon.colcon_core.shell:Creating package script '/home/daniel/code/2025-phd-daniel-guerrero/robot_ws/install/carla_twist_to_control/share/carla_twist_to_control/package.ps1'
[2.646s] INFO:colcon.colcon_core.shell:Creating package descriptor '/home/daniel/code/2025-phd-daniel-guerrero/robot_ws/install/carla_twist_to_control/share/carla_twist_to_control/package.dsv'
[2.646s] INFO:colcon.colcon_core.shell:Creating package script '/home/daniel/code/2025-phd-daniel-guerrero/robot_ws/install/carla_twist_to_control/share/carla_twist_to_control/package.sh'
[2.647s] INFO:colcon.colcon_core.shell:Creating package script '/home/daniel/code/2025-phd-daniel-guerrero/robot_ws/install/carla_twist_to_control/share/carla_twist_to_control/package.bash'
[2.647s] INFO:colcon.colcon_core.shell:Creating package script '/home/daniel/code/2025-phd-daniel-guerrero/robot_ws/install/carla_twist_to_control/share/carla_twist_to_control/package.zsh'
[2.647s] Level 1:colcon.colcon_core.environment:create_file_with_runtime_dependencies(/home/daniel/code/2025-phd-daniel-guerrero/robot_ws/install/carla_twist_to_control/share/colcon-core/packages/carla_twist_to_control)
[3.071s] DEBUG:colcon.colcon_core.event_handler.log_command:Invoked command in '/home/daniel/code/2025-phd-daniel-guerrero/robot_ws/build/carla_ros_scenario_runner_types' returned '0': CMAKE_PREFIX_PATH=/opt/ros/humble /opt/cmake-3.28.3-linux-x86_64/bin/cmake /home/daniel/code/2025-phd-daniel-guerrero/robot_ws/src/carla_ros/carla_ros_scenario_runner_types -DAMENT_CMAKE_SYMLINK_INSTALL=1 -DCMAKE_INSTALL_PREFIX=/home/daniel/code/2025-phd-daniel-guerrero/robot_ws/install/carla_ros_scenario_runner_types
[3.072s] DEBUG:colcon.colcon_core.event_handler.log_command:Invoking command in '/home/daniel/code/2025-phd-daniel-guerrero/robot_ws/build/carla_ros_scenario_runner_types': CMAKE_PREFIX_PATH=/opt/ros/humble /opt/cmake-3.28.3-linux-x86_64/bin/cmake --build /home/daniel/code/2025-phd-daniel-guerrero/robot_ws/build/carla_ros_scenario_runner_types -- -j12 -l12
[3.096s] DEBUG:colcon.colcon_core.event_handler.log_command:Invoked command in '/home/daniel/code/2025-phd-daniel-guerrero/robot_ws/build/carla_waypoint_types' returned '0': CMAKE_PREFIX_PATH=/opt/ros/humble /opt/cmake-3.28.3-linux-x86_64/bin/cmake /home/daniel/code/2025-phd-daniel-guerrero/robot_ws/src/carla_ros/carla_waypoint_types -DAMENT_CMAKE_SYMLINK_INSTALL=1 -DCMAKE_INSTALL_PREFIX=/home/daniel/code/2025-phd-daniel-guerrero/robot_ws/install/carla_waypoint_types
[3.097s] DEBUG:colcon.colcon_core.event_handler.log_command:Invoking command in '/home/daniel/code/2025-phd-daniel-guerrero/robot_ws/build/carla_waypoint_types': CMAKE_PREFIX_PATH=/opt/ros/humble /opt/cmake-3.28.3-linux-x86_64/bin/cmake --build /home/daniel/code/2025-phd-daniel-guerrero/robot_ws/build/carla_waypoint_types -- -j12 -l12
[6.485s] DEBUG:colcon.colcon_core.event_handler.log_command:Invoked command in '/home/daniel/code/2025-phd-daniel-guerrero/robot_ws/build/carla_ros_scenario_runner_types' returned '0': CMAKE_PREFIX_PATH=/opt/ros/humble /opt/cmake-3.28.3-linux-x86_64/bin/cmake --build /home/daniel/code/2025-phd-daniel-guerrero/robot_ws/build/carla_ros_scenario_runner_types -- -j12 -l12
[6.493s] DEBUG:colcon.colcon_core.event_handler.log_command:Invoking command in '/home/daniel/code/2025-phd-daniel-guerrero/robot_ws/build/carla_ros_scenario_runner_types': CMAKE_PREFIX_PATH=/opt/ros/humble /opt/cmake-3.28.3-linux-x86_64/bin/cmake --install /home/daniel/code/2025-phd-daniel-guerrero/robot_ws/build/carla_ros_scenario_runner_types
[6.860s] DEBUG:colcon.colcon_core.event_handler.log_command:Invoked command in '/home/daniel/code/2025-phd-daniel-guerrero/robot_ws/build/carla_waypoint_types' returned '0': CMAKE_PREFIX_PATH=/opt/ros/humble /opt/cmake-3.28.3-linux-x86_64/bin/cmake --build /home/daniel/code/2025-phd-daniel-guerrero/robot_ws/build/carla_waypoint_types -- -j12 -l12
[6.861s] DEBUG:colcon.colcon_core.event_handler.log_command:Invoking command in '/home/daniel/code/2025-phd-daniel-guerrero/robot_ws/build/carla_waypoint_types': CMAKE_PREFIX_PATH=/opt/ros/humble /opt/cmake-3.28.3-linux-x86_64/bin/cmake --install /home/daniel/code/2025-phd-daniel-guerrero/robot_ws/build/carla_waypoint_types
[7.185s] Level 1:colcon.colcon_core.environment:create_environment_scripts_only(carla_ros_scenario_runner_types)
[7.186s] Level 1:colcon.colcon_core.environment:checking '/home/daniel/code/2025-phd-daniel-guerrero/robot_ws/install/carla_ros_scenario_runner_types' for CMake module files
[7.186s] DEBUG:colcon.colcon_core.event_handler.log_command:Invoked command in '/home/daniel/code/2025-phd-daniel-guerrero/robot_ws/build/carla_ros_scenario_runner_types' returned '0': CMAKE_PREFIX_PATH=/opt/ros/humble /opt/cmake-3.28.3-linux-x86_64/bin/cmake --install /home/daniel/code/2025-phd-daniel-guerrero/robot_ws/build/carla_ros_scenario_runner_types
[7.191s] Level 1:colcon.colcon_core.environment:checking '/home/daniel/code/2025-phd-daniel-guerrero/robot_ws/install/carla_ros_scenario_runner_types' for CMake config files
[7.191s] Level 1:colcon.colcon_core.shell:create_environment_hook('carla_ros_scenario_runner_types', 'cmake_prefix_path')
[7.192s] INFO:colcon.colcon_core.shell:Creating environment hook '/home/daniel/code/2025-phd-daniel-guerrero/robot_ws/install/carla_ros_scenario_runner_types/share/carla_ros_scenario_runner_types/hook/cmake_prefix_path.ps1'
[7.192s] INFO:colcon.colcon_core.shell:Creating environment descriptor '/home/daniel/code/2025-phd-daniel-guerrero/robot_ws/install/carla_ros_scenario_runner_types/share/carla_ros_scenario_runner_types/hook/cmake_prefix_path.dsv'
[7.193s] INFO:colcon.colcon_core.shell:Creating environment hook '/home/daniel/code/2025-phd-daniel-guerrero/robot_ws/install/carla_ros_scenario_runner_types/share/carla_ros_scenario_runner_types/hook/cmake_prefix_path.sh'
[7.193s] Level 1:colcon.colcon_core.environment:checking '/home/daniel/code/2025-phd-daniel-guerrero/robot_ws/install/carla_ros_scenario_runner_types/lib'
[7.193s] Level 1:colcon.colcon_core.shell:create_environment_hook('carla_ros_scenario_runner_types', 'ld_library_path_lib')
[7.194s] INFO:colcon.colcon_core.shell:Creating environment hook '/home/daniel/code/2025-phd-daniel-guerrero/robot_ws/install/carla_ros_scenario_runner_types/share/carla_ros_scenario_runner_types/hook/ld_library_path_lib.ps1'
[7.196s] INFO:colcon.colcon_core.shell:Creating environment descriptor '/home/daniel/code/2025-phd-daniel-guerrero/robot_ws/install/carla_ros_scenario_runner_types/share/carla_ros_scenario_runner_types/hook/ld_library_path_lib.dsv'
[7.197s] INFO:colcon.colcon_core.shell:Creating environment hook '/home/daniel/code/2025-phd-daniel-guerrero/robot_ws/install/carla_ros_scenario_runner_types/share/carla_ros_scenario_runner_types/hook/ld_library_path_lib.sh'
[7.197s] Level 1:colcon.colcon_core.environment:checking '/home/daniel/code/2025-phd-daniel-guerrero/robot_ws/install/carla_ros_scenario_runner_types/bin'
[7.197s] Level 1:colcon.colcon_core.environment:checking '/home/daniel/code/2025-phd-daniel-guerrero/robot_ws/install/carla_ros_scenario_runner_types/lib/pkgconfig/carla_ros_scenario_runner_types.pc'
[7.197s] Level 1:colcon.colcon_core.environment:checking '/home/daniel/code/2025-phd-daniel-guerrero/robot_ws/install/carla_ros_scenario_runner_types/lib/python3.10/site-packages'
[7.198s] Level 1:colcon.colcon_core.environment:checking '/home/daniel/code/2025-phd-daniel-guerrero/robot_ws/install/carla_ros_scenario_runner_types/bin'
[7.198s] INFO:colcon.colcon_core.shell:Creating package script '/home/daniel/code/2025-phd-daniel-guerrero/robot_ws/install/carla_ros_scenario_runner_types/share/carla_ros_scenario_runner_types/package.ps1'
[7.199s] INFO:colcon.colcon_core.shell:Creating package descriptor '/home/daniel/code/2025-phd-daniel-guerrero/robot_ws/install/carla_ros_scenario_runner_types/share/carla_ros_scenario_runner_types/package.dsv'
[7.199s] INFO:colcon.colcon_core.shell:Creating package script '/home/daniel/code/2025-phd-daniel-guerrero/robot_ws/install/carla_ros_scenario_runner_types/share/carla_ros_scenario_runner_types/package.sh'
[7.199s] INFO:colcon.colcon_core.shell:Creating package script '/home/daniel/code/2025-phd-daniel-guerrero/robot_ws/install/carla_ros_scenario_runner_types/share/carla_ros_scenario_runner_types/package.bash'
[7.205s] INFO:colcon.colcon_core.shell:Creating package script '/home/daniel/code/2025-phd-daniel-guerrero/robot_ws/install/carla_ros_scenario_runner_types/share/carla_ros_scenario_runner_types/package.zsh'
[7.206s] Level 1:colcon.colcon_core.environment:create_file_with_runtime_dependencies(/home/daniel/code/2025-phd-daniel-guerrero/robot_ws/install/carla_ros_scenario_runner_types/share/colcon-core/packages/carla_ros_scenario_runner_types)
[7.206s] Level 1:colcon.colcon_core.environment:create_environment_scripts_only(carla_ros_scenario_runner_types)
[7.207s] Level 1:colcon.colcon_core.environment:checking '/home/daniel/code/2025-phd-daniel-guerrero/robot_ws/install/carla_ros_scenario_runner_types' for CMake module files
[7.207s] Level 1:colcon.colcon_core.environment:checking '/home/daniel/code/2025-phd-daniel-guerrero/robot_ws/install/carla_ros_scenario_runner_types' for CMake config files
[7.208s] Level 1:colcon.colcon_core.shell:create_environment_hook('carla_ros_scenario_runner_types', 'cmake_prefix_path')
[7.208s] INFO:colcon.colcon_core.shell:Creating environment hook '/home/daniel/code/2025-phd-daniel-guerrero/robot_ws/install/carla_ros_scenario_runner_types/share/carla_ros_scenario_runner_types/hook/cmake_prefix_path.ps1'
[7.213s] INFO:colcon.colcon_core.shell:Creating environment descriptor '/home/daniel/code/2025-phd-daniel-guerrero/robot_ws/install/carla_ros_scenario_runner_types/share/carla_ros_scenario_runner_types/hook/cmake_prefix_path.dsv'
[7.214s] INFO:colcon.colcon_core.shell:Creating environment hook '/home/daniel/code/2025-phd-daniel-guerrero/robot_ws/install/carla_ros_scenario_runner_types/share/carla_ros_scenario_runner_types/hook/cmake_prefix_path.sh'
[7.215s] Level 1:colcon.colcon_core.environment:checking '/home/daniel/code/2025-phd-daniel-guerrero/robot_ws/install/carla_ros_scenario_runner_types/lib'
[7.215s] Level 1:colcon.colcon_core.shell:create_environment_hook('carla_ros_scenario_runner_types', 'ld_library_path_lib')
[7.215s] INFO:colcon.colcon_core.shell:Creating environment hook '/home/daniel/code/2025-phd-daniel-guerrero/robot_ws/install/carla_ros_scenario_runner_types/share/carla_ros_scenario_runner_types/hook/ld_library_path_lib.ps1'
[7.216s] INFO:colcon.colcon_core.shell:Creating environment descriptor '/home/daniel/code/2025-phd-daniel-guerrero/robot_ws/install/carla_ros_scenario_runner_types/share/carla_ros_scenario_runner_types/hook/ld_library_path_lib.dsv'
[7.216s] INFO:colcon.colcon_core.shell:Creating environment hook '/home/daniel/code/2025-phd-daniel-guerrero/robot_ws/install/carla_ros_scenario_runner_types/share/carla_ros_scenario_runner_types/hook/ld_library_path_lib.sh'
[7.217s] Level 1:colcon.colcon_core.environment:checking '/home/daniel/code/2025-phd-daniel-guerrero/robot_ws/install/carla_ros_scenario_runner_types/bin'
[7.217s] Level 1:colcon.colcon_core.environment:checking '/home/daniel/code/2025-phd-daniel-guerrero/robot_ws/install/carla_ros_scenario_runner_types/lib/pkgconfig/carla_ros_scenario_runner_types.pc'
[7.217s] Level 1:colcon.colcon_core.environment:checking '/home/daniel/code/2025-phd-daniel-guerrero/robot_ws/install/carla_ros_scenario_runner_types/lib/python3.10/site-packages'
[7.217s] Level 1:colcon.colcon_core.environment:checking '/home/daniel/code/2025-phd-daniel-guerrero/robot_ws/install/carla_ros_scenario_runner_types/bin'
[7.217s] INFO:colcon.colcon_core.shell:Creating package script '/home/daniel/code/2025-phd-daniel-guerrero/robot_ws/install/carla_ros_scenario_runner_types/share/carla_ros_scenario_runner_types/package.ps1'
[7.221s] INFO:colcon.colcon_core.shell:Creating package descriptor '/home/daniel/code/2025-phd-daniel-guerrero/robot_ws/install/carla_ros_scenario_runner_types/share/carla_ros_scenario_runner_types/package.dsv'
[7.222s] INFO:colcon.colcon_core.shell:Creating package script '/home/daniel/code/2025-phd-daniel-guerrero/robot_ws/install/carla_ros_scenario_runner_types/share/carla_ros_scenario_runner_types/package.sh'
[7.223s] INFO:colcon.colcon_core.shell:Creating package script '/home/daniel/code/2025-phd-daniel-guerrero/robot_ws/install/carla_ros_scenario_runner_types/share/carla_ros_scenario_runner_types/package.bash'
[7.223s] INFO:colcon.colcon_core.shell:Creating package script '/home/daniel/code/2025-phd-daniel-guerrero/robot_ws/install/carla_ros_scenario_runner_types/share/carla_ros_scenario_runner_types/package.zsh'
[7.224s] Level 1:colcon.colcon_core.environment:create_file_with_runtime_dependencies(/home/daniel/code/2025-phd-daniel-guerrero/robot_ws/install/carla_ros_scenario_runner_types/share/colcon-core/packages/carla_ros_scenario_runner_types)
[7.336s] Level 1:colcon.colcon_core.environment:create_environment_scripts_only(carla_waypoint_types)
[7.336s] Level 1:colcon.colcon_core.environment:checking '/home/daniel/code/2025-phd-daniel-guerrero/robot_ws/install/carla_waypoint_types' for CMake module files
[7.337s] Level 1:colcon.colcon_core.environment:checking '/home/daniel/code/2025-phd-daniel-guerrero/robot_ws/install/carla_waypoint_types' for CMake config files
[7.338s] Level 1:colcon.colcon_core.shell:create_environment_hook('carla_waypoint_types', 'cmake_prefix_path')
[7.338s] INFO:colcon.colcon_core.shell:Creating environment hook '/home/daniel/code/2025-phd-daniel-guerrero/robot_ws/install/carla_waypoint_types/share/carla_waypoint_types/hook/cmake_prefix_path.ps1'
[7.339s] INFO:colcon.colcon_core.shell:Creating environment descriptor '/home/daniel/code/2025-phd-daniel-guerrero/robot_ws/install/carla_waypoint_types/share/carla_waypoint_types/hook/cmake_prefix_path.dsv'
[7.339s] INFO:colcon.colcon_core.shell:Creating environment hook '/home/daniel/code/2025-phd-daniel-guerrero/robot_ws/install/carla_waypoint_types/share/carla_waypoint_types/hook/cmake_prefix_path.sh'
[7.339s] Level 1:colcon.colcon_core.environment:checking '/home/daniel/code/2025-phd-daniel-guerrero/robot_ws/install/carla_waypoint_types/lib'
[7.339s] Level 1:colcon.colcon_core.shell:create_environment_hook('carla_waypoint_types', 'ld_library_path_lib')
[7.342s] INFO:colcon.colcon_core.shell:Creating environment hook '/home/daniel/code/2025-phd-daniel-guerrero/robot_ws/install/carla_waypoint_types/share/carla_waypoint_types/hook/ld_library_path_lib.ps1'
[7.342s] DEBUG:colcon.colcon_core.event_handler.log_command:Invoked command in '/home/daniel/code/2025-phd-daniel-guerrero/robot_ws/build/carla_waypoint_types' returned '0': CMAKE_PREFIX_PATH=/opt/ros/humble /opt/cmake-3.28.3-linux-x86_64/bin/cmake --install /home/daniel/code/2025-phd-daniel-guerrero/robot_ws/build/carla_waypoint_types
[7.343s] INFO:colcon.colcon_core.shell:Creating environment descriptor '/home/daniel/code/2025-phd-daniel-guerrero/robot_ws/install/carla_waypoint_types/share/carla_waypoint_types/hook/ld_library_path_lib.dsv'
[7.344s] INFO:colcon.colcon_core.shell:Creating environment hook '/home/daniel/code/2025-phd-daniel-guerrero/robot_ws/install/carla_waypoint_types/share/carla_waypoint_types/hook/ld_library_path_lib.sh'
[7.344s] Level 1:colcon.colcon_core.environment:checking '/home/daniel/code/2025-phd-daniel-guerrero/robot_ws/install/carla_waypoint_types/bin'
[7.344s] Level 1:colcon.colcon_core.environment:checking '/home/daniel/code/2025-phd-daniel-guerrero/robot_ws/install/carla_waypoint_types/lib/pkgconfig/carla_waypoint_types.pc'
[7.344s] Level 1:colcon.colcon_core.environment:checking '/home/daniel/code/2025-phd-daniel-guerrero/robot_ws/install/carla_waypoint_types/lib/python3.10/site-packages'
[7.345s] Level 1:colcon.colcon_core.environment:checking '/home/daniel/code/2025-phd-daniel-guerrero/robot_ws/install/carla_waypoint_types/bin'
[7.345s] INFO:colcon.colcon_core.shell:Creating package script '/home/daniel/code/2025-phd-daniel-guerrero/robot_ws/install/carla_waypoint_types/share/carla_waypoint_types/package.ps1'
[7.346s] INFO:colcon.colcon_core.shell:Creating package descriptor '/home/daniel/code/2025-phd-daniel-guerrero/robot_ws/install/carla_waypoint_types/share/carla_waypoint_types/package.dsv'
[7.346s] INFO:colcon.colcon_core.shell:Creating package script '/home/daniel/code/2025-phd-daniel-guerrero/robot_ws/install/carla_waypoint_types/share/carla_waypoint_types/package.sh'
[7.347s] INFO:colcon.colcon_core.shell:Creating package script '/home/daniel/code/2025-phd-daniel-guerrero/robot_ws/install/carla_waypoint_types/share/carla_waypoint_types/package.bash'
[7.347s] INFO:colcon.colcon_core.shell:Creating package script '/home/daniel/code/2025-phd-daniel-guerrero/robot_ws/install/carla_waypoint_types/share/carla_waypoint_types/package.zsh'
[7.347s] Level 1:colcon.colcon_core.environment:create_file_with_runtime_dependencies(/home/daniel/code/2025-phd-daniel-guerrero/robot_ws/install/carla_waypoint_types/share/colcon-core/packages/carla_waypoint_types)
[7.348s] Level 1:colcon.colcon_core.environment:create_environment_scripts_only(carla_waypoint_types)
[7.348s] Level 1:colcon.colcon_core.environment:checking '/home/daniel/code/2025-phd-daniel-guerrero/robot_ws/install/carla_waypoint_types' for CMake module files
[7.349s] Level 1:colcon.colcon_core.environment:checking '/home/daniel/code/2025-phd-daniel-guerrero/robot_ws/install/carla_waypoint_types' for CMake config files
[7.350s] Level 1:colcon.colcon_core.shell:create_environment_hook('carla_waypoint_types', 'cmake_prefix_path')
[7.350s] INFO:colcon.colcon_core.shell:Creating environment hook '/home/daniel/code/2025-phd-daniel-guerrero/robot_ws/install/carla_waypoint_types/share/carla_waypoint_types/hook/cmake_prefix_path.ps1'
[7.351s] INFO:colcon.colcon_core.shell:Creating environment descriptor '/home/daniel/code/2025-phd-daniel-guerrero/robot_ws/install/carla_waypoint_types/share/carla_waypoint_types/hook/cmake_prefix_path.dsv'
[7.351s] INFO:colcon.colcon_core.shell:Creating environment hook '/home/daniel/code/2025-phd-daniel-guerrero/robot_ws/install/carla_waypoint_types/share/carla_waypoint_types/hook/cmake_prefix_path.sh'
[7.351s] Level 1:colcon.colcon_core.environment:checking '/home/daniel/code/2025-phd-daniel-guerrero/robot_ws/install/carla_waypoint_types/lib'
[7.352s] Level 1:colcon.colcon_core.shell:create_environment_hook('carla_waypoint_types', 'ld_library_path_lib')
[7.352s] INFO:colcon.colcon_core.shell:Creating environment hook '/home/daniel/code/2025-phd-daniel-guerrero/robot_ws/install/carla_waypoint_types/share/carla_waypoint_types/hook/ld_library_path_lib.ps1'
[7.352s] INFO:colcon.colcon_core.shell:Creating environment descriptor '/home/daniel/code/2025-phd-daniel-guerrero/robot_ws/install/carla_waypoint_types/share/carla_waypoint_types/hook/ld_library_path_lib.dsv'
[7.353s] INFO:colcon.colcon_core.shell:Creating environment hook '/home/daniel/code/2025-phd-daniel-guerrero/robot_ws/install/carla_waypoint_types/share/carla_waypoint_types/hook/ld_library_path_lib.sh'
[7.353s] Level 1:colcon.colcon_core.environment:checking '/home/daniel/code/2025-phd-daniel-guerrero/robot_ws/install/carla_waypoint_types/bin'
[7.353s] Level 1:colcon.colcon_core.environment:checking '/home/daniel/code/2025-phd-daniel-guerrero/robot_ws/install/carla_waypoint_types/lib/pkgconfig/carla_waypoint_types.pc'
[7.353s] Level 1:colcon.colcon_core.environment:checking '/home/daniel/code/2025-phd-daniel-guerrero/robot_ws/install/carla_waypoint_types/lib/python3.10/site-packages'
[7.353s] Level 1:colcon.colcon_core.environment:checking '/home/daniel/code/2025-phd-daniel-guerrero/robot_ws/install/carla_waypoint_types/bin'
[7.354s] INFO:colcon.colcon_core.shell:Creating package script '/home/daniel/code/2025-phd-daniel-guerrero/robot_ws/install/carla_waypoint_types/share/carla_waypoint_types/package.ps1'
[7.355s] INFO:colcon.colcon_core.shell:Creating package descriptor '/home/daniel/code/2025-phd-daniel-guerrero/robot_ws/install/carla_waypoint_types/share/carla_waypoint_types/package.dsv'
[7.355s] INFO:colcon.colcon_core.shell:Creating package script '/home/daniel/code/2025-phd-daniel-guerrero/robot_ws/install/carla_waypoint_types/share/carla_waypoint_types/package.sh'
[7.356s] INFO:colcon.colcon_core.shell:Creating package script '/home/daniel/code/2025-phd-daniel-guerrero/robot_ws/install/carla_waypoint_types/share/carla_waypoint_types/package.bash'
[7.356s] INFO:colcon.colcon_core.shell:Creating package script '/home/daniel/code/2025-phd-daniel-guerrero/robot_ws/install/carla_waypoint_types/share/carla_waypoint_types/package.zsh'
[7.356s] Level 1:colcon.colcon_core.environment:create_file_with_runtime_dependencies(/home/daniel/code/2025-phd-daniel-guerrero/robot_ws/install/carla_waypoint_types/share/colcon-core/packages/carla_waypoint_types)
[7.357s] INFO:colcon.colcon_ros.task.ament_python.build:Building ROS package in '/home/daniel/code/2025-phd-daniel-guerrero/robot_ws/src/carla_ros/carla_waypoint_publisher' with build type 'ament_python'
[7.357s] Level 1:colcon.colcon_core.shell:create_environment_hook('carla_waypoint_publisher', 'ament_prefix_path')
[7.358s] INFO:colcon.colcon_core.shell:Creating environment hook '/home/daniel/code/2025-phd-daniel-guerrero/robot_ws/install/carla_waypoint_publisher/share/carla_waypoint_publisher/hook/ament_prefix_path.ps1'
[7.358s] INFO:colcon.colcon_core.shell:Creating environment descriptor '/home/daniel/code/2025-phd-daniel-guerrero/robot_ws/install/carla_waypoint_publisher/share/carla_waypoint_publisher/hook/ament_prefix_path.dsv'
[7.359s] INFO:colcon.colcon_core.shell:Creating environment hook '/home/daniel/code/2025-phd-daniel-guerrero/robot_ws/install/carla_waypoint_publisher/share/carla_waypoint_publisher/hook/ament_prefix_path.sh'
[7.359s] INFO:colcon.colcon_core.shell:Skip shell extension 'powershell' for command environment: Not usable outside of PowerShell
[7.359s] DEBUG:colcon.colcon_core.shell:Skip shell extension 'dsv' for command environment
[7.847s] INFO:colcon.colcon_core.task.python.build:Building Python package in '/home/daniel/code/2025-phd-daniel-guerrero/robot_ws/src/carla_ros/carla_waypoint_publisher'
[7.847s] INFO:colcon.colcon_core.shell:Skip shell extension 'powershell' for command environment: Not usable outside of PowerShell
[7.847s] DEBUG:colcon.colcon_core.shell:Skip shell extension 'dsv' for command environment
[8.499s] DEBUG:colcon.colcon_core.event_handler.log_command:Invoking command in '/home/daniel/code/2025-phd-daniel-guerrero/robot_ws/build/carla_waypoint_publisher': AMENT_PREFIX_PATH=/home/daniel/code/2025-phd-daniel-guerrero/robot_ws/install/ros_compatibility:/home/daniel/code/2025-phd-daniel-guerrero/robot_ws/install/carla_waypoint_types:${AMENT_PREFIX_PATH} CMAKE_PREFIX_PATH=/home/daniel/code/2025-phd-daniel-guerrero/robot_ws/install/carla_waypoint_types LD_LIBRARY_PATH=/home/daniel/code/2025-phd-daniel-guerrero/robot_ws/install/carla_waypoint_types/lib:${LD_LIBRARY_PATH} PYTHONPATH=/home/daniel/code/2025-phd-daniel-guerrero/robot_ws/build/carla_waypoint_publisher/prefix_override:/usr/lib/python3/dist-packages/colcon_core/task/python/colcon_distutils_commands:/home/daniel/code/2025-phd-daniel-guerrero/robot_ws/install/carla_waypoint_publisher/lib/python3.10/site-packages:/home/daniel/code/2025-phd-daniel-guerrero/robot_ws/build/ros_compatibility/src:/home/daniel/code/2025-phd-daniel-guerrero/robot_ws/install/ros_compatibility/lib/python3.10/site-packages:/home/daniel/code/2025-phd-daniel-guerrero/robot_ws/install/carla_waypoint_types/local/lib/python3.10/dist-packages:${PYTHONPATH} /usr/bin/python3 -W ignore:setup.py install is deprecated -W ignore:easy_install command is deprecated setup.py develop --editable --build-directory /home/daniel/code/2025-phd-daniel-guerrero/robot_ws/build/carla_waypoint_publisher/build --no-deps symlink_data
[9.262s] Level 1:colcon.colcon_core.shell:create_environment_hook('carla_waypoint_publisher', 'pythonpath_develop')
[9.263s] INFO:colcon.colcon_core.shell:Creating environment hook '/home/daniel/code/2025-phd-daniel-guerrero/robot_ws/build/carla_waypoint_publisher/src/share/carla_waypoint_publisher/hook/pythonpath_develop.ps1'
[9.263s] DEBUG:colcon.colcon_core.event_handler.log_command:Invoked command in '/home/daniel/code/2025-phd-daniel-guerrero/robot_ws/build/carla_waypoint_publisher' returned '0': AMENT_PREFIX_PATH=/home/daniel/code/2025-phd-daniel-guerrero/robot_ws/install/ros_compatibility:/home/daniel/code/2025-phd-daniel-guerrero/robot_ws/install/carla_waypoint_types:${AMENT_PREFIX_PATH} CMAKE_PREFIX_PATH=/home/daniel/code/2025-phd-daniel-guerrero/robot_ws/install/carla_waypoint_types LD_LIBRARY_PATH=/home/daniel/code/2025-phd-daniel-guerrero/robot_ws/install/carla_waypoint_types/lib:${LD_LIBRARY_PATH} PYTHONPATH=/home/daniel/code/2025-phd-daniel-guerrero/robot_ws/build/carla_waypoint_publisher/prefix_override:/usr/lib/python3/dist-packages/colcon_core/task/python/colcon_distutils_commands:/home/daniel/code/2025-phd-daniel-guerrero/robot_ws/install/carla_waypoint_publisher/lib/python3.10/site-packages:/home/daniel/code/2025-phd-daniel-guerrero/robot_ws/build/ros_compatibility/src:/home/daniel/code/2025-phd-daniel-guerrero/robot_ws/install/ros_compatibility/lib/python3.10/site-packages:/home/daniel/code/2025-phd-daniel-guerrero/robot_ws/install/carla_waypoint_types/local/lib/python3.10/dist-packages:${PYTHONPATH} /usr/bin/python3 -W ignore:setup.py install is deprecated -W ignore:easy_install command is deprecated setup.py develop --editable --build-directory /home/daniel/code/2025-phd-daniel-guerrero/robot_ws/build/carla_waypoint_publisher/build --no-deps symlink_data
[9.264s] INFO:colcon.colcon_core.shell:Creating environment descriptor '/home/daniel/code/2025-phd-daniel-guerrero/robot_ws/build/carla_waypoint_publisher/src/share/carla_waypoint_publisher/hook/pythonpath_develop.dsv'
[9.264s] INFO:colcon.colcon_core.shell:Creating environment hook '/home/daniel/code/2025-phd-daniel-guerrero/robot_ws/build/carla_waypoint_publisher/src/share/carla_waypoint_publisher/hook/pythonpath_develop.sh'
[9.265s] Level 1:colcon.colcon_core.environment:checking '/home/daniel/code/2025-phd-daniel-guerrero/robot_ws/install/carla_waypoint_publisher' for CMake module files
[9.265s] Level 1:colcon.colcon_core.environment:checking '/home/daniel/code/2025-phd-daniel-guerrero/robot_ws/install/carla_waypoint_publisher' for CMake config files
[9.265s] Level 1:colcon.colcon_core.environment:checking '/home/daniel/code/2025-phd-daniel-guerrero/robot_ws/install/carla_waypoint_publisher/lib'
[9.266s] Level 1:colcon.colcon_core.environment:checking '/home/daniel/code/2025-phd-daniel-guerrero/robot_ws/install/carla_waypoint_publisher/bin'
[9.266s] Level 1:colcon.colcon_core.environment:checking '/home/daniel/code/2025-phd-daniel-guerrero/robot_ws/install/carla_waypoint_publisher/lib/pkgconfig/carla_waypoint_publisher.pc'
[9.266s] Level 1:colcon.colcon_core.environment:checking '/home/daniel/code/2025-phd-daniel-guerrero/robot_ws/install/carla_waypoint_publisher/lib/python3.10/site-packages'
[9.266s] Level 1:colcon.colcon_core.shell:create_environment_hook('carla_waypoint_publisher', 'pythonpath')
[9.266s] INFO:colcon.colcon_core.shell:Creating environment hook '/home/daniel/code/2025-phd-daniel-guerrero/robot_ws/install/carla_waypoint_publisher/share/carla_waypoint_publisher/hook/pythonpath.ps1'
[9.266s] INFO:colcon.colcon_core.shell:Creating environment descriptor '/home/daniel/code/2025-phd-daniel-guerrero/robot_ws/install/carla_waypoint_publisher/share/carla_waypoint_publisher/hook/pythonpath.dsv'
[9.267s] INFO:colcon.colcon_core.shell:Creating environment hook '/home/daniel/code/2025-phd-daniel-guerrero/robot_ws/install/carla_waypoint_publisher/share/carla_waypoint_publisher/hook/pythonpath.sh'
[9.267s] Level 1:colcon.colcon_core.environment:checking '/home/daniel/code/2025-phd-daniel-guerrero/robot_ws/install/carla_waypoint_publisher/bin'
[9.267s] Level 1:colcon.colcon_core.environment:create_environment_scripts_only(carla_waypoint_publisher)
[9.268s] INFO:colcon.colcon_core.shell:Creating package script '/home/daniel/code/2025-phd-daniel-guerrero/robot_ws/install/carla_waypoint_publisher/share/carla_waypoint_publisher/package.ps1'
[9.268s] INFO:colcon.colcon_core.shell:Creating package descriptor '/home/daniel/code/2025-phd-daniel-guerrero/robot_ws/install/carla_waypoint_publisher/share/carla_waypoint_publisher/package.dsv'
[9.269s] INFO:colcon.colcon_core.shell:Creating package script '/home/daniel/code/2025-phd-daniel-guerrero/robot_ws/install/carla_waypoint_publisher/share/carla_waypoint_publisher/package.sh'
[9.269s] INFO:colcon.colcon_core.shell:Creating package script '/home/daniel/code/2025-phd-daniel-guerrero/robot_ws/install/carla_waypoint_publisher/share/carla_waypoint_publisher/package.bash'
[9.269s] INFO:colcon.colcon_core.shell:Creating package script '/home/daniel/code/2025-phd-daniel-guerrero/robot_ws/install/carla_waypoint_publisher/share/carla_waypoint_publisher/package.zsh'
[9.270s] Level 1:colcon.colcon_core.environment:create_file_with_runtime_dependencies(/home/daniel/code/2025-phd-daniel-guerrero/robot_ws/install/carla_waypoint_publisher/share/colcon-core/packages/carla_waypoint_publisher)
[12.125s] DEBUG:colcon.colcon_core.event_handler.log_command:Invoked command in '/home/daniel/code/2025-phd-daniel-guerrero/robot_ws/build/carla_msgs' returned '0': CMAKE_PREFIX_PATH=/opt/ros/humble /opt/cmake-3.28.3-linux-x86_64/bin/cmake --build /home/daniel/code/2025-phd-daniel-guerrero/robot_ws/build/carla_msgs -- -j12 -l12
[12.127s] DEBUG:colcon.colcon_core.event_handler.log_command:Invoking command in '/home/daniel/code/2025-phd-daniel-guerrero/robot_ws/build/carla_msgs': CMAKE_PREFIX_PATH=/opt/ros/humble /opt/cmake-3.28.3-linux-x86_64/bin/cmake --install /home/daniel/code/2025-phd-daniel-guerrero/robot_ws/build/carla_msgs
[13.036s] Level 1:colcon.colcon_core.environment:create_environment_scripts_only(carla_msgs)
[13.036s] DEBUG:colcon.colcon_core.event_handler.log_command:Invoked command in '/home/daniel/code/2025-phd-daniel-guerrero/robot_ws/build/carla_msgs' returned '0': CMAKE_PREFIX_PATH=/opt/ros/humble /opt/cmake-3.28.3-linux-x86_64/bin/cmake --install /home/daniel/code/2025-phd-daniel-guerrero/robot_ws/build/carla_msgs
[13.037s] Level 1:colcon.colcon_core.environment:checking '/home/daniel/code/2025-phd-daniel-guerrero/robot_ws/install/carla_msgs' for CMake module files
[13.037s] Level 1:colcon.colcon_core.environment:checking '/home/daniel/code/2025-phd-daniel-guerrero/robot_ws/install/carla_msgs' for CMake config files
[13.038s] Level 1:colcon.colcon_core.shell:create_environment_hook('carla_msgs', 'cmake_prefix_path')
[13.038s] INFO:colcon.colcon_core.shell:Creating environment hook '/home/daniel/code/2025-phd-daniel-guerrero/robot_ws/install/carla_msgs/share/carla_msgs/hook/cmake_prefix_path.ps1'
[13.038s] INFO:colcon.colcon_core.shell:Creating environment descriptor '/home/daniel/code/2025-phd-daniel-guerrero/robot_ws/install/carla_msgs/share/carla_msgs/hook/cmake_prefix_path.dsv'
[13.038s] INFO:colcon.colcon_core.shell:Creating environment hook '/home/daniel/code/2025-phd-daniel-guerrero/robot_ws/install/carla_msgs/share/carla_msgs/hook/cmake_prefix_path.sh'
[13.039s] Level 1:colcon.colcon_core.environment:checking '/home/daniel/code/2025-phd-daniel-guerrero/robot_ws/install/carla_msgs/lib'
[13.039s] Level 1:colcon.colcon_core.shell:create_environment_hook('carla_msgs', 'ld_library_path_lib')
[13.039s] INFO:colcon.colcon_core.shell:Creating environment hook '/home/daniel/code/2025-phd-daniel-guerrero/robot_ws/install/carla_msgs/share/carla_msgs/hook/ld_library_path_lib.ps1'
[13.039s] INFO:colcon.colcon_core.shell:Creating environment descriptor '/home/daniel/code/2025-phd-daniel-guerrero/robot_ws/install/carla_msgs/share/carla_msgs/hook/ld_library_path_lib.dsv'
[13.039s] INFO:colcon.colcon_core.shell:Creating environment hook '/home/daniel/code/2025-phd-daniel-guerrero/robot_ws/install/carla_msgs/share/carla_msgs/hook/ld_library_path_lib.sh'
[13.040s] Level 1:colcon.colcon_core.environment:checking '/home/daniel/code/2025-phd-daniel-guerrero/robot_ws/install/carla_msgs/bin'
[13.040s] Level 1:colcon.colcon_core.environment:checking '/home/daniel/code/2025-phd-daniel-guerrero/robot_ws/install/carla_msgs/lib/pkgconfig/carla_msgs.pc'
[13.040s] Level 1:colcon.colcon_core.environment:checking '/home/daniel/code/2025-phd-daniel-guerrero/robot_ws/install/carla_msgs/lib/python3.10/site-packages'
[13.040s] Level 1:colcon.colcon_core.environment:checking '/home/daniel/code/2025-phd-daniel-guerrero/robot_ws/install/carla_msgs/bin'
[13.040s] INFO:colcon.colcon_core.shell:Creating package script '/home/daniel/code/2025-phd-daniel-guerrero/robot_ws/install/carla_msgs/share/carla_msgs/package.ps1'
[13.040s] INFO:colcon.colcon_core.shell:Creating package descriptor '/home/daniel/code/2025-phd-daniel-guerrero/robot_ws/install/carla_msgs/share/carla_msgs/package.dsv'
[13.041s] INFO:colcon.colcon_core.shell:Creating package script '/home/daniel/code/2025-phd-daniel-guerrero/robot_ws/install/carla_msgs/share/carla_msgs/package.sh'
[13.041s] INFO:colcon.colcon_core.shell:Creating package script '/home/daniel/code/2025-phd-daniel-guerrero/robot_ws/install/carla_msgs/share/carla_msgs/package.bash'
[13.041s] INFO:colcon.colcon_core.shell:Creating package script '/home/daniel/code/2025-phd-daniel-guerrero/robot_ws/install/carla_msgs/share/carla_msgs/package.zsh'
[13.041s] Level 1:colcon.colcon_core.environment:create_file_with_runtime_dependencies(/home/daniel/code/2025-phd-daniel-guerrero/robot_ws/install/carla_msgs/share/colcon-core/packages/carla_msgs)
[13.042s] Level 1:colcon.colcon_core.environment:create_environment_scripts_only(carla_msgs)
[13.042s] Level 1:colcon.colcon_core.environment:checking '/home/daniel/code/2025-phd-daniel-guerrero/robot_ws/install/carla_msgs' for CMake module files
[13.042s] Level 1:colcon.colcon_core.environment:checking '/home/daniel/code/2025-phd-daniel-guerrero/robot_ws/install/carla_msgs' for CMake config files
[13.043s] Level 1:colcon.colcon_core.shell:create_environment_hook('carla_msgs', 'cmake_prefix_path')
[13.043s] INFO:colcon.colcon_core.shell:Creating environment hook '/home/daniel/code/2025-phd-daniel-guerrero/robot_ws/install/carla_msgs/share/carla_msgs/hook/cmake_prefix_path.ps1'
[13.043s] INFO:colcon.colcon_core.shell:Creating environment descriptor '/home/daniel/code/2025-phd-daniel-guerrero/robot_ws/install/carla_msgs/share/carla_msgs/hook/cmake_prefix_path.dsv'
[13.043s] INFO:colcon.colcon_core.shell:Creating environment hook '/home/daniel/code/2025-phd-daniel-guerrero/robot_ws/install/carla_msgs/share/carla_msgs/hook/cmake_prefix_path.sh'
[13.044s] Level 1:colcon.colcon_core.environment:checking '/home/daniel/code/2025-phd-daniel-guerrero/robot_ws/install/carla_msgs/lib'
[13.044s] Level 1:colcon.colcon_core.shell:create_environment_hook('carla_msgs', 'ld_library_path_lib')
[13.044s] INFO:colcon.colcon_core.shell:Creating environment hook '/home/daniel/code/2025-phd-daniel-guerrero/robot_ws/install/carla_msgs/share/carla_msgs/hook/ld_library_path_lib.ps1'
[13.044s] INFO:colcon.colcon_core.shell:Creating environment descriptor '/home/daniel/code/2025-phd-daniel-guerrero/robot_ws/install/carla_msgs/share/carla_msgs/hook/ld_library_path_lib.dsv'
[13.044s] INFO:colcon.colcon_core.shell:Creating environment hook '/home/daniel/code/2025-phd-daniel-guerrero/robot_ws/install/carla_msgs/share/carla_msgs/hook/ld_library_path_lib.sh'
[13.045s] Level 1:colcon.colcon_core.environment:checking '/home/daniel/code/2025-phd-daniel-guerrero/robot_ws/install/carla_msgs/bin'
[13.045s] Level 1:colcon.colcon_core.environment:checking '/home/daniel/code/2025-phd-daniel-guerrero/robot_ws/install/carla_msgs/lib/pkgconfig/carla_msgs.pc'
[13.045s] Level 1:colcon.colcon_core.environment:checking '/home/daniel/code/2025-phd-daniel-guerrero/robot_ws/install/carla_msgs/lib/python3.10/site-packages'
[13.045s] Level 1:colcon.colcon_core.environment:checking '/home/daniel/code/2025-phd-daniel-guerrero/robot_ws/install/carla_msgs/bin'
[13.045s] INFO:colcon.colcon_core.shell:Creating package script '/home/daniel/code/2025-phd-daniel-guerrero/robot_ws/install/carla_msgs/share/carla_msgs/package.ps1'
[13.045s] INFO:colcon.colcon_core.shell:Creating package descriptor '/home/daniel/code/2025-phd-daniel-guerrero/robot_ws/install/carla_msgs/share/carla_msgs/package.dsv'
[13.046s] INFO:colcon.colcon_core.shell:Creating package script '/home/daniel/code/2025-phd-daniel-guerrero/robot_ws/install/carla_msgs/share/carla_msgs/package.sh'
[13.046s] INFO:colcon.colcon_core.shell:Creating package script '/home/daniel/code/2025-phd-daniel-guerrero/robot_ws/install/carla_msgs/share/carla_msgs/package.bash'
[13.046s] INFO:colcon.colcon_core.shell:Creating package script '/home/daniel/code/2025-phd-daniel-guerrero/robot_ws/install/carla_msgs/share/carla_msgs/package.zsh'
[13.047s] Level 1:colcon.colcon_core.environment:create_file_with_runtime_dependencies(/home/daniel/code/2025-phd-daniel-guerrero/robot_ws/install/carla_msgs/share/colcon-core/packages/carla_msgs)
[13.047s] INFO:colcon.colcon_ros.task.ament_python.build:Building ROS package in '/home/daniel/code/2025-phd-daniel-guerrero/robot_ws/src/carla_ros/carla_manual_control' with build type 'ament_python'
[13.047s] Level 1:colcon.colcon_core.shell:create_environment_hook('carla_manual_control', 'ament_prefix_path')
[13.047s] INFO:colcon.colcon_core.shell:Creating environment hook '/home/daniel/code/2025-phd-daniel-guerrero/robot_ws/install/carla_manual_control/share/carla_manual_control/hook/ament_prefix_path.ps1'
[13.048s] INFO:colcon.colcon_core.shell:Creating environment descriptor '/home/daniel/code/2025-phd-daniel-guerrero/robot_ws/install/carla_manual_control/share/carla_manual_control/hook/ament_prefix_path.dsv'
[13.048s] INFO:colcon.colcon_core.shell:Creating environment hook '/home/daniel/code/2025-phd-daniel-guerrero/robot_ws/install/carla_manual_control/share/carla_manual_control/hook/ament_prefix_path.sh'
[13.048s] INFO:colcon.colcon_core.shell:Skip shell extension 'powershell' for command environment: Not usable outside of PowerShell
[13.048s] DEBUG:colcon.colcon_core.shell:Skip shell extension 'dsv' for command environment
[13.050s] INFO:colcon.colcon_ros.task.ament_python.build:Building ROS package in '/home/daniel/code/2025-phd-daniel-guerrero/robot_ws/src/carla_ros/carla_spawn_objects' with build type 'ament_python'
[13.050s] Level 1:colcon.colcon_core.shell:create_environment_hook('carla_spawn_objects', 'ament_prefix_path')
[13.051s] INFO:colcon.colcon_core.shell:Creating environment hook '/home/daniel/code/2025-phd-daniel-guerrero/robot_ws/install/carla_spawn_objects/share/carla_spawn_objects/hook/ament_prefix_path.ps1'
[13.051s] INFO:colcon.colcon_core.shell:Creating environment descriptor '/home/daniel/code/2025-phd-daniel-guerrero/robot_ws/install/carla_spawn_objects/share/carla_spawn_objects/hook/ament_prefix_path.dsv'
[13.051s] INFO:colcon.colcon_core.shell:Creating environment hook '/home/daniel/code/2025-phd-daniel-guerrero/robot_ws/install/carla_spawn_objects/share/carla_spawn_objects/hook/ament_prefix_path.sh'
[13.051s] INFO:colcon.colcon_core.shell:Skip shell extension 'powershell' for command environment: Not usable outside of PowerShell
[13.052s] DEBUG:colcon.colcon_core.shell:Skip shell extension 'dsv' for command environment
[13.054s] INFO:colcon.colcon_ros.task.ament_cmake.build:Building ROS package in '/home/daniel/code/2025-phd-daniel-guerrero/robot_ws/src/carla_ros/carla_ackermann_msgs' with build type 'ament_cmake'
[13.054s] INFO:colcon.colcon_cmake.task.cmake.build:Building CMake package in '/home/daniel/code/2025-phd-daniel-guerrero/robot_ws/src/carla_ros/carla_ackermann_msgs'
[13.054s] INFO:colcon.colcon_core.shell:Skip shell extension 'powershell' for command environment: Not usable outside of PowerShell
[13.054s] DEBUG:colcon.colcon_core.shell:Skip shell extension 'dsv' for command environment
[13.057s] INFO:colcon.colcon_ros.task.ament_python.build:Building ROS package in '/home/daniel/code/2025-phd-daniel-guerrero/robot_ws/src/carla_ros/carla_ad_agent' with build type 'ament_python'
[13.057s] Level 1:colcon.colcon_core.shell:create_environment_hook('carla_ad_agent', 'ament_prefix_path')
[13.058s] INFO:colcon.colcon_core.shell:Creating environment hook '/home/daniel/code/2025-phd-daniel-guerrero/robot_ws/install/carla_ad_agent/share/carla_ad_agent/hook/ament_prefix_path.ps1'
[13.058s] INFO:colcon.colcon_core.shell:Creating environment descriptor '/home/daniel/code/2025-phd-daniel-guerrero/robot_ws/install/carla_ad_agent/share/carla_ad_agent/hook/ament_prefix_path.dsv'
[13.059s] INFO:colcon.colcon_core.shell:Creating environment hook '/home/daniel/code/2025-phd-daniel-guerrero/robot_ws/install/carla_ad_agent/share/carla_ad_agent/hook/ament_prefix_path.sh'
[13.059s] INFO:colcon.colcon_core.shell:Skip shell extension 'powershell' for command environment: Not usable outside of PowerShell
[13.059s] DEBUG:colcon.colcon_core.shell:Skip shell extension 'dsv' for command environment
[13.063s] INFO:colcon.colcon_ros.task.ament_python.build:Building ROS package in '/home/daniel/code/2025-phd-daniel-guerrero/robot_ws/src/carla_ros/carla_ros_scenario_runner' with build type 'ament_python'
[13.063s] Level 1:colcon.colcon_core.shell:create_environment_hook('carla_ros_scenario_runner', 'ament_prefix_path')
[13.063s] INFO:colcon.colcon_core.shell:Creating environment hook '/home/daniel/code/2025-phd-daniel-guerrero/robot_ws/install/carla_ros_scenario_runner/share/carla_ros_scenario_runner/hook/ament_prefix_path.ps1'
[13.064s] INFO:colcon.colcon_core.shell:Creating environment descriptor '/home/daniel/code/2025-phd-daniel-guerrero/robot_ws/install/carla_ros_scenario_runner/share/carla_ros_scenario_runner/hook/ament_prefix_path.dsv'
[13.064s] INFO:colcon.colcon_core.shell:Creating environment hook '/home/daniel/code/2025-phd-daniel-guerrero/robot_ws/install/carla_ros_scenario_runner/share/carla_ros_scenario_runner/hook/ament_prefix_path.sh'
[13.064s] INFO:colcon.colcon_core.shell:Skip shell extension 'powershell' for command environment: Not usable outside of PowerShell
[13.065s] DEBUG:colcon.colcon_core.shell:Skip shell extension 'dsv' for command environment
[13.068s] INFO:colcon.colcon_ros.task.ament_cmake.build:Building ROS package in '/home/daniel/code/2025-phd-daniel-guerrero/robot_ws/src/carla_ros/rviz_carla_plugin' with build type 'ament_cmake'
[13.068s] INFO:colcon.colcon_cmake.task.cmake.build:Building CMake package in '/home/daniel/code/2025-phd-daniel-guerrero/robot_ws/src/carla_ros/rviz_carla_plugin'
[13.068s] INFO:colcon.colcon_core.shell:Skip shell extension 'powershell' for command environment: Not usable outside of PowerShell
[13.068s] DEBUG:colcon.colcon_core.shell:Skip shell extension 'dsv' for command environment
[13.071s] INFO:colcon.colcon_ros.task.ament_python.build:Building ROS package in '/home/daniel/code/2025-phd-daniel-guerrero/robot_ws/src/carla_ros/carla_walker_agent' with build type 'ament_python'
[13.072s] Level 1:colcon.colcon_core.shell:create_environment_hook('carla_walker_agent', 'ament_prefix_path')
[13.072s] INFO:colcon.colcon_core.shell:Creating environment hook '/home/daniel/code/2025-phd-daniel-guerrero/robot_ws/install/carla_walker_agent/share/carla_walker_agent/hook/ament_prefix_path.ps1'
[13.072s] INFO:colcon.colcon_core.shell:Creating environment descriptor '/home/daniel/code/2025-phd-daniel-guerrero/robot_ws/install/carla_walker_agent/share/carla_walker_agent/hook/ament_prefix_path.dsv'
[13.073s] INFO:colcon.colcon_core.shell:Creating environment hook '/home/daniel/code/2025-phd-daniel-guerrero/robot_ws/install/carla_walker_agent/share/carla_walker_agent/hook/ament_prefix_path.sh'
[13.073s] INFO:colcon.colcon_core.shell:Skip shell extension 'powershell' for command environment: Not usable outside of PowerShell
[13.073s] DEBUG:colcon.colcon_core.shell:Skip shell extension 'dsv' for command environment
[13.355s] INFO:colcon.colcon_core.task.python.build:Building Python package in '/home/daniel/code/2025-phd-daniel-guerrero/robot_ws/src/carla_ros/carla_manual_control'
[13.356s] INFO:colcon.colcon_core.shell:Skip shell extension 'powershell' for command environment: Not usable outside of PowerShell
[13.356s] DEBUG:colcon.colcon_core.shell:Skip shell extension 'dsv' for command environment
[13.635s] INFO:colcon.colcon_core.task.python.build:Building Python package in '/home/daniel/code/2025-phd-daniel-guerrero/robot_ws/src/carla_ros/carla_spawn_objects'
[13.635s] INFO:colcon.colcon_core.shell:Skip shell extension 'powershell' for command environment: Not usable outside of PowerShell
[13.635s] DEBUG:colcon.colcon_core.shell:Skip shell extension 'dsv' for command environment
[13.642s] DEBUG:colcon.colcon_core.event_handler.log_command:Invoking command in '/home/daniel/code/2025-phd-daniel-guerrero/robot_ws/build/carla_ackermann_msgs': AMENT_PREFIX_PATH=/home/daniel/code/2025-phd-daniel-guerrero/robot_ws/install/carla_msgs:${AMENT_PREFIX_PATH} CMAKE_PREFIX_PATH=/home/daniel/code/2025-phd-daniel-guerrero/robot_ws/install/carla_msgs:/opt/ros/humble LD_LIBRARY_PATH=/home/daniel/code/2025-phd-daniel-guerrero/robot_ws/install/carla_msgs/lib:${LD_LIBRARY_PATH} PYTHONPATH=/home/daniel/code/2025-phd-daniel-guerrero/robot_ws/install/carla_msgs/local/lib/python3.10/dist-packages:${PYTHONPATH} /opt/cmake-3.28.3-linux-x86_64/bin/cmake /home/daniel/code/2025-phd-daniel-guerrero/robot_ws/src/carla_ros/carla_ackermann_msgs -DAMENT_CMAKE_SYMLINK_INSTALL=1 -DCMAKE_INSTALL_PREFIX=/home/daniel/code/2025-phd-daniel-guerrero/robot_ws/install/carla_ackermann_msgs
[13.917s] INFO:colcon.colcon_core.task.python.build:Building Python package in '/home/daniel/code/2025-phd-daniel-guerrero/robot_ws/src/carla_ros/carla_ad_agent'
[13.918s] INFO:colcon.colcon_core.shell:Skip shell extension 'powershell' for command environment: Not usable outside of PowerShell
[13.918s] DEBUG:colcon.colcon_core.shell:Skip shell extension 'dsv' for command environment
[14.199s] INFO:colcon.colcon_core.task.python.build:Building Python package in '/home/daniel/code/2025-phd-daniel-guerrero/robot_ws/src/carla_ros/carla_ros_scenario_runner'
[14.199s] INFO:colcon.colcon_core.shell:Skip shell extension 'powershell' for command environment: Not usable outside of PowerShell
[14.199s] DEBUG:colcon.colcon_core.shell:Skip shell extension 'dsv' for command environment
[14.207s] DEBUG:colcon.colcon_core.event_handler.log_command:Invoking command in '/home/daniel/code/2025-phd-daniel-guerrero/robot_ws/build/rviz_carla_plugin': AMENT_PREFIX_PATH=/home/daniel/code/2025-phd-daniel-guerrero/robot_ws/install/carla_ros_scenario_runner_types:/home/daniel/code/2025-phd-daniel-guerrero/robot_ws/install/carla_msgs:${AMENT_PREFIX_PATH} CMAKE_PREFIX_PATH=/home/daniel/code/2025-phd-daniel-guerrero/robot_ws/install/carla_ros_scenario_runner_types:/home/daniel/code/2025-phd-daniel-guerrero/robot_ws/install/carla_msgs:/opt/ros/humble LD_LIBRARY_PATH=/home/daniel/code/2025-phd-daniel-guerrero/robot_ws/install/carla_ros_scenario_runner_types/lib:/home/daniel/code/2025-phd-daniel-guerrero/robot_ws/install/carla_msgs/lib:${LD_LIBRARY_PATH} PYTHONPATH=/home/daniel/code/2025-phd-daniel-guerrero/robot_ws/install/carla_ros_scenario_runner_types/local/lib/python3.10/dist-packages:/home/daniel/code/2025-phd-daniel-guerrero/robot_ws/install/carla_msgs/local/lib/python3.10/dist-packages:${PYTHONPATH} /opt/cmake-3.28.3-linux-x86_64/bin/cmake /home/daniel/code/2025-phd-daniel-guerrero/robot_ws/src/carla_ros/rviz_carla_plugin -DAMENT_CMAKE_SYMLINK_INSTALL=1 -DCMAKE_INSTALL_PREFIX=/home/daniel/code/2025-phd-daniel-guerrero/robot_ws/install/rviz_carla_plugin
[14.487s] INFO:colcon.colcon_core.task.python.build:Building Python package in '/home/daniel/code/2025-phd-daniel-guerrero/robot_ws/src/carla_ros/carla_walker_agent'
[14.488s] INFO:colcon.colcon_core.shell:Skip shell extension 'powershell' for command environment: Not usable outside of PowerShell
[14.488s] DEBUG:colcon.colcon_core.shell:Skip shell extension 'dsv' for command environment
[14.924s] DEBUG:colcon.colcon_core.event_handler.log_command:Invoking command in '/home/daniel/code/2025-phd-daniel-guerrero/robot_ws/build/carla_manual_control': AMENT_PREFIX_PATH=/home/daniel/code/2025-phd-daniel-guerrero/robot_ws/install/ros_compatibility:/home/daniel/code/2025-phd-daniel-guerrero/robot_ws/install/carla_msgs:${AMENT_PREFIX_PATH} CMAKE_PREFIX_PATH=/home/daniel/code/2025-phd-daniel-guerrero/robot_ws/install/carla_msgs LD_LIBRARY_PATH=/home/daniel/code/2025-phd-daniel-guerrero/robot_ws/install/carla_msgs/lib:${LD_LIBRARY_PATH} PYTHONPATH=/home/daniel/code/2025-phd-daniel-guerrero/robot_ws/build/carla_manual_control/prefix_override:/usr/lib/python3/dist-packages/colcon_core/task/python/colcon_distutils_commands:/home/daniel/code/2025-phd-daniel-guerrero/robot_ws/install/carla_manual_control/lib/python3.10/site-packages:/home/daniel/code/2025-phd-daniel-guerrero/robot_ws/build/ros_compatibility/src:/home/daniel/code/2025-phd-daniel-guerrero/robot_ws/install/ros_compatibility/lib/python3.10/site-packages:/home/daniel/code/2025-phd-daniel-guerrero/robot_ws/install/carla_msgs/local/lib/python3.10/dist-packages:${PYTHONPATH} /usr/bin/python3 -W ignore:setup.py install is deprecated -W ignore:easy_install command is deprecated setup.py develop --editable --build-directory /home/daniel/code/2025-phd-daniel-guerrero/robot_ws/build/carla_manual_control/build --no-deps symlink_data
[14.928s] DEBUG:colcon.colcon_core.event_handler.log_command:Invoking command in '/home/daniel/code/2025-phd-daniel-guerrero/robot_ws/build/carla_spawn_objects': AMENT_PREFIX_PATH=/home/daniel/code/2025-phd-daniel-guerrero/robot_ws/install/ros_compatibility:/home/daniel/code/2025-phd-daniel-guerrero/robot_ws/install/carla_msgs:${AMENT_PREFIX_PATH} CMAKE_PREFIX_PATH=/home/daniel/code/2025-phd-daniel-guerrero/robot_ws/install/carla_msgs LD_LIBRARY_PATH=/home/daniel/code/2025-phd-daniel-guerrero/robot_ws/install/carla_msgs/lib:${LD_LIBRARY_PATH} PYTHONPATH=/home/daniel/code/2025-phd-daniel-guerrero/robot_ws/build/carla_spawn_objects/prefix_override:/usr/lib/python3/dist-packages/colcon_core/task/python/colcon_distutils_commands:/home/daniel/code/2025-phd-daniel-guerrero/robot_ws/install/carla_spawn_objects/lib/python3.10/site-packages:/home/daniel/code/2025-phd-daniel-guerrero/robot_ws/build/ros_compatibility/src:/home/daniel/code/2025-phd-daniel-guerrero/robot_ws/install/ros_compatibility/lib/python3.10/site-packages:/home/daniel/code/2025-phd-daniel-guerrero/robot_ws/install/carla_msgs/local/lib/python3.10/dist-packages:${PYTHONPATH} /usr/bin/python3 -W ignore:setup.py install is deprecated -W ignore:easy_install command is deprecated setup.py develop --editable --build-directory /home/daniel/code/2025-phd-daniel-guerrero/robot_ws/build/carla_spawn_objects/build --no-deps symlink_data
[14.941s] DEBUG:colcon.colcon_core.event_handler.log_command:Invoking command in '/home/daniel/code/2025-phd-daniel-guerrero/robot_ws/build/carla_ros_scenario_runner': AMENT_PREFIX_PATH=/home/daniel/code/2025-phd-daniel-guerrero/robot_ws/install/carla_ros_scenario_runner_types:/home/daniel/code/2025-phd-daniel-guerrero/robot_ws/install/carla_msgs:/home/daniel/code/2025-phd-daniel-guerrero/robot_ws/install/carla_common:${AMENT_PREFIX_PATH} CMAKE_PREFIX_PATH=/home/daniel/code/2025-phd-daniel-guerrero/robot_ws/install/carla_ros_scenario_runner_types:/home/daniel/code/2025-phd-daniel-guerrero/robot_ws/install/carla_msgs LD_LIBRARY_PATH=/home/daniel/code/2025-phd-daniel-guerrero/robot_ws/install/carla_ros_scenario_runner_types/lib:/home/daniel/code/2025-phd-daniel-guerrero/robot_ws/install/carla_msgs/lib:${LD_LIBRARY_PATH} PYTHONPATH=/home/daniel/code/2025-phd-daniel-guerrero/robot_ws/build/carla_ros_scenario_runner/prefix_override:/usr/lib/python3/dist-packages/colcon_core/task/python/colcon_distutils_commands:/home/daniel/code/2025-phd-daniel-guerrero/robot_ws/install/carla_ros_scenario_runner/lib/python3.10/site-packages:/home/daniel/code/2025-phd-daniel-guerrero/robot_ws/install/carla_ros_scenario_runner_types/local/lib/python3.10/dist-packages:/home/daniel/code/2025-phd-daniel-guerrero/robot_ws/install/carla_msgs/local/lib/python3.10/dist-packages:/home/daniel/code/2025-phd-daniel-guerrero/robot_ws/build/carla_common/src:/home/daniel/code/2025-phd-daniel-guerrero/robot_ws/install/carla_common/lib/python3.10/site-packages:${PYTHONPATH} /usr/bin/python3 -W ignore:setup.py install is deprecated -W ignore:easy_install command is deprecated setup.py develop --editable --build-directory /home/daniel/code/2025-phd-daniel-guerrero/robot_ws/build/carla_ros_scenario_runner/build --no-deps symlink_data
[14.947s] DEBUG:colcon.colcon_core.event_handler.log_command:Invoking command in '/home/daniel/code/2025-phd-daniel-guerrero/robot_ws/build/carla_walker_agent': AMENT_PREFIX_PATH=/home/daniel/code/2025-phd-daniel-guerrero/robot_ws/install/carla_msgs:${AMENT_PREFIX_PATH} CMAKE_PREFIX_PATH=/home/daniel/code/2025-phd-daniel-guerrero/robot_ws/install/carla_msgs LD_LIBRARY_PATH=/home/daniel/code/2025-phd-daniel-guerrero/robot_ws/install/carla_msgs/lib:${LD_LIBRARY_PATH} PYTHONPATH=/home/daniel/code/2025-phd-daniel-guerrero/robot_ws/build/carla_walker_agent/prefix_override:/usr/lib/python3/dist-packages/colcon_core/task/python/colcon_distutils_commands:/home/daniel/code/2025-phd-daniel-guerrero/robot_ws/install/carla_walker_agent/lib/python3.10/site-packages:/home/daniel/code/2025-phd-daniel-guerrero/robot_ws/install/carla_msgs/local/lib/python3.10/dist-packages:${PYTHONPATH} /usr/bin/python3 -W ignore:setup.py install is deprecated -W ignore:easy_install command is deprecated setup.py develop --editable --build-directory /home/daniel/code/2025-phd-daniel-guerrero/robot_ws/build/carla_walker_agent/build --no-deps symlink_data
[14.951s] DEBUG:colcon.colcon_core.event_handler.log_command:Invoking command in '/home/daniel/code/2025-phd-daniel-guerrero/robot_ws/build/carla_ad_agent': AMENT_PREFIX_PATH=/home/daniel/code/2025-phd-daniel-guerrero/robot_ws/install/ros_compatibility:/home/daniel/code/2025-phd-daniel-guerrero/robot_ws/install/carla_waypoint_types:/home/daniel/code/2025-phd-daniel-guerrero/robot_ws/install/carla_msgs:${AMENT_PREFIX_PATH} CMAKE_PREFIX_PATH=/home/daniel/code/2025-phd-daniel-guerrero/robot_ws/install/carla_waypoint_types:/home/daniel/code/2025-phd-daniel-guerrero/robot_ws/install/carla_msgs LD_LIBRARY_PATH=/home/daniel/code/2025-phd-daniel-guerrero/robot_ws/install/carla_waypoint_types/lib:/home/daniel/code/2025-phd-daniel-guerrero/robot_ws/install/carla_msgs/lib:${LD_LIBRARY_PATH} PYTHONPATH=/home/daniel/code/2025-phd-daniel-guerrero/robot_ws/build/carla_ad_agent/prefix_override:/usr/lib/python3/dist-packages/colcon_core/task/python/colcon_distutils_commands:/home/daniel/code/2025-phd-daniel-guerrero/robot_ws/install/carla_ad_agent/lib/python3.10/site-packages:/home/daniel/code/2025-phd-daniel-guerrero/robot_ws/build/ros_compatibility/src:/home/daniel/code/2025-phd-daniel-guerrero/robot_ws/install/ros_compatibility/lib/python3.10/site-packages:/home/daniel/code/2025-phd-daniel-guerrero/robot_ws/install/carla_waypoint_types/local/lib/python3.10/dist-packages:/home/daniel/code/2025-phd-daniel-guerrero/robot_ws/install/carla_msgs/local/lib/python3.10/dist-packages:${PYTHONPATH} /usr/bin/python3 -W ignore:setup.py install is deprecated -W ignore:easy_install command is deprecated setup.py develop --editable --build-directory /home/daniel/code/2025-phd-daniel-guerrero/robot_ws/build/carla_ad_agent/build --no-deps symlink_data
[15.476s] Level 1:colcon.colcon_core.shell:create_environment_hook('carla_manual_control', 'pythonpath_develop')
[15.476s] INFO:colcon.colcon_core.shell:Creating environment hook '/home/daniel/code/2025-phd-daniel-guerrero/robot_ws/build/carla_manual_control/src/share/carla_manual_control/hook/pythonpath_develop.ps1'
[15.477s] DEBUG:colcon.colcon_core.event_handler.log_command:Invoked command in '/home/daniel/code/2025-phd-daniel-guerrero/robot_ws/build/carla_manual_control' returned '0': AMENT_PREFIX_PATH=/home/daniel/code/2025-phd-daniel-guerrero/robot_ws/install/ros_compatibility:/home/daniel/code/2025-phd-daniel-guerrero/robot_ws/install/carla_msgs:${AMENT_PREFIX_PATH} CMAKE_PREFIX_PATH=/home/daniel/code/2025-phd-daniel-guerrero/robot_ws/install/carla_msgs LD_LIBRARY_PATH=/home/daniel/code/2025-phd-daniel-guerrero/robot_ws/install/carla_msgs/lib:${LD_LIBRARY_PATH} PYTHONPATH=/home/daniel/code/2025-phd-daniel-guerrero/robot_ws/build/carla_manual_control/prefix_override:/usr/lib/python3/dist-packages/colcon_core/task/python/colcon_distutils_commands:/home/daniel/code/2025-phd-daniel-guerrero/robot_ws/install/carla_manual_control/lib/python3.10/site-packages:/home/daniel/code/2025-phd-daniel-guerrero/robot_ws/build/ros_compatibility/src:/home/daniel/code/2025-phd-daniel-guerrero/robot_ws/install/ros_compatibility/lib/python3.10/site-packages:/home/daniel/code/2025-phd-daniel-guerrero/robot_ws/install/carla_msgs/local/lib/python3.10/dist-packages:${PYTHONPATH} /usr/bin/python3 -W ignore:setup.py install is deprecated -W ignore:easy_install command is deprecated setup.py develop --editable --build-directory /home/daniel/code/2025-phd-daniel-guerrero/robot_ws/build/carla_manual_control/build --no-deps symlink_data
[15.477s] INFO:colcon.colcon_core.shell:Creating environment descriptor '/home/daniel/code/2025-phd-daniel-guerrero/robot_ws/build/carla_manual_control/src/share/carla_manual_control/hook/pythonpath_develop.dsv'
[15.477s] INFO:colcon.colcon_core.shell:Creating environment hook '/home/daniel/code/2025-phd-daniel-guerrero/robot_ws/build/carla_manual_control/src/share/carla_manual_control/hook/pythonpath_develop.sh'
[15.478s] Level 1:colcon.colcon_core.environment:checking '/home/daniel/code/2025-phd-daniel-guerrero/robot_ws/install/carla_manual_control' for CMake module files
[15.478s] Level 1:colcon.colcon_core.environment:checking '/home/daniel/code/2025-phd-daniel-guerrero/robot_ws/install/carla_manual_control' for CMake config files
[15.478s] Level 1:colcon.colcon_core.environment:checking '/home/daniel/code/2025-phd-daniel-guerrero/robot_ws/install/carla_manual_control/lib'
[15.478s] Level 1:colcon.colcon_core.environment:checking '/home/daniel/code/2025-phd-daniel-guerrero/robot_ws/install/carla_manual_control/bin'
[15.478s] Level 1:colcon.colcon_core.environment:checking '/home/daniel/code/2025-phd-daniel-guerrero/robot_ws/install/carla_manual_control/lib/pkgconfig/carla_manual_control.pc'
[15.479s] Level 1:colcon.colcon_core.environment:checking '/home/daniel/code/2025-phd-daniel-guerrero/robot_ws/install/carla_manual_control/lib/python3.10/site-packages'
[15.479s] Level 1:colcon.colcon_core.shell:create_environment_hook('carla_manual_control', 'pythonpath')
[15.479s] INFO:colcon.colcon_core.shell:Creating environment hook '/home/daniel/code/2025-phd-daniel-guerrero/robot_ws/install/carla_manual_control/share/carla_manual_control/hook/pythonpath.ps1'
[15.479s] INFO:colcon.colcon_core.shell:Creating environment descriptor '/home/daniel/code/2025-phd-daniel-guerrero/robot_ws/install/carla_manual_control/share/carla_manual_control/hook/pythonpath.dsv'
[15.479s] INFO:colcon.colcon_core.shell:Creating environment hook '/home/daniel/code/2025-phd-daniel-guerrero/robot_ws/install/carla_manual_control/share/carla_manual_control/hook/pythonpath.sh'
[15.480s] Level 1:colcon.colcon_core.environment:checking '/home/daniel/code/2025-phd-daniel-guerrero/robot_ws/install/carla_manual_control/bin'
[15.480s] Level 1:colcon.colcon_core.environment:create_environment_scripts_only(carla_manual_control)
[15.480s] INFO:colcon.colcon_core.shell:Creating package script '/home/daniel/code/2025-phd-daniel-guerrero/robot_ws/install/carla_manual_control/share/carla_manual_control/package.ps1'
[15.480s] INFO:colcon.colcon_core.shell:Creating package descriptor '/home/daniel/code/2025-phd-daniel-guerrero/robot_ws/install/carla_manual_control/share/carla_manual_control/package.dsv'
[15.480s] INFO:colcon.colcon_core.shell:Creating package script '/home/daniel/code/2025-phd-daniel-guerrero/robot_ws/install/carla_manual_control/share/carla_manual_control/package.sh'
[15.481s] INFO:colcon.colcon_core.shell:Creating package script '/home/daniel/code/2025-phd-daniel-guerrero/robot_ws/install/carla_manual_control/share/carla_manual_control/package.bash'
[15.481s] INFO:colcon.colcon_core.shell:Creating package script '/home/daniel/code/2025-phd-daniel-guerrero/robot_ws/install/carla_manual_control/share/carla_manual_control/package.zsh'
[15.481s] Level 1:colcon.colcon_core.environment:create_file_with_runtime_dependencies(/home/daniel/code/2025-phd-daniel-guerrero/robot_ws/install/carla_manual_control/share/colcon-core/packages/carla_manual_control)
[15.486s] Level 1:colcon.colcon_core.shell:create_environment_hook('carla_spawn_objects', 'pythonpath_develop')
[15.487s] INFO:colcon.colcon_core.shell:Creating environment hook '/home/daniel/code/2025-phd-daniel-guerrero/robot_ws/build/carla_spawn_objects/share/carla_spawn_objects/hook/pythonpath_develop.ps1'
[15.487s] DEBUG:colcon.colcon_core.event_handler.log_command:Invoked command in '/home/daniel/code/2025-phd-daniel-guerrero/robot_ws/build/carla_spawn_objects' returned '0': AMENT_PREFIX_PATH=/home/daniel/code/2025-phd-daniel-guerrero/robot_ws/install/ros_compatibility:/home/daniel/code/2025-phd-daniel-guerrero/robot_ws/install/carla_msgs:${AMENT_PREFIX_PATH} CMAKE_PREFIX_PATH=/home/daniel/code/2025-phd-daniel-guerrero/robot_ws/install/carla_msgs LD_LIBRARY_PATH=/home/daniel/code/2025-phd-daniel-guerrero/robot_ws/install/carla_msgs/lib:${LD_LIBRARY_PATH} PYTHONPATH=/home/daniel/code/2025-phd-daniel-guerrero/robot_ws/build/carla_spawn_objects/prefix_override:/usr/lib/python3/dist-packages/colcon_core/task/python/colcon_distutils_commands:/home/daniel/code/2025-phd-daniel-guerrero/robot_ws/install/carla_spawn_objects/lib/python3.10/site-packages:/home/daniel/code/2025-phd-daniel-guerrero/robot_ws/build/ros_compatibility/src:/home/daniel/code/2025-phd-daniel-guerrero/robot_ws/install/ros_compatibility/lib/python3.10/site-packages:/home/daniel/code/2025-phd-daniel-guerrero/robot_ws/install/carla_msgs/local/lib/python3.10/dist-packages:${PYTHONPATH} /usr/bin/python3 -W ignore:setup.py install is deprecated -W ignore:easy_install command is deprecated setup.py develop --editable --build-directory /home/daniel/code/2025-phd-daniel-guerrero/robot_ws/build/carla_spawn_objects/build --no-deps symlink_data
[15.487s] INFO:colcon.colcon_core.shell:Creating environment descriptor '/home/daniel/code/2025-phd-daniel-guerrero/robot_ws/build/carla_spawn_objects/share/carla_spawn_objects/hook/pythonpath_develop.dsv'
[15.488s] INFO:colcon.colcon_core.shell:Creating environment hook '/home/daniel/code/2025-phd-daniel-guerrero/robot_ws/build/carla_spawn_objects/share/carla_spawn_objects/hook/pythonpath_develop.sh'
[15.488s] Level 1:colcon.colcon_core.environment:checking '/home/daniel/code/2025-phd-daniel-guerrero/robot_ws/install/carla_spawn_objects' for CMake module files
[15.488s] Level 1:colcon.colcon_core.environment:checking '/home/daniel/code/2025-phd-daniel-guerrero/robot_ws/install/carla_spawn_objects' for CMake config files
[15.489s] Level 1:colcon.colcon_core.environment:checking '/home/daniel/code/2025-phd-daniel-guerrero/robot_ws/install/carla_spawn_objects/lib'
[15.489s] Level 1:colcon.colcon_core.environment:checking '/home/daniel/code/2025-phd-daniel-guerrero/robot_ws/install/carla_spawn_objects/bin'
[15.489s] Level 1:colcon.colcon_core.environment:checking '/home/daniel/code/2025-phd-daniel-guerrero/robot_ws/install/carla_spawn_objects/lib/pkgconfig/carla_spawn_objects.pc'
[15.489s] Level 1:colcon.colcon_core.environment:checking '/home/daniel/code/2025-phd-daniel-guerrero/robot_ws/install/carla_spawn_objects/lib/python3.10/site-packages'
[15.489s] Level 1:colcon.colcon_core.shell:create_environment_hook('carla_spawn_objects', 'pythonpath')
[15.489s] INFO:colcon.colcon_core.shell:Creating environment hook '/home/daniel/code/2025-phd-daniel-guerrero/robot_ws/install/carla_spawn_objects/share/carla_spawn_objects/hook/pythonpath.ps1'
[15.490s] INFO:colcon.colcon_core.shell:Creating environment descriptor '/home/daniel/code/2025-phd-daniel-guerrero/robot_ws/install/carla_spawn_objects/share/carla_spawn_objects/hook/pythonpath.dsv'
[15.490s] INFO:colcon.colcon_core.shell:Creating environment hook '/home/daniel/code/2025-phd-daniel-guerrero/robot_ws/install/carla_spawn_objects/share/carla_spawn_objects/hook/pythonpath.sh'
[15.491s] Level 1:colcon.colcon_core.environment:checking '/home/daniel/code/2025-phd-daniel-guerrero/robot_ws/install/carla_spawn_objects/bin'
[15.491s] Level 1:colcon.colcon_core.environment:create_environment_scripts_only(carla_spawn_objects)
[15.491s] INFO:colcon.colcon_core.shell:Creating package script '/home/daniel/code/2025-phd-daniel-guerrero/robot_ws/install/carla_spawn_objects/share/carla_spawn_objects/package.ps1'
[15.492s] INFO:colcon.colcon_core.shell:Creating package descriptor '/home/daniel/code/2025-phd-daniel-guerrero/robot_ws/install/carla_spawn_objects/share/carla_spawn_objects/package.dsv'
[15.492s] INFO:colcon.colcon_core.shell:Creating package script '/home/daniel/code/2025-phd-daniel-guerrero/robot_ws/install/carla_spawn_objects/share/carla_spawn_objects/package.sh'
[15.493s] INFO:colcon.colcon_core.shell:Creating package script '/home/daniel/code/2025-phd-daniel-guerrero/robot_ws/install/carla_spawn_objects/share/carla_spawn_objects/package.bash'
[15.493s] INFO:colcon.colcon_core.shell:Creating package script '/home/daniel/code/2025-phd-daniel-guerrero/robot_ws/install/carla_spawn_objects/share/carla_spawn_objects/package.zsh'
[15.494s] Level 1:colcon.colcon_core.environment:create_file_with_runtime_dependencies(/home/daniel/code/2025-phd-daniel-guerrero/robot_ws/install/carla_spawn_objects/share/colcon-core/packages/carla_spawn_objects)
[15.494s] INFO:colcon.colcon_ros.task.ament_python.build:Building ROS package in '/home/daniel/code/2025-phd-daniel-guerrero/robot_ws/src/carla_ros/carla_ros_bridge' with build type 'ament_python'
[15.495s] Level 1:colcon.colcon_core.shell:create_environment_hook('carla_ros_bridge', 'ament_prefix_path')
[15.495s] INFO:colcon.colcon_core.shell:Creating environment hook '/home/daniel/code/2025-phd-daniel-guerrero/robot_ws/install/carla_ros_bridge/share/carla_ros_bridge/hook/ament_prefix_path.ps1'
[15.497s] INFO:colcon.colcon_core.shell:Creating environment descriptor '/home/daniel/code/2025-phd-daniel-guerrero/robot_ws/install/carla_ros_bridge/share/carla_ros_bridge/hook/ament_prefix_path.dsv'
[15.497s] INFO:colcon.colcon_core.shell:Creating environment hook '/home/daniel/code/2025-phd-daniel-guerrero/robot_ws/install/carla_ros_bridge/share/carla_ros_bridge/hook/ament_prefix_path.sh'
[15.498s] INFO:colcon.colcon_core.shell:Skip shell extension 'powershell' for command environment: Not usable outside of PowerShell
[15.498s] DEBUG:colcon.colcon_core.shell:Skip shell extension 'dsv' for command environment
[15.504s] Level 1:colcon.colcon_core.shell:create_environment_hook('carla_ros_scenario_runner', 'pythonpath_develop')
[15.504s] INFO:colcon.colcon_core.shell:Creating environment hook '/home/daniel/code/2025-phd-daniel-guerrero/robot_ws/build/carla_ros_scenario_runner/src/share/carla_ros_scenario_runner/hook/pythonpath_develop.ps1'
[15.504s] DEBUG:colcon.colcon_core.event_handler.log_command:Invoked command in '/home/daniel/code/2025-phd-daniel-guerrero/robot_ws/build/carla_ros_scenario_runner' returned '0': AMENT_PREFIX_PATH=/home/daniel/code/2025-phd-daniel-guerrero/robot_ws/install/carla_ros_scenario_runner_types:/home/daniel/code/2025-phd-daniel-guerrero/robot_ws/install/carla_msgs:/home/daniel/code/2025-phd-daniel-guerrero/robot_ws/install/carla_common:${AMENT_PREFIX_PATH} CMAKE_PREFIX_PATH=/home/daniel/code/2025-phd-daniel-guerrero/robot_ws/install/carla_ros_scenario_runner_types:/home/daniel/code/2025-phd-daniel-guerrero/robot_ws/install/carla_msgs LD_LIBRARY_PATH=/home/daniel/code/2025-phd-daniel-guerrero/robot_ws/install/carla_ros_scenario_runner_types/lib:/home/daniel/code/2025-phd-daniel-guerrero/robot_ws/install/carla_msgs/lib:${LD_LIBRARY_PATH} PYTHONPATH=/home/daniel/code/2025-phd-daniel-guerrero/robot_ws/build/carla_ros_scenario_runner/prefix_override:/usr/lib/python3/dist-packages/colcon_core/task/python/colcon_distutils_commands:/home/daniel/code/2025-phd-daniel-guerrero/robot_ws/install/carla_ros_scenario_runner/lib/python3.10/site-packages:/home/daniel/code/2025-phd-daniel-guerrero/robot_ws/install/carla_ros_scenario_runner_types/local/lib/python3.10/dist-packages:/home/daniel/code/2025-phd-daniel-guerrero/robot_ws/install/carla_msgs/local/lib/python3.10/dist-packages:/home/daniel/code/2025-phd-daniel-guerrero/robot_ws/build/carla_common/src:/home/daniel/code/2025-phd-daniel-guerrero/robot_ws/install/carla_common/lib/python3.10/site-packages:${PYTHONPATH} /usr/bin/python3 -W ignore:setup.py install is deprecated -W ignore:easy_install command is deprecated setup.py develop --editable --build-directory /home/daniel/code/2025-phd-daniel-guerrero/robot_ws/build/carla_ros_scenario_runner/build --no-deps symlink_data
[15.505s] INFO:colcon.colcon_core.shell:Creating environment descriptor '/home/daniel/code/2025-phd-daniel-guerrero/robot_ws/build/carla_ros_scenario_runner/src/share/carla_ros_scenario_runner/hook/pythonpath_develop.dsv'
[15.505s] INFO:colcon.colcon_core.shell:Creating environment hook '/home/daniel/code/2025-phd-daniel-guerrero/robot_ws/build/carla_ros_scenario_runner/src/share/carla_ros_scenario_runner/hook/pythonpath_develop.sh'
[15.506s] Level 1:colcon.colcon_core.environment:checking '/home/daniel/code/2025-phd-daniel-guerrero/robot_ws/install/carla_ros_scenario_runner' for CMake module files
[15.506s] Level 1:colcon.colcon_core.environment:checking '/home/daniel/code/2025-phd-daniel-guerrero/robot_ws/install/carla_ros_scenario_runner' for CMake config files
[15.507s] Level 1:colcon.colcon_core.environment:checking '/home/daniel/code/2025-phd-daniel-guerrero/robot_ws/install/carla_ros_scenario_runner/lib'
[15.507s] Level 1:colcon.colcon_core.environment:checking '/home/daniel/code/2025-phd-daniel-guerrero/robot_ws/install/carla_ros_scenario_runner/bin'
[15.507s] Level 1:colcon.colcon_core.environment:checking '/home/daniel/code/2025-phd-daniel-guerrero/robot_ws/install/carla_ros_scenario_runner/lib/pkgconfig/carla_ros_scenario_runner.pc'
[15.507s] Level 1:colcon.colcon_core.environment:checking '/home/daniel/code/2025-phd-daniel-guerrero/robot_ws/install/carla_ros_scenario_runner/lib/python3.10/site-packages'
[15.507s] Level 1:colcon.colcon_core.shell:create_environment_hook('carla_ros_scenario_runner', 'pythonpath')
[15.508s] INFO:colcon.colcon_core.shell:Creating environment hook '/home/daniel/code/2025-phd-daniel-guerrero/robot_ws/install/carla_ros_scenario_runner/share/carla_ros_scenario_runner/hook/pythonpath.ps1'
[15.508s] INFO:colcon.colcon_core.shell:Creating environment descriptor '/home/daniel/code/2025-phd-daniel-guerrero/robot_ws/install/carla_ros_scenario_runner/share/carla_ros_scenario_runner/hook/pythonpath.dsv'
[15.508s] INFO:colcon.colcon_core.shell:Creating environment hook '/home/daniel/code/2025-phd-daniel-guerrero/robot_ws/install/carla_ros_scenario_runner/share/carla_ros_scenario_runner/hook/pythonpath.sh'
[15.509s] Level 1:colcon.colcon_core.environment:checking '/home/daniel/code/2025-phd-daniel-guerrero/robot_ws/install/carla_ros_scenario_runner/bin'
[15.509s] Level 1:colcon.colcon_core.environment:create_environment_scripts_only(carla_ros_scenario_runner)
[15.509s] INFO:colcon.colcon_core.shell:Creating package script '/home/daniel/code/2025-phd-daniel-guerrero/robot_ws/install/carla_ros_scenario_runner/share/carla_ros_scenario_runner/package.ps1'
[15.510s] INFO:colcon.colcon_core.shell:Creating package descriptor '/home/daniel/code/2025-phd-daniel-guerrero/robot_ws/install/carla_ros_scenario_runner/share/carla_ros_scenario_runner/package.dsv'
[15.510s] INFO:colcon.colcon_core.shell:Creating package script '/home/daniel/code/2025-phd-daniel-guerrero/robot_ws/install/carla_ros_scenario_runner/share/carla_ros_scenario_runner/package.sh'
[15.511s] INFO:colcon.colcon_core.shell:Creating package script '/home/daniel/code/2025-phd-daniel-guerrero/robot_ws/install/carla_ros_scenario_runner/share/carla_ros_scenario_runner/package.bash'
[15.511s] INFO:colcon.colcon_core.shell:Creating package script '/home/daniel/code/2025-phd-daniel-guerrero/robot_ws/install/carla_ros_scenario_runner/share/carla_ros_scenario_runner/package.zsh'
[15.511s] Level 1:colcon.colcon_core.environment:create_file_with_runtime_dependencies(/home/daniel/code/2025-phd-daniel-guerrero/robot_ws/install/carla_ros_scenario_runner/share/colcon-core/packages/carla_ros_scenario_runner)
[15.806s] INFO:colcon.colcon_core.task.python.build:Building Python package in '/home/daniel/code/2025-phd-daniel-guerrero/robot_ws/src/carla_ros/carla_ros_bridge'
[15.807s] INFO:colcon.colcon_core.shell:Skip shell extension 'powershell' for command environment: Not usable outside of PowerShell
[15.807s] DEBUG:colcon.colcon_core.shell:Skip shell extension 'dsv' for command environment
[15.810s] Level 1:colcon.colcon_core.shell:create_environment_hook('carla_walker_agent', 'pythonpath_develop')
[15.810s] INFO:colcon.colcon_core.shell:Creating environment hook '/home/daniel/code/2025-phd-daniel-guerrero/robot_ws/build/carla_walker_agent/src/share/carla_walker_agent/hook/pythonpath_develop.ps1'
[15.811s] DEBUG:colcon.colcon_core.event_handler.log_command:Invoked command in '/home/daniel/code/2025-phd-daniel-guerrero/robot_ws/build/carla_walker_agent' returned '0': AMENT_PREFIX_PATH=/home/daniel/code/2025-phd-daniel-guerrero/robot_ws/install/carla_msgs:${AMENT_PREFIX_PATH} CMAKE_PREFIX_PATH=/home/daniel/code/2025-phd-daniel-guerrero/robot_ws/install/carla_msgs LD_LIBRARY_PATH=/home/daniel/code/2025-phd-daniel-guerrero/robot_ws/install/carla_msgs/lib:${LD_LIBRARY_PATH} PYTHONPATH=/home/daniel/code/2025-phd-daniel-guerrero/robot_ws/build/carla_walker_agent/prefix_override:/usr/lib/python3/dist-packages/colcon_core/task/python/colcon_distutils_commands:/home/daniel/code/2025-phd-daniel-guerrero/robot_ws/install/carla_walker_agent/lib/python3.10/site-packages:/home/daniel/code/2025-phd-daniel-guerrero/robot_ws/install/carla_msgs/local/lib/python3.10/dist-packages:${PYTHONPATH} /usr/bin/python3 -W ignore:setup.py install is deprecated -W ignore:easy_install command is deprecated setup.py develop --editable --build-directory /home/daniel/code/2025-phd-daniel-guerrero/robot_ws/build/carla_walker_agent/build --no-deps symlink_data
[15.811s] INFO:colcon.colcon_core.shell:Creating environment descriptor '/home/daniel/code/2025-phd-daniel-guerrero/robot_ws/build/carla_walker_agent/src/share/carla_walker_agent/hook/pythonpath_develop.dsv'
[15.811s] INFO:colcon.colcon_core.shell:Creating environment hook '/home/daniel/code/2025-phd-daniel-guerrero/robot_ws/build/carla_walker_agent/src/share/carla_walker_agent/hook/pythonpath_develop.sh'
[15.812s] Level 1:colcon.colcon_core.environment:checking '/home/daniel/code/2025-phd-daniel-guerrero/robot_ws/install/carla_walker_agent' for CMake module files
[15.812s] Level 1:colcon.colcon_core.environment:checking '/home/daniel/code/2025-phd-daniel-guerrero/robot_ws/install/carla_walker_agent' for CMake config files
[15.812s] Level 1:colcon.colcon_core.environment:checking '/home/daniel/code/2025-phd-daniel-guerrero/robot_ws/install/carla_walker_agent/lib'
[15.812s] Level 1:colcon.colcon_core.environment:checking '/home/daniel/code/2025-phd-daniel-guerrero/robot_ws/install/carla_walker_agent/bin'
[15.812s] Level 1:colcon.colcon_core.environment:checking '/home/daniel/code/2025-phd-daniel-guerrero/robot_ws/install/carla_walker_agent/lib/pkgconfig/carla_walker_agent.pc'
[15.812s] Level 1:colcon.colcon_core.environment:checking '/home/daniel/code/2025-phd-daniel-guerrero/robot_ws/install/carla_walker_agent/lib/python3.10/site-packages'
[15.813s] Level 1:colcon.colcon_core.shell:create_environment_hook('carla_walker_agent', 'pythonpath')
[15.813s] INFO:colcon.colcon_core.shell:Creating environment hook '/home/daniel/code/2025-phd-daniel-guerrero/robot_ws/install/carla_walker_agent/share/carla_walker_agent/hook/pythonpath.ps1'
[15.813s] INFO:colcon.colcon_core.shell:Creating environment descriptor '/home/daniel/code/2025-phd-daniel-guerrero/robot_ws/install/carla_walker_agent/share/carla_walker_agent/hook/pythonpath.dsv'
[15.813s] INFO:colcon.colcon_core.shell:Creating environment hook '/home/daniel/code/2025-phd-daniel-guerrero/robot_ws/install/carla_walker_agent/share/carla_walker_agent/hook/pythonpath.sh'
[15.813s] Level 1:colcon.colcon_core.environment:checking '/home/daniel/code/2025-phd-daniel-guerrero/robot_ws/install/carla_walker_agent/bin'
[15.814s] Level 1:colcon.colcon_core.environment:create_environment_scripts_only(carla_walker_agent)
[15.814s] INFO:colcon.colcon_core.shell:Creating package script '/home/daniel/code/2025-phd-daniel-guerrero/robot_ws/install/carla_walker_agent/share/carla_walker_agent/package.ps1'
[15.814s] INFO:colcon.colcon_core.shell:Creating package descriptor '/home/daniel/code/2025-phd-daniel-guerrero/robot_ws/install/carla_walker_agent/share/carla_walker_agent/package.dsv'
[15.814s] INFO:colcon.colcon_core.shell:Creating package script '/home/daniel/code/2025-phd-daniel-guerrero/robot_ws/install/carla_walker_agent/share/carla_walker_agent/package.sh'
[15.815s] INFO:colcon.colcon_core.shell:Creating package script '/home/daniel/code/2025-phd-daniel-guerrero/robot_ws/install/carla_walker_agent/share/carla_walker_agent/package.bash'
[15.815s] INFO:colcon.colcon_core.shell:Creating package script '/home/daniel/code/2025-phd-daniel-guerrero/robot_ws/install/carla_walker_agent/share/carla_walker_agent/package.zsh'
[15.815s] Level 1:colcon.colcon_core.environment:create_file_with_runtime_dependencies(/home/daniel/code/2025-phd-daniel-guerrero/robot_ws/install/carla_walker_agent/share/colcon-core/packages/carla_walker_agent)
[15.815s] Level 1:colcon.colcon_core.shell:create_environment_hook('carla_ad_agent', 'pythonpath_develop')
[15.815s] INFO:colcon.colcon_core.shell:Creating environment hook '/home/daniel/code/2025-phd-daniel-guerrero/robot_ws/build/carla_ad_agent/src/share/carla_ad_agent/hook/pythonpath_develop.ps1'
[15.816s] DEBUG:colcon.colcon_core.event_handler.log_command:Invoked command in '/home/daniel/code/2025-phd-daniel-guerrero/robot_ws/build/carla_ad_agent' returned '0': AMENT_PREFIX_PATH=/home/daniel/code/2025-phd-daniel-guerrero/robot_ws/install/ros_compatibility:/home/daniel/code/2025-phd-daniel-guerrero/robot_ws/install/carla_waypoint_types:/home/daniel/code/2025-phd-daniel-guerrero/robot_ws/install/carla_msgs:${AMENT_PREFIX_PATH} CMAKE_PREFIX_PATH=/home/daniel/code/2025-phd-daniel-guerrero/robot_ws/install/carla_waypoint_types:/home/daniel/code/2025-phd-daniel-guerrero/robot_ws/install/carla_msgs LD_LIBRARY_PATH=/home/daniel/code/2025-phd-daniel-guerrero/robot_ws/install/carla_waypoint_types/lib:/home/daniel/code/2025-phd-daniel-guerrero/robot_ws/install/carla_msgs/lib:${LD_LIBRARY_PATH} PYTHONPATH=/home/daniel/code/2025-phd-daniel-guerrero/robot_ws/build/carla_ad_agent/prefix_override:/usr/lib/python3/dist-packages/colcon_core/task/python/colcon_distutils_commands:/home/daniel/code/2025-phd-daniel-guerrero/robot_ws/install/carla_ad_agent/lib/python3.10/site-packages:/home/daniel/code/2025-phd-daniel-guerrero/robot_ws/build/ros_compatibility/src:/home/daniel/code/2025-phd-daniel-guerrero/robot_ws/install/ros_compatibility/lib/python3.10/site-packages:/home/daniel/code/2025-phd-daniel-guerrero/robot_ws/install/carla_waypoint_types/local/lib/python3.10/dist-packages:/home/daniel/code/2025-phd-daniel-guerrero/robot_ws/install/carla_msgs/local/lib/python3.10/dist-packages:${PYTHONPATH} /usr/bin/python3 -W ignore:setup.py install is deprecated -W ignore:easy_install command is deprecated setup.py develop --editable --build-directory /home/daniel/code/2025-phd-daniel-guerrero/robot_ws/build/carla_ad_agent/build --no-deps symlink_data
[15.816s] INFO:colcon.colcon_core.shell:Creating environment descriptor '/home/daniel/code/2025-phd-daniel-guerrero/robot_ws/build/carla_ad_agent/src/share/carla_ad_agent/hook/pythonpath_develop.dsv'
[15.817s] INFO:colcon.colcon_core.shell:Creating environment hook '/home/daniel/code/2025-phd-daniel-guerrero/robot_ws/build/carla_ad_agent/src/share/carla_ad_agent/hook/pythonpath_develop.sh'
[15.817s] Level 1:colcon.colcon_core.environment:checking '/home/daniel/code/2025-phd-daniel-guerrero/robot_ws/install/carla_ad_agent' for CMake module files
[15.817s] Level 1:colcon.colcon_core.environment:checking '/home/daniel/code/2025-phd-daniel-guerrero/robot_ws/install/carla_ad_agent' for CMake config files
[15.818s] Level 1:colcon.colcon_core.environment:checking '/home/daniel/code/2025-phd-daniel-guerrero/robot_ws/install/carla_ad_agent/lib'
[15.818s] Level 1:colcon.colcon_core.environment:checking '/home/daniel/code/2025-phd-daniel-guerrero/robot_ws/install/carla_ad_agent/bin'
[15.818s] Level 1:colcon.colcon_core.environment:checking '/home/daniel/code/2025-phd-daniel-guerrero/robot_ws/install/carla_ad_agent/lib/pkgconfig/carla_ad_agent.pc'
[15.818s] Level 1:colcon.colcon_core.environment:checking '/home/daniel/code/2025-phd-daniel-guerrero/robot_ws/install/carla_ad_agent/lib/python3.10/site-packages'
[15.818s] Level 1:colcon.colcon_core.shell:create_environment_hook('carla_ad_agent', 'pythonpath')
[15.818s] INFO:colcon.colcon_core.shell:Creating environment hook '/home/daniel/code/2025-phd-daniel-guerrero/robot_ws/install/carla_ad_agent/share/carla_ad_agent/hook/pythonpath.ps1'
[15.818s] INFO:colcon.colcon_core.shell:Creating environment descriptor '/home/daniel/code/2025-phd-daniel-guerrero/robot_ws/install/carla_ad_agent/share/carla_ad_agent/hook/pythonpath.dsv'
[15.818s] INFO:colcon.colcon_core.shell:Creating environment hook '/home/daniel/code/2025-phd-daniel-guerrero/robot_ws/install/carla_ad_agent/share/carla_ad_agent/hook/pythonpath.sh'
[15.819s] Level 1:colcon.colcon_core.environment:checking '/home/daniel/code/2025-phd-daniel-guerrero/robot_ws/install/carla_ad_agent/bin'
[15.819s] Level 1:colcon.colcon_core.environment:create_environment_scripts_only(carla_ad_agent)
[15.819s] INFO:colcon.colcon_core.shell:Creating package script '/home/daniel/code/2025-phd-daniel-guerrero/robot_ws/install/carla_ad_agent/share/carla_ad_agent/package.ps1'
[15.819s] INFO:colcon.colcon_core.shell:Creating package descriptor '/home/daniel/code/2025-phd-daniel-guerrero/robot_ws/install/carla_ad_agent/share/carla_ad_agent/package.dsv'
[15.820s] INFO:colcon.colcon_core.shell:Creating package script '/home/daniel/code/2025-phd-daniel-guerrero/robot_ws/install/carla_ad_agent/share/carla_ad_agent/package.sh'
[15.820s] INFO:colcon.colcon_core.shell:Creating package script '/home/daniel/code/2025-phd-daniel-guerrero/robot_ws/install/carla_ad_agent/share/carla_ad_agent/package.bash'
[15.820s] INFO:colcon.colcon_core.shell:Creating package script '/home/daniel/code/2025-phd-daniel-guerrero/robot_ws/install/carla_ad_agent/share/carla_ad_agent/package.zsh'
[15.820s] Level 1:colcon.colcon_core.environment:create_file_with_runtime_dependencies(/home/daniel/code/2025-phd-daniel-guerrero/robot_ws/install/carla_ad_agent/share/colcon-core/packages/carla_ad_agent)
[16.208s] DEBUG:colcon.colcon_core.event_handler.log_command:Invoking command in '/home/daniel/code/2025-phd-daniel-guerrero/robot_ws/build/carla_ros_bridge': AMENT_PREFIX_PATH=/home/daniel/code/2025-phd-daniel-guerrero/robot_ws/install/carla_spawn_objects:/home/daniel/code/2025-phd-daniel-guerrero/robot_ws/install/carla_manual_control:/home/daniel/code/2025-phd-daniel-guerrero/robot_ws/install/ros_compatibility:/home/daniel/code/2025-phd-daniel-guerrero/robot_ws/install/carla_msgs:/home/daniel/code/2025-phd-daniel-guerrero/robot_ws/install/carla_common:${AMENT_PREFIX_PATH} CMAKE_PREFIX_PATH=/home/daniel/code/2025-phd-daniel-guerrero/robot_ws/install/carla_msgs LD_LIBRARY_PATH=/home/daniel/code/2025-phd-daniel-guerrero/robot_ws/install/carla_msgs/lib:${LD_LIBRARY_PATH} PYTHONPATH=/home/daniel/code/2025-phd-daniel-guerrero/robot_ws/build/carla_ros_bridge/prefix_override:/usr/lib/python3/dist-packages/colcon_core/task/python/colcon_distutils_commands:/home/daniel/code/2025-phd-daniel-guerrero/robot_ws/install/carla_ros_bridge/lib/python3.10/site-packages:/home/daniel/code/2025-phd-daniel-guerrero/robot_ws/build/carla_spawn_objects:/home/daniel/code/2025-phd-daniel-guerrero/robot_ws/install/carla_spawn_objects/lib/python3.10/site-packages:/home/daniel/code/2025-phd-daniel-guerrero/robot_ws/build/carla_manual_control/src:/home/daniel/code/2025-phd-daniel-guerrero/robot_ws/install/carla_manual_control/lib/python3.10/site-packages:/home/daniel/code/2025-phd-daniel-guerrero/robot_ws/build/ros_compatibility/src:/home/daniel/code/2025-phd-daniel-guerrero/robot_ws/install/ros_compatibility/lib/python3.10/site-packages:/home/daniel/code/2025-phd-daniel-guerrero/robot_ws/install/carla_msgs/local/lib/python3.10/dist-packages:/home/daniel/code/2025-phd-daniel-guerrero/robot_ws/build/carla_common/src:/home/daniel/code/2025-phd-daniel-guerrero/robot_ws/install/carla_common/lib/python3.10/site-packages:${PYTHONPATH} /usr/bin/python3 -W ignore:setup.py install is deprecated -W ignore:easy_install command is deprecated setup.py develop --editable --build-directory /home/daniel/code/2025-phd-daniel-guerrero/robot_ws/build/carla_ros_bridge/build --no-deps symlink_data
[16.276s] DEBUG:colcon.colcon_core.event_handler.log_command:Invoked command in '/home/daniel/code/2025-phd-daniel-guerrero/robot_ws/build/rviz_carla_plugin' returned '0': AMENT_PREFIX_PATH=/home/daniel/code/2025-phd-daniel-guerrero/robot_ws/install/carla_ros_scenario_runner_types:/home/daniel/code/2025-phd-daniel-guerrero/robot_ws/install/carla_msgs:${AMENT_PREFIX_PATH} CMAKE_PREFIX_PATH=/home/daniel/code/2025-phd-daniel-guerrero/robot_ws/install/carla_ros_scenario_runner_types:/home/daniel/code/2025-phd-daniel-guerrero/robot_ws/install/carla_msgs:/opt/ros/humble LD_LIBRARY_PATH=/home/daniel/code/2025-phd-daniel-guerrero/robot_ws/install/carla_ros_scenario_runner_types/lib:/home/daniel/code/2025-phd-daniel-guerrero/robot_ws/install/carla_msgs/lib:${LD_LIBRARY_PATH} PYTHONPATH=/home/daniel/code/2025-phd-daniel-guerrero/robot_ws/install/carla_ros_scenario_runner_types/local/lib/python3.10/dist-packages:/home/daniel/code/2025-phd-daniel-guerrero/robot_ws/install/carla_msgs/local/lib/python3.10/dist-packages:${PYTHONPATH} /opt/cmake-3.28.3-linux-x86_64/bin/cmake /home/daniel/code/2025-phd-daniel-guerrero/robot_ws/src/carla_ros/rviz_carla_plugin -DAMENT_CMAKE_SYMLINK_INSTALL=1 -DCMAKE_INSTALL_PREFIX=/home/daniel/code/2025-phd-daniel-guerrero/robot_ws/install/rviz_carla_plugin
[16.277s] DEBUG:colcon.colcon_core.event_handler.log_command:Invoking command in '/home/daniel/code/2025-phd-daniel-guerrero/robot_ws/build/rviz_carla_plugin': AMENT_PREFIX_PATH=/home/daniel/code/2025-phd-daniel-guerrero/robot_ws/install/carla_ros_scenario_runner_types:/home/daniel/code/2025-phd-daniel-guerrero/robot_ws/install/carla_msgs:${AMENT_PREFIX_PATH} CMAKE_PREFIX_PATH=/home/daniel/code/2025-phd-daniel-guerrero/robot_ws/install/carla_ros_scenario_runner_types:/home/daniel/code/2025-phd-daniel-guerrero/robot_ws/install/carla_msgs:/opt/ros/humble LD_LIBRARY_PATH=/home/daniel/code/2025-phd-daniel-guerrero/robot_ws/install/carla_ros_scenario_runner_types/lib:/home/daniel/code/2025-phd-daniel-guerrero/robot_ws/install/carla_msgs/lib:${LD_LIBRARY_PATH} PYTHONPATH=/home/daniel/code/2025-phd-daniel-guerrero/robot_ws/install/carla_ros_scenario_runner_types/local/lib/python3.10/dist-packages:/home/daniel/code/2025-phd-daniel-guerrero/robot_ws/install/carla_msgs/local/lib/python3.10/dist-packages:${PYTHONPATH} /opt/cmake-3.28.3-linux-x86_64/bin/cmake --build /home/daniel/code/2025-phd-daniel-guerrero/robot_ws/build/rviz_carla_plugin -- -j12 -l12
[16.357s] DEBUG:colcon.colcon_core.event_handler.log_command:Invoked command in '/home/daniel/code/2025-phd-daniel-guerrero/robot_ws/build/carla_ackermann_msgs' returned '0': AMENT_PREFIX_PATH=/home/daniel/code/2025-phd-daniel-guerrero/robot_ws/install/carla_msgs:${AMENT_PREFIX_PATH} CMAKE_PREFIX_PATH=/home/daniel/code/2025-phd-daniel-guerrero/robot_ws/install/carla_msgs:/opt/ros/humble LD_LIBRARY_PATH=/home/daniel/code/2025-phd-daniel-guerrero/robot_ws/install/carla_msgs/lib:${LD_LIBRARY_PATH} PYTHONPATH=/home/daniel/code/2025-phd-daniel-guerrero/robot_ws/install/carla_msgs/local/lib/python3.10/dist-packages:${PYTHONPATH} /opt/cmake-3.28.3-linux-x86_64/bin/cmake /home/daniel/code/2025-phd-daniel-guerrero/robot_ws/src/carla_ros/carla_ackermann_msgs -DAMENT_CMAKE_SYMLINK_INSTALL=1 -DCMAKE_INSTALL_PREFIX=/home/daniel/code/2025-phd-daniel-guerrero/robot_ws/install/carla_ackermann_msgs
[16.359s] DEBUG:colcon.colcon_core.event_handler.log_command:Invoking command in '/home/daniel/code/2025-phd-daniel-guerrero/robot_ws/build/carla_ackermann_msgs': AMENT_PREFIX_PATH=/home/daniel/code/2025-phd-daniel-guerrero/robot_ws/install/carla_msgs:${AMENT_PREFIX_PATH} CMAKE_PREFIX_PATH=/home/daniel/code/2025-phd-daniel-guerrero/robot_ws/install/carla_msgs:/opt/ros/humble LD_LIBRARY_PATH=/home/daniel/code/2025-phd-daniel-guerrero/robot_ws/install/carla_msgs/lib:${LD_LIBRARY_PATH} PYTHONPATH=/home/daniel/code/2025-phd-daniel-guerrero/robot_ws/install/carla_msgs/local/lib/python3.10/dist-packages:${PYTHONPATH} /opt/cmake-3.28.3-linux-x86_64/bin/cmake --build /home/daniel/code/2025-phd-daniel-guerrero/robot_ws/build/carla_ackermann_msgs -- -j12 -l12
[16.781s] Level 1:colcon.colcon_core.shell:create_environment_hook('carla_ros_bridge', 'pythonpath_develop')
[16.782s] INFO:colcon.colcon_core.shell:Creating environment hook '/home/daniel/code/2025-phd-daniel-guerrero/robot_ws/build/carla_ros_bridge/src/share/carla_ros_bridge/hook/pythonpath_develop.ps1'
[16.782s] DEBUG:colcon.colcon_core.event_handler.log_command:Invoked command in '/home/daniel/code/2025-phd-daniel-guerrero/robot_ws/build/carla_ros_bridge' returned '0': AMENT_PREFIX_PATH=/home/daniel/code/2025-phd-daniel-guerrero/robot_ws/install/carla_spawn_objects:/home/daniel/code/2025-phd-daniel-guerrero/robot_ws/install/carla_manual_control:/home/daniel/code/2025-phd-daniel-guerrero/robot_ws/install/ros_compatibility:/home/daniel/code/2025-phd-daniel-guerrero/robot_ws/install/carla_msgs:/home/daniel/code/2025-phd-daniel-guerrero/robot_ws/install/carla_common:${AMENT_PREFIX_PATH} CMAKE_PREFIX_PATH=/home/daniel/code/2025-phd-daniel-guerrero/robot_ws/install/carla_msgs LD_LIBRARY_PATH=/home/daniel/code/2025-phd-daniel-guerrero/robot_ws/install/carla_msgs/lib:${LD_LIBRARY_PATH} PYTHONPATH=/home/daniel/code/2025-phd-daniel-guerrero/robot_ws/build/carla_ros_bridge/prefix_override:/usr/lib/python3/dist-packages/colcon_core/task/python/colcon_distutils_commands:/home/daniel/code/2025-phd-daniel-guerrero/robot_ws/install/carla_ros_bridge/lib/python3.10/site-packages:/home/daniel/code/2025-phd-daniel-guerrero/robot_ws/build/carla_spawn_objects:/home/daniel/code/2025-phd-daniel-guerrero/robot_ws/install/carla_spawn_objects/lib/python3.10/site-packages:/home/daniel/code/2025-phd-daniel-guerrero/robot_ws/build/carla_manual_control/src:/home/daniel/code/2025-phd-daniel-guerrero/robot_ws/install/carla_manual_control/lib/python3.10/site-packages:/home/daniel/code/2025-phd-daniel-guerrero/robot_ws/build/ros_compatibility/src:/home/daniel/code/2025-phd-daniel-guerrero/robot_ws/install/ros_compatibility/lib/python3.10/site-packages:/home/daniel/code/2025-phd-daniel-guerrero/robot_ws/install/carla_msgs/local/lib/python3.10/dist-packages:/home/daniel/code/2025-phd-daniel-guerrero/robot_ws/build/carla_common/src:/home/daniel/code/2025-phd-daniel-guerrero/robot_ws/install/carla_common/lib/python3.10/site-packages:${PYTHONPATH} /usr/bin/python3 -W ignore:setup.py install is deprecated -W ignore:easy_install command is deprecated setup.py develop --editable --build-directory /home/daniel/code/2025-phd-daniel-guerrero/robot_ws/build/carla_ros_bridge/build --no-deps symlink_data
[16.783s] INFO:colcon.colcon_core.shell:Creating environment descriptor '/home/daniel/code/2025-phd-daniel-guerrero/robot_ws/build/carla_ros_bridge/src/share/carla_ros_bridge/hook/pythonpath_develop.dsv'
[16.783s] INFO:colcon.colcon_core.shell:Creating environment hook '/home/daniel/code/2025-phd-daniel-guerrero/robot_ws/build/carla_ros_bridge/src/share/carla_ros_bridge/hook/pythonpath_develop.sh'
[16.783s] Level 1:colcon.colcon_core.environment:checking '/home/daniel/code/2025-phd-daniel-guerrero/robot_ws/install/carla_ros_bridge' for CMake module files
[16.784s] Level 1:colcon.colcon_core.environment:checking '/home/daniel/code/2025-phd-daniel-guerrero/robot_ws/install/carla_ros_bridge' for CMake config files
[16.784s] Level 1:colcon.colcon_core.environment:checking '/home/daniel/code/2025-phd-daniel-guerrero/robot_ws/install/carla_ros_bridge/lib'
[16.784s] Level 1:colcon.colcon_core.environment:checking '/home/daniel/code/2025-phd-daniel-guerrero/robot_ws/install/carla_ros_bridge/bin'
[16.784s] Level 1:colcon.colcon_core.environment:checking '/home/daniel/code/2025-phd-daniel-guerrero/robot_ws/install/carla_ros_bridge/lib/pkgconfig/carla_ros_bridge.pc'
[16.784s] Level 1:colcon.colcon_core.environment:checking '/home/daniel/code/2025-phd-daniel-guerrero/robot_ws/install/carla_ros_bridge/lib/python3.10/site-packages'
[16.784s] Level 1:colcon.colcon_core.shell:create_environment_hook('carla_ros_bridge', 'pythonpath')
[16.784s] INFO:colcon.colcon_core.shell:Creating environment hook '/home/daniel/code/2025-phd-daniel-guerrero/robot_ws/install/carla_ros_bridge/share/carla_ros_bridge/hook/pythonpath.ps1'
[16.785s] INFO:colcon.colcon_core.shell:Creating environment descriptor '/home/daniel/code/2025-phd-daniel-guerrero/robot_ws/install/carla_ros_bridge/share/carla_ros_bridge/hook/pythonpath.dsv'
[16.785s] INFO:colcon.colcon_core.shell:Creating environment hook '/home/daniel/code/2025-phd-daniel-guerrero/robot_ws/install/carla_ros_bridge/share/carla_ros_bridge/hook/pythonpath.sh'
[16.785s] Level 1:colcon.colcon_core.environment:checking '/home/daniel/code/2025-phd-daniel-guerrero/robot_ws/install/carla_ros_bridge/bin'
[16.785s] Level 1:colcon.colcon_core.environment:create_environment_scripts_only(carla_ros_bridge)
[16.786s] INFO:colcon.colcon_core.shell:Creating package script '/home/daniel/code/2025-phd-daniel-guerrero/robot_ws/install/carla_ros_bridge/share/carla_ros_bridge/package.ps1'
[16.786s] INFO:colcon.colcon_core.shell:Creating package descriptor '/home/daniel/code/2025-phd-daniel-guerrero/robot_ws/install/carla_ros_bridge/share/carla_ros_bridge/package.dsv'
[16.786s] INFO:colcon.colcon_core.shell:Creating package script '/home/daniel/code/2025-phd-daniel-guerrero/robot_ws/install/carla_ros_bridge/share/carla_ros_bridge/package.sh'
[16.786s] INFO:colcon.colcon_core.shell:Creating package script '/home/daniel/code/2025-phd-daniel-guerrero/robot_ws/install/carla_ros_bridge/share/carla_ros_bridge/package.bash'
[16.787s] INFO:colcon.colcon_core.shell:Creating package script '/home/daniel/code/2025-phd-daniel-guerrero/robot_ws/install/carla_ros_bridge/share/carla_ros_bridge/package.zsh'
[16.787s] Level 1:colcon.colcon_core.environment:create_file_with_runtime_dependencies(/home/daniel/code/2025-phd-daniel-guerrero/robot_ws/install/carla_ros_bridge/share/colcon-core/packages/carla_ros_bridge)
[16.787s] INFO:colcon.colcon_ros.task.ament_cmake.build:Building ROS package in '/home/daniel/code/2025-phd-daniel-guerrero/robot_ws/src/carla_ros/pcl_recorder' with build type 'ament_cmake'
[16.787s] INFO:colcon.colcon_cmake.task.cmake.build:Building CMake package in '/home/daniel/code/2025-phd-daniel-guerrero/robot_ws/src/carla_ros/pcl_recorder'
[16.788s] INFO:colcon.colcon_core.shell:Skip shell extension 'powershell' for command environment: Not usable outside of PowerShell
[16.788s] DEBUG:colcon.colcon_core.shell:Skip shell extension 'dsv' for command environment
[16.803s] DEBUG:colcon.colcon_core.event_handler.log_command:Invoking command in '/home/daniel/code/2025-phd-daniel-guerrero/robot_ws/build/pcl_recorder': AMENT_PREFIX_PATH=/home/daniel/code/2025-phd-daniel-guerrero/robot_ws/install/carla_ros_bridge:/home/daniel/code/2025-phd-daniel-guerrero/robot_ws/install/carla_spawn_objects:/home/daniel/code/2025-phd-daniel-guerrero/robot_ws/install/carla_manual_control:/home/daniel/code/2025-phd-daniel-guerrero/robot_ws/install/ros_compatibility:/home/daniel/code/2025-phd-daniel-guerrero/robot_ws/install/carla_msgs:/home/daniel/code/2025-phd-daniel-guerrero/robot_ws/install/carla_common:${AMENT_PREFIX_PATH} CMAKE_PREFIX_PATH=/home/daniel/code/2025-phd-daniel-guerrero/robot_ws/install/carla_msgs:/opt/ros/humble LD_LIBRARY_PATH=/home/daniel/code/2025-phd-daniel-guerrero/robot_ws/install/carla_msgs/lib:${LD_LIBRARY_PATH} PYTHONPATH=/home/daniel/code/2025-phd-daniel-guerrero/robot_ws/build/carla_ros_bridge/src:/home/daniel/code/2025-phd-daniel-guerrero/robot_ws/install/carla_ros_bridge/lib/python3.10/site-packages:/home/daniel/code/2025-phd-daniel-guerrero/robot_ws/build/carla_spawn_objects:/home/daniel/code/2025-phd-daniel-guerrero/robot_ws/install/carla_spawn_objects/lib/python3.10/site-packages:/home/daniel/code/2025-phd-daniel-guerrero/robot_ws/build/carla_manual_control/src:/home/daniel/code/2025-phd-daniel-guerrero/robot_ws/install/carla_manual_control/lib/python3.10/site-packages:/home/daniel/code/2025-phd-daniel-guerrero/robot_ws/build/ros_compatibility/src:/home/daniel/code/2025-phd-daniel-guerrero/robot_ws/install/ros_compatibility/lib/python3.10/site-packages:/home/daniel/code/2025-phd-daniel-guerrero/robot_ws/install/carla_msgs/local/lib/python3.10/dist-packages:/home/daniel/code/2025-phd-daniel-guerrero/robot_ws/build/carla_common/src:/home/daniel/code/2025-phd-daniel-guerrero/robot_ws/install/carla_common/lib/python3.10/site-packages:${PYTHONPATH} /opt/cmake-3.28.3-linux-x86_64/bin/cmake /home/daniel/code/2025-phd-daniel-guerrero/robot_ws/src/carla_ros/pcl_recorder -DAMENT_CMAKE_SYMLINK_INSTALL=1 -DCMAKE_INSTALL_PREFIX=/home/daniel/code/2025-phd-daniel-guerrero/robot_ws/install/pcl_recorder
[19.625s] DEBUG:colcon.colcon_core.event_handler.log_command:Invoked command in '/home/daniel/code/2025-phd-daniel-guerrero/robot_ws/build/carla_ackermann_msgs' returned '0': AMENT_PREFIX_PATH=/home/daniel/code/2025-phd-daniel-guerrero/robot_ws/install/carla_msgs:${AMENT_PREFIX_PATH} CMAKE_PREFIX_PATH=/home/daniel/code/2025-phd-daniel-guerrero/robot_ws/install/carla_msgs:/opt/ros/humble LD_LIBRARY_PATH=/home/daniel/code/2025-phd-daniel-guerrero/robot_ws/install/carla_msgs/lib:${LD_LIBRARY_PATH} PYTHONPATH=/home/daniel/code/2025-phd-daniel-guerrero/robot_ws/install/carla_msgs/local/lib/python3.10/dist-packages:${PYTHONPATH} /opt/cmake-3.28.3-linux-x86_64/bin/cmake --build /home/daniel/code/2025-phd-daniel-guerrero/robot_ws/build/carla_ackermann_msgs -- -j12 -l12
[19.626s] DEBUG:colcon.colcon_core.event_handler.log_command:Invoking command in '/home/daniel/code/2025-phd-daniel-guerrero/robot_ws/build/carla_ackermann_msgs': AMENT_PREFIX_PATH=/home/daniel/code/2025-phd-daniel-guerrero/robot_ws/install/carla_msgs:${AMENT_PREFIX_PATH} CMAKE_PREFIX_PATH=/home/daniel/code/2025-phd-daniel-guerrero/robot_ws/install/carla_msgs:/opt/ros/humble LD_LIBRARY_PATH=/home/daniel/code/2025-phd-daniel-guerrero/robot_ws/install/carla_msgs/lib:${LD_LIBRARY_PATH} PYTHONPATH=/home/daniel/code/2025-phd-daniel-guerrero/robot_ws/install/carla_msgs/local/lib/python3.10/dist-packages:${PYTHONPATH} /opt/cmake-3.28.3-linux-x86_64/bin/cmake --install /home/daniel/code/2025-phd-daniel-guerrero/robot_ws/build/carla_ackermann_msgs
[19.920s] Level 1:colcon.colcon_core.environment:create_environment_scripts_only(carla_ackermann_msgs)
[19.920s] Level 1:colcon.colcon_core.environment:checking '/home/daniel/code/2025-phd-daniel-guerrero/robot_ws/install/carla_ackermann_msgs' for CMake module files
[19.921s] DEBUG:colcon.colcon_core.event_handler.log_command:Invoked command in '/home/daniel/code/2025-phd-daniel-guerrero/robot_ws/build/carla_ackermann_msgs' returned '0': AMENT_PREFIX_PATH=/home/daniel/code/2025-phd-daniel-guerrero/robot_ws/install/carla_msgs:${AMENT_PREFIX_PATH} CMAKE_PREFIX_PATH=/home/daniel/code/2025-phd-daniel-guerrero/robot_ws/install/carla_msgs:/opt/ros/humble LD_LIBRARY_PATH=/home/daniel/code/2025-phd-daniel-guerrero/robot_ws/install/carla_msgs/lib:${LD_LIBRARY_PATH} PYTHONPATH=/home/daniel/code/2025-phd-daniel-guerrero/robot_ws/install/carla_msgs/local/lib/python3.10/dist-packages:${PYTHONPATH} /opt/cmake-3.28.3-linux-x86_64/bin/cmake --install /home/daniel/code/2025-phd-daniel-guerrero/robot_ws/build/carla_ackermann_msgs
[19.921s] Level 1:colcon.colcon_core.environment:checking '/home/daniel/code/2025-phd-daniel-guerrero/robot_ws/install/carla_ackermann_msgs' for CMake config files
[19.922s] Level 1:colcon.colcon_core.shell:create_environment_hook('carla_ackermann_msgs', 'cmake_prefix_path')
[19.922s] INFO:colcon.colcon_core.shell:Creating environment hook '/home/daniel/code/2025-phd-daniel-guerrero/robot_ws/install/carla_ackermann_msgs/share/carla_ackermann_msgs/hook/cmake_prefix_path.ps1'
[19.923s] INFO:colcon.colcon_core.shell:Creating environment descriptor '/home/daniel/code/2025-phd-daniel-guerrero/robot_ws/install/carla_ackermann_msgs/share/carla_ackermann_msgs/hook/cmake_prefix_path.dsv'
[19.923s] INFO:colcon.colcon_core.shell:Creating environment hook '/home/daniel/code/2025-phd-daniel-guerrero/robot_ws/install/carla_ackermann_msgs/share/carla_ackermann_msgs/hook/cmake_prefix_path.sh'
[19.924s] Level 1:colcon.colcon_core.environment:checking '/home/daniel/code/2025-phd-daniel-guerrero/robot_ws/install/carla_ackermann_msgs/lib'
[19.924s] Level 1:colcon.colcon_core.shell:create_environment_hook('carla_ackermann_msgs', 'ld_library_path_lib')
[19.924s] INFO:colcon.colcon_core.shell:Creating environment hook '/home/daniel/code/2025-phd-daniel-guerrero/robot_ws/install/carla_ackermann_msgs/share/carla_ackermann_msgs/hook/ld_library_path_lib.ps1'
[19.925s] INFO:colcon.colcon_core.shell:Creating environment descriptor '/home/daniel/code/2025-phd-daniel-guerrero/robot_ws/install/carla_ackermann_msgs/share/carla_ackermann_msgs/hook/ld_library_path_lib.dsv'
[19.925s] INFO:colcon.colcon_core.shell:Creating environment hook '/home/daniel/code/2025-phd-daniel-guerrero/robot_ws/install/carla_ackermann_msgs/share/carla_ackermann_msgs/hook/ld_library_path_lib.sh'
[19.926s] Level 1:colcon.colcon_core.environment:checking '/home/daniel/code/2025-phd-daniel-guerrero/robot_ws/install/carla_ackermann_msgs/bin'
[19.926s] Level 1:colcon.colcon_core.environment:checking '/home/daniel/code/2025-phd-daniel-guerrero/robot_ws/install/carla_ackermann_msgs/lib/pkgconfig/carla_ackermann_msgs.pc'
[19.926s] Level 1:colcon.colcon_core.environment:checking '/home/daniel/code/2025-phd-daniel-guerrero/robot_ws/install/carla_ackermann_msgs/lib/python3.10/site-packages'
[19.927s] Level 1:colcon.colcon_core.environment:checking '/home/daniel/code/2025-phd-daniel-guerrero/robot_ws/install/carla_ackermann_msgs/bin'
[19.927s] INFO:colcon.colcon_core.shell:Creating package script '/home/daniel/code/2025-phd-daniel-guerrero/robot_ws/install/carla_ackermann_msgs/share/carla_ackermann_msgs/package.ps1'
[19.928s] INFO:colcon.colcon_core.shell:Creating package descriptor '/home/daniel/code/2025-phd-daniel-guerrero/robot_ws/install/carla_ackermann_msgs/share/carla_ackermann_msgs/package.dsv'
[19.928s] INFO:colcon.colcon_core.shell:Creating package script '/home/daniel/code/2025-phd-daniel-guerrero/robot_ws/install/carla_ackermann_msgs/share/carla_ackermann_msgs/package.sh'
[19.929s] INFO:colcon.colcon_core.shell:Creating package script '/home/daniel/code/2025-phd-daniel-guerrero/robot_ws/install/carla_ackermann_msgs/share/carla_ackermann_msgs/package.bash'
[19.929s] INFO:colcon.colcon_core.shell:Creating package script '/home/daniel/code/2025-phd-daniel-guerrero/robot_ws/install/carla_ackermann_msgs/share/carla_ackermann_msgs/package.zsh'
[19.930s] Level 1:colcon.colcon_core.environment:create_file_with_runtime_dependencies(/home/daniel/code/2025-phd-daniel-guerrero/robot_ws/install/carla_ackermann_msgs/share/colcon-core/packages/carla_ackermann_msgs)
[19.930s] Level 1:colcon.colcon_core.environment:create_environment_scripts_only(carla_ackermann_msgs)
[19.931s] Level 1:colcon.colcon_core.environment:checking '/home/daniel/code/2025-phd-daniel-guerrero/robot_ws/install/carla_ackermann_msgs' for CMake module files
[19.932s] Level 1:colcon.colcon_core.environment:checking '/home/daniel/code/2025-phd-daniel-guerrero/robot_ws/install/carla_ackermann_msgs' for CMake config files
[19.932s] Level 1:colcon.colcon_core.shell:create_environment_hook('carla_ackermann_msgs', 'cmake_prefix_path')
[19.933s] INFO:colcon.colcon_core.shell:Creating environment hook '/home/daniel/code/2025-phd-daniel-guerrero/robot_ws/install/carla_ackermann_msgs/share/carla_ackermann_msgs/hook/cmake_prefix_path.ps1'
[19.933s] INFO:colcon.colcon_core.shell:Creating environment descriptor '/home/daniel/code/2025-phd-daniel-guerrero/robot_ws/install/carla_ackermann_msgs/share/carla_ackermann_msgs/hook/cmake_prefix_path.dsv'
[19.934s] INFO:colcon.colcon_core.shell:Creating environment hook '/home/daniel/code/2025-phd-daniel-guerrero/robot_ws/install/carla_ackermann_msgs/share/carla_ackermann_msgs/hook/cmake_prefix_path.sh'
[19.934s] Level 1:colcon.colcon_core.environment:checking '/home/daniel/code/2025-phd-daniel-guerrero/robot_ws/install/carla_ackermann_msgs/lib'
[19.934s] Level 1:colcon.colcon_core.shell:create_environment_hook('carla_ackermann_msgs', 'ld_library_path_lib')
[19.935s] INFO:colcon.colcon_core.shell:Creating environment hook '/home/daniel/code/2025-phd-daniel-guerrero/robot_ws/install/carla_ackermann_msgs/share/carla_ackermann_msgs/hook/ld_library_path_lib.ps1'
[19.935s] INFO:colcon.colcon_core.shell:Creating environment descriptor '/home/daniel/code/2025-phd-daniel-guerrero/robot_ws/install/carla_ackermann_msgs/share/carla_ackermann_msgs/hook/ld_library_path_lib.dsv'
[19.936s] INFO:colcon.colcon_core.shell:Creating environment hook '/home/daniel/code/2025-phd-daniel-guerrero/robot_ws/install/carla_ackermann_msgs/share/carla_ackermann_msgs/hook/ld_library_path_lib.sh'
[19.936s] Level 1:colcon.colcon_core.environment:checking '/home/daniel/code/2025-phd-daniel-guerrero/robot_ws/install/carla_ackermann_msgs/bin'
[19.936s] Level 1:colcon.colcon_core.environment:checking '/home/daniel/code/2025-phd-daniel-guerrero/robot_ws/install/carla_ackermann_msgs/lib/pkgconfig/carla_ackermann_msgs.pc'
[19.936s] Level 1:colcon.colcon_core.environment:checking '/home/daniel/code/2025-phd-daniel-guerrero/robot_ws/install/carla_ackermann_msgs/lib/python3.10/site-packages'
[19.937s] Level 1:colcon.colcon_core.environment:checking '/home/daniel/code/2025-phd-daniel-guerrero/robot_ws/install/carla_ackermann_msgs/bin'
[19.937s] INFO:colcon.colcon_core.shell:Creating package script '/home/daniel/code/2025-phd-daniel-guerrero/robot_ws/install/carla_ackermann_msgs/share/carla_ackermann_msgs/package.ps1'
[19.938s] INFO:colcon.colcon_core.shell:Creating package descriptor '/home/daniel/code/2025-phd-daniel-guerrero/robot_ws/install/carla_ackermann_msgs/share/carla_ackermann_msgs/package.dsv'
[19.939s] INFO:colcon.colcon_core.shell:Creating package script '/home/daniel/code/2025-phd-daniel-guerrero/robot_ws/install/carla_ackermann_msgs/share/carla_ackermann_msgs/package.sh'
[19.939s] INFO:colcon.colcon_core.shell:Creating package script '/home/daniel/code/2025-phd-daniel-guerrero/robot_ws/install/carla_ackermann_msgs/share/carla_ackermann_msgs/package.bash'
[19.940s] INFO:colcon.colcon_core.shell:Creating package script '/home/daniel/code/2025-phd-daniel-guerrero/robot_ws/install/carla_ackermann_msgs/share/carla_ackermann_msgs/package.zsh'
[19.940s] Level 1:colcon.colcon_core.environment:create_file_with_runtime_dependencies(/home/daniel/code/2025-phd-daniel-guerrero/robot_ws/install/carla_ackermann_msgs/share/colcon-core/packages/carla_ackermann_msgs)
[19.941s] INFO:colcon.colcon_ros.task.ament_python.build:Building ROS package in '/home/daniel/code/2025-phd-daniel-guerrero/robot_ws/src/carla_ros/carla_ackermann_control' with build type 'ament_python'
[19.941s] Level 1:colcon.colcon_core.shell:create_environment_hook('carla_ackermann_control', 'ament_prefix_path')
[19.941s] INFO:colcon.colcon_core.shell:Creating environment hook '/home/daniel/code/2025-phd-daniel-guerrero/robot_ws/install/carla_ackermann_control/share/carla_ackermann_control/hook/ament_prefix_path.ps1'
[19.942s] INFO:colcon.colcon_core.shell:Creating environment descriptor '/home/daniel/code/2025-phd-daniel-guerrero/robot_ws/install/carla_ackermann_control/share/carla_ackermann_control/hook/ament_prefix_path.dsv'
[19.943s] INFO:colcon.colcon_core.shell:Creating environment hook '/home/daniel/code/2025-phd-daniel-guerrero/robot_ws/install/carla_ackermann_control/share/carla_ackermann_control/hook/ament_prefix_path.sh'
[19.943s] INFO:colcon.colcon_core.shell:Skip shell extension 'powershell' for command environment: Not usable outside of PowerShell
[19.943s] DEBUG:colcon.colcon_core.shell:Skip shell extension 'dsv' for command environment
[20.255s] INFO:colcon.colcon_core.task.python.build:Building Python package in '/home/daniel/code/2025-phd-daniel-guerrero/robot_ws/src/carla_ros/carla_ackermann_control'
[20.255s] INFO:colcon.colcon_core.shell:Skip shell extension 'powershell' for command environment: Not usable outside of PowerShell
[20.255s] DEBUG:colcon.colcon_core.shell:Skip shell extension 'dsv' for command environment
[20.656s] DEBUG:colcon.colcon_core.event_handler.log_command:Invoking command in '/home/daniel/code/2025-phd-daniel-guerrero/robot_ws/build/carla_ackermann_control': AMENT_PREFIX_PATH=/home/daniel/code/2025-phd-daniel-guerrero/robot_ws/install/carla_ros_bridge:/home/daniel/code/2025-phd-daniel-guerrero/robot_ws/install/carla_spawn_objects:/home/daniel/code/2025-phd-daniel-guerrero/robot_ws/install/carla_manual_control:/home/daniel/code/2025-phd-daniel-guerrero/robot_ws/install/carla_ackermann_msgs:/home/daniel/code/2025-phd-daniel-guerrero/robot_ws/install/ros_compatibility:/home/daniel/code/2025-phd-daniel-guerrero/robot_ws/install/carla_msgs:/home/daniel/code/2025-phd-daniel-guerrero/robot_ws/install/carla_common:${AMENT_PREFIX_PATH} CMAKE_PREFIX_PATH=/home/daniel/code/2025-phd-daniel-guerrero/robot_ws/install/carla_ackermann_msgs:/home/daniel/code/2025-phd-daniel-guerrero/robot_ws/install/carla_msgs LD_LIBRARY_PATH=/home/daniel/code/2025-phd-daniel-guerrero/robot_ws/install/carla_ackermann_msgs/lib:/home/daniel/code/2025-phd-daniel-guerrero/robot_ws/install/carla_msgs/lib:${LD_LIBRARY_PATH} PYTHONPATH=/home/daniel/code/2025-phd-daniel-guerrero/robot_ws/build/carla_ackermann_control/prefix_override:/usr/lib/python3/dist-packages/colcon_core/task/python/colcon_distutils_commands:/home/daniel/code/2025-phd-daniel-guerrero/robot_ws/install/carla_ackermann_control/lib/python3.10/site-packages:/home/daniel/code/2025-phd-daniel-guerrero/robot_ws/build/carla_ros_bridge/src:/home/daniel/code/2025-phd-daniel-guerrero/robot_ws/install/carla_ros_bridge/lib/python3.10/site-packages:/home/daniel/code/2025-phd-daniel-guerrero/robot_ws/build/carla_spawn_objects:/home/daniel/code/2025-phd-daniel-guerrero/robot_ws/install/carla_spawn_objects/lib/python3.10/site-packages:/home/daniel/code/2025-phd-daniel-guerrero/robot_ws/build/carla_manual_control/src:/home/daniel/code/2025-phd-daniel-guerrero/robot_ws/install/carla_manual_control/lib/python3.10/site-packages:/home/daniel/code/2025-phd-daniel-guerrero/robot_ws/install/carla_ackermann_msgs/local/lib/python3.10/dist-packages:/home/daniel/code/2025-phd-daniel-guerrero/robot_ws/build/ros_compatibility/src:/home/daniel/code/2025-phd-daniel-guerrero/robot_ws/install/ros_compatibility/lib/python3.10/site-packages:/home/daniel/code/2025-phd-daniel-guerrero/robot_ws/install/carla_msgs/local/lib/python3.10/dist-packages:/home/daniel/code/2025-phd-daniel-guerrero/robot_ws/build/carla_common/src:/home/daniel/code/2025-phd-daniel-guerrero/robot_ws/install/carla_common/lib/python3.10/site-packages:${PYTHONPATH} /usr/bin/python3 -W ignore:setup.py install is deprecated -W ignore:easy_install command is deprecated setup.py develop --editable --build-directory /home/daniel/code/2025-phd-daniel-guerrero/robot_ws/build/carla_ackermann_control/build --no-deps symlink_data
[20.894s] DEBUG:colcon.colcon_core.event_handler.log_command:Invoked command in '/home/daniel/code/2025-phd-daniel-guerrero/robot_ws/build/pcl_recorder' returned '0': AMENT_PREFIX_PATH=/home/daniel/code/2025-phd-daniel-guerrero/robot_ws/install/carla_ros_bridge:/home/daniel/code/2025-phd-daniel-guerrero/robot_ws/install/carla_spawn_objects:/home/daniel/code/2025-phd-daniel-guerrero/robot_ws/install/carla_manual_control:/home/daniel/code/2025-phd-daniel-guerrero/robot_ws/install/ros_compatibility:/home/daniel/code/2025-phd-daniel-guerrero/robot_ws/install/carla_msgs:/home/daniel/code/2025-phd-daniel-guerrero/robot_ws/install/carla_common:${AMENT_PREFIX_PATH} CMAKE_PREFIX_PATH=/home/daniel/code/2025-phd-daniel-guerrero/robot_ws/install/carla_msgs:/opt/ros/humble LD_LIBRARY_PATH=/home/daniel/code/2025-phd-daniel-guerrero/robot_ws/install/carla_msgs/lib:${LD_LIBRARY_PATH} PYTHONPATH=/home/daniel/code/2025-phd-daniel-guerrero/robot_ws/build/carla_ros_bridge/src:/home/daniel/code/2025-phd-daniel-guerrero/robot_ws/install/carla_ros_bridge/lib/python3.10/site-packages:/home/daniel/code/2025-phd-daniel-guerrero/robot_ws/build/carla_spawn_objects:/home/daniel/code/2025-phd-daniel-guerrero/robot_ws/install/carla_spawn_objects/lib/python3.10/site-packages:/home/daniel/code/2025-phd-daniel-guerrero/robot_ws/build/carla_manual_control/src:/home/daniel/code/2025-phd-daniel-guerrero/robot_ws/install/carla_manual_control/lib/python3.10/site-packages:/home/daniel/code/2025-phd-daniel-guerrero/robot_ws/build/ros_compatibility/src:/home/daniel/code/2025-phd-daniel-guerrero/robot_ws/install/ros_compatibility/lib/python3.10/site-packages:/home/daniel/code/2025-phd-daniel-guerrero/robot_ws/install/carla_msgs/local/lib/python3.10/dist-packages:/home/daniel/code/2025-phd-daniel-guerrero/robot_ws/build/carla_common/src:/home/daniel/code/2025-phd-daniel-guerrero/robot_ws/install/carla_common/lib/python3.10/site-packages:${PYTHONPATH} /opt/cmake-3.28.3-linux-x86_64/bin/cmake /home/daniel/code/2025-phd-daniel-guerrero/robot_ws/src/carla_ros/pcl_recorder -DAMENT_CMAKE_SYMLINK_INSTALL=1 -DCMAKE_INSTALL_PREFIX=/home/daniel/code/2025-phd-daniel-guerrero/robot_ws/install/pcl_recorder
[20.896s] DEBUG:colcon.colcon_core.event_handler.log_command:Invoking command in '/home/daniel/code/2025-phd-daniel-guerrero/robot_ws/build/pcl_recorder': AMENT_PREFIX_PATH=/home/daniel/code/2025-phd-daniel-guerrero/robot_ws/install/carla_ros_bridge:/home/daniel/code/2025-phd-daniel-guerrero/robot_ws/install/carla_spawn_objects:/home/daniel/code/2025-phd-daniel-guerrero/robot_ws/install/carla_manual_control:/home/daniel/code/2025-phd-daniel-guerrero/robot_ws/install/ros_compatibility:/home/daniel/code/2025-phd-daniel-guerrero/robot_ws/install/carla_msgs:/home/daniel/code/2025-phd-daniel-guerrero/robot_ws/install/carla_common:${AMENT_PREFIX_PATH} CMAKE_PREFIX_PATH=/home/daniel/code/2025-phd-daniel-guerrero/robot_ws/install/carla_msgs:/opt/ros/humble LD_LIBRARY_PATH=/home/daniel/code/2025-phd-daniel-guerrero/robot_ws/install/carla_msgs/lib:${LD_LIBRARY_PATH} PYTHONPATH=/home/daniel/code/2025-phd-daniel-guerrero/robot_ws/build/carla_ros_bridge/src:/home/daniel/code/2025-phd-daniel-guerrero/robot_ws/install/carla_ros_bridge/lib/python3.10/site-packages:/home/daniel/code/2025-phd-daniel-guerrero/robot_ws/build/carla_spawn_objects:/home/daniel/code/2025-phd-daniel-guerrero/robot_ws/install/carla_spawn_objects/lib/python3.10/site-packages:/home/daniel/code/2025-phd-daniel-guerrero/robot_ws/build/carla_manual_control/src:/home/daniel/code/2025-phd-daniel-guerrero/robot_ws/install/carla_manual_control/lib/python3.10/site-packages:/home/daniel/code/2025-phd-daniel-guerrero/robot_ws/build/ros_compatibility/src:/home/daniel/code/2025-phd-daniel-guerrero/robot_ws/install/ros_compatibility/lib/python3.10/site-packages:/home/daniel/code/2025-phd-daniel-guerrero/robot_ws/install/carla_msgs/local/lib/python3.10/dist-packages:/home/daniel/code/2025-phd-daniel-guerrero/robot_ws/build/carla_common/src:/home/daniel/code/2025-phd-daniel-guerrero/robot_ws/install/carla_common/lib/python3.10/site-packages:${PYTHONPATH} /opt/cmake-3.28.3-linux-x86_64/bin/cmake --build /home/daniel/code/2025-phd-daniel-guerrero/robot_ws/build/pcl_recorder -- -j12 -l12
[21.179s] Level 1:colcon.colcon_core.shell:create_environment_hook('carla_ackermann_control', 'pythonpath_develop')
[21.179s] INFO:colcon.colcon_core.shell:Creating environment hook '/home/daniel/code/2025-phd-daniel-guerrero/robot_ws/build/carla_ackermann_control/src/share/carla_ackermann_control/hook/pythonpath_develop.ps1'
[21.179s] DEBUG:colcon.colcon_core.event_handler.log_command:Invoked command in '/home/daniel/code/2025-phd-daniel-guerrero/robot_ws/build/carla_ackermann_control' returned '0': AMENT_PREFIX_PATH=/home/daniel/code/2025-phd-daniel-guerrero/robot_ws/install/carla_ros_bridge:/home/daniel/code/2025-phd-daniel-guerrero/robot_ws/install/carla_spawn_objects:/home/daniel/code/2025-phd-daniel-guerrero/robot_ws/install/carla_manual_control:/home/daniel/code/2025-phd-daniel-guerrero/robot_ws/install/carla_ackermann_msgs:/home/daniel/code/2025-phd-daniel-guerrero/robot_ws/install/ros_compatibility:/home/daniel/code/2025-phd-daniel-guerrero/robot_ws/install/carla_msgs:/home/daniel/code/2025-phd-daniel-guerrero/robot_ws/install/carla_common:${AMENT_PREFIX_PATH} CMAKE_PREFIX_PATH=/home/daniel/code/2025-phd-daniel-guerrero/robot_ws/install/carla_ackermann_msgs:/home/daniel/code/2025-phd-daniel-guerrero/robot_ws/install/carla_msgs LD_LIBRARY_PATH=/home/daniel/code/2025-phd-daniel-guerrero/robot_ws/install/carla_ackermann_msgs/lib:/home/daniel/code/2025-phd-daniel-guerrero/robot_ws/install/carla_msgs/lib:${LD_LIBRARY_PATH} PYTHONPATH=/home/daniel/code/2025-phd-daniel-guerrero/robot_ws/build/carla_ackermann_control/prefix_override:/usr/lib/python3/dist-packages/colcon_core/task/python/colcon_distutils_commands:/home/daniel/code/2025-phd-daniel-guerrero/robot_ws/install/carla_ackermann_control/lib/python3.10/site-packages:/home/daniel/code/2025-phd-daniel-guerrero/robot_ws/build/carla_ros_bridge/src:/home/daniel/code/2025-phd-daniel-guerrero/robot_ws/install/carla_ros_bridge/lib/python3.10/site-packages:/home/daniel/code/2025-phd-daniel-guerrero/robot_ws/build/carla_spawn_objects:/home/daniel/code/2025-phd-daniel-guerrero/robot_ws/install/carla_spawn_objects/lib/python3.10/site-packages:/home/daniel/code/2025-phd-daniel-guerrero/robot_ws/build/carla_manual_control/src:/home/daniel/code/2025-phd-daniel-guerrero/robot_ws/install/carla_manual_control/lib/python3.10/site-packages:/home/daniel/code/2025-phd-daniel-guerrero/robot_ws/install/carla_ackermann_msgs/local/lib/python3.10/dist-packages:/home/daniel/code/2025-phd-daniel-guerrero/robot_ws/build/ros_compatibility/src:/home/daniel/code/2025-phd-daniel-guerrero/robot_ws/install/ros_compatibility/lib/python3.10/site-packages:/home/daniel/code/2025-phd-daniel-guerrero/robot_ws/install/carla_msgs/local/lib/python3.10/dist-packages:/home/daniel/code/2025-phd-daniel-guerrero/robot_ws/build/carla_common/src:/home/daniel/code/2025-phd-daniel-guerrero/robot_ws/install/carla_common/lib/python3.10/site-packages:${PYTHONPATH} /usr/bin/python3 -W ignore:setup.py install is deprecated -W ignore:easy_install command is deprecated setup.py develop --editable --build-directory /home/daniel/code/2025-phd-daniel-guerrero/robot_ws/build/carla_ackermann_control/build --no-deps symlink_data
[21.180s] INFO:colcon.colcon_core.shell:Creating environment descriptor '/home/daniel/code/2025-phd-daniel-guerrero/robot_ws/build/carla_ackermann_control/src/share/carla_ackermann_control/hook/pythonpath_develop.dsv'
[21.180s] INFO:colcon.colcon_core.shell:Creating environment hook '/home/daniel/code/2025-phd-daniel-guerrero/robot_ws/build/carla_ackermann_control/src/share/carla_ackermann_control/hook/pythonpath_develop.sh'
[21.181s] Level 1:colcon.colcon_core.environment:checking '/home/daniel/code/2025-phd-daniel-guerrero/robot_ws/install/carla_ackermann_control' for CMake module files
[21.181s] Level 1:colcon.colcon_core.environment:checking '/home/daniel/code/2025-phd-daniel-guerrero/robot_ws/install/carla_ackermann_control' for CMake config files
[21.181s] Level 1:colcon.colcon_core.environment:checking '/home/daniel/code/2025-phd-daniel-guerrero/robot_ws/install/carla_ackermann_control/lib'
[21.182s] Level 1:colcon.colcon_core.environment:checking '/home/daniel/code/2025-phd-daniel-guerrero/robot_ws/install/carla_ackermann_control/bin'
[21.182s] Level 1:colcon.colcon_core.environment:checking '/home/daniel/code/2025-phd-daniel-guerrero/robot_ws/install/carla_ackermann_control/lib/pkgconfig/carla_ackermann_control.pc'
[21.182s] Level 1:colcon.colcon_core.environment:checking '/home/daniel/code/2025-phd-daniel-guerrero/robot_ws/install/carla_ackermann_control/lib/python3.10/site-packages'
[21.182s] Level 1:colcon.colcon_core.shell:create_environment_hook('carla_ackermann_control', 'pythonpath')
[21.182s] INFO:colcon.colcon_core.shell:Creating environment hook '/home/daniel/code/2025-phd-daniel-guerrero/robot_ws/install/carla_ackermann_control/share/carla_ackermann_control/hook/pythonpath.ps1'
[21.182s] INFO:colcon.colcon_core.shell:Creating environment descriptor '/home/daniel/code/2025-phd-daniel-guerrero/robot_ws/install/carla_ackermann_control/share/carla_ackermann_control/hook/pythonpath.dsv'
[21.183s] INFO:colcon.colcon_core.shell:Creating environment hook '/home/daniel/code/2025-phd-daniel-guerrero/robot_ws/install/carla_ackermann_control/share/carla_ackermann_control/hook/pythonpath.sh'
[21.183s] Level 1:colcon.colcon_core.environment:checking '/home/daniel/code/2025-phd-daniel-guerrero/robot_ws/install/carla_ackermann_control/bin'
[21.183s] Level 1:colcon.colcon_core.environment:create_environment_scripts_only(carla_ackermann_control)
[21.183s] INFO:colcon.colcon_core.shell:Creating package script '/home/daniel/code/2025-phd-daniel-guerrero/robot_ws/install/carla_ackermann_control/share/carla_ackermann_control/package.ps1'
[21.184s] INFO:colcon.colcon_core.shell:Creating package descriptor '/home/daniel/code/2025-phd-daniel-guerrero/robot_ws/install/carla_ackermann_control/share/carla_ackermann_control/package.dsv'
[21.184s] INFO:colcon.colcon_core.shell:Creating package script '/home/daniel/code/2025-phd-daniel-guerrero/robot_ws/install/carla_ackermann_control/share/carla_ackermann_control/package.sh'
[21.185s] INFO:colcon.colcon_core.shell:Creating package script '/home/daniel/code/2025-phd-daniel-guerrero/robot_ws/install/carla_ackermann_control/share/carla_ackermann_control/package.bash'
[21.185s] INFO:colcon.colcon_core.shell:Creating package script '/home/daniel/code/2025-phd-daniel-guerrero/robot_ws/install/carla_ackermann_control/share/carla_ackermann_control/package.zsh'
[21.185s] Level 1:colcon.colcon_core.environment:create_file_with_runtime_dependencies(/home/daniel/code/2025-phd-daniel-guerrero/robot_ws/install/carla_ackermann_control/share/colcon-core/packages/carla_ackermann_control)
[31.823s] DEBUG:colcon.colcon_core.event_handler.log_command:Invoked command in '/home/daniel/code/2025-phd-daniel-guerrero/robot_ws/build/pcl_recorder' returned '0': AMENT_PREFIX_PATH=/home/daniel/code/2025-phd-daniel-guerrero/robot_ws/install/carla_ros_bridge:/home/daniel/code/2025-phd-daniel-guerrero/robot_ws/install/carla_spawn_objects:/home/daniel/code/2025-phd-daniel-guerrero/robot_ws/install/carla_manual_control:/home/daniel/code/2025-phd-daniel-guerrero/robot_ws/install/ros_compatibility:/home/daniel/code/2025-phd-daniel-guerrero/robot_ws/install/carla_msgs:/home/daniel/code/2025-phd-daniel-guerrero/robot_ws/install/carla_common:${AMENT_PREFIX_PATH} CMAKE_PREFIX_PATH=/home/daniel/code/2025-phd-daniel-guerrero/robot_ws/install/carla_msgs:/opt/ros/humble LD_LIBRARY_PATH=/home/daniel/code/2025-phd-daniel-guerrero/robot_ws/install/carla_msgs/lib:${LD_LIBRARY_PATH} PYTHONPATH=/home/daniel/code/2025-phd-daniel-guerrero/robot_ws/build/carla_ros_bridge/src:/home/daniel/code/2025-phd-daniel-guerrero/robot_ws/install/carla_ros_bridge/lib/python3.10/site-packages:/home/daniel/code/2025-phd-daniel-guerrero/robot_ws/build/carla_spawn_objects:/home/daniel/code/2025-phd-daniel-guerrero/robot_ws/install/carla_spawn_objects/lib/python3.10/site-packages:/home/daniel/code/2025-phd-daniel-guerrero/robot_ws/build/carla_manual_control/src:/home/daniel/code/2025-phd-daniel-guerrero/robot_ws/install/carla_manual_control/lib/python3.10/site-packages:/home/daniel/code/2025-phd-daniel-guerrero/robot_ws/build/ros_compatibility/src:/home/daniel/code/2025-phd-daniel-guerrero/robot_ws/install/ros_compatibility/lib/python3.10/site-packages:/home/daniel/code/2025-phd-daniel-guerrero/robot_ws/install/carla_msgs/local/lib/python3.10/dist-packages:/home/daniel/code/2025-phd-daniel-guerrero/robot_ws/build/carla_common/src:/home/daniel/code/2025-phd-daniel-guerrero/robot_ws/install/carla_common/lib/python3.10/site-packages:${PYTHONPATH} /opt/cmake-3.28.3-linux-x86_64/bin/cmake --build /home/daniel/code/2025-phd-daniel-guerrero/robot_ws/build/pcl_recorder -- -j12 -l12
[31.825s] DEBUG:colcon.colcon_core.event_handler.log_command:Invoking command in '/home/daniel/code/2025-phd-daniel-guerrero/robot_ws/build/pcl_recorder': AMENT_PREFIX_PATH=/home/daniel/code/2025-phd-daniel-guerrero/robot_ws/install/carla_ros_bridge:/home/daniel/code/2025-phd-daniel-guerrero/robot_ws/install/carla_spawn_objects:/home/daniel/code/2025-phd-daniel-guerrero/robot_ws/install/carla_manual_control:/home/daniel/code/2025-phd-daniel-guerrero/robot_ws/install/ros_compatibility:/home/daniel/code/2025-phd-daniel-guerrero/robot_ws/install/carla_msgs:/home/daniel/code/2025-phd-daniel-guerrero/robot_ws/install/carla_common:${AMENT_PREFIX_PATH} CMAKE_PREFIX_PATH=/home/daniel/code/2025-phd-daniel-guerrero/robot_ws/install/carla_msgs:/opt/ros/humble LD_LIBRARY_PATH=/home/daniel/code/2025-phd-daniel-guerrero/robot_ws/install/carla_msgs/lib:${LD_LIBRARY_PATH} PYTHONPATH=/home/daniel/code/2025-phd-daniel-guerrero/robot_ws/build/carla_ros_bridge/src:/home/daniel/code/2025-phd-daniel-guerrero/robot_ws/install/carla_ros_bridge/lib/python3.10/site-packages:/home/daniel/code/2025-phd-daniel-guerrero/robot_ws/build/carla_spawn_objects:/home/daniel/code/2025-phd-daniel-guerrero/robot_ws/install/carla_spawn_objects/lib/python3.10/site-packages:/home/daniel/code/2025-phd-daniel-guerrero/robot_ws/build/carla_manual_control/src:/home/daniel/code/2025-phd-daniel-guerrero/robot_ws/install/carla_manual_control/lib/python3.10/site-packages:/home/daniel/code/2025-phd-daniel-guerrero/robot_ws/build/ros_compatibility/src:/home/daniel/code/2025-phd-daniel-guerrero/robot_ws/install/ros_compatibility/lib/python3.10/site-packages:/home/daniel/code/2025-phd-daniel-guerrero/robot_ws/install/carla_msgs/local/lib/python3.10/dist-packages:/home/daniel/code/2025-phd-daniel-guerrero/robot_ws/build/carla_common/src:/home/daniel/code/2025-phd-daniel-guerrero/robot_ws/install/carla_common/lib/python3.10/site-packages:${PYTHONPATH} /opt/cmake-3.28.3-linux-x86_64/bin/cmake --install /home/daniel/code/2025-phd-daniel-guerrero/robot_ws/build/pcl_recorder
[31.863s] Level 1:colcon.colcon_core.environment:create_environment_scripts_only(pcl_recorder)
[31.863s] Level 1:colcon.colcon_core.environment:checking '/home/daniel/code/2025-phd-daniel-guerrero/robot_ws/install/pcl_recorder' for CMake module files
[31.863s] DEBUG:colcon.colcon_core.event_handler.log_command:Invoked command in '/home/daniel/code/2025-phd-daniel-guerrero/robot_ws/build/pcl_recorder' returned '0': AMENT_PREFIX_PATH=/home/daniel/code/2025-phd-daniel-guerrero/robot_ws/install/carla_ros_bridge:/home/daniel/code/2025-phd-daniel-guerrero/robot_ws/install/carla_spawn_objects:/home/daniel/code/2025-phd-daniel-guerrero/robot_ws/install/carla_manual_control:/home/daniel/code/2025-phd-daniel-guerrero/robot_ws/install/ros_compatibility:/home/daniel/code/2025-phd-daniel-guerrero/robot_ws/install/carla_msgs:/home/daniel/code/2025-phd-daniel-guerrero/robot_ws/install/carla_common:${AMENT_PREFIX_PATH} CMAKE_PREFIX_PATH=/home/daniel/code/2025-phd-daniel-guerrero/robot_ws/install/carla_msgs:/opt/ros/humble LD_LIBRARY_PATH=/home/daniel/code/2025-phd-daniel-guerrero/robot_ws/install/carla_msgs/lib:${LD_LIBRARY_PATH} PYTHONPATH=/home/daniel/code/2025-phd-daniel-guerrero/robot_ws/build/carla_ros_bridge/src:/home/daniel/code/2025-phd-daniel-guerrero/robot_ws/install/carla_ros_bridge/lib/python3.10/site-packages:/home/daniel/code/2025-phd-daniel-guerrero/robot_ws/build/carla_spawn_objects:/home/daniel/code/2025-phd-daniel-guerrero/robot_ws/install/carla_spawn_objects/lib/python3.10/site-packages:/home/daniel/code/2025-phd-daniel-guerrero/robot_ws/build/carla_manual_control/src:/home/daniel/code/2025-phd-daniel-guerrero/robot_ws/install/carla_manual_control/lib/python3.10/site-packages:/home/daniel/code/2025-phd-daniel-guerrero/robot_ws/build/ros_compatibility/src:/home/daniel/code/2025-phd-daniel-guerrero/robot_ws/install/ros_compatibility/lib/python3.10/site-packages:/home/daniel/code/2025-phd-daniel-guerrero/robot_ws/install/carla_msgs/local/lib/python3.10/dist-packages:/home/daniel/code/2025-phd-daniel-guerrero/robot_ws/build/carla_common/src:/home/daniel/code/2025-phd-daniel-guerrero/robot_ws/install/carla_common/lib/python3.10/site-packages:${PYTHONPATH} /opt/cmake-3.28.3-linux-x86_64/bin/cmake --install /home/daniel/code/2025-phd-daniel-guerrero/robot_ws/build/pcl_recorder
[31.864s] Level 1:colcon.colcon_core.environment:checking '/home/daniel/code/2025-phd-daniel-guerrero/robot_ws/install/pcl_recorder' for CMake config files
[31.864s] Level 1:colcon.colcon_core.shell:create_environment_hook('pcl_recorder', 'cmake_prefix_path')
[31.864s] INFO:colcon.colcon_core.shell:Creating environment hook '/home/daniel/code/2025-phd-daniel-guerrero/robot_ws/install/pcl_recorder/share/pcl_recorder/hook/cmake_prefix_path.ps1'
[31.864s] INFO:colcon.colcon_core.shell:Creating environment descriptor '/home/daniel/code/2025-phd-daniel-guerrero/robot_ws/install/pcl_recorder/share/pcl_recorder/hook/cmake_prefix_path.dsv'
[31.865s] INFO:colcon.colcon_core.shell:Creating environment hook '/home/daniel/code/2025-phd-daniel-guerrero/robot_ws/install/pcl_recorder/share/pcl_recorder/hook/cmake_prefix_path.sh'
[31.865s] Level 1:colcon.colcon_core.environment:checking '/home/daniel/code/2025-phd-daniel-guerrero/robot_ws/install/pcl_recorder/lib'
[31.865s] Level 1:colcon.colcon_core.environment:checking '/home/daniel/code/2025-phd-daniel-guerrero/robot_ws/install/pcl_recorder/bin'
[31.865s] Level 1:colcon.colcon_core.environment:checking '/home/daniel/code/2025-phd-daniel-guerrero/robot_ws/install/pcl_recorder/lib/pkgconfig/pcl_recorder.pc'
[31.865s] Level 1:colcon.colcon_core.environment:checking '/home/daniel/code/2025-phd-daniel-guerrero/robot_ws/install/pcl_recorder/lib/python3.10/site-packages'
[31.865s] Level 1:colcon.colcon_core.environment:checking '/home/daniel/code/2025-phd-daniel-guerrero/robot_ws/install/pcl_recorder/bin'
[31.866s] INFO:colcon.colcon_core.shell:Creating package script '/home/daniel/code/2025-phd-daniel-guerrero/robot_ws/install/pcl_recorder/share/pcl_recorder/package.ps1'
[31.866s] INFO:colcon.colcon_core.shell:Creating package descriptor '/home/daniel/code/2025-phd-daniel-guerrero/robot_ws/install/pcl_recorder/share/pcl_recorder/package.dsv'
[31.866s] INFO:colcon.colcon_core.shell:Creating package script '/home/daniel/code/2025-phd-daniel-guerrero/robot_ws/install/pcl_recorder/share/pcl_recorder/package.sh'
[31.866s] INFO:colcon.colcon_core.shell:Creating package script '/home/daniel/code/2025-phd-daniel-guerrero/robot_ws/install/pcl_recorder/share/pcl_recorder/package.bash'
[31.867s] INFO:colcon.colcon_core.shell:Creating package script '/home/daniel/code/2025-phd-daniel-guerrero/robot_ws/install/pcl_recorder/share/pcl_recorder/package.zsh'
[31.867s] Level 1:colcon.colcon_core.environment:create_file_with_runtime_dependencies(/home/daniel/code/2025-phd-daniel-guerrero/robot_ws/install/pcl_recorder/share/colcon-core/packages/pcl_recorder)
[31.867s] Level 1:colcon.colcon_core.environment:create_environment_scripts_only(pcl_recorder)
[31.867s] Level 1:colcon.colcon_core.environment:checking '/home/daniel/code/2025-phd-daniel-guerrero/robot_ws/install/pcl_recorder' for CMake module files
[31.868s] Level 1:colcon.colcon_core.environment:checking '/home/daniel/code/2025-phd-daniel-guerrero/robot_ws/install/pcl_recorder' for CMake config files
[31.868s] Level 1:colcon.colcon_core.shell:create_environment_hook('pcl_recorder', 'cmake_prefix_path')
[31.868s] INFO:colcon.colcon_core.shell:Creating environment hook '/home/daniel/code/2025-phd-daniel-guerrero/robot_ws/install/pcl_recorder/share/pcl_recorder/hook/cmake_prefix_path.ps1'
[31.868s] INFO:colcon.colcon_core.shell:Creating environment descriptor '/home/daniel/code/2025-phd-daniel-guerrero/robot_ws/install/pcl_recorder/share/pcl_recorder/hook/cmake_prefix_path.dsv'
[31.869s] INFO:colcon.colcon_core.shell:Creating environment hook '/home/daniel/code/2025-phd-daniel-guerrero/robot_ws/install/pcl_recorder/share/pcl_recorder/hook/cmake_prefix_path.sh'
[31.869s] Level 1:colcon.colcon_core.environment:checking '/home/daniel/code/2025-phd-daniel-guerrero/robot_ws/install/pcl_recorder/lib'
[31.869s] Level 1:colcon.colcon_core.environment:checking '/home/daniel/code/2025-phd-daniel-guerrero/robot_ws/install/pcl_recorder/bin'
[31.869s] Level 1:colcon.colcon_core.environment:checking '/home/daniel/code/2025-phd-daniel-guerrero/robot_ws/install/pcl_recorder/lib/pkgconfig/pcl_recorder.pc'
[31.869s] Level 1:colcon.colcon_core.environment:checking '/home/daniel/code/2025-phd-daniel-guerrero/robot_ws/install/pcl_recorder/lib/python3.10/site-packages'
[31.869s] Level 1:colcon.colcon_core.environment:checking '/home/daniel/code/2025-phd-daniel-guerrero/robot_ws/install/pcl_recorder/bin'
[31.870s] INFO:colcon.colcon_core.shell:Creating package script '/home/daniel/code/2025-phd-daniel-guerrero/robot_ws/install/pcl_recorder/share/pcl_recorder/package.ps1'
[31.870s] INFO:colcon.colcon_core.shell:Creating package descriptor '/home/daniel/code/2025-phd-daniel-guerrero/robot_ws/install/pcl_recorder/share/pcl_recorder/package.dsv'
[31.870s] INFO:colcon.colcon_core.shell:Creating package script '/home/daniel/code/2025-phd-daniel-guerrero/robot_ws/install/pcl_recorder/share/pcl_recorder/package.sh'
[31.870s] INFO:colcon.colcon_core.shell:Creating package script '/home/daniel/code/2025-phd-daniel-guerrero/robot_ws/install/pcl_recorder/share/pcl_recorder/package.bash'
[31.871s] INFO:colcon.colcon_core.shell:Creating package script '/home/daniel/code/2025-phd-daniel-guerrero/robot_ws/install/pcl_recorder/share/pcl_recorder/package.zsh'
[31.871s] Level 1:colcon.colcon_core.environment:create_file_with_runtime_dependencies(/home/daniel/code/2025-phd-daniel-guerrero/robot_ws/install/pcl_recorder/share/colcon-core/packages/pcl_recorder)
[36.121s] DEBUG:colcon.colcon_core.event_handler.log_command:Invoked command in '/home/daniel/code/2025-phd-daniel-guerrero/robot_ws/build/rviz_carla_plugin' returned '0': AMENT_PREFIX_PATH=/home/daniel/code/2025-phd-daniel-guerrero/robot_ws/install/carla_ros_scenario_runner_types:/home/daniel/code/2025-phd-daniel-guerrero/robot_ws/install/carla_msgs:${AMENT_PREFIX_PATH} CMAKE_PREFIX_PATH=/home/daniel/code/2025-phd-daniel-guerrero/robot_ws/install/carla_ros_scenario_runner_types:/home/daniel/code/2025-phd-daniel-guerrero/robot_ws/install/carla_msgs:/opt/ros/humble LD_LIBRARY_PATH=/home/daniel/code/2025-phd-daniel-guerrero/robot_ws/install/carla_ros_scenario_runner_types/lib:/home/daniel/code/2025-phd-daniel-guerrero/robot_ws/install/carla_msgs/lib:${LD_LIBRARY_PATH} PYTHONPATH=/home/daniel/code/2025-phd-daniel-guerrero/robot_ws/install/carla_ros_scenario_runner_types/local/lib/python3.10/dist-packages:/home/daniel/code/2025-phd-daniel-guerrero/robot_ws/install/carla_msgs/local/lib/python3.10/dist-packages:${PYTHONPATH} /opt/cmake-3.28.3-linux-x86_64/bin/cmake --build /home/daniel/code/2025-phd-daniel-guerrero/robot_ws/build/rviz_carla_plugin -- -j12 -l12
[36.123s] DEBUG:colcon.colcon_core.event_handler.log_command:Invoking command in '/home/daniel/code/2025-phd-daniel-guerrero/robot_ws/build/rviz_carla_plugin': AMENT_PREFIX_PATH=/home/daniel/code/2025-phd-daniel-guerrero/robot_ws/install/carla_ros_scenario_runner_types:/home/daniel/code/2025-phd-daniel-guerrero/robot_ws/install/carla_msgs:${AMENT_PREFIX_PATH} CMAKE_PREFIX_PATH=/home/daniel/code/2025-phd-daniel-guerrero/robot_ws/install/carla_ros_scenario_runner_types:/home/daniel/code/2025-phd-daniel-guerrero/robot_ws/install/carla_msgs:/opt/ros/humble LD_LIBRARY_PATH=/home/daniel/code/2025-phd-daniel-guerrero/robot_ws/install/carla_ros_scenario_runner_types/lib:/home/daniel/code/2025-phd-daniel-guerrero/robot_ws/install/carla_msgs/lib:${LD_LIBRARY_PATH} PYTHONPATH=/home/daniel/code/2025-phd-daniel-guerrero/robot_ws/install/carla_ros_scenario_runner_types/local/lib/python3.10/dist-packages:/home/daniel/code/2025-phd-daniel-guerrero/robot_ws/install/carla_msgs/local/lib/python3.10/dist-packages:${PYTHONPATH} /opt/cmake-3.28.3-linux-x86_64/bin/cmake --install /home/daniel/code/2025-phd-daniel-guerrero/robot_ws/build/rviz_carla_plugin
[36.193s] Level 1:colcon.colcon_core.environment:create_environment_scripts_only(rviz_carla_plugin)
[36.193s] Level 1:colcon.colcon_core.environment:checking '/home/daniel/code/2025-phd-daniel-guerrero/robot_ws/install/rviz_carla_plugin' for CMake module files
[36.194s] DEBUG:colcon.colcon_core.event_handler.log_command:Invoked command in '/home/daniel/code/2025-phd-daniel-guerrero/robot_ws/build/rviz_carla_plugin' returned '0': AMENT_PREFIX_PATH=/home/daniel/code/2025-phd-daniel-guerrero/robot_ws/install/carla_ros_scenario_runner_types:/home/daniel/code/2025-phd-daniel-guerrero/robot_ws/install/carla_msgs:${AMENT_PREFIX_PATH} CMAKE_PREFIX_PATH=/home/daniel/code/2025-phd-daniel-guerrero/robot_ws/install/carla_ros_scenario_runner_types:/home/daniel/code/2025-phd-daniel-guerrero/robot_ws/install/carla_msgs:/opt/ros/humble LD_LIBRARY_PATH=/home/daniel/code/2025-phd-daniel-guerrero/robot_ws/install/carla_ros_scenario_runner_types/lib:/home/daniel/code/2025-phd-daniel-guerrero/robot_ws/install/carla_msgs/lib:${LD_LIBRARY_PATH} PYTHONPATH=/home/daniel/code/2025-phd-daniel-guerrero/robot_ws/install/carla_ros_scenario_runner_types/local/lib/python3.10/dist-packages:/home/daniel/code/2025-phd-daniel-guerrero/robot_ws/install/carla_msgs/local/lib/python3.10/dist-packages:${PYTHONPATH} /opt/cmake-3.28.3-linux-x86_64/bin/cmake --install /home/daniel/code/2025-phd-daniel-guerrero/robot_ws/build/rviz_carla_plugin
[36.194s] Level 1:colcon.colcon_core.environment:checking '/home/daniel/code/2025-phd-daniel-guerrero/robot_ws/install/rviz_carla_plugin' for CMake config files
[36.195s] Level 1:colcon.colcon_core.shell:create_environment_hook('rviz_carla_plugin', 'cmake_prefix_path')
[36.195s] INFO:colcon.colcon_core.shell:Creating environment hook '/home/daniel/code/2025-phd-daniel-guerrero/robot_ws/install/rviz_carla_plugin/share/rviz_carla_plugin/hook/cmake_prefix_path.ps1'
[36.195s] INFO:colcon.colcon_core.shell:Creating environment descriptor '/home/daniel/code/2025-phd-daniel-guerrero/robot_ws/install/rviz_carla_plugin/share/rviz_carla_plugin/hook/cmake_prefix_path.dsv'
[36.196s] INFO:colcon.colcon_core.shell:Creating environment hook '/home/daniel/code/2025-phd-daniel-guerrero/robot_ws/install/rviz_carla_plugin/share/rviz_carla_plugin/hook/cmake_prefix_path.sh'
[36.196s] Level 1:colcon.colcon_core.environment:checking '/home/daniel/code/2025-phd-daniel-guerrero/robot_ws/install/rviz_carla_plugin/lib'
[36.197s] Level 1:colcon.colcon_core.shell:create_environment_hook('rviz_carla_plugin', 'ld_library_path_lib')
[36.197s] INFO:colcon.colcon_core.shell:Creating environment hook '/home/daniel/code/2025-phd-daniel-guerrero/robot_ws/install/rviz_carla_plugin/share/rviz_carla_plugin/hook/ld_library_path_lib.ps1'
[36.197s] INFO:colcon.colcon_core.shell:Creating environment descriptor '/home/daniel/code/2025-phd-daniel-guerrero/robot_ws/install/rviz_carla_plugin/share/rviz_carla_plugin/hook/ld_library_path_lib.dsv'
[36.198s] INFO:colcon.colcon_core.shell:Creating environment hook '/home/daniel/code/2025-phd-daniel-guerrero/robot_ws/install/rviz_carla_plugin/share/rviz_carla_plugin/hook/ld_library_path_lib.sh'
[36.198s] Level 1:colcon.colcon_core.environment:checking '/home/daniel/code/2025-phd-daniel-guerrero/robot_ws/install/rviz_carla_plugin/bin'
[36.198s] Level 1:colcon.colcon_core.environment:checking '/home/daniel/code/2025-phd-daniel-guerrero/robot_ws/install/rviz_carla_plugin/lib/pkgconfig/rviz_carla_plugin.pc'
[36.198s] Level 1:colcon.colcon_core.environment:checking '/home/daniel/code/2025-phd-daniel-guerrero/robot_ws/install/rviz_carla_plugin/lib/python3.10/site-packages'
[36.199s] Level 1:colcon.colcon_core.environment:checking '/home/daniel/code/2025-phd-daniel-guerrero/robot_ws/install/rviz_carla_plugin/bin'
[36.199s] INFO:colcon.colcon_core.shell:Creating package script '/home/daniel/code/2025-phd-daniel-guerrero/robot_ws/install/rviz_carla_plugin/share/rviz_carla_plugin/package.ps1'
[36.200s] INFO:colcon.colcon_core.shell:Creating package descriptor '/home/daniel/code/2025-phd-daniel-guerrero/robot_ws/install/rviz_carla_plugin/share/rviz_carla_plugin/package.dsv'
[36.200s] INFO:colcon.colcon_core.shell:Creating package script '/home/daniel/code/2025-phd-daniel-guerrero/robot_ws/install/rviz_carla_plugin/share/rviz_carla_plugin/package.sh'
[36.201s] INFO:colcon.colcon_core.shell:Creating package script '/home/daniel/code/2025-phd-daniel-guerrero/robot_ws/install/rviz_carla_plugin/share/rviz_carla_plugin/package.bash'
[36.201s] INFO:colcon.colcon_core.shell:Creating package script '/home/daniel/code/2025-phd-daniel-guerrero/robot_ws/install/rviz_carla_plugin/share/rviz_carla_plugin/package.zsh'
[36.202s] Level 1:colcon.colcon_core.environment:create_file_with_runtime_dependencies(/home/daniel/code/2025-phd-daniel-guerrero/robot_ws/install/rviz_carla_plugin/share/colcon-core/packages/rviz_carla_plugin)
[36.202s] Level 1:colcon.colcon_core.environment:create_environment_scripts_only(rviz_carla_plugin)
[36.203s] Level 1:colcon.colcon_core.environment:checking '/home/daniel/code/2025-phd-daniel-guerrero/robot_ws/install/rviz_carla_plugin' for CMake module files
[36.203s] Level 1:colcon.colcon_core.environment:checking '/home/daniel/code/2025-phd-daniel-guerrero/robot_ws/install/rviz_carla_plugin' for CMake config files
[36.204s] Level 1:colcon.colcon_core.shell:create_environment_hook('rviz_carla_plugin', 'cmake_prefix_path')
[36.204s] INFO:colcon.colcon_core.shell:Creating environment hook '/home/daniel/code/2025-phd-daniel-guerrero/robot_ws/install/rviz_carla_plugin/share/rviz_carla_plugin/hook/cmake_prefix_path.ps1'
[36.204s] INFO:colcon.colcon_core.shell:Creating environment descriptor '/home/daniel/code/2025-phd-daniel-guerrero/robot_ws/install/rviz_carla_plugin/share/rviz_carla_plugin/hook/cmake_prefix_path.dsv'
[36.205s] INFO:colcon.colcon_core.shell:Creating environment hook '/home/daniel/code/2025-phd-daniel-guerrero/robot_ws/install/rviz_carla_plugin/share/rviz_carla_plugin/hook/cmake_prefix_path.sh'
[36.206s] Level 1:colcon.colcon_core.environment:checking '/home/daniel/code/2025-phd-daniel-guerrero/robot_ws/install/rviz_carla_plugin/lib'
[36.206s] Level 1:colcon.colcon_core.shell:create_environment_hook('rviz_carla_plugin', 'ld_library_path_lib')
[36.206s] INFO:colcon.colcon_core.shell:Creating environment hook '/home/daniel/code/2025-phd-daniel-guerrero/robot_ws/install/rviz_carla_plugin/share/rviz_carla_plugin/hook/ld_library_path_lib.ps1'
[36.206s] INFO:colcon.colcon_core.shell:Creating environment descriptor '/home/daniel/code/2025-phd-daniel-guerrero/robot_ws/install/rviz_carla_plugin/share/rviz_carla_plugin/hook/ld_library_path_lib.dsv'
[36.207s] INFO:colcon.colcon_core.shell:Creating environment hook '/home/daniel/code/2025-phd-daniel-guerrero/robot_ws/install/rviz_carla_plugin/share/rviz_carla_plugin/hook/ld_library_path_lib.sh'
[36.207s] Level 1:colcon.colcon_core.environment:checking '/home/daniel/code/2025-phd-daniel-guerrero/robot_ws/install/rviz_carla_plugin/bin'
[36.207s] Level 1:colcon.colcon_core.environment:checking '/home/daniel/code/2025-phd-daniel-guerrero/robot_ws/install/rviz_carla_plugin/lib/pkgconfig/rviz_carla_plugin.pc'
[36.208s] Level 1:colcon.colcon_core.environment:checking '/home/daniel/code/2025-phd-daniel-guerrero/robot_ws/install/rviz_carla_plugin/lib/python3.10/site-packages'
[36.208s] Level 1:colcon.colcon_core.environment:checking '/home/daniel/code/2025-phd-daniel-guerrero/robot_ws/install/rviz_carla_plugin/bin'
[36.208s] INFO:colcon.colcon_core.shell:Creating package script '/home/daniel/code/2025-phd-daniel-guerrero/robot_ws/install/rviz_carla_plugin/share/rviz_carla_plugin/package.ps1'
[36.209s] INFO:colcon.colcon_core.shell:Creating package descriptor '/home/daniel/code/2025-phd-daniel-guerrero/robot_ws/install/rviz_carla_plugin/share/rviz_carla_plugin/package.dsv'
[36.210s] INFO:colcon.colcon_core.shell:Creating package script '/home/daniel/code/2025-phd-daniel-guerrero/robot_ws/install/rviz_carla_plugin/share/rviz_carla_plugin/package.sh'
[36.210s] INFO:colcon.colcon_core.shell:Creating package script '/home/daniel/code/2025-phd-daniel-guerrero/robot_ws/install/rviz_carla_plugin/share/rviz_carla_plugin/package.bash'
[36.211s] INFO:colcon.colcon_core.shell:Creating package script '/home/daniel/code/2025-phd-daniel-guerrero/robot_ws/install/rviz_carla_plugin/share/rviz_carla_plugin/package.zsh'
[36.211s] Level 1:colcon.colcon_core.environment:create_file_with_runtime_dependencies(/home/daniel/code/2025-phd-daniel-guerrero/robot_ws/install/rviz_carla_plugin/share/colcon-core/packages/rviz_carla_plugin)
[36.211s] INFO:colcon.colcon_ros.task.ament_cmake.build:Building ROS package in '/home/daniel/code/2025-phd-daniel-guerrero/robot_ws/src/carla_ros/carla_ad_demo' with build type 'ament_cmake'
[36.212s] INFO:colcon.colcon_cmake.task.cmake.build:Building CMake package in '/home/daniel/code/2025-phd-daniel-guerrero/robot_ws/src/carla_ros/carla_ad_demo'
[36.212s] INFO:colcon.colcon_core.shell:Skip shell extension 'powershell' for command environment: Not usable outside of PowerShell
[36.212s] DEBUG:colcon.colcon_core.shell:Skip shell extension 'dsv' for command environment
[36.241s] DEBUG:colcon.colcon_core.event_handler.log_command:Invoking command in '/home/daniel/code/2025-phd-daniel-guerrero/robot_ws/build/carla_ad_demo': AMENT_PREFIX_PATH=/home/daniel/code/2025-phd-daniel-guerrero/robot_ws/install/carla_ros_bridge:/home/daniel/code/2025-phd-daniel-guerrero/robot_ws/install/rviz_carla_plugin:/home/daniel/code/2025-phd-daniel-guerrero/robot_ws/install/carla_waypoint_publisher:/home/daniel/code/2025-phd-daniel-guerrero/robot_ws/install/carla_spawn_objects:/home/daniel/code/2025-phd-daniel-guerrero/robot_ws/install/carla_ros_scenario_runner:/home/daniel/code/2025-phd-daniel-guerrero/robot_ws/install/carla_manual_control:/home/daniel/code/2025-phd-daniel-guerrero/robot_ws/install/carla_ad_agent:/home/daniel/code/2025-phd-daniel-guerrero/robot_ws/install/ros_compatibility:/home/daniel/code/2025-phd-daniel-guerrero/robot_ws/install/carla_waypoint_types:/home/daniel/code/2025-phd-daniel-guerrero/robot_ws/install/carla_twist_to_control:/home/daniel/code/2025-phd-daniel-guerrero/robot_ws/install/carla_ros_scenario_runner_types:/home/daniel/code/2025-phd-daniel-guerrero/robot_ws/install/carla_msgs:/home/daniel/code/2025-phd-daniel-guerrero/robot_ws/install/carla_common:${AMENT_PREFIX_PATH} CMAKE_PREFIX_PATH=/home/daniel/code/2025-phd-daniel-guerrero/robot_ws/install/rviz_carla_plugin:/home/daniel/code/2025-phd-daniel-guerrero/robot_ws/install/carla_waypoint_types:/home/daniel/code/2025-phd-daniel-guerrero/robot_ws/install/carla_ros_scenario_runner_types:/home/daniel/code/2025-phd-daniel-guerrero/robot_ws/install/carla_msgs:/opt/ros/humble LD_LIBRARY_PATH=/home/daniel/code/2025-phd-daniel-guerrero/robot_ws/install/rviz_carla_plugin/lib:/home/daniel/code/2025-phd-daniel-guerrero/robot_ws/install/carla_waypoint_types/lib:/home/daniel/code/2025-phd-daniel-guerrero/robot_ws/install/carla_ros_scenario_runner_types/lib:/home/daniel/code/2025-phd-daniel-guerrero/robot_ws/install/carla_msgs/lib:${LD_LIBRARY_PATH} PYTHONPATH=/home/daniel/code/2025-phd-daniel-guerrero/robot_ws/build/carla_ros_bridge/src:/home/daniel/code/2025-phd-daniel-guerrero/robot_ws/install/carla_ros_bridge/lib/python3.10/site-packages:/home/daniel/code/2025-phd-daniel-guerrero/robot_ws/build/carla_waypoint_publisher/src:/home/daniel/code/2025-phd-daniel-guerrero/robot_ws/install/carla_waypoint_publisher/lib/python3.10/site-packages:/home/daniel/code/2025-phd-daniel-guerrero/robot_ws/build/carla_spawn_objects:/home/daniel/code/2025-phd-daniel-guerrero/robot_ws/install/carla_spawn_objects/lib/python3.10/site-packages:/home/daniel/code/2025-phd-daniel-guerrero/robot_ws/build/carla_ros_scenario_runner/src:/home/daniel/code/2025-phd-daniel-guerrero/robot_ws/install/carla_ros_scenario_runner/lib/python3.10/site-packages:/home/daniel/code/2025-phd-daniel-guerrero/robot_ws/build/carla_manual_control/src:/home/daniel/code/2025-phd-daniel-guerrero/robot_ws/install/carla_manual_control/lib/python3.10/site-packages:/home/daniel/code/2025-phd-daniel-guerrero/robot_ws/build/carla_ad_agent/src:/home/daniel/code/2025-phd-daniel-guerrero/robot_ws/install/carla_ad_agent/lib/python3.10/site-packages:/home/daniel/code/2025-phd-daniel-guerrero/robot_ws/build/ros_compatibility/src:/home/daniel/code/2025-phd-daniel-guerrero/robot_ws/install/ros_compatibility/lib/python3.10/site-packages:/home/daniel/code/2025-phd-daniel-guerrero/robot_ws/install/carla_waypoint_types/local/lib/python3.10/dist-packages:/home/daniel/code/2025-phd-daniel-guerrero/robot_ws/build/carla_twist_to_control/src:/home/daniel/code/2025-phd-daniel-guerrero/robot_ws/install/carla_twist_to_control/lib/python3.10/site-packages:/home/daniel/code/2025-phd-daniel-guerrero/robot_ws/install/carla_ros_scenario_runner_types/local/lib/python3.10/dist-packages:/home/daniel/code/2025-phd-daniel-guerrero/robot_ws/install/carla_msgs/local/lib/python3.10/dist-packages:/home/daniel/code/2025-phd-daniel-guerrero/robot_ws/build/carla_common/src:/home/daniel/code/2025-phd-daniel-guerrero/robot_ws/install/carla_common/lib/python3.10/site-packages:${PYTHONPATH} /opt/cmake-3.28.3-linux-x86_64/bin/cmake /home/daniel/code/2025-phd-daniel-guerrero/robot_ws/src/carla_ros/carla_ad_demo -DAMENT_CMAKE_SYMLINK_INSTALL=1 -DCMAKE_INSTALL_PREFIX=/home/daniel/code/2025-phd-daniel-guerrero/robot_ws/install/carla_ad_demo
[36.880s] DEBUG:colcon.colcon_core.event_handler.log_command:Invoked command in '/home/daniel/code/2025-phd-daniel-guerrero/robot_ws/build/carla_ad_demo' returned '0': AMENT_PREFIX_PATH=/home/daniel/code/2025-phd-daniel-guerrero/robot_ws/install/carla_ros_bridge:/home/daniel/code/2025-phd-daniel-guerrero/robot_ws/install/rviz_carla_plugin:/home/daniel/code/2025-phd-daniel-guerrero/robot_ws/install/carla_waypoint_publisher:/home/daniel/code/2025-phd-daniel-guerrero/robot_ws/install/carla_spawn_objects:/home/daniel/code/2025-phd-daniel-guerrero/robot_ws/install/carla_ros_scenario_runner:/home/daniel/code/2025-phd-daniel-guerrero/robot_ws/install/carla_manual_control:/home/daniel/code/2025-phd-daniel-guerrero/robot_ws/install/carla_ad_agent:/home/daniel/code/2025-phd-daniel-guerrero/robot_ws/install/ros_compatibility:/home/daniel/code/2025-phd-daniel-guerrero/robot_ws/install/carla_waypoint_types:/home/daniel/code/2025-phd-daniel-guerrero/robot_ws/install/carla_twist_to_control:/home/daniel/code/2025-phd-daniel-guerrero/robot_ws/install/carla_ros_scenario_runner_types:/home/daniel/code/2025-phd-daniel-guerrero/robot_ws/install/carla_msgs:/home/daniel/code/2025-phd-daniel-guerrero/robot_ws/install/carla_common:${AMENT_PREFIX_PATH} CMAKE_PREFIX_PATH=/home/daniel/code/2025-phd-daniel-guerrero/robot_ws/install/rviz_carla_plugin:/home/daniel/code/2025-phd-daniel-guerrero/robot_ws/install/carla_waypoint_types:/home/daniel/code/2025-phd-daniel-guerrero/robot_ws/install/carla_ros_scenario_runner_types:/home/daniel/code/2025-phd-daniel-guerrero/robot_ws/install/carla_msgs:/opt/ros/humble LD_LIBRARY_PATH=/home/daniel/code/2025-phd-daniel-guerrero/robot_ws/install/rviz_carla_plugin/lib:/home/daniel/code/2025-phd-daniel-guerrero/robot_ws/install/carla_waypoint_types/lib:/home/daniel/code/2025-phd-daniel-guerrero/robot_ws/install/carla_ros_scenario_runner_types/lib:/home/daniel/code/2025-phd-daniel-guerrero/robot_ws/install/carla_msgs/lib:${LD_LIBRARY_PATH} PYTHONPATH=/home/daniel/code/2025-phd-daniel-guerrero/robot_ws/build/carla_ros_bridge/src:/home/daniel/code/2025-phd-daniel-guerrero/robot_ws/install/carla_ros_bridge/lib/python3.10/site-packages:/home/daniel/code/2025-phd-daniel-guerrero/robot_ws/build/carla_waypoint_publisher/src:/home/daniel/code/2025-phd-daniel-guerrero/robot_ws/install/carla_waypoint_publisher/lib/python3.10/site-packages:/home/daniel/code/2025-phd-daniel-guerrero/robot_ws/build/carla_spawn_objects:/home/daniel/code/2025-phd-daniel-guerrero/robot_ws/install/carla_spawn_objects/lib/python3.10/site-packages:/home/daniel/code/2025-phd-daniel-guerrero/robot_ws/build/carla_ros_scenario_runner/src:/home/daniel/code/2025-phd-daniel-guerrero/robot_ws/install/carla_ros_scenario_runner/lib/python3.10/site-packages:/home/daniel/code/2025-phd-daniel-guerrero/robot_ws/build/carla_manual_control/src:/home/daniel/code/2025-phd-daniel-guerrero/robot_ws/install/carla_manual_control/lib/python3.10/site-packages:/home/daniel/code/2025-phd-daniel-guerrero/robot_ws/build/carla_ad_agent/src:/home/daniel/code/2025-phd-daniel-guerrero/robot_ws/install/carla_ad_agent/lib/python3.10/site-packages:/home/daniel/code/2025-phd-daniel-guerrero/robot_ws/build/ros_compatibility/src:/home/daniel/code/2025-phd-daniel-guerrero/robot_ws/install/ros_compatibility/lib/python3.10/site-packages:/home/daniel/code/2025-phd-daniel-guerrero/robot_ws/install/carla_waypoint_types/local/lib/python3.10/dist-packages:/home/daniel/code/2025-phd-daniel-guerrero/robot_ws/build/carla_twist_to_control/src:/home/daniel/code/2025-phd-daniel-guerrero/robot_ws/install/carla_twist_to_control/lib/python3.10/site-packages:/home/daniel/code/2025-phd-daniel-guerrero/robot_ws/install/carla_ros_scenario_runner_types/local/lib/python3.10/dist-packages:/home/daniel/code/2025-phd-daniel-guerrero/robot_ws/install/carla_msgs/local/lib/python3.10/dist-packages:/home/daniel/code/2025-phd-daniel-guerrero/robot_ws/build/carla_common/src:/home/daniel/code/2025-phd-daniel-guerrero/robot_ws/install/carla_common/lib/python3.10/site-packages:${PYTHONPATH} /opt/cmake-3.28.3-linux-x86_64/bin/cmake /home/daniel/code/2025-phd-daniel-guerrero/robot_ws/src/carla_ros/carla_ad_demo -DAMENT_CMAKE_SYMLINK_INSTALL=1 -DCMAKE_INSTALL_PREFIX=/home/daniel/code/2025-phd-daniel-guerrero/robot_ws/install/carla_ad_demo
[36.882s] DEBUG:colcon.colcon_core.event_handler.log_command:Invoking command in '/home/daniel/code/2025-phd-daniel-guerrero/robot_ws/build/carla_ad_demo': AMENT_PREFIX_PATH=/home/daniel/code/2025-phd-daniel-guerrero/robot_ws/install/carla_ros_bridge:/home/daniel/code/2025-phd-daniel-guerrero/robot_ws/install/rviz_carla_plugin:/home/daniel/code/2025-phd-daniel-guerrero/robot_ws/install/carla_waypoint_publisher:/home/daniel/code/2025-phd-daniel-guerrero/robot_ws/install/carla_spawn_objects:/home/daniel/code/2025-phd-daniel-guerrero/robot_ws/install/carla_ros_scenario_runner:/home/daniel/code/2025-phd-daniel-guerrero/robot_ws/install/carla_manual_control:/home/daniel/code/2025-phd-daniel-guerrero/robot_ws/install/carla_ad_agent:/home/daniel/code/2025-phd-daniel-guerrero/robot_ws/install/ros_compatibility:/home/daniel/code/2025-phd-daniel-guerrero/robot_ws/install/carla_waypoint_types:/home/daniel/code/2025-phd-daniel-guerrero/robot_ws/install/carla_twist_to_control:/home/daniel/code/2025-phd-daniel-guerrero/robot_ws/install/carla_ros_scenario_runner_types:/home/daniel/code/2025-phd-daniel-guerrero/robot_ws/install/carla_msgs:/home/daniel/code/2025-phd-daniel-guerrero/robot_ws/install/carla_common:${AMENT_PREFIX_PATH} CMAKE_PREFIX_PATH=/home/daniel/code/2025-phd-daniel-guerrero/robot_ws/install/rviz_carla_plugin:/home/daniel/code/2025-phd-daniel-guerrero/robot_ws/install/carla_waypoint_types:/home/daniel/code/2025-phd-daniel-guerrero/robot_ws/install/carla_ros_scenario_runner_types:/home/daniel/code/2025-phd-daniel-guerrero/robot_ws/install/carla_msgs:/opt/ros/humble LD_LIBRARY_PATH=/home/daniel/code/2025-phd-daniel-guerrero/robot_ws/install/rviz_carla_plugin/lib:/home/daniel/code/2025-phd-daniel-guerrero/robot_ws/install/carla_waypoint_types/lib:/home/daniel/code/2025-phd-daniel-guerrero/robot_ws/install/carla_ros_scenario_runner_types/lib:/home/daniel/code/2025-phd-daniel-guerrero/robot_ws/install/carla_msgs/lib:${LD_LIBRARY_PATH} PYTHONPATH=/home/daniel/code/2025-phd-daniel-guerrero/robot_ws/build/carla_ros_bridge/src:/home/daniel/code/2025-phd-daniel-guerrero/robot_ws/install/carla_ros_bridge/lib/python3.10/site-packages:/home/daniel/code/2025-phd-daniel-guerrero/robot_ws/build/carla_waypoint_publisher/src:/home/daniel/code/2025-phd-daniel-guerrero/robot_ws/install/carla_waypoint_publisher/lib/python3.10/site-packages:/home/daniel/code/2025-phd-daniel-guerrero/robot_ws/build/carla_spawn_objects:/home/daniel/code/2025-phd-daniel-guerrero/robot_ws/install/carla_spawn_objects/lib/python3.10/site-packages:/home/daniel/code/2025-phd-daniel-guerrero/robot_ws/build/carla_ros_scenario_runner/src:/home/daniel/code/2025-phd-daniel-guerrero/robot_ws/install/carla_ros_scenario_runner/lib/python3.10/site-packages:/home/daniel/code/2025-phd-daniel-guerrero/robot_ws/build/carla_manual_control/src:/home/daniel/code/2025-phd-daniel-guerrero/robot_ws/install/carla_manual_control/lib/python3.10/site-packages:/home/daniel/code/2025-phd-daniel-guerrero/robot_ws/build/carla_ad_agent/src:/home/daniel/code/2025-phd-daniel-guerrero/robot_ws/install/carla_ad_agent/lib/python3.10/site-packages:/home/daniel/code/2025-phd-daniel-guerrero/robot_ws/build/ros_compatibility/src:/home/daniel/code/2025-phd-daniel-guerrero/robot_ws/install/ros_compatibility/lib/python3.10/site-packages:/home/daniel/code/2025-phd-daniel-guerrero/robot_ws/install/carla_waypoint_types/local/lib/python3.10/dist-packages:/home/daniel/code/2025-phd-daniel-guerrero/robot_ws/build/carla_twist_to_control/src:/home/daniel/code/2025-phd-daniel-guerrero/robot_ws/install/carla_twist_to_control/lib/python3.10/site-packages:/home/daniel/code/2025-phd-daniel-guerrero/robot_ws/install/carla_ros_scenario_runner_types/local/lib/python3.10/dist-packages:/home/daniel/code/2025-phd-daniel-guerrero/robot_ws/install/carla_msgs/local/lib/python3.10/dist-packages:/home/daniel/code/2025-phd-daniel-guerrero/robot_ws/build/carla_common/src:/home/daniel/code/2025-phd-daniel-guerrero/robot_ws/install/carla_common/lib/python3.10/site-packages:${PYTHONPATH} /opt/cmake-3.28.3-linux-x86_64/bin/cmake --build /home/daniel/code/2025-phd-daniel-guerrero/robot_ws/build/carla_ad_demo -- -j12 -l12
[36.896s] DEBUG:colcon.colcon_core.event_handler.log_command:Invoked command in '/home/daniel/code/2025-phd-daniel-guerrero/robot_ws/build/carla_ad_demo' returned '0': AMENT_PREFIX_PATH=/home/daniel/code/2025-phd-daniel-guerrero/robot_ws/install/carla_ros_bridge:/home/daniel/code/2025-phd-daniel-guerrero/robot_ws/install/rviz_carla_plugin:/home/daniel/code/2025-phd-daniel-guerrero/robot_ws/install/carla_waypoint_publisher:/home/daniel/code/2025-phd-daniel-guerrero/robot_ws/install/carla_spawn_objects:/home/daniel/code/2025-phd-daniel-guerrero/robot_ws/install/carla_ros_scenario_runner:/home/daniel/code/2025-phd-daniel-guerrero/robot_ws/install/carla_manual_control:/home/daniel/code/2025-phd-daniel-guerrero/robot_ws/install/carla_ad_agent:/home/daniel/code/2025-phd-daniel-guerrero/robot_ws/install/ros_compatibility:/home/daniel/code/2025-phd-daniel-guerrero/robot_ws/install/carla_waypoint_types:/home/daniel/code/2025-phd-daniel-guerrero/robot_ws/install/carla_twist_to_control:/home/daniel/code/2025-phd-daniel-guerrero/robot_ws/install/carla_ros_scenario_runner_types:/home/daniel/code/2025-phd-daniel-guerrero/robot_ws/install/carla_msgs:/home/daniel/code/2025-phd-daniel-guerrero/robot_ws/install/carla_common:${AMENT_PREFIX_PATH} CMAKE_PREFIX_PATH=/home/daniel/code/2025-phd-daniel-guerrero/robot_ws/install/rviz_carla_plugin:/home/daniel/code/2025-phd-daniel-guerrero/robot_ws/install/carla_waypoint_types:/home/daniel/code/2025-phd-daniel-guerrero/robot_ws/install/carla_ros_scenario_runner_types:/home/daniel/code/2025-phd-daniel-guerrero/robot_ws/install/carla_msgs:/opt/ros/humble LD_LIBRARY_PATH=/home/daniel/code/2025-phd-daniel-guerrero/robot_ws/install/rviz_carla_plugin/lib:/home/daniel/code/2025-phd-daniel-guerrero/robot_ws/install/carla_waypoint_types/lib:/home/daniel/code/2025-phd-daniel-guerrero/robot_ws/install/carla_ros_scenario_runner_types/lib:/home/daniel/code/2025-phd-daniel-guerrero/robot_ws/install/carla_msgs/lib:${LD_LIBRARY_PATH} PYTHONPATH=/home/daniel/code/2025-phd-daniel-guerrero/robot_ws/build/carla_ros_bridge/src:/home/daniel/code/2025-phd-daniel-guerrero/robot_ws/install/carla_ros_bridge/lib/python3.10/site-packages:/home/daniel/code/2025-phd-daniel-guerrero/robot_ws/build/carla_waypoint_publisher/src:/home/daniel/code/2025-phd-daniel-guerrero/robot_ws/install/carla_waypoint_publisher/lib/python3.10/site-packages:/home/daniel/code/2025-phd-daniel-guerrero/robot_ws/build/carla_spawn_objects:/home/daniel/code/2025-phd-daniel-guerrero/robot_ws/install/carla_spawn_objects/lib/python3.10/site-packages:/home/daniel/code/2025-phd-daniel-guerrero/robot_ws/build/carla_ros_scenario_runner/src:/home/daniel/code/2025-phd-daniel-guerrero/robot_ws/install/carla_ros_scenario_runner/lib/python3.10/site-packages:/home/daniel/code/2025-phd-daniel-guerrero/robot_ws/build/carla_manual_control/src:/home/daniel/code/2025-phd-daniel-guerrero/robot_ws/install/carla_manual_control/lib/python3.10/site-packages:/home/daniel/code/2025-phd-daniel-guerrero/robot_ws/build/carla_ad_agent/src:/home/daniel/code/2025-phd-daniel-guerrero/robot_ws/install/carla_ad_agent/lib/python3.10/site-packages:/home/daniel/code/2025-phd-daniel-guerrero/robot_ws/build/ros_compatibility/src:/home/daniel/code/2025-phd-daniel-guerrero/robot_ws/install/ros_compatibility/lib/python3.10/site-packages:/home/daniel/code/2025-phd-daniel-guerrero/robot_ws/install/carla_waypoint_types/local/lib/python3.10/dist-packages:/home/daniel/code/2025-phd-daniel-guerrero/robot_ws/build/carla_twist_to_control/src:/home/daniel/code/2025-phd-daniel-guerrero/robot_ws/install/carla_twist_to_control/lib/python3.10/site-packages:/home/daniel/code/2025-phd-daniel-guerrero/robot_ws/install/carla_ros_scenario_runner_types/local/lib/python3.10/dist-packages:/home/daniel/code/2025-phd-daniel-guerrero/robot_ws/install/carla_msgs/local/lib/python3.10/dist-packages:/home/daniel/code/2025-phd-daniel-guerrero/robot_ws/build/carla_common/src:/home/daniel/code/2025-phd-daniel-guerrero/robot_ws/install/carla_common/lib/python3.10/site-packages:${PYTHONPATH} /opt/cmake-3.28.3-linux-x86_64/bin/cmake --build /home/daniel/code/2025-phd-daniel-guerrero/robot_ws/build/carla_ad_demo -- -j12 -l12
[36.898s] DEBUG:colcon.colcon_core.event_handler.log_command:Invoking command in '/home/daniel/code/2025-phd-daniel-guerrero/robot_ws/build/carla_ad_demo': AMENT_PREFIX_PATH=/home/daniel/code/2025-phd-daniel-guerrero/robot_ws/install/carla_ros_bridge:/home/daniel/code/2025-phd-daniel-guerrero/robot_ws/install/rviz_carla_plugin:/home/daniel/code/2025-phd-daniel-guerrero/robot_ws/install/carla_waypoint_publisher:/home/daniel/code/2025-phd-daniel-guerrero/robot_ws/install/carla_spawn_objects:/home/daniel/code/2025-phd-daniel-guerrero/robot_ws/install/carla_ros_scenario_runner:/home/daniel/code/2025-phd-daniel-guerrero/robot_ws/install/carla_manual_control:/home/daniel/code/2025-phd-daniel-guerrero/robot_ws/install/carla_ad_agent:/home/daniel/code/2025-phd-daniel-guerrero/robot_ws/install/ros_compatibility:/home/daniel/code/2025-phd-daniel-guerrero/robot_ws/install/carla_waypoint_types:/home/daniel/code/2025-phd-daniel-guerrero/robot_ws/install/carla_twist_to_control:/home/daniel/code/2025-phd-daniel-guerrero/robot_ws/install/carla_ros_scenario_runner_types:/home/daniel/code/2025-phd-daniel-guerrero/robot_ws/install/carla_msgs:/home/daniel/code/2025-phd-daniel-guerrero/robot_ws/install/carla_common:${AMENT_PREFIX_PATH} CMAKE_PREFIX_PATH=/home/daniel/code/2025-phd-daniel-guerrero/robot_ws/install/rviz_carla_plugin:/home/daniel/code/2025-phd-daniel-guerrero/robot_ws/install/carla_waypoint_types:/home/daniel/code/2025-phd-daniel-guerrero/robot_ws/install/carla_ros_scenario_runner_types:/home/daniel/code/2025-phd-daniel-guerrero/robot_ws/install/carla_msgs:/opt/ros/humble LD_LIBRARY_PATH=/home/daniel/code/2025-phd-daniel-guerrero/robot_ws/install/rviz_carla_plugin/lib:/home/daniel/code/2025-phd-daniel-guerrero/robot_ws/install/carla_waypoint_types/lib:/home/daniel/code/2025-phd-daniel-guerrero/robot_ws/install/carla_ros_scenario_runner_types/lib:/home/daniel/code/2025-phd-daniel-guerrero/robot_ws/install/carla_msgs/lib:${LD_LIBRARY_PATH} PYTHONPATH=/home/daniel/code/2025-phd-daniel-guerrero/robot_ws/build/carla_ros_bridge/src:/home/daniel/code/2025-phd-daniel-guerrero/robot_ws/install/carla_ros_bridge/lib/python3.10/site-packages:/home/daniel/code/2025-phd-daniel-guerrero/robot_ws/build/carla_waypoint_publisher/src:/home/daniel/code/2025-phd-daniel-guerrero/robot_ws/install/carla_waypoint_publisher/lib/python3.10/site-packages:/home/daniel/code/2025-phd-daniel-guerrero/robot_ws/build/carla_spawn_objects:/home/daniel/code/2025-phd-daniel-guerrero/robot_ws/install/carla_spawn_objects/lib/python3.10/site-packages:/home/daniel/code/2025-phd-daniel-guerrero/robot_ws/build/carla_ros_scenario_runner/src:/home/daniel/code/2025-phd-daniel-guerrero/robot_ws/install/carla_ros_scenario_runner/lib/python3.10/site-packages:/home/daniel/code/2025-phd-daniel-guerrero/robot_ws/build/carla_manual_control/src:/home/daniel/code/2025-phd-daniel-guerrero/robot_ws/install/carla_manual_control/lib/python3.10/site-packages:/home/daniel/code/2025-phd-daniel-guerrero/robot_ws/build/carla_ad_agent/src:/home/daniel/code/2025-phd-daniel-guerrero/robot_ws/install/carla_ad_agent/lib/python3.10/site-packages:/home/daniel/code/2025-phd-daniel-guerrero/robot_ws/build/ros_compatibility/src:/home/daniel/code/2025-phd-daniel-guerrero/robot_ws/install/ros_compatibility/lib/python3.10/site-packages:/home/daniel/code/2025-phd-daniel-guerrero/robot_ws/install/carla_waypoint_types/local/lib/python3.10/dist-packages:/home/daniel/code/2025-phd-daniel-guerrero/robot_ws/build/carla_twist_to_control/src:/home/daniel/code/2025-phd-daniel-guerrero/robot_ws/install/carla_twist_to_control/lib/python3.10/site-packages:/home/daniel/code/2025-phd-daniel-guerrero/robot_ws/install/carla_ros_scenario_runner_types/local/lib/python3.10/dist-packages:/home/daniel/code/2025-phd-daniel-guerrero/robot_ws/install/carla_msgs/local/lib/python3.10/dist-packages:/home/daniel/code/2025-phd-daniel-guerrero/robot_ws/build/carla_common/src:/home/daniel/code/2025-phd-daniel-guerrero/robot_ws/install/carla_common/lib/python3.10/site-packages:${PYTHONPATH} /opt/cmake-3.28.3-linux-x86_64/bin/cmake --install /home/daniel/code/2025-phd-daniel-guerrero/robot_ws/build/carla_ad_demo
[36.944s] Level 1:colcon.colcon_core.environment:create_environment_scripts_only(carla_ad_demo)
[36.945s] Level 1:colcon.colcon_core.environment:checking '/home/daniel/code/2025-phd-daniel-guerrero/robot_ws/install/carla_ad_demo' for CMake module files
[36.945s] DEBUG:colcon.colcon_core.event_handler.log_command:Invoked command in '/home/daniel/code/2025-phd-daniel-guerrero/robot_ws/build/carla_ad_demo' returned '0': AMENT_PREFIX_PATH=/home/daniel/code/2025-phd-daniel-guerrero/robot_ws/install/carla_ros_bridge:/home/daniel/code/2025-phd-daniel-guerrero/robot_ws/install/rviz_carla_plugin:/home/daniel/code/2025-phd-daniel-guerrero/robot_ws/install/carla_waypoint_publisher:/home/daniel/code/2025-phd-daniel-guerrero/robot_ws/install/carla_spawn_objects:/home/daniel/code/2025-phd-daniel-guerrero/robot_ws/install/carla_ros_scenario_runner:/home/daniel/code/2025-phd-daniel-guerrero/robot_ws/install/carla_manual_control:/home/daniel/code/2025-phd-daniel-guerrero/robot_ws/install/carla_ad_agent:/home/daniel/code/2025-phd-daniel-guerrero/robot_ws/install/ros_compatibility:/home/daniel/code/2025-phd-daniel-guerrero/robot_ws/install/carla_waypoint_types:/home/daniel/code/2025-phd-daniel-guerrero/robot_ws/install/carla_twist_to_control:/home/daniel/code/2025-phd-daniel-guerrero/robot_ws/install/carla_ros_scenario_runner_types:/home/daniel/code/2025-phd-daniel-guerrero/robot_ws/install/carla_msgs:/home/daniel/code/2025-phd-daniel-guerrero/robot_ws/install/carla_common:${AMENT_PREFIX_PATH} CMAKE_PREFIX_PATH=/home/daniel/code/2025-phd-daniel-guerrero/robot_ws/install/rviz_carla_plugin:/home/daniel/code/2025-phd-daniel-guerrero/robot_ws/install/carla_waypoint_types:/home/daniel/code/2025-phd-daniel-guerrero/robot_ws/install/carla_ros_scenario_runner_types:/home/daniel/code/2025-phd-daniel-guerrero/robot_ws/install/carla_msgs:/opt/ros/humble LD_LIBRARY_PATH=/home/daniel/code/2025-phd-daniel-guerrero/robot_ws/install/rviz_carla_plugin/lib:/home/daniel/code/2025-phd-daniel-guerrero/robot_ws/install/carla_waypoint_types/lib:/home/daniel/code/2025-phd-daniel-guerrero/robot_ws/install/carla_ros_scenario_runner_types/lib:/home/daniel/code/2025-phd-daniel-guerrero/robot_ws/install/carla_msgs/lib:${LD_LIBRARY_PATH} PYTHONPATH=/home/daniel/code/2025-phd-daniel-guerrero/robot_ws/build/carla_ros_bridge/src:/home/daniel/code/2025-phd-daniel-guerrero/robot_ws/install/carla_ros_bridge/lib/python3.10/site-packages:/home/daniel/code/2025-phd-daniel-guerrero/robot_ws/build/carla_waypoint_publisher/src:/home/daniel/code/2025-phd-daniel-guerrero/robot_ws/install/carla_waypoint_publisher/lib/python3.10/site-packages:/home/daniel/code/2025-phd-daniel-guerrero/robot_ws/build/carla_spawn_objects:/home/daniel/code/2025-phd-daniel-guerrero/robot_ws/install/carla_spawn_objects/lib/python3.10/site-packages:/home/daniel/code/2025-phd-daniel-guerrero/robot_ws/build/carla_ros_scenario_runner/src:/home/daniel/code/2025-phd-daniel-guerrero/robot_ws/install/carla_ros_scenario_runner/lib/python3.10/site-packages:/home/daniel/code/2025-phd-daniel-guerrero/robot_ws/build/carla_manual_control/src:/home/daniel/code/2025-phd-daniel-guerrero/robot_ws/install/carla_manual_control/lib/python3.10/site-packages:/home/daniel/code/2025-phd-daniel-guerrero/robot_ws/build/carla_ad_agent/src:/home/daniel/code/2025-phd-daniel-guerrero/robot_ws/install/carla_ad_agent/lib/python3.10/site-packages:/home/daniel/code/2025-phd-daniel-guerrero/robot_ws/build/ros_compatibility/src:/home/daniel/code/2025-phd-daniel-guerrero/robot_ws/install/ros_compatibility/lib/python3.10/site-packages:/home/daniel/code/2025-phd-daniel-guerrero/robot_ws/install/carla_waypoint_types/local/lib/python3.10/dist-packages:/home/daniel/code/2025-phd-daniel-guerrero/robot_ws/build/carla_twist_to_control/src:/home/daniel/code/2025-phd-daniel-guerrero/robot_ws/install/carla_twist_to_control/lib/python3.10/site-packages:/home/daniel/code/2025-phd-daniel-guerrero/robot_ws/install/carla_ros_scenario_runner_types/local/lib/python3.10/dist-packages:/home/daniel/code/2025-phd-daniel-guerrero/robot_ws/install/carla_msgs/local/lib/python3.10/dist-packages:/home/daniel/code/2025-phd-daniel-guerrero/robot_ws/build/carla_common/src:/home/daniel/code/2025-phd-daniel-guerrero/robot_ws/install/carla_common/lib/python3.10/site-packages:${PYTHONPATH} /opt/cmake-3.28.3-linux-x86_64/bin/cmake --install /home/daniel/code/2025-phd-daniel-guerrero/robot_ws/build/carla_ad_demo
[36.946s] Level 1:colcon.colcon_core.environment:checking '/home/daniel/code/2025-phd-daniel-guerrero/robot_ws/install/carla_ad_demo' for CMake config files
[36.946s] Level 1:colcon.colcon_core.shell:create_environment_hook('carla_ad_demo', 'cmake_prefix_path')
[36.947s] INFO:colcon.colcon_core.shell:Creating environment hook '/home/daniel/code/2025-phd-daniel-guerrero/robot_ws/install/carla_ad_demo/share/carla_ad_demo/hook/cmake_prefix_path.ps1'
[36.947s] INFO:colcon.colcon_core.shell:Creating environment descriptor '/home/daniel/code/2025-phd-daniel-guerrero/robot_ws/install/carla_ad_demo/share/carla_ad_demo/hook/cmake_prefix_path.dsv'
[36.948s] INFO:colcon.colcon_core.shell:Creating environment hook '/home/daniel/code/2025-phd-daniel-guerrero/robot_ws/install/carla_ad_demo/share/carla_ad_demo/hook/cmake_prefix_path.sh'
[36.948s] Level 1:colcon.colcon_core.environment:checking '/home/daniel/code/2025-phd-daniel-guerrero/robot_ws/install/carla_ad_demo/bin'
[36.948s] Level 1:colcon.colcon_core.environment:checking '/home/daniel/code/2025-phd-daniel-guerrero/robot_ws/install/carla_ad_demo/lib/pkgconfig/carla_ad_demo.pc'
[36.949s] Level 1:colcon.colcon_core.environment:checking '/home/daniel/code/2025-phd-daniel-guerrero/robot_ws/install/carla_ad_demo/lib/python3.10/site-packages'
[36.949s] Level 1:colcon.colcon_core.environment:checking '/home/daniel/code/2025-phd-daniel-guerrero/robot_ws/install/carla_ad_demo/bin'
[36.949s] INFO:colcon.colcon_core.shell:Creating package script '/home/daniel/code/2025-phd-daniel-guerrero/robot_ws/install/carla_ad_demo/share/carla_ad_demo/package.ps1'
[36.950s] INFO:colcon.colcon_core.shell:Creating package descriptor '/home/daniel/code/2025-phd-daniel-guerrero/robot_ws/install/carla_ad_demo/share/carla_ad_demo/package.dsv'
[36.950s] INFO:colcon.colcon_core.shell:Creating package script '/home/daniel/code/2025-phd-daniel-guerrero/robot_ws/install/carla_ad_demo/share/carla_ad_demo/package.sh'
[36.951s] INFO:colcon.colcon_core.shell:Creating package script '/home/daniel/code/2025-phd-daniel-guerrero/robot_ws/install/carla_ad_demo/share/carla_ad_demo/package.bash'
[36.951s] INFO:colcon.colcon_core.shell:Creating package script '/home/daniel/code/2025-phd-daniel-guerrero/robot_ws/install/carla_ad_demo/share/carla_ad_demo/package.zsh'
[36.952s] Level 1:colcon.colcon_core.environment:create_file_with_runtime_dependencies(/home/daniel/code/2025-phd-daniel-guerrero/robot_ws/install/carla_ad_demo/share/colcon-core/packages/carla_ad_demo)
[36.952s] Level 1:colcon.colcon_core.environment:create_environment_scripts_only(carla_ad_demo)
[36.953s] Level 1:colcon.colcon_core.environment:checking '/home/daniel/code/2025-phd-daniel-guerrero/robot_ws/install/carla_ad_demo' for CMake module files
[36.954s] Level 1:colcon.colcon_core.environment:checking '/home/daniel/code/2025-phd-daniel-guerrero/robot_ws/install/carla_ad_demo' for CMake config files
[36.954s] Level 1:colcon.colcon_core.shell:create_environment_hook('carla_ad_demo', 'cmake_prefix_path')
[36.954s] INFO:colcon.colcon_core.shell:Creating environment hook '/home/daniel/code/2025-phd-daniel-guerrero/robot_ws/install/carla_ad_demo/share/carla_ad_demo/hook/cmake_prefix_path.ps1'
[36.955s] INFO:colcon.colcon_core.shell:Creating environment descriptor '/home/daniel/code/2025-phd-daniel-guerrero/robot_ws/install/carla_ad_demo/share/carla_ad_demo/hook/cmake_prefix_path.dsv'
[36.955s] INFO:colcon.colcon_core.shell:Creating environment hook '/home/daniel/code/2025-phd-daniel-guerrero/robot_ws/install/carla_ad_demo/share/carla_ad_demo/hook/cmake_prefix_path.sh'
[36.956s] Level 1:colcon.colcon_core.environment:checking '/home/daniel/code/2025-phd-daniel-guerrero/robot_ws/install/carla_ad_demo/bin'
[36.956s] Level 1:colcon.colcon_core.environment:checking '/home/daniel/code/2025-phd-daniel-guerrero/robot_ws/install/carla_ad_demo/lib/pkgconfig/carla_ad_demo.pc'
[36.956s] Level 1:colcon.colcon_core.environment:checking '/home/daniel/code/2025-phd-daniel-guerrero/robot_ws/install/carla_ad_demo/lib/python3.10/site-packages'
[36.956s] Level 1:colcon.colcon_core.environment:checking '/home/daniel/code/2025-phd-daniel-guerrero/robot_ws/install/carla_ad_demo/bin'
[36.957s] INFO:colcon.colcon_core.shell:Creating package script '/home/daniel/code/2025-phd-daniel-guerrero/robot_ws/install/carla_ad_demo/share/carla_ad_demo/package.ps1'
[36.957s] INFO:colcon.colcon_core.shell:Creating package descriptor '/home/daniel/code/2025-phd-daniel-guerrero/robot_ws/install/carla_ad_demo/share/carla_ad_demo/package.dsv'
[36.958s] INFO:colcon.colcon_core.shell:Creating package script '/home/daniel/code/2025-phd-daniel-guerrero/robot_ws/install/carla_ad_demo/share/carla_ad_demo/package.sh'
[36.959s] INFO:colcon.colcon_core.shell:Creating package script '/home/daniel/code/2025-phd-daniel-guerrero/robot_ws/install/carla_ad_demo/share/carla_ad_demo/package.bash'
[36.959s] INFO:colcon.colcon_core.shell:Creating package script '/home/daniel/code/2025-phd-daniel-guerrero/robot_ws/install/carla_ad_demo/share/carla_ad_demo/package.zsh'
[36.960s] Level 1:colcon.colcon_core.environment:create_file_with_runtime_dependencies(/home/daniel/code/2025-phd-daniel-guerrero/robot_ws/install/carla_ad_demo/share/colcon-core/packages/carla_ad_demo)
[36.960s] DEBUG:colcon.colcon_parallel_executor.executor.parallel:closing loop
[36.960s] DEBUG:colcon.colcon_parallel_executor.executor.parallel:loop closed
[36.960s] DEBUG:colcon.colcon_parallel_executor.executor.parallel:run_until_complete finished with '0'
[36.960s] DEBUG:colcon.colcon_core.event_reactor:joining thread
[36.967s] INFO:colcon.colcon_core.plugin_system:Skipping extension 'colcon_notification.desktop_notification.terminal_notifier': Not used on non-Darwin systems
[36.968s] INFO:colcon.colcon_core.plugin_system:Skipping extension 'colcon_notification.desktop_notification.win32': Not used on non-Windows systems
[36.968s] INFO:colcon.colcon_notification.desktop_notification:Sending desktop notification using 'notify2'
[36.982s] DEBUG:colcon.colcon_core.event_reactor:joined thread
[36.982s] INFO:colcon.colcon_core.shell:Creating prefix script '/home/daniel/code/2025-phd-daniel-guerrero/robot_ws/install/local_setup.ps1'
[36.984s] INFO:colcon.colcon_core.shell:Creating prefix util module '/home/daniel/code/2025-phd-daniel-guerrero/robot_ws/install/_local_setup_util_ps1.py'
[36.986s] INFO:colcon.colcon_core.shell:Creating prefix chain script '/home/daniel/code/2025-phd-daniel-guerrero/robot_ws/install/setup.ps1'
[36.987s] INFO:colcon.colcon_core.shell:Creating prefix script '/home/daniel/code/2025-phd-daniel-guerrero/robot_ws/install/local_setup.sh'
[36.987s] INFO:colcon.colcon_core.shell:Creating prefix util module '/home/daniel/code/2025-phd-daniel-guerrero/robot_ws/install/_local_setup_util_sh.py'
[36.988s] INFO:colcon.colcon_core.shell:Creating prefix chain script '/home/daniel/code/2025-phd-daniel-guerrero/robot_ws/install/setup.sh'
[36.989s] INFO:colcon.colcon_core.shell:Creating prefix script '/home/daniel/code/2025-phd-daniel-guerrero/robot_ws/install/local_setup.bash'
[36.990s] INFO:colcon.colcon_core.shell:Creating prefix chain script '/home/daniel/code/2025-phd-daniel-guerrero/robot_ws/install/setup.bash'
[36.991s] INFO:colcon.colcon_core.shell:Creating prefix script '/home/daniel/code/2025-phd-daniel-guerrero/robot_ws/install/local_setup.zsh'
[36.992s] INFO:colcon.colcon_core.shell:Creating prefix chain script '/home/daniel/code/2025-phd-daniel-guerrero/robot_ws/install/setup.zsh'
