[0.084s] DEBUG:colcon:Command line arguments: ['/usr/bin/colcon', 'build', '--symlink-install']
[0.084s] DEBUG:colcon:Parsed command line arguments: Namespace(log_base=None, log_level=None, verb_name='build', build_base='build', install_base='install', merge_install=False, symlink_install=True, test_result_base=None, continue_on_error=False, executor='parallel', parallel_workers=12, event_handlers=None, ignore_user_meta=False, metas=['./colcon.meta'], base_paths=['.'], packages_ignore=None, packages_ignore_regex=None, paths=None, packages_up_to=None, packages_up_to_regex=None, packages_above=None, packages_above_and_dependencies=None, packages_above_depth=None, packages_select_by_dep=None, packages_skip_by_dep=None, packages_skip_up_to=None, packages_select_build_failed=False, packages_skip_build_finished=False, packages_select_test_failures=False, packages_skip_test_passed=False, packages_select=None, packages_skip=None, packages_select_regex=None, packages_skip_regex=None, packages_start=None, packages_end=None, allow_overriding=[], cmake_args=None, cmake_target=None, cmake_target_skip_unavailable=False, cmake_clean_cache=False, cmake_clean_first=False, cmake_force_configure=False, ament_cmake_args=None, catkin_cmake_args=None, catkin_skip_building_tests=False, mixin_files=None, mixin=None, verb_parser=<colcon_mixin.mixin.mixin_argument.MixinArgumentDecorator object at 0x712eaa130a90>, verb_extension=<colcon_core.verb.build.BuildVerb object at 0x712eaa29e050>, main=<bound method BuildVerb.main of <colcon_core.verb.build.BuildVerb object at 0x712eaa29e050>>, mixin_verb=('build',))
[0.244s] Level 1:colcon.colcon_core.package_discovery:discover_packages(colcon_meta) check parameters
[0.244s] Level 1:colcon.colcon_core.package_discovery:discover_packages(recursive) check parameters
[0.244s] Level 1:colcon.colcon_core.package_discovery:discover_packages(ignore) check parameters
[0.244s] Level 1:colcon.colcon_core.package_discovery:discover_packages(path) check parameters
[0.244s] Level 1:colcon.colcon_core.package_discovery:discover_packages(colcon_meta) discover
[0.244s] Level 1:colcon.colcon_core.package_discovery:discover_packages(recursive) discover
[0.244s] INFO:colcon.colcon_core.package_discovery:Crawling recursively for packages in '/home/daniel/code/2025-phd-daniel-guerrero/ros-bridge'
[0.244s] Level 1:colcon.colcon_core.package_identification:_identify(.) by extensions ['ignore', 'ignore_ament_install']
[0.244s] Level 1:colcon.colcon_core.package_identification:_identify(.) by extension 'ignore'
[0.244s] Level 1:colcon.colcon_core.package_identification:_identify(.) by extension 'ignore_ament_install'
[0.244s] Level 1:colcon.colcon_core.package_identification:_identify(.) by extensions ['colcon_pkg']
[0.244s] Level 1:colcon.colcon_core.package_identification:_identify(.) by extension 'colcon_pkg'
[0.244s] Level 1:colcon.colcon_core.package_identification:_identify(.) by extensions ['colcon_meta']
[0.244s] Level 1:colcon.colcon_core.package_identification:_identify(.) by extension 'colcon_meta'
[0.244s] Level 1:colcon.colcon_core.package_identification:_identify(.) by extensions ['ros']
[0.244s] Level 1:colcon.colcon_core.package_identification:_identify(.) by extension 'ros'
[0.257s] Level 1:colcon.colcon_core.package_identification:_identify(.) by extensions ['cmake', 'python']
[0.257s] Level 1:colcon.colcon_core.package_identification:_identify(.) by extension 'cmake'
[0.258s] Level 1:colcon.colcon_core.package_identification:_identify(.) by extension 'python'
[0.258s] Level 1:colcon.colcon_core.package_identification:_identify(.) by extensions ['python_setup_py']
[0.258s] Level 1:colcon.colcon_core.package_identification:_identify(.) by extension 'python_setup_py'
[0.258s] Level 1:colcon.colcon_core.package_identification:_identify(build) by extensions ['ignore', 'ignore_ament_install']
[0.258s] Level 1:colcon.colcon_core.package_identification:_identify(build) by extension 'ignore'
[0.258s] Level 1:colcon.colcon_core.package_identification:_identify(build) ignored
[0.258s] Level 1:colcon.colcon_core.package_identification:_identify(install) by extensions ['ignore', 'ignore_ament_install']
[0.258s] Level 1:colcon.colcon_core.package_identification:_identify(install) by extension 'ignore'
[0.258s] Level 1:colcon.colcon_core.package_identification:_identify(install) ignored
[0.258s] Level 1:colcon.colcon_core.package_identification:_identify(log) by extensions ['ignore', 'ignore_ament_install']
[0.258s] Level 1:colcon.colcon_core.package_identification:_identify(log) by extension 'ignore'
[0.258s] Level 1:colcon.colcon_core.package_identification:_identify(log) ignored
[0.258s] Level 1:colcon.colcon_core.package_identification:_identify(src) by extensions ['ignore', 'ignore_ament_install']
[0.258s] Level 1:colcon.colcon_core.package_identification:_identify(src) by extension 'ignore'
[0.258s] Level 1:colcon.colcon_core.package_identification:_identify(src) by extension 'ignore_ament_install'
[0.258s] Level 1:colcon.colcon_core.package_identification:_identify(src) by extensions ['colcon_pkg']
[0.258s] Level 1:colcon.colcon_core.package_identification:_identify(src) by extension 'colcon_pkg'
[0.258s] Level 1:colcon.colcon_core.package_identification:_identify(src) by extensions ['colcon_meta']
[0.258s] Level 1:colcon.colcon_core.package_identification:_identify(src) by extension 'colcon_meta'
[0.258s] Level 1:colcon.colcon_core.package_identification:_identify(src) by extensions ['ros']
[0.258s] Level 1:colcon.colcon_core.package_identification:_identify(src) by extension 'ros'
[0.258s] Level 1:colcon.colcon_core.package_identification:_identify(src) by extensions ['cmake', 'python']
[0.258s] Level 1:colcon.colcon_core.package_identification:_identify(src) by extension 'cmake'
[0.259s] Level 1:colcon.colcon_core.package_identification:_identify(src) by extension 'python'
[0.259s] Level 1:colcon.colcon_core.package_identification:_identify(src) by extensions ['python_setup_py']
[0.259s] Level 1:colcon.colcon_core.package_identification:_identify(src) by extension 'python_setup_py'
[0.259s] Level 1:colcon.colcon_core.package_identification:_identify(src/carla_ackermann_control) by extensions ['ignore', 'ignore_ament_install']
[0.259s] Level 1:colcon.colcon_core.package_identification:_identify(src/carla_ackermann_control) by extension 'ignore'
[0.259s] Level 1:colcon.colcon_core.package_identification:_identify(src/carla_ackermann_control) by extension 'ignore_ament_install'
[0.259s] Level 1:colcon.colcon_core.package_identification:_identify(src/carla_ackermann_control) by extensions ['colcon_pkg']
[0.259s] Level 1:colcon.colcon_core.package_identification:_identify(src/carla_ackermann_control) by extension 'colcon_pkg'
[0.259s] Level 1:colcon.colcon_core.package_identification:_identify(src/carla_ackermann_control) by extensions ['colcon_meta']
[0.259s] Level 1:colcon.colcon_core.package_identification:_identify(src/carla_ackermann_control) by extension 'colcon_meta'
[0.259s] Level 1:colcon.colcon_core.package_identification:_identify(src/carla_ackermann_control) by extensions ['ros']
[0.259s] Level 1:colcon.colcon_core.package_identification:_identify(src/carla_ackermann_control) by extension 'ros'
[0.264s] DEBUG:colcon.colcon_core.package_identification:Package 'src/carla_ackermann_control' with type 'ros.ament_python' and name 'carla_ackermann_control'
[0.264s] Level 1:colcon.colcon_core.package_identification:_identify(src/carla_ackermann_msgs) by extensions ['ignore', 'ignore_ament_install']
[0.264s] Level 1:colcon.colcon_core.package_identification:_identify(src/carla_ackermann_msgs) by extension 'ignore'
[0.264s] Level 1:colcon.colcon_core.package_identification:_identify(src/carla_ackermann_msgs) by extension 'ignore_ament_install'
[0.264s] Level 1:colcon.colcon_core.package_identification:_identify(src/carla_ackermann_msgs) by extensions ['colcon_pkg']
[0.264s] Level 1:colcon.colcon_core.package_identification:_identify(src/carla_ackermann_msgs) by extension 'colcon_pkg'
[0.264s] Level 1:colcon.colcon_core.package_identification:_identify(src/carla_ackermann_msgs) by extensions ['colcon_meta']
[0.264s] Level 1:colcon.colcon_core.package_identification:_identify(src/carla_ackermann_msgs) by extension 'colcon_meta'
[0.264s] Level 1:colcon.colcon_core.package_identification:_identify(src/carla_ackermann_msgs) by extensions ['ros']
[0.264s] Level 1:colcon.colcon_core.package_identification:_identify(src/carla_ackermann_msgs) by extension 'ros'
[0.266s] DEBUG:colcon.colcon_core.package_identification:Package 'src/carla_ackermann_msgs' with type 'ros.ament_cmake' and name 'carla_ackermann_msgs'
[0.267s] Level 1:colcon.colcon_core.package_identification:_identify(src/carla_ad_agent) by extensions ['ignore', 'ignore_ament_install']
[0.267s] Level 1:colcon.colcon_core.package_identification:_identify(src/carla_ad_agent) by extension 'ignore'
[0.267s] Level 1:colcon.colcon_core.package_identification:_identify(src/carla_ad_agent) by extension 'ignore_ament_install'
[0.267s] Level 1:colcon.colcon_core.package_identification:_identify(src/carla_ad_agent) by extensions ['colcon_pkg']
[0.267s] Level 1:colcon.colcon_core.package_identification:_identify(src/carla_ad_agent) by extension 'colcon_pkg'
[0.267s] Level 1:colcon.colcon_core.package_identification:_identify(src/carla_ad_agent) by extensions ['colcon_meta']
[0.267s] Level 1:colcon.colcon_core.package_identification:_identify(src/carla_ad_agent) by extension 'colcon_meta'
[0.267s] Level 1:colcon.colcon_core.package_identification:_identify(src/carla_ad_agent) by extensions ['ros']
[0.267s] Level 1:colcon.colcon_core.package_identification:_identify(src/carla_ad_agent) by extension 'ros'
[0.269s] DEBUG:colcon.colcon_core.package_identification:Package 'src/carla_ad_agent' with type 'ros.ament_python' and name 'carla_ad_agent'
[0.269s] Level 1:colcon.colcon_core.package_identification:_identify(src/carla_ad_demo) by extensions ['ignore', 'ignore_ament_install']
[0.269s] Level 1:colcon.colcon_core.package_identification:_identify(src/carla_ad_demo) by extension 'ignore'
[0.269s] Level 1:colcon.colcon_core.package_identification:_identify(src/carla_ad_demo) by extension 'ignore_ament_install'
[0.269s] Level 1:colcon.colcon_core.package_identification:_identify(src/carla_ad_demo) by extensions ['colcon_pkg']
[0.269s] Level 1:colcon.colcon_core.package_identification:_identify(src/carla_ad_demo) by extension 'colcon_pkg'
[0.269s] Level 1:colcon.colcon_core.package_identification:_identify(src/carla_ad_demo) by extensions ['colcon_meta']
[0.269s] Level 1:colcon.colcon_core.package_identification:_identify(src/carla_ad_demo) by extension 'colcon_meta'
[0.270s] Level 1:colcon.colcon_core.package_identification:_identify(src/carla_ad_demo) by extensions ['ros']
[0.270s] Level 1:colcon.colcon_core.package_identification:_identify(src/carla_ad_demo) by extension 'ros'
[0.271s] DEBUG:colcon.colcon_core.package_identification:Package 'src/carla_ad_demo' with type 'ros.ament_cmake' and name 'carla_ad_demo'
[0.271s] Level 1:colcon.colcon_core.package_identification:_identify(src/carla_common) by extensions ['ignore', 'ignore_ament_install']
[0.271s] Level 1:colcon.colcon_core.package_identification:_identify(src/carla_common) by extension 'ignore'
[0.271s] Level 1:colcon.colcon_core.package_identification:_identify(src/carla_common) by extension 'ignore_ament_install'
[0.271s] Level 1:colcon.colcon_core.package_identification:_identify(src/carla_common) by extensions ['colcon_pkg']
[0.271s] Level 1:colcon.colcon_core.package_identification:_identify(src/carla_common) by extension 'colcon_pkg'
[0.271s] Level 1:colcon.colcon_core.package_identification:_identify(src/carla_common) by extensions ['colcon_meta']
[0.271s] Level 1:colcon.colcon_core.package_identification:_identify(src/carla_common) by extension 'colcon_meta'
[0.271s] Level 1:colcon.colcon_core.package_identification:_identify(src/carla_common) by extensions ['ros']
[0.271s] Level 1:colcon.colcon_core.package_identification:_identify(src/carla_common) by extension 'ros'
[0.272s] DEBUG:colcon.colcon_core.package_identification:Package 'src/carla_common' with type 'ros.ament_python' and name 'carla_common'
[0.272s] Level 1:colcon.colcon_core.package_identification:_identify(src/carla_manual_control) by extensions ['ignore', 'ignore_ament_install']
[0.272s] Level 1:colcon.colcon_core.package_identification:_identify(src/carla_manual_control) by extension 'ignore'
[0.272s] Level 1:colcon.colcon_core.package_identification:_identify(src/carla_manual_control) by extension 'ignore_ament_install'
[0.272s] Level 1:colcon.colcon_core.package_identification:_identify(src/carla_manual_control) by extensions ['colcon_pkg']
[0.272s] Level 1:colcon.colcon_core.package_identification:_identify(src/carla_manual_control) by extension 'colcon_pkg'
[0.272s] Level 1:colcon.colcon_core.package_identification:_identify(src/carla_manual_control) by extensions ['colcon_meta']
[0.272s] Level 1:colcon.colcon_core.package_identification:_identify(src/carla_manual_control) by extension 'colcon_meta'
[0.272s] Level 1:colcon.colcon_core.package_identification:_identify(src/carla_manual_control) by extensions ['ros']
[0.273s] Level 1:colcon.colcon_core.package_identification:_identify(src/carla_manual_control) by extension 'ros'
[0.275s] DEBUG:colcon.colcon_core.package_identification:Package 'src/carla_manual_control' with type 'ros.ament_python' and name 'carla_manual_control'
[0.275s] Level 1:colcon.colcon_core.package_identification:_identify(src/carla_msgs) by extensions ['ignore', 'ignore_ament_install']
[0.275s] Level 1:colcon.colcon_core.package_identification:_identify(src/carla_msgs) by extension 'ignore'
[0.275s] Level 1:colcon.colcon_core.package_identification:_identify(src/carla_msgs) by extension 'ignore_ament_install'
[0.275s] Level 1:colcon.colcon_core.package_identification:_identify(src/carla_msgs) by extensions ['colcon_pkg']
[0.275s] Level 1:colcon.colcon_core.package_identification:_identify(src/carla_msgs) by extension 'colcon_pkg'
[0.275s] Level 1:colcon.colcon_core.package_identification:_identify(src/carla_msgs) by extensions ['colcon_meta']
[0.275s] Level 1:colcon.colcon_core.package_identification:_identify(src/carla_msgs) by extension 'colcon_meta'
[0.275s] Level 1:colcon.colcon_core.package_identification:_identify(src/carla_msgs) by extensions ['ros']
[0.275s] Level 1:colcon.colcon_core.package_identification:_identify(src/carla_msgs) by extension 'ros'
[0.278s] DEBUG:colcon.colcon_core.package_identification:Package 'src/carla_msgs' with type 'ros.ament_cmake' and name 'carla_msgs'
[0.278s] Level 1:colcon.colcon_core.package_identification:_identify(src/carla_ros_bridge) by extensions ['ignore', 'ignore_ament_install']
[0.278s] Level 1:colcon.colcon_core.package_identification:_identify(src/carla_ros_bridge) by extension 'ignore'
[0.278s] Level 1:colcon.colcon_core.package_identification:_identify(src/carla_ros_bridge) by extension 'ignore_ament_install'
[0.278s] Level 1:colcon.colcon_core.package_identification:_identify(src/carla_ros_bridge) by extensions ['colcon_pkg']
[0.278s] Level 1:colcon.colcon_core.package_identification:_identify(src/carla_ros_bridge) by extension 'colcon_pkg'
[0.278s] Level 1:colcon.colcon_core.package_identification:_identify(src/carla_ros_bridge) by extensions ['colcon_meta']
[0.278s] Level 1:colcon.colcon_core.package_identification:_identify(src/carla_ros_bridge) by extension 'colcon_meta'
[0.278s] Level 1:colcon.colcon_core.package_identification:_identify(src/carla_ros_bridge) by extensions ['ros']
[0.278s] Level 1:colcon.colcon_core.package_identification:_identify(src/carla_ros_bridge) by extension 'ros'
[0.281s] DEBUG:colcon.colcon_core.package_identification:Package 'src/carla_ros_bridge' with type 'ros.ament_python' and name 'carla_ros_bridge'
[0.281s] Level 1:colcon.colcon_core.package_identification:_identify(src/carla_ros_scenario_runner) by extensions ['ignore', 'ignore_ament_install']
[0.281s] Level 1:colcon.colcon_core.package_identification:_identify(src/carla_ros_scenario_runner) by extension 'ignore'
[0.281s] Level 1:colcon.colcon_core.package_identification:_identify(src/carla_ros_scenario_runner) by extension 'ignore_ament_install'
[0.281s] Level 1:colcon.colcon_core.package_identification:_identify(src/carla_ros_scenario_runner) by extensions ['colcon_pkg']
[0.281s] Level 1:colcon.colcon_core.package_identification:_identify(src/carla_ros_scenario_runner) by extension 'colcon_pkg'
[0.281s] Level 1:colcon.colcon_core.package_identification:_identify(src/carla_ros_scenario_runner) by extensions ['colcon_meta']
[0.281s] Level 1:colcon.colcon_core.package_identification:_identify(src/carla_ros_scenario_runner) by extension 'colcon_meta'
[0.281s] Level 1:colcon.colcon_core.package_identification:_identify(src/carla_ros_scenario_runner) by extensions ['ros']
[0.281s] Level 1:colcon.colcon_core.package_identification:_identify(src/carla_ros_scenario_runner) by extension 'ros'
[0.283s] DEBUG:colcon.colcon_core.package_identification:Package 'src/carla_ros_scenario_runner' with type 'ros.ament_python' and name 'carla_ros_scenario_runner'
[0.283s] Level 1:colcon.colcon_core.package_identification:_identify(src/carla_ros_scenario_runner_types) by extensions ['ignore', 'ignore_ament_install']
[0.283s] Level 1:colcon.colcon_core.package_identification:_identify(src/carla_ros_scenario_runner_types) by extension 'ignore'
[0.283s] Level 1:colcon.colcon_core.package_identification:_identify(src/carla_ros_scenario_runner_types) by extension 'ignore_ament_install'
[0.283s] Level 1:colcon.colcon_core.package_identification:_identify(src/carla_ros_scenario_runner_types) by extensions ['colcon_pkg']
[0.283s] Level 1:colcon.colcon_core.package_identification:_identify(src/carla_ros_scenario_runner_types) by extension 'colcon_pkg'
[0.283s] Level 1:colcon.colcon_core.package_identification:_identify(src/carla_ros_scenario_runner_types) by extensions ['colcon_meta']
[0.283s] Level 1:colcon.colcon_core.package_identification:_identify(src/carla_ros_scenario_runner_types) by extension 'colcon_meta'
[0.283s] Level 1:colcon.colcon_core.package_identification:_identify(src/carla_ros_scenario_runner_types) by extensions ['ros']
[0.283s] Level 1:colcon.colcon_core.package_identification:_identify(src/carla_ros_scenario_runner_types) by extension 'ros'
[0.286s] DEBUG:colcon.colcon_core.package_identification:Package 'src/carla_ros_scenario_runner_types' with type 'ros.ament_cmake' and name 'carla_ros_scenario_runner_types'
[0.286s] Level 1:colcon.colcon_core.package_identification:_identify(src/carla_spawn_objects) by extensions ['ignore', 'ignore_ament_install']
[0.286s] Level 1:colcon.colcon_core.package_identification:_identify(src/carla_spawn_objects) by extension 'ignore'
[0.286s] Level 1:colcon.colcon_core.package_identification:_identify(src/carla_spawn_objects) by extension 'ignore_ament_install'
[0.286s] Level 1:colcon.colcon_core.package_identification:_identify(src/carla_spawn_objects) by extensions ['colcon_pkg']
[0.286s] Level 1:colcon.colcon_core.package_identification:_identify(src/carla_spawn_objects) by extension 'colcon_pkg'
[0.286s] Level 1:colcon.colcon_core.package_identification:_identify(src/carla_spawn_objects) by extensions ['colcon_meta']
[0.286s] Level 1:colcon.colcon_core.package_identification:_identify(src/carla_spawn_objects) by extension 'colcon_meta'
[0.286s] Level 1:colcon.colcon_core.package_identification:_identify(src/carla_spawn_objects) by extensions ['ros']
[0.286s] Level 1:colcon.colcon_core.package_identification:_identify(src/carla_spawn_objects) by extension 'ros'
[0.288s] DEBUG:colcon.colcon_core.package_identification:Package 'src/carla_spawn_objects' with type 'ros.ament_python' and name 'carla_spawn_objects'
[0.288s] Level 1:colcon.colcon_core.package_identification:_identify(src/carla_twist_to_control) by extensions ['ignore', 'ignore_ament_install']
[0.288s] Level 1:colcon.colcon_core.package_identification:_identify(src/carla_twist_to_control) by extension 'ignore'
[0.288s] Level 1:colcon.colcon_core.package_identification:_identify(src/carla_twist_to_control) by extension 'ignore_ament_install'
[0.288s] Level 1:colcon.colcon_core.package_identification:_identify(src/carla_twist_to_control) by extensions ['colcon_pkg']
[0.288s] Level 1:colcon.colcon_core.package_identification:_identify(src/carla_twist_to_control) by extension 'colcon_pkg'
[0.288s] Level 1:colcon.colcon_core.package_identification:_identify(src/carla_twist_to_control) by extensions ['colcon_meta']
[0.288s] Level 1:colcon.colcon_core.package_identification:_identify(src/carla_twist_to_control) by extension 'colcon_meta'
[0.288s] Level 1:colcon.colcon_core.package_identification:_identify(src/carla_twist_to_control) by extensions ['ros']
[0.288s] Level 1:colcon.colcon_core.package_identification:_identify(src/carla_twist_to_control) by extension 'ros'
[0.291s] DEBUG:colcon.colcon_core.package_identification:Package 'src/carla_twist_to_control' with type 'ros.ament_python' and name 'carla_twist_to_control'
[0.291s] Level 1:colcon.colcon_core.package_identification:_identify(src/carla_walker_agent) by extensions ['ignore', 'ignore_ament_install']
[0.291s] Level 1:colcon.colcon_core.package_identification:_identify(src/carla_walker_agent) by extension 'ignore'
[0.291s] Level 1:colcon.colcon_core.package_identification:_identify(src/carla_walker_agent) by extension 'ignore_ament_install'
[0.291s] Level 1:colcon.colcon_core.package_identification:_identify(src/carla_walker_agent) by extensions ['colcon_pkg']
[0.291s] Level 1:colcon.colcon_core.package_identification:_identify(src/carla_walker_agent) by extension 'colcon_pkg'
[0.291s] Level 1:colcon.colcon_core.package_identification:_identify(src/carla_walker_agent) by extensions ['colcon_meta']
[0.291s] Level 1:colcon.colcon_core.package_identification:_identify(src/carla_walker_agent) by extension 'colcon_meta'
[0.291s] Level 1:colcon.colcon_core.package_identification:_identify(src/carla_walker_agent) by extensions ['ros']
[0.291s] Level 1:colcon.colcon_core.package_identification:_identify(src/carla_walker_agent) by extension 'ros'
[0.293s] DEBUG:colcon.colcon_core.package_identification:Package 'src/carla_walker_agent' with type 'ros.ament_python' and name 'carla_walker_agent'
[0.293s] Level 1:colcon.colcon_core.package_identification:_identify(src/carla_waypoint_publisher) by extensions ['ignore', 'ignore_ament_install']
[0.293s] Level 1:colcon.colcon_core.package_identification:_identify(src/carla_waypoint_publisher) by extension 'ignore'
[0.293s] Level 1:colcon.colcon_core.package_identification:_identify(src/carla_waypoint_publisher) by extension 'ignore_ament_install'
[0.293s] Level 1:colcon.colcon_core.package_identification:_identify(src/carla_waypoint_publisher) by extensions ['colcon_pkg']
[0.293s] Level 1:colcon.colcon_core.package_identification:_identify(src/carla_waypoint_publisher) by extension 'colcon_pkg'
[0.293s] Level 1:colcon.colcon_core.package_identification:_identify(src/carla_waypoint_publisher) by extensions ['colcon_meta']
[0.293s] Level 1:colcon.colcon_core.package_identification:_identify(src/carla_waypoint_publisher) by extension 'colcon_meta'
[0.294s] Level 1:colcon.colcon_core.package_identification:_identify(src/carla_waypoint_publisher) by extensions ['ros']
[0.294s] Level 1:colcon.colcon_core.package_identification:_identify(src/carla_waypoint_publisher) by extension 'ros'
[0.295s] DEBUG:colcon.colcon_core.package_identification:Package 'src/carla_waypoint_publisher' with type 'ros.ament_python' and name 'carla_waypoint_publisher'
[0.295s] Level 1:colcon.colcon_core.package_identification:_identify(src/carla_waypoint_types) by extensions ['ignore', 'ignore_ament_install']
[0.295s] Level 1:colcon.colcon_core.package_identification:_identify(src/carla_waypoint_types) by extension 'ignore'
[0.295s] Level 1:colcon.colcon_core.package_identification:_identify(src/carla_waypoint_types) by extension 'ignore_ament_install'
[0.295s] Level 1:colcon.colcon_core.package_identification:_identify(src/carla_waypoint_types) by extensions ['colcon_pkg']
[0.296s] Level 1:colcon.colcon_core.package_identification:_identify(src/carla_waypoint_types) by extension 'colcon_pkg'
[0.296s] Level 1:colcon.colcon_core.package_identification:_identify(src/carla_waypoint_types) by extensions ['colcon_meta']
[0.296s] Level 1:colcon.colcon_core.package_identification:_identify(src/carla_waypoint_types) by extension 'colcon_meta'
[0.296s] Level 1:colcon.colcon_core.package_identification:_identify(src/carla_waypoint_types) by extensions ['ros']
[0.296s] Level 1:colcon.colcon_core.package_identification:_identify(src/carla_waypoint_types) by extension 'ros'
[0.298s] DEBUG:colcon.colcon_core.package_identification:Package 'src/carla_waypoint_types' with type 'ros.ament_cmake' and name 'carla_waypoint_types'
[0.298s] Level 1:colcon.colcon_core.package_identification:_identify(src/docker) by extensions ['ignore', 'ignore_ament_install']
[0.298s] Level 1:colcon.colcon_core.package_identification:_identify(src/docker) by extension 'ignore'
[0.298s] Level 1:colcon.colcon_core.package_identification:_identify(src/docker) by extension 'ignore_ament_install'
[0.298s] Level 1:colcon.colcon_core.package_identification:_identify(src/docker) by extensions ['colcon_pkg']
[0.298s] Level 1:colcon.colcon_core.package_identification:_identify(src/docker) by extension 'colcon_pkg'
[0.298s] Level 1:colcon.colcon_core.package_identification:_identify(src/docker) by extensions ['colcon_meta']
[0.298s] Level 1:colcon.colcon_core.package_identification:_identify(src/docker) by extension 'colcon_meta'
[0.298s] Level 1:colcon.colcon_core.package_identification:_identify(src/docker) by extensions ['ros']
[0.298s] Level 1:colcon.colcon_core.package_identification:_identify(src/docker) by extension 'ros'
[0.298s] Level 1:colcon.colcon_core.package_identification:_identify(src/docker) by extensions ['cmake', 'python']
[0.298s] Level 1:colcon.colcon_core.package_identification:_identify(src/docker) by extension 'cmake'
[0.298s] Level 1:colcon.colcon_core.package_identification:_identify(src/docker) by extension 'python'
[0.298s] Level 1:colcon.colcon_core.package_identification:_identify(src/docker) by extensions ['python_setup_py']
[0.298s] Level 1:colcon.colcon_core.package_identification:_identify(src/docker) by extension 'python_setup_py'
[0.298s] Level 1:colcon.colcon_core.package_identification:_identify(src/docker/content) by extensions ['ignore', 'ignore_ament_install']
[0.298s] Level 1:colcon.colcon_core.package_identification:_identify(src/docker/content) by extension 'ignore'
[0.298s] Level 1:colcon.colcon_core.package_identification:_identify(src/docker/content) by extension 'ignore_ament_install'
[0.298s] Level 1:colcon.colcon_core.package_identification:_identify(src/docker/content) by extensions ['colcon_pkg']
[0.298s] Level 1:colcon.colcon_core.package_identification:_identify(src/docker/content) by extension 'colcon_pkg'
[0.298s] Level 1:colcon.colcon_core.package_identification:_identify(src/docker/content) by extensions ['colcon_meta']
[0.298s] Level 1:colcon.colcon_core.package_identification:_identify(src/docker/content) by extension 'colcon_meta'
[0.298s] Level 1:colcon.colcon_core.package_identification:_identify(src/docker/content) by extensions ['ros']
[0.298s] Level 1:colcon.colcon_core.package_identification:_identify(src/docker/content) by extension 'ros'
[0.298s] Level 1:colcon.colcon_core.package_identification:_identify(src/docker/content) by extensions ['cmake', 'python']
[0.298s] Level 1:colcon.colcon_core.package_identification:_identify(src/docker/content) by extension 'cmake'
[0.299s] Level 1:colcon.colcon_core.package_identification:_identify(src/docker/content) by extension 'python'
[0.299s] Level 1:colcon.colcon_core.package_identification:_identify(src/docker/content) by extensions ['python_setup_py']
[0.299s] Level 1:colcon.colcon_core.package_identification:_identify(src/docker/content) by extension 'python_setup_py'
[0.299s] Level 1:colcon.colcon_core.package_identification:_identify(src/docs) by extensions ['ignore', 'ignore_ament_install']
[0.299s] Level 1:colcon.colcon_core.package_identification:_identify(src/docs) by extension 'ignore'
[0.299s] Level 1:colcon.colcon_core.package_identification:_identify(src/docs) by extension 'ignore_ament_install'
[0.299s] Level 1:colcon.colcon_core.package_identification:_identify(src/docs) by extensions ['colcon_pkg']
[0.299s] Level 1:colcon.colcon_core.package_identification:_identify(src/docs) by extension 'colcon_pkg'
[0.299s] Level 1:colcon.colcon_core.package_identification:_identify(src/docs) by extensions ['colcon_meta']
[0.299s] Level 1:colcon.colcon_core.package_identification:_identify(src/docs) by extension 'colcon_meta'
[0.299s] Level 1:colcon.colcon_core.package_identification:_identify(src/docs) by extensions ['ros']
[0.299s] Level 1:colcon.colcon_core.package_identification:_identify(src/docs) by extension 'ros'
[0.299s] Level 1:colcon.colcon_core.package_identification:_identify(src/docs) by extensions ['cmake', 'python']
[0.299s] Level 1:colcon.colcon_core.package_identification:_identify(src/docs) by extension 'cmake'
[0.299s] Level 1:colcon.colcon_core.package_identification:_identify(src/docs) by extension 'python'
[0.299s] Level 1:colcon.colcon_core.package_identification:_identify(src/docs) by extensions ['python_setup_py']
[0.299s] Level 1:colcon.colcon_core.package_identification:_identify(src/docs) by extension 'python_setup_py'
[0.299s] Level 1:colcon.colcon_core.package_identification:_identify(src/docs/images) by extensions ['ignore', 'ignore_ament_install']
[0.299s] Level 1:colcon.colcon_core.package_identification:_identify(src/docs/images) by extension 'ignore'
[0.299s] Level 1:colcon.colcon_core.package_identification:_identify(src/docs/images) by extension 'ignore_ament_install'
[0.299s] Level 1:colcon.colcon_core.package_identification:_identify(src/docs/images) by extensions ['colcon_pkg']
[0.299s] Level 1:colcon.colcon_core.package_identification:_identify(src/docs/images) by extension 'colcon_pkg'
[0.299s] Level 1:colcon.colcon_core.package_identification:_identify(src/docs/images) by extensions ['colcon_meta']
[0.299s] Level 1:colcon.colcon_core.package_identification:_identify(src/docs/images) by extension 'colcon_meta'
[0.299s] Level 1:colcon.colcon_core.package_identification:_identify(src/docs/images) by extensions ['ros']
[0.299s] Level 1:colcon.colcon_core.package_identification:_identify(src/docs/images) by extension 'ros'
[0.299s] Level 1:colcon.colcon_core.package_identification:_identify(src/docs/images) by extensions ['cmake', 'python']
[0.299s] Level 1:colcon.colcon_core.package_identification:_identify(src/docs/images) by extension 'cmake'
[0.299s] Level 1:colcon.colcon_core.package_identification:_identify(src/docs/images) by extension 'python'
[0.299s] Level 1:colcon.colcon_core.package_identification:_identify(src/docs/images) by extensions ['python_setup_py']
[0.300s] Level 1:colcon.colcon_core.package_identification:_identify(src/docs/images) by extension 'python_setup_py'
[0.300s] Level 1:colcon.colcon_core.package_identification:_identify(src/packaging) by extensions ['ignore', 'ignore_ament_install']
[0.300s] Level 1:colcon.colcon_core.package_identification:_identify(src/packaging) by extension 'ignore'
[0.300s] Level 1:colcon.colcon_core.package_identification:_identify(src/packaging) by extension 'ignore_ament_install'
[0.300s] Level 1:colcon.colcon_core.package_identification:_identify(src/packaging) by extensions ['colcon_pkg']
[0.300s] Level 1:colcon.colcon_core.package_identification:_identify(src/packaging) by extension 'colcon_pkg'
[0.300s] Level 1:colcon.colcon_core.package_identification:_identify(src/packaging) by extensions ['colcon_meta']
[0.300s] Level 1:colcon.colcon_core.package_identification:_identify(src/packaging) by extension 'colcon_meta'
[0.300s] Level 1:colcon.colcon_core.package_identification:_identify(src/packaging) by extensions ['ros']
[0.300s] Level 1:colcon.colcon_core.package_identification:_identify(src/packaging) by extension 'ros'
[0.300s] Level 1:colcon.colcon_core.package_identification:_identify(src/packaging) by extensions ['cmake', 'python']
[0.300s] Level 1:colcon.colcon_core.package_identification:_identify(src/packaging) by extension 'cmake'
[0.300s] Level 1:colcon.colcon_core.package_identification:_identify(src/packaging) by extension 'python'
[0.300s] Level 1:colcon.colcon_core.package_identification:_identify(src/packaging) by extensions ['python_setup_py']
[0.300s] Level 1:colcon.colcon_core.package_identification:_identify(src/packaging) by extension 'python_setup_py'
[0.300s] Level 1:colcon.colcon_core.package_identification:_identify(src/packaging/debian) by extensions ['ignore', 'ignore_ament_install']
[0.300s] Level 1:colcon.colcon_core.package_identification:_identify(src/packaging/debian) by extension 'ignore'
[0.300s] Level 1:colcon.colcon_core.package_identification:_identify(src/packaging/debian) by extension 'ignore_ament_install'
[0.300s] Level 1:colcon.colcon_core.package_identification:_identify(src/packaging/debian) by extensions ['colcon_pkg']
[0.300s] Level 1:colcon.colcon_core.package_identification:_identify(src/packaging/debian) by extension 'colcon_pkg'
[0.300s] Level 1:colcon.colcon_core.package_identification:_identify(src/packaging/debian) by extensions ['colcon_meta']
[0.300s] Level 1:colcon.colcon_core.package_identification:_identify(src/packaging/debian) by extension 'colcon_meta'
[0.300s] Level 1:colcon.colcon_core.package_identification:_identify(src/packaging/debian) by extensions ['ros']
[0.300s] Level 1:colcon.colcon_core.package_identification:_identify(src/packaging/debian) by extension 'ros'
[0.300s] Level 1:colcon.colcon_core.package_identification:_identify(src/packaging/debian) by extensions ['cmake', 'python']
[0.300s] Level 1:colcon.colcon_core.package_identification:_identify(src/packaging/debian) by extension 'cmake'
[0.300s] Level 1:colcon.colcon_core.package_identification:_identify(src/packaging/debian) by extension 'python'
[0.300s] Level 1:colcon.colcon_core.package_identification:_identify(src/packaging/debian) by extensions ['python_setup_py']
[0.300s] Level 1:colcon.colcon_core.package_identification:_identify(src/packaging/debian) by extension 'python_setup_py'
[0.301s] Level 1:colcon.colcon_core.package_identification:_identify(src/packaging/debian/source) by extensions ['ignore', 'ignore_ament_install']
[0.301s] Level 1:colcon.colcon_core.package_identification:_identify(src/packaging/debian/source) by extension 'ignore'
[0.301s] Level 1:colcon.colcon_core.package_identification:_identify(src/packaging/debian/source) by extension 'ignore_ament_install'
[0.301s] Level 1:colcon.colcon_core.package_identification:_identify(src/packaging/debian/source) by extensions ['colcon_pkg']
[0.301s] Level 1:colcon.colcon_core.package_identification:_identify(src/packaging/debian/source) by extension 'colcon_pkg'
[0.301s] Level 1:colcon.colcon_core.package_identification:_identify(src/packaging/debian/source) by extensions ['colcon_meta']
[0.301s] Level 1:colcon.colcon_core.package_identification:_identify(src/packaging/debian/source) by extension 'colcon_meta'
[0.301s] Level 1:colcon.colcon_core.package_identification:_identify(src/packaging/debian/source) by extensions ['ros']
[0.301s] Level 1:colcon.colcon_core.package_identification:_identify(src/packaging/debian/source) by extension 'ros'
[0.301s] Level 1:colcon.colcon_core.package_identification:_identify(src/packaging/debian/source) by extensions ['cmake', 'python']
[0.301s] Level 1:colcon.colcon_core.package_identification:_identify(src/packaging/debian/source) by extension 'cmake'
[0.301s] Level 1:colcon.colcon_core.package_identification:_identify(src/packaging/debian/source) by extension 'python'
[0.301s] Level 1:colcon.colcon_core.package_identification:_identify(src/packaging/debian/source) by extensions ['python_setup_py']
[0.301s] Level 1:colcon.colcon_core.package_identification:_identify(src/packaging/debian/source) by extension 'python_setup_py'
[0.301s] Level 1:colcon.colcon_core.package_identification:_identify(src/pcl_recorder) by extensions ['ignore', 'ignore_ament_install']
[0.301s] Level 1:colcon.colcon_core.package_identification:_identify(src/pcl_recorder) by extension 'ignore'
[0.301s] Level 1:colcon.colcon_core.package_identification:_identify(src/pcl_recorder) by extension 'ignore_ament_install'
[0.301s] Level 1:colcon.colcon_core.package_identification:_identify(src/pcl_recorder) by extensions ['colcon_pkg']
[0.301s] Level 1:colcon.colcon_core.package_identification:_identify(src/pcl_recorder) by extension 'colcon_pkg'
[0.301s] Level 1:colcon.colcon_core.package_identification:_identify(src/pcl_recorder) by extensions ['colcon_meta']
[0.301s] Level 1:colcon.colcon_core.package_identification:_identify(src/pcl_recorder) by extension 'colcon_meta'
[0.301s] Level 1:colcon.colcon_core.package_identification:_identify(src/pcl_recorder) by extensions ['ros']
[0.301s] Level 1:colcon.colcon_core.package_identification:_identify(src/pcl_recorder) by extension 'ros'
[0.304s] DEBUG:colcon.colcon_core.package_identification:Package 'src/pcl_recorder' with type 'ros.ament_cmake' and name 'pcl_recorder'
[0.304s] Level 1:colcon.colcon_core.package_identification:_identify(src/ros_compatibility) by extensions ['ignore', 'ignore_ament_install']
[0.304s] Level 1:colcon.colcon_core.package_identification:_identify(src/ros_compatibility) by extension 'ignore'
[0.304s] Level 1:colcon.colcon_core.package_identification:_identify(src/ros_compatibility) by extension 'ignore_ament_install'
[0.304s] Level 1:colcon.colcon_core.package_identification:_identify(src/ros_compatibility) by extensions ['colcon_pkg']
[0.304s] Level 1:colcon.colcon_core.package_identification:_identify(src/ros_compatibility) by extension 'colcon_pkg'
[0.304s] Level 1:colcon.colcon_core.package_identification:_identify(src/ros_compatibility) by extensions ['colcon_meta']
[0.304s] Level 1:colcon.colcon_core.package_identification:_identify(src/ros_compatibility) by extension 'colcon_meta'
[0.304s] Level 1:colcon.colcon_core.package_identification:_identify(src/ros_compatibility) by extensions ['ros']
[0.304s] Level 1:colcon.colcon_core.package_identification:_identify(src/ros_compatibility) by extension 'ros'
[0.307s] DEBUG:colcon.colcon_core.package_identification:Package 'src/ros_compatibility' with type 'ros.ament_python' and name 'ros_compatibility'
[0.307s] Level 1:colcon.colcon_core.package_identification:_identify(src/rqt_carla_control) by extensions ['ignore', 'ignore_ament_install']
[0.307s] Level 1:colcon.colcon_core.package_identification:_identify(src/rqt_carla_control) by extension 'ignore'
[0.307s] Level 1:colcon.colcon_core.package_identification:_identify(src/rqt_carla_control) by extension 'ignore_ament_install'
[0.307s] Level 1:colcon.colcon_core.package_identification:_identify(src/rqt_carla_control) by extensions ['colcon_pkg']
[0.307s] Level 1:colcon.colcon_core.package_identification:_identify(src/rqt_carla_control) by extension 'colcon_pkg'
[0.307s] Level 1:colcon.colcon_core.package_identification:_identify(src/rqt_carla_control) by extensions ['colcon_meta']
[0.307s] Level 1:colcon.colcon_core.package_identification:_identify(src/rqt_carla_control) by extension 'colcon_meta'
[0.307s] Level 1:colcon.colcon_core.package_identification:_identify(src/rqt_carla_control) by extensions ['ros']
[0.307s] Level 1:colcon.colcon_core.package_identification:_identify(src/rqt_carla_control) by extension 'ros'
[0.308s] DEBUG:colcon.colcon_core.package_identification:Package 'src/rqt_carla_control' with type 'ros.ament_python' and name 'rqt_carla_control'
[0.308s] Level 1:colcon.colcon_core.package_identification:_identify(src/rviz_carla_plugin) by extensions ['ignore', 'ignore_ament_install']
[0.309s] Level 1:colcon.colcon_core.package_identification:_identify(src/rviz_carla_plugin) by extension 'ignore'
[0.309s] Level 1:colcon.colcon_core.package_identification:_identify(src/rviz_carla_plugin) by extension 'ignore_ament_install'
[0.309s] Level 1:colcon.colcon_core.package_identification:_identify(src/rviz_carla_plugin) by extensions ['colcon_pkg']
[0.309s] Level 1:colcon.colcon_core.package_identification:_identify(src/rviz_carla_plugin) by extension 'colcon_pkg'
[0.309s] Level 1:colcon.colcon_core.package_identification:_identify(src/rviz_carla_plugin) by extensions ['colcon_meta']
[0.309s] Level 1:colcon.colcon_core.package_identification:_identify(src/rviz_carla_plugin) by extension 'colcon_meta'
[0.309s] Level 1:colcon.colcon_core.package_identification:_identify(src/rviz_carla_plugin) by extensions ['ros']
[0.309s] Level 1:colcon.colcon_core.package_identification:_identify(src/rviz_carla_plugin) by extension 'ros'
[0.311s] DEBUG:colcon.colcon_core.package_identification:Package 'src/rviz_carla_plugin' with type 'ros.ament_cmake' and name 'rviz_carla_plugin'
[0.311s] Level 1:colcon.colcon_core.package_discovery:discover_packages(recursive) using defaults
[0.311s] Level 1:colcon.colcon_core.package_discovery:discover_packages(ignore) discover
[0.311s] Level 1:colcon.colcon_core.package_discovery:discover_packages(ignore) using defaults
[0.311s] Level 1:colcon.colcon_core.package_discovery:discover_packages(path) discover
[0.311s] Level 1:colcon.colcon_core.package_discovery:discover_packages(path) using defaults
[0.329s] Level 1:colcon.colcon_core.package_discovery:discover_packages(prefix_path) check parameters
[0.329s] Level 1:colcon.colcon_core.package_discovery:discover_packages(prefix_path) discover
[0.330s] WARNING:colcon.colcon_ros.prefix_path.ament:The path '/home/daniel/code/2025-phd-daniel-guerrero/ros-bridge/install/carla_ad_demo' in the environment variable AMENT_PREFIX_PATH doesn't exist
[0.330s] WARNING:colcon.colcon_ros.prefix_path.ament:The path '/home/daniel/code/2025-phd-daniel-guerrero/ros-bridge/install/rviz_carla_plugin' in the environment variable AMENT_PREFIX_PATH doesn't exist
[0.330s] WARNING:colcon.colcon_ros.prefix_path.ament:The path '/home/daniel/code/2025-phd-daniel-guerrero/ros-bridge/install/rqt_carla_control' in the environment variable AMENT_PREFIX_PATH doesn't exist
[0.330s] WARNING:colcon.colcon_ros.prefix_path.ament:The path '/home/daniel/code/2025-phd-daniel-guerrero/ros-bridge/install/pcl_recorder' in the environment variable AMENT_PREFIX_PATH doesn't exist
[0.330s] WARNING:colcon.colcon_ros.prefix_path.ament:The path '/home/daniel/code/2025-phd-daniel-guerrero/ros-bridge/install/carla_waypoint_publisher' in the environment variable AMENT_PREFIX_PATH doesn't exist
[0.330s] WARNING:colcon.colcon_ros.prefix_path.ament:The path '/home/daniel/code/2025-phd-daniel-guerrero/ros-bridge/install/carla_ackermann_control' in the environment variable AMENT_PREFIX_PATH doesn't exist
[0.330s] WARNING:colcon.colcon_ros.prefix_path.ament:The path '/home/daniel/code/2025-phd-daniel-guerrero/ros-bridge/install/carla_ros_bridge' in the environment variable AMENT_PREFIX_PATH doesn't exist
[0.330s] WARNING:colcon.colcon_ros.prefix_path.ament:The path '/home/daniel/code/2025-phd-daniel-guerrero/ros-bridge/install/carla_spawn_objects' in the environment variable AMENT_PREFIX_PATH doesn't exist
[0.330s] WARNING:colcon.colcon_ros.prefix_path.ament:The path '/home/daniel/code/2025-phd-daniel-guerrero/ros-bridge/install/carla_manual_control' in the environment variable AMENT_PREFIX_PATH doesn't exist
[0.330s] WARNING:colcon.colcon_ros.prefix_path.ament:The path '/home/daniel/code/2025-phd-daniel-guerrero/ros-bridge/install/carla_ad_agent' in the environment variable AMENT_PREFIX_PATH doesn't exist
[0.330s] WARNING:colcon.colcon_ros.prefix_path.ament:The path '/home/daniel/code/2025-phd-daniel-guerrero/ros-bridge/install/ros_compatibility' in the environment variable AMENT_PREFIX_PATH doesn't exist
[0.330s] WARNING:colcon.colcon_ros.prefix_path.ament:The path '/home/daniel/code/2025-phd-daniel-guerrero/ros-bridge/install/carla_waypoint_types' in the environment variable AMENT_PREFIX_PATH doesn't exist
[0.330s] WARNING:colcon.colcon_ros.prefix_path.ament:The path '/home/daniel/code/2025-phd-daniel-guerrero/ros-bridge/install/carla_walker_agent' in the environment variable AMENT_PREFIX_PATH doesn't exist
[0.330s] WARNING:colcon.colcon_ros.prefix_path.ament:The path '/home/daniel/code/2025-phd-daniel-guerrero/ros-bridge/install/carla_twist_to_control' in the environment variable AMENT_PREFIX_PATH doesn't exist
[0.330s] WARNING:colcon.colcon_ros.prefix_path.ament:The path '/home/daniel/code/2025-phd-daniel-guerrero/ros-bridge/install/carla_ros_scenario_runner' in the environment variable AMENT_PREFIX_PATH doesn't exist
[0.330s] WARNING:colcon.colcon_ros.prefix_path.ament:The path '/home/daniel/code/2025-phd-daniel-guerrero/ros-bridge/install/carla_ros_scenario_runner_types' in the environment variable AMENT_PREFIX_PATH doesn't exist
[0.330s] WARNING:colcon.colcon_ros.prefix_path.ament:The path '/home/daniel/code/2025-phd-daniel-guerrero/ros-bridge/install/carla_ackermann_msgs' in the environment variable AMENT_PREFIX_PATH doesn't exist
[0.330s] WARNING:colcon.colcon_ros.prefix_path.ament:The path '/home/daniel/code/2025-phd-daniel-guerrero/ros-bridge/install/carla_msgs' in the environment variable AMENT_PREFIX_PATH doesn't exist
[0.330s] WARNING:colcon.colcon_ros.prefix_path.ament:The path '/home/daniel/code/2025-phd-daniel-guerrero/ros-bridge/install/carla_common' in the environment variable AMENT_PREFIX_PATH doesn't exist
[0.331s] WARNING:colcon.colcon_ros.prefix_path.catkin:The path '/home/daniel/code/2025-phd-daniel-guerrero/ros-bridge/install/carla_ad_demo' in the environment variable CMAKE_PREFIX_PATH doesn't exist
[0.331s] WARNING:colcon.colcon_ros.prefix_path.catkin:The path '/home/daniel/code/2025-phd-daniel-guerrero/ros-bridge/install/rviz_carla_plugin' in the environment variable CMAKE_PREFIX_PATH doesn't exist
[0.331s] WARNING:colcon.colcon_ros.prefix_path.catkin:The path '/home/daniel/code/2025-phd-daniel-guerrero/ros-bridge/install/pcl_recorder' in the environment variable CMAKE_PREFIX_PATH doesn't exist
[0.331s] WARNING:colcon.colcon_ros.prefix_path.catkin:The path '/home/daniel/code/2025-phd-daniel-guerrero/ros-bridge/install/carla_waypoint_types' in the environment variable CMAKE_PREFIX_PATH doesn't exist
[0.331s] WARNING:colcon.colcon_ros.prefix_path.catkin:The path '/home/daniel/code/2025-phd-daniel-guerrero/ros-bridge/install/carla_ros_scenario_runner_types' in the environment variable CMAKE_PREFIX_PATH doesn't exist
[0.331s] WARNING:colcon.colcon_ros.prefix_path.catkin:The path '/home/daniel/code/2025-phd-daniel-guerrero/ros-bridge/install/carla_ackermann_msgs' in the environment variable CMAKE_PREFIX_PATH doesn't exist
[0.331s] WARNING:colcon.colcon_ros.prefix_path.catkin:The path '/home/daniel/code/2025-phd-daniel-guerrero/ros-bridge/install/carla_msgs' in the environment variable CMAKE_PREFIX_PATH doesn't exist
[0.332s] DEBUG:colcon.colcon_installed_package_information.package_discovery:Found 0 installed packages in /home/daniel/code/2025-phd-daniel-guerrero/ros-bridge/install
[0.332s] DEBUG:colcon.colcon_installed_package_information.package_discovery:Found 17 installed packages in /home/daniel/carla-ros-bridge/install
[0.333s] DEBUG:colcon.colcon_installed_package_information.package_discovery:Found 279 installed packages in /opt/ros/humble
[0.334s] Level 1:colcon.colcon_core.package_discovery:discover_packages(prefix_path) using defaults
[0.361s] Level 5:colcon.colcon_core.verb:set package 'carla_common' build argument 'cmake_args' from command line to 'None'
[0.361s] Level 5:colcon.colcon_core.verb:set package 'carla_common' build argument 'cmake_target' from command line to 'None'
[0.361s] Level 5:colcon.colcon_core.verb:set package 'carla_common' build argument 'cmake_target_skip_unavailable' from command line to 'False'
[0.361s] Level 5:colcon.colcon_core.verb:set package 'carla_common' build argument 'cmake_clean_cache' from command line to 'False'
[0.361s] Level 5:colcon.colcon_core.verb:set package 'carla_common' build argument 'cmake_clean_first' from command line to 'False'
[0.361s] Level 5:colcon.colcon_core.verb:set package 'carla_common' build argument 'cmake_force_configure' from command line to 'False'
[0.361s] Level 5:colcon.colcon_core.verb:set package 'carla_common' build argument 'ament_cmake_args' from command line to 'None'
[0.361s] Level 5:colcon.colcon_core.verb:set package 'carla_common' build argument 'catkin_cmake_args' from command line to 'None'
[0.361s] Level 5:colcon.colcon_core.verb:set package 'carla_common' build argument 'catkin_skip_building_tests' from command line to 'False'
[0.362s] DEBUG:colcon.colcon_core.verb:Building package 'carla_common' with the following arguments: {'ament_cmake_args': None, 'build_base': '/home/daniel/code/2025-phd-daniel-guerrero/ros-bridge/build/carla_common', 'catkin_cmake_args': None, 'catkin_skip_building_tests': False, 'cmake_args': None, 'cmake_clean_cache': False, 'cmake_clean_first': False, 'cmake_force_configure': False, 'cmake_target': None, 'cmake_target_skip_unavailable': False, 'install_base': '/home/daniel/code/2025-phd-daniel-guerrero/ros-bridge/install/carla_common', 'merge_install': False, 'path': '/home/daniel/code/2025-phd-daniel-guerrero/ros-bridge/src/carla_common', 'symlink_install': True, 'test_result_base': None}
[0.362s] Level 5:colcon.colcon_core.verb:set package 'carla_msgs' build argument 'cmake_args' from command line to 'None'
[0.362s] Level 5:colcon.colcon_core.verb:set package 'carla_msgs' build argument 'cmake_target' from command line to 'None'
[0.362s] Level 5:colcon.colcon_core.verb:set package 'carla_msgs' build argument 'cmake_target_skip_unavailable' from command line to 'False'
[0.362s] Level 5:colcon.colcon_core.verb:set package 'carla_msgs' build argument 'cmake_clean_cache' from command line to 'False'
[0.362s] Level 5:colcon.colcon_core.verb:set package 'carla_msgs' build argument 'cmake_clean_first' from command line to 'False'
[0.362s] Level 5:colcon.colcon_core.verb:set package 'carla_msgs' build argument 'cmake_force_configure' from command line to 'False'
[0.362s] Level 5:colcon.colcon_core.verb:set package 'carla_msgs' build argument 'ament_cmake_args' from command line to 'None'
[0.362s] Level 5:colcon.colcon_core.verb:set package 'carla_msgs' build argument 'catkin_cmake_args' from command line to 'None'
[0.362s] Level 5:colcon.colcon_core.verb:set package 'carla_msgs' build argument 'catkin_skip_building_tests' from command line to 'False'
[0.362s] DEBUG:colcon.colcon_core.verb:Building package 'carla_msgs' with the following arguments: {'ament_cmake_args': None, 'build_base': '/home/daniel/code/2025-phd-daniel-guerrero/ros-bridge/build/carla_msgs', 'catkin_cmake_args': None, 'catkin_skip_building_tests': False, 'cmake_args': None, 'cmake_clean_cache': False, 'cmake_clean_first': False, 'cmake_force_configure': False, 'cmake_target': None, 'cmake_target_skip_unavailable': False, 'install_base': '/home/daniel/code/2025-phd-daniel-guerrero/ros-bridge/install/carla_msgs', 'merge_install': False, 'path': '/home/daniel/code/2025-phd-daniel-guerrero/ros-bridge/src/carla_msgs', 'symlink_install': True, 'test_result_base': None}
[0.362s] Level 5:colcon.colcon_core.verb:set package 'carla_ros_scenario_runner_types' build argument 'cmake_args' from command line to 'None'
[0.362s] Level 5:colcon.colcon_core.verb:set package 'carla_ros_scenario_runner_types' build argument 'cmake_target' from command line to 'None'
[0.362s] Level 5:colcon.colcon_core.verb:set package 'carla_ros_scenario_runner_types' build argument 'cmake_target_skip_unavailable' from command line to 'False'
[0.362s] Level 5:colcon.colcon_core.verb:set package 'carla_ros_scenario_runner_types' build argument 'cmake_clean_cache' from command line to 'False'
[0.362s] Level 5:colcon.colcon_core.verb:set package 'carla_ros_scenario_runner_types' build argument 'cmake_clean_first' from command line to 'False'
[0.362s] Level 5:colcon.colcon_core.verb:set package 'carla_ros_scenario_runner_types' build argument 'cmake_force_configure' from command line to 'False'
[0.362s] Level 5:colcon.colcon_core.verb:set package 'carla_ros_scenario_runner_types' build argument 'ament_cmake_args' from command line to 'None'
[0.362s] Level 5:colcon.colcon_core.verb:set package 'carla_ros_scenario_runner_types' build argument 'catkin_cmake_args' from command line to 'None'
[0.362s] Level 5:colcon.colcon_core.verb:set package 'carla_ros_scenario_runner_types' build argument 'catkin_skip_building_tests' from command line to 'False'
[0.362s] DEBUG:colcon.colcon_core.verb:Building package 'carla_ros_scenario_runner_types' with the following arguments: {'ament_cmake_args': None, 'build_base': '/home/daniel/code/2025-phd-daniel-guerrero/ros-bridge/build/carla_ros_scenario_runner_types', 'catkin_cmake_args': None, 'catkin_skip_building_tests': False, 'cmake_args': None, 'cmake_clean_cache': False, 'cmake_clean_first': False, 'cmake_force_configure': False, 'cmake_target': None, 'cmake_target_skip_unavailable': False, 'install_base': '/home/daniel/code/2025-phd-daniel-guerrero/ros-bridge/install/carla_ros_scenario_runner_types', 'merge_install': False, 'path': '/home/daniel/code/2025-phd-daniel-guerrero/ros-bridge/src/carla_ros_scenario_runner_types', 'symlink_install': True, 'test_result_base': None}
[0.363s] Level 5:colcon.colcon_core.verb:set package 'carla_twist_to_control' build argument 'cmake_args' from command line to 'None'
[0.363s] Level 5:colcon.colcon_core.verb:set package 'carla_twist_to_control' build argument 'cmake_target' from command line to 'None'
[0.363s] Level 5:colcon.colcon_core.verb:set package 'carla_twist_to_control' build argument 'cmake_target_skip_unavailable' from command line to 'False'
[0.363s] Level 5:colcon.colcon_core.verb:set package 'carla_twist_to_control' build argument 'cmake_clean_cache' from command line to 'False'
[0.363s] Level 5:colcon.colcon_core.verb:set package 'carla_twist_to_control' build argument 'cmake_clean_first' from command line to 'False'
[0.363s] Level 5:colcon.colcon_core.verb:set package 'carla_twist_to_control' build argument 'cmake_force_configure' from command line to 'False'
[0.363s] Level 5:colcon.colcon_core.verb:set package 'carla_twist_to_control' build argument 'ament_cmake_args' from command line to 'None'
[0.363s] Level 5:colcon.colcon_core.verb:set package 'carla_twist_to_control' build argument 'catkin_cmake_args' from command line to 'None'
[0.363s] Level 5:colcon.colcon_core.verb:set package 'carla_twist_to_control' build argument 'catkin_skip_building_tests' from command line to 'False'
[0.363s] DEBUG:colcon.colcon_core.verb:Building package 'carla_twist_to_control' with the following arguments: {'ament_cmake_args': None, 'build_base': '/home/daniel/code/2025-phd-daniel-guerrero/ros-bridge/build/carla_twist_to_control', 'catkin_cmake_args': None, 'catkin_skip_building_tests': False, 'cmake_args': None, 'cmake_clean_cache': False, 'cmake_clean_first': False, 'cmake_force_configure': False, 'cmake_target': None, 'cmake_target_skip_unavailable': False, 'install_base': '/home/daniel/code/2025-phd-daniel-guerrero/ros-bridge/install/carla_twist_to_control', 'merge_install': False, 'path': '/home/daniel/code/2025-phd-daniel-guerrero/ros-bridge/src/carla_twist_to_control', 'symlink_install': True, 'test_result_base': None}
[0.363s] Level 5:colcon.colcon_core.verb:set package 'carla_waypoint_types' build argument 'cmake_args' from command line to 'None'
[0.363s] Level 5:colcon.colcon_core.verb:set package 'carla_waypoint_types' build argument 'cmake_target' from command line to 'None'
[0.363s] Level 5:colcon.colcon_core.verb:set package 'carla_waypoint_types' build argument 'cmake_target_skip_unavailable' from command line to 'False'
[0.363s] Level 5:colcon.colcon_core.verb:set package 'carla_waypoint_types' build argument 'cmake_clean_cache' from command line to 'False'
[0.363s] Level 5:colcon.colcon_core.verb:set package 'carla_waypoint_types' build argument 'cmake_clean_first' from command line to 'False'
[0.363s] Level 5:colcon.colcon_core.verb:set package 'carla_waypoint_types' build argument 'cmake_force_configure' from command line to 'False'
[0.363s] Level 5:colcon.colcon_core.verb:set package 'carla_waypoint_types' build argument 'ament_cmake_args' from command line to 'None'
[0.363s] Level 5:colcon.colcon_core.verb:set package 'carla_waypoint_types' build argument 'catkin_cmake_args' from command line to 'None'
[0.363s] Level 5:colcon.colcon_core.verb:set package 'carla_waypoint_types' build argument 'catkin_skip_building_tests' from command line to 'False'
[0.363s] DEBUG:colcon.colcon_core.verb:Building package 'carla_waypoint_types' with the following arguments: {'ament_cmake_args': None, 'build_base': '/home/daniel/code/2025-phd-daniel-guerrero/ros-bridge/build/carla_waypoint_types', 'catkin_cmake_args': None, 'catkin_skip_building_tests': False, 'cmake_args': None, 'cmake_clean_cache': False, 'cmake_clean_first': False, 'cmake_force_configure': False, 'cmake_target': None, 'cmake_target_skip_unavailable': False, 'install_base': '/home/daniel/code/2025-phd-daniel-guerrero/ros-bridge/install/carla_waypoint_types', 'merge_install': False, 'path': '/home/daniel/code/2025-phd-daniel-guerrero/ros-bridge/src/carla_waypoint_types', 'symlink_install': True, 'test_result_base': None}
[0.363s] Level 5:colcon.colcon_core.verb:set package 'ros_compatibility' build argument 'cmake_args' from command line to 'None'
[0.363s] Level 5:colcon.colcon_core.verb:set package 'ros_compatibility' build argument 'cmake_target' from command line to 'None'
[0.363s] Level 5:colcon.colcon_core.verb:set package 'ros_compatibility' build argument 'cmake_target_skip_unavailable' from command line to 'False'
[0.363s] Level 5:colcon.colcon_core.verb:set package 'ros_compatibility' build argument 'cmake_clean_cache' from command line to 'False'
[0.363s] Level 5:colcon.colcon_core.verb:set package 'ros_compatibility' build argument 'cmake_clean_first' from command line to 'False'
[0.363s] Level 5:colcon.colcon_core.verb:set package 'ros_compatibility' build argument 'cmake_force_configure' from command line to 'False'
[0.363s] Level 5:colcon.colcon_core.verb:set package 'ros_compatibility' build argument 'ament_cmake_args' from command line to 'None'
[0.363s] Level 5:colcon.colcon_core.verb:set package 'ros_compatibility' build argument 'catkin_cmake_args' from command line to 'None'
[0.363s] Level 5:colcon.colcon_core.verb:set package 'ros_compatibility' build argument 'catkin_skip_building_tests' from command line to 'False'
[0.363s] DEBUG:colcon.colcon_core.verb:Building package 'ros_compatibility' with the following arguments: {'ament_cmake_args': None, 'build_base': '/home/daniel/code/2025-phd-daniel-guerrero/ros-bridge/build/ros_compatibility', 'catkin_cmake_args': None, 'catkin_skip_building_tests': False, 'cmake_args': None, 'cmake_clean_cache': False, 'cmake_clean_first': False, 'cmake_force_configure': False, 'cmake_target': None, 'cmake_target_skip_unavailable': False, 'install_base': '/home/daniel/code/2025-phd-daniel-guerrero/ros-bridge/install/ros_compatibility', 'merge_install': False, 'path': '/home/daniel/code/2025-phd-daniel-guerrero/ros-bridge/src/ros_compatibility', 'symlink_install': True, 'test_result_base': None}
[0.364s] Level 5:colcon.colcon_core.verb:set package 'rqt_carla_control' build argument 'cmake_args' from command line to 'None'
[0.364s] Level 5:colcon.colcon_core.verb:set package 'rqt_carla_control' build argument 'cmake_target' from command line to 'None'
[0.364s] Level 5:colcon.colcon_core.verb:set package 'rqt_carla_control' build argument 'cmake_target_skip_unavailable' from command line to 'False'
[0.364s] Level 5:colcon.colcon_core.verb:set package 'rqt_carla_control' build argument 'cmake_clean_cache' from command line to 'False'
[0.364s] Level 5:colcon.colcon_core.verb:set package 'rqt_carla_control' build argument 'cmake_clean_first' from command line to 'False'
[0.364s] Level 5:colcon.colcon_core.verb:set package 'rqt_carla_control' build argument 'cmake_force_configure' from command line to 'False'
[0.364s] Level 5:colcon.colcon_core.verb:set package 'rqt_carla_control' build argument 'ament_cmake_args' from command line to 'None'
[0.364s] Level 5:colcon.colcon_core.verb:set package 'rqt_carla_control' build argument 'catkin_cmake_args' from command line to 'None'
[0.364s] Level 5:colcon.colcon_core.verb:set package 'rqt_carla_control' build argument 'catkin_skip_building_tests' from command line to 'False'
[0.364s] DEBUG:colcon.colcon_core.verb:Building package 'rqt_carla_control' with the following arguments: {'ament_cmake_args': None, 'build_base': '/home/daniel/code/2025-phd-daniel-guerrero/ros-bridge/build/rqt_carla_control', 'catkin_cmake_args': None, 'catkin_skip_building_tests': False, 'cmake_args': None, 'cmake_clean_cache': False, 'cmake_clean_first': False, 'cmake_force_configure': False, 'cmake_target': None, 'cmake_target_skip_unavailable': False, 'install_base': '/home/daniel/code/2025-phd-daniel-guerrero/ros-bridge/install/rqt_carla_control', 'merge_install': False, 'path': '/home/daniel/code/2025-phd-daniel-guerrero/ros-bridge/src/rqt_carla_control', 'symlink_install': True, 'test_result_base': None}
[0.364s] Level 5:colcon.colcon_core.verb:set package 'carla_ackermann_msgs' build argument 'cmake_args' from command line to 'None'
[0.364s] Level 5:colcon.colcon_core.verb:set package 'carla_ackermann_msgs' build argument 'cmake_target' from command line to 'None'
[0.364s] Level 5:colcon.colcon_core.verb:set package 'carla_ackermann_msgs' build argument 'cmake_target_skip_unavailable' from command line to 'False'
[0.364s] Level 5:colcon.colcon_core.verb:set package 'carla_ackermann_msgs' build argument 'cmake_clean_cache' from command line to 'False'
[0.364s] Level 5:colcon.colcon_core.verb:set package 'carla_ackermann_msgs' build argument 'cmake_clean_first' from command line to 'False'
[0.364s] Level 5:colcon.colcon_core.verb:set package 'carla_ackermann_msgs' build argument 'cmake_force_configure' from command line to 'False'
[0.364s] Level 5:colcon.colcon_core.verb:set package 'carla_ackermann_msgs' build argument 'ament_cmake_args' from command line to 'None'
[0.364s] Level 5:colcon.colcon_core.verb:set package 'carla_ackermann_msgs' build argument 'catkin_cmake_args' from command line to 'None'
[0.364s] Level 5:colcon.colcon_core.verb:set package 'carla_ackermann_msgs' build argument 'catkin_skip_building_tests' from command line to 'False'
[0.364s] DEBUG:colcon.colcon_core.verb:Building package 'carla_ackermann_msgs' with the following arguments: {'ament_cmake_args': None, 'build_base': '/home/daniel/code/2025-phd-daniel-guerrero/ros-bridge/build/carla_ackermann_msgs', 'catkin_cmake_args': None, 'catkin_skip_building_tests': False, 'cmake_args': None, 'cmake_clean_cache': False, 'cmake_clean_first': False, 'cmake_force_configure': False, 'cmake_target': None, 'cmake_target_skip_unavailable': False, 'install_base': '/home/daniel/code/2025-phd-daniel-guerrero/ros-bridge/install/carla_ackermann_msgs', 'merge_install': False, 'path': '/home/daniel/code/2025-phd-daniel-guerrero/ros-bridge/src/carla_ackermann_msgs', 'symlink_install': True, 'test_result_base': None}
[0.364s] Level 5:colcon.colcon_core.verb:set package 'carla_ad_agent' build argument 'cmake_args' from command line to 'None'
[0.365s] Level 5:colcon.colcon_core.verb:set package 'carla_ad_agent' build argument 'cmake_target' from command line to 'None'
[0.365s] Level 5:colcon.colcon_core.verb:set package 'carla_ad_agent' build argument 'cmake_target_skip_unavailable' from command line to 'False'
[0.365s] Level 5:colcon.colcon_core.verb:set package 'carla_ad_agent' build argument 'cmake_clean_cache' from command line to 'False'
[0.365s] Level 5:colcon.colcon_core.verb:set package 'carla_ad_agent' build argument 'cmake_clean_first' from command line to 'False'
[0.365s] Level 5:colcon.colcon_core.verb:set package 'carla_ad_agent' build argument 'cmake_force_configure' from command line to 'False'
[0.365s] Level 5:colcon.colcon_core.verb:set package 'carla_ad_agent' build argument 'ament_cmake_args' from command line to 'None'
[0.365s] Level 5:colcon.colcon_core.verb:set package 'carla_ad_agent' build argument 'catkin_cmake_args' from command line to 'None'
[0.365s] Level 5:colcon.colcon_core.verb:set package 'carla_ad_agent' build argument 'catkin_skip_building_tests' from command line to 'False'
[0.365s] DEBUG:colcon.colcon_core.verb:Building package 'carla_ad_agent' with the following arguments: {'ament_cmake_args': None, 'build_base': '/home/daniel/code/2025-phd-daniel-guerrero/ros-bridge/build/carla_ad_agent', 'catkin_cmake_args': None, 'catkin_skip_building_tests': False, 'cmake_args': None, 'cmake_clean_cache': False, 'cmake_clean_first': False, 'cmake_force_configure': False, 'cmake_target': None, 'cmake_target_skip_unavailable': False, 'install_base': '/home/daniel/code/2025-phd-daniel-guerrero/ros-bridge/install/carla_ad_agent', 'merge_install': False, 'path': '/home/daniel/code/2025-phd-daniel-guerrero/ros-bridge/src/carla_ad_agent', 'symlink_install': True, 'test_result_base': None}
[0.365s] Level 5:colcon.colcon_core.verb:set package 'carla_manual_control' build argument 'cmake_args' from command line to 'None'
[0.365s] Level 5:colcon.colcon_core.verb:set package 'carla_manual_control' build argument 'cmake_target' from command line to 'None'
[0.365s] Level 5:colcon.colcon_core.verb:set package 'carla_manual_control' build argument 'cmake_target_skip_unavailable' from command line to 'False'
[0.365s] Level 5:colcon.colcon_core.verb:set package 'carla_manual_control' build argument 'cmake_clean_cache' from command line to 'False'
[0.365s] Level 5:colcon.colcon_core.verb:set package 'carla_manual_control' build argument 'cmake_clean_first' from command line to 'False'
[0.365s] Level 5:colcon.colcon_core.verb:set package 'carla_manual_control' build argument 'cmake_force_configure' from command line to 'False'
[0.365s] Level 5:colcon.colcon_core.verb:set package 'carla_manual_control' build argument 'ament_cmake_args' from command line to 'None'
[0.365s] Level 5:colcon.colcon_core.verb:set package 'carla_manual_control' build argument 'catkin_cmake_args' from command line to 'None'
[0.365s] Level 5:colcon.colcon_core.verb:set package 'carla_manual_control' build argument 'catkin_skip_building_tests' from command line to 'False'
[0.365s] DEBUG:colcon.colcon_core.verb:Building package 'carla_manual_control' with the following arguments: {'ament_cmake_args': None, 'build_base': '/home/daniel/code/2025-phd-daniel-guerrero/ros-bridge/build/carla_manual_control', 'catkin_cmake_args': None, 'catkin_skip_building_tests': False, 'cmake_args': None, 'cmake_clean_cache': False, 'cmake_clean_first': False, 'cmake_force_configure': False, 'cmake_target': None, 'cmake_target_skip_unavailable': False, 'install_base': '/home/daniel/code/2025-phd-daniel-guerrero/ros-bridge/install/carla_manual_control', 'merge_install': False, 'path': '/home/daniel/code/2025-phd-daniel-guerrero/ros-bridge/src/carla_manual_control', 'symlink_install': True, 'test_result_base': None}
[0.365s] Level 5:colcon.colcon_core.verb:set package 'carla_ros_scenario_runner' build argument 'cmake_args' from command line to 'None'
[0.365s] Level 5:colcon.colcon_core.verb:set package 'carla_ros_scenario_runner' build argument 'cmake_target' from command line to 'None'
[0.365s] Level 5:colcon.colcon_core.verb:set package 'carla_ros_scenario_runner' build argument 'cmake_target_skip_unavailable' from command line to 'False'
[0.365s] Level 5:colcon.colcon_core.verb:set package 'carla_ros_scenario_runner' build argument 'cmake_clean_cache' from command line to 'False'
[0.365s] Level 5:colcon.colcon_core.verb:set package 'carla_ros_scenario_runner' build argument 'cmake_clean_first' from command line to 'False'
[0.365s] Level 5:colcon.colcon_core.verb:set package 'carla_ros_scenario_runner' build argument 'cmake_force_configure' from command line to 'False'
[0.365s] Level 5:colcon.colcon_core.verb:set package 'carla_ros_scenario_runner' build argument 'ament_cmake_args' from command line to 'None'
[0.365s] Level 5:colcon.colcon_core.verb:set package 'carla_ros_scenario_runner' build argument 'catkin_cmake_args' from command line to 'None'
[0.365s] Level 5:colcon.colcon_core.verb:set package 'carla_ros_scenario_runner' build argument 'catkin_skip_building_tests' from command line to 'False'
[0.365s] DEBUG:colcon.colcon_core.verb:Building package 'carla_ros_scenario_runner' with the following arguments: {'ament_cmake_args': None, 'build_base': '/home/daniel/code/2025-phd-daniel-guerrero/ros-bridge/build/carla_ros_scenario_runner', 'catkin_cmake_args': None, 'catkin_skip_building_tests': False, 'cmake_args': None, 'cmake_clean_cache': False, 'cmake_clean_first': False, 'cmake_force_configure': False, 'cmake_target': None, 'cmake_target_skip_unavailable': False, 'install_base': '/home/daniel/code/2025-phd-daniel-guerrero/ros-bridge/install/carla_ros_scenario_runner', 'merge_install': False, 'path': '/home/daniel/code/2025-phd-daniel-guerrero/ros-bridge/src/carla_ros_scenario_runner', 'symlink_install': True, 'test_result_base': None}
[0.366s] Level 5:colcon.colcon_core.verb:set package 'carla_spawn_objects' build argument 'cmake_args' from command line to 'None'
[0.366s] Level 5:colcon.colcon_core.verb:set package 'carla_spawn_objects' build argument 'cmake_target' from command line to 'None'
[0.366s] Level 5:colcon.colcon_core.verb:set package 'carla_spawn_objects' build argument 'cmake_target_skip_unavailable' from command line to 'False'
[0.366s] Level 5:colcon.colcon_core.verb:set package 'carla_spawn_objects' build argument 'cmake_clean_cache' from command line to 'False'
[0.366s] Level 5:colcon.colcon_core.verb:set package 'carla_spawn_objects' build argument 'cmake_clean_first' from command line to 'False'
[0.366s] Level 5:colcon.colcon_core.verb:set package 'carla_spawn_objects' build argument 'cmake_force_configure' from command line to 'False'
[0.366s] Level 5:colcon.colcon_core.verb:set package 'carla_spawn_objects' build argument 'ament_cmake_args' from command line to 'None'
[0.366s] Level 5:colcon.colcon_core.verb:set package 'carla_spawn_objects' build argument 'catkin_cmake_args' from command line to 'None'
[0.366s] Level 5:colcon.colcon_core.verb:set package 'carla_spawn_objects' build argument 'catkin_skip_building_tests' from command line to 'False'
[0.366s] DEBUG:colcon.colcon_core.verb:Building package 'carla_spawn_objects' with the following arguments: {'ament_cmake_args': None, 'build_base': '/home/daniel/code/2025-phd-daniel-guerrero/ros-bridge/build/carla_spawn_objects', 'catkin_cmake_args': None, 'catkin_skip_building_tests': False, 'cmake_args': None, 'cmake_clean_cache': False, 'cmake_clean_first': False, 'cmake_force_configure': False, 'cmake_target': None, 'cmake_target_skip_unavailable': False, 'install_base': '/home/daniel/code/2025-phd-daniel-guerrero/ros-bridge/install/carla_spawn_objects', 'merge_install': False, 'path': '/home/daniel/code/2025-phd-daniel-guerrero/ros-bridge/src/carla_spawn_objects', 'symlink_install': True, 'test_result_base': None}
[0.366s] Level 5:colcon.colcon_core.verb:set package 'carla_walker_agent' build argument 'cmake_args' from command line to 'None'
[0.366s] Level 5:colcon.colcon_core.verb:set package 'carla_walker_agent' build argument 'cmake_target' from command line to 'None'
[0.366s] Level 5:colcon.colcon_core.verb:set package 'carla_walker_agent' build argument 'cmake_target_skip_unavailable' from command line to 'False'
[0.366s] Level 5:colcon.colcon_core.verb:set package 'carla_walker_agent' build argument 'cmake_clean_cache' from command line to 'False'
[0.366s] Level 5:colcon.colcon_core.verb:set package 'carla_walker_agent' build argument 'cmake_clean_first' from command line to 'False'
[0.366s] Level 5:colcon.colcon_core.verb:set package 'carla_walker_agent' build argument 'cmake_force_configure' from command line to 'False'
[0.366s] Level 5:colcon.colcon_core.verb:set package 'carla_walker_agent' build argument 'ament_cmake_args' from command line to 'None'
[0.366s] Level 5:colcon.colcon_core.verb:set package 'carla_walker_agent' build argument 'catkin_cmake_args' from command line to 'None'
[0.366s] Level 5:colcon.colcon_core.verb:set package 'carla_walker_agent' build argument 'catkin_skip_building_tests' from command line to 'False'
[0.366s] DEBUG:colcon.colcon_core.verb:Building package 'carla_walker_agent' with the following arguments: {'ament_cmake_args': None, 'build_base': '/home/daniel/code/2025-phd-daniel-guerrero/ros-bridge/build/carla_walker_agent', 'catkin_cmake_args': None, 'catkin_skip_building_tests': False, 'cmake_args': None, 'cmake_clean_cache': False, 'cmake_clean_first': False, 'cmake_force_configure': False, 'cmake_target': None, 'cmake_target_skip_unavailable': False, 'install_base': '/home/daniel/code/2025-phd-daniel-guerrero/ros-bridge/install/carla_walker_agent', 'merge_install': False, 'path': '/home/daniel/code/2025-phd-daniel-guerrero/ros-bridge/src/carla_walker_agent', 'symlink_install': True, 'test_result_base': None}
[0.366s] Level 5:colcon.colcon_core.verb:set package 'carla_waypoint_publisher' build argument 'cmake_args' from command line to 'None'
[0.366s] Level 5:colcon.colcon_core.verb:set package 'carla_waypoint_publisher' build argument 'cmake_target' from command line to 'None'
[0.366s] Level 5:colcon.colcon_core.verb:set package 'carla_waypoint_publisher' build argument 'cmake_target_skip_unavailable' from command line to 'False'
[0.366s] Level 5:colcon.colcon_core.verb:set package 'carla_waypoint_publisher' build argument 'cmake_clean_cache' from command line to 'False'
[0.366s] Level 5:colcon.colcon_core.verb:set package 'carla_waypoint_publisher' build argument 'cmake_clean_first' from command line to 'False'
[0.367s] Level 5:colcon.colcon_core.verb:set package 'carla_waypoint_publisher' build argument 'cmake_force_configure' from command line to 'False'
[0.367s] Level 5:colcon.colcon_core.verb:set package 'carla_waypoint_publisher' build argument 'ament_cmake_args' from command line to 'None'
[0.367s] Level 5:colcon.colcon_core.verb:set package 'carla_waypoint_publisher' build argument 'catkin_cmake_args' from command line to 'None'
[0.367s] Level 5:colcon.colcon_core.verb:set package 'carla_waypoint_publisher' build argument 'catkin_skip_building_tests' from command line to 'False'
[0.367s] DEBUG:colcon.colcon_core.verb:Building package 'carla_waypoint_publisher' with the following arguments: {'ament_cmake_args': None, 'build_base': '/home/daniel/code/2025-phd-daniel-guerrero/ros-bridge/build/carla_waypoint_publisher', 'catkin_cmake_args': None, 'catkin_skip_building_tests': False, 'cmake_args': None, 'cmake_clean_cache': False, 'cmake_clean_first': False, 'cmake_force_configure': False, 'cmake_target': None, 'cmake_target_skip_unavailable': False, 'install_base': '/home/daniel/code/2025-phd-daniel-guerrero/ros-bridge/install/carla_waypoint_publisher', 'merge_install': False, 'path': '/home/daniel/code/2025-phd-daniel-guerrero/ros-bridge/src/carla_waypoint_publisher', 'symlink_install': True, 'test_result_base': None}
[0.367s] Level 5:colcon.colcon_core.verb:set package 'rviz_carla_plugin' build argument 'cmake_args' from command line to 'None'
[0.367s] Level 5:colcon.colcon_core.verb:set package 'rviz_carla_plugin' build argument 'cmake_target' from command line to 'None'
[0.367s] Level 5:colcon.colcon_core.verb:set package 'rviz_carla_plugin' build argument 'cmake_target_skip_unavailable' from command line to 'False'
[0.367s] Level 5:colcon.colcon_core.verb:set package 'rviz_carla_plugin' build argument 'cmake_clean_cache' from command line to 'False'
[0.367s] Level 5:colcon.colcon_core.verb:set package 'rviz_carla_plugin' build argument 'cmake_clean_first' from command line to 'False'
[0.367s] Level 5:colcon.colcon_core.verb:set package 'rviz_carla_plugin' build argument 'cmake_force_configure' from command line to 'False'
[0.367s] Level 5:colcon.colcon_core.verb:set package 'rviz_carla_plugin' build argument 'ament_cmake_args' from command line to 'None'
[0.367s] Level 5:colcon.colcon_core.verb:set package 'rviz_carla_plugin' build argument 'catkin_cmake_args' from command line to 'None'
[0.367s] Level 5:colcon.colcon_core.verb:set package 'rviz_carla_plugin' build argument 'catkin_skip_building_tests' from command line to 'False'
[0.367s] DEBUG:colcon.colcon_core.verb:Building package 'rviz_carla_plugin' with the following arguments: {'ament_cmake_args': None, 'build_base': '/home/daniel/code/2025-phd-daniel-guerrero/ros-bridge/build/rviz_carla_plugin', 'catkin_cmake_args': None, 'catkin_skip_building_tests': False, 'cmake_args': None, 'cmake_clean_cache': False, 'cmake_clean_first': False, 'cmake_force_configure': False, 'cmake_target': None, 'cmake_target_skip_unavailable': False, 'install_base': '/home/daniel/code/2025-phd-daniel-guerrero/ros-bridge/install/rviz_carla_plugin', 'merge_install': False, 'path': '/home/daniel/code/2025-phd-daniel-guerrero/ros-bridge/src/rviz_carla_plugin', 'symlink_install': True, 'test_result_base': None}
[0.367s] Level 5:colcon.colcon_core.verb:set package 'carla_ros_bridge' build argument 'cmake_args' from command line to 'None'
[0.367s] Level 5:colcon.colcon_core.verb:set package 'carla_ros_bridge' build argument 'cmake_target' from command line to 'None'
[0.367s] Level 5:colcon.colcon_core.verb:set package 'carla_ros_bridge' build argument 'cmake_target_skip_unavailable' from command line to 'False'
[0.367s] Level 5:colcon.colcon_core.verb:set package 'carla_ros_bridge' build argument 'cmake_clean_cache' from command line to 'False'
[0.367s] Level 5:colcon.colcon_core.verb:set package 'carla_ros_bridge' build argument 'cmake_clean_first' from command line to 'False'
[0.367s] Level 5:colcon.colcon_core.verb:set package 'carla_ros_bridge' build argument 'cmake_force_configure' from command line to 'False'
[0.367s] Level 5:colcon.colcon_core.verb:set package 'carla_ros_bridge' build argument 'ament_cmake_args' from command line to 'None'
[0.367s] Level 5:colcon.colcon_core.verb:set package 'carla_ros_bridge' build argument 'catkin_cmake_args' from command line to 'None'
[0.367s] Level 5:colcon.colcon_core.verb:set package 'carla_ros_bridge' build argument 'catkin_skip_building_tests' from command line to 'False'
[0.367s] DEBUG:colcon.colcon_core.verb:Building package 'carla_ros_bridge' with the following arguments: {'ament_cmake_args': None, 'build_base': '/home/daniel/code/2025-phd-daniel-guerrero/ros-bridge/build/carla_ros_bridge', 'catkin_cmake_args': None, 'catkin_skip_building_tests': False, 'cmake_args': None, 'cmake_clean_cache': False, 'cmake_clean_first': False, 'cmake_force_configure': False, 'cmake_target': None, 'cmake_target_skip_unavailable': False, 'install_base': '/home/daniel/code/2025-phd-daniel-guerrero/ros-bridge/install/carla_ros_bridge', 'merge_install': False, 'path': '/home/daniel/code/2025-phd-daniel-guerrero/ros-bridge/src/carla_ros_bridge', 'symlink_install': True, 'test_result_base': None}
[0.368s] Level 5:colcon.colcon_core.verb:set package 'carla_ackermann_control' build argument 'cmake_args' from command line to 'None'
[0.368s] Level 5:colcon.colcon_core.verb:set package 'carla_ackermann_control' build argument 'cmake_target' from command line to 'None'
[0.368s] Level 5:colcon.colcon_core.verb:set package 'carla_ackermann_control' build argument 'cmake_target_skip_unavailable' from command line to 'False'
[0.368s] Level 5:colcon.colcon_core.verb:set package 'carla_ackermann_control' build argument 'cmake_clean_cache' from command line to 'False'
[0.368s] Level 5:colcon.colcon_core.verb:set package 'carla_ackermann_control' build argument 'cmake_clean_first' from command line to 'False'
[0.368s] Level 5:colcon.colcon_core.verb:set package 'carla_ackermann_control' build argument 'cmake_force_configure' from command line to 'False'
[0.368s] Level 5:colcon.colcon_core.verb:set package 'carla_ackermann_control' build argument 'ament_cmake_args' from command line to 'None'
[0.368s] Level 5:colcon.colcon_core.verb:set package 'carla_ackermann_control' build argument 'catkin_cmake_args' from command line to 'None'
[0.368s] Level 5:colcon.colcon_core.verb:set package 'carla_ackermann_control' build argument 'catkin_skip_building_tests' from command line to 'False'
[0.368s] DEBUG:colcon.colcon_core.verb:Building package 'carla_ackermann_control' with the following arguments: {'ament_cmake_args': None, 'build_base': '/home/daniel/code/2025-phd-daniel-guerrero/ros-bridge/build/carla_ackermann_control', 'catkin_cmake_args': None, 'catkin_skip_building_tests': False, 'cmake_args': None, 'cmake_clean_cache': False, 'cmake_clean_first': False, 'cmake_force_configure': False, 'cmake_target': None, 'cmake_target_skip_unavailable': False, 'install_base': '/home/daniel/code/2025-phd-daniel-guerrero/ros-bridge/install/carla_ackermann_control', 'merge_install': False, 'path': '/home/daniel/code/2025-phd-daniel-guerrero/ros-bridge/src/carla_ackermann_control', 'symlink_install': True, 'test_result_base': None}
[0.368s] Level 5:colcon.colcon_core.verb:set package 'carla_ad_demo' build argument 'cmake_args' from command line to 'None'
[0.368s] Level 5:colcon.colcon_core.verb:set package 'carla_ad_demo' build argument 'cmake_target' from command line to 'None'
[0.368s] Level 5:colcon.colcon_core.verb:set package 'carla_ad_demo' build argument 'cmake_target_skip_unavailable' from command line to 'False'
[0.368s] Level 5:colcon.colcon_core.verb:set package 'carla_ad_demo' build argument 'cmake_clean_cache' from command line to 'False'
[0.368s] Level 5:colcon.colcon_core.verb:set package 'carla_ad_demo' build argument 'cmake_clean_first' from command line to 'False'
[0.368s] Level 5:colcon.colcon_core.verb:set package 'carla_ad_demo' build argument 'cmake_force_configure' from command line to 'False'
[0.368s] Level 5:colcon.colcon_core.verb:set package 'carla_ad_demo' build argument 'ament_cmake_args' from command line to 'None'
[0.368s] Level 5:colcon.colcon_core.verb:set package 'carla_ad_demo' build argument 'catkin_cmake_args' from command line to 'None'
[0.368s] Level 5:colcon.colcon_core.verb:set package 'carla_ad_demo' build argument 'catkin_skip_building_tests' from command line to 'False'
[0.368s] DEBUG:colcon.colcon_core.verb:Building package 'carla_ad_demo' with the following arguments: {'ament_cmake_args': None, 'build_base': '/home/daniel/code/2025-phd-daniel-guerrero/ros-bridge/build/carla_ad_demo', 'catkin_cmake_args': None, 'catkin_skip_building_tests': False, 'cmake_args': None, 'cmake_clean_cache': False, 'cmake_clean_first': False, 'cmake_force_configure': False, 'cmake_target': None, 'cmake_target_skip_unavailable': False, 'install_base': '/home/daniel/code/2025-phd-daniel-guerrero/ros-bridge/install/carla_ad_demo', 'merge_install': False, 'path': '/home/daniel/code/2025-phd-daniel-guerrero/ros-bridge/src/carla_ad_demo', 'symlink_install': True, 'test_result_base': None}
[0.368s] Level 5:colcon.colcon_core.verb:set package 'pcl_recorder' build argument 'cmake_args' from command line to 'None'
[0.368s] Level 5:colcon.colcon_core.verb:set package 'pcl_recorder' build argument 'cmake_target' from command line to 'None'
[0.368s] Level 5:colcon.colcon_core.verb:set package 'pcl_recorder' build argument 'cmake_target_skip_unavailable' from command line to 'False'
[0.368s] Level 5:colcon.colcon_core.verb:set package 'pcl_recorder' build argument 'cmake_clean_cache' from command line to 'False'
[0.368s] Level 5:colcon.colcon_core.verb:set package 'pcl_recorder' build argument 'cmake_clean_first' from command line to 'False'
[0.368s] Level 5:colcon.colcon_core.verb:set package 'pcl_recorder' build argument 'cmake_force_configure' from command line to 'False'
[0.368s] Level 5:colcon.colcon_core.verb:set package 'pcl_recorder' build argument 'ament_cmake_args' from command line to 'None'
[0.368s] Level 5:colcon.colcon_core.verb:set package 'pcl_recorder' build argument 'catkin_cmake_args' from command line to 'None'
[0.368s] Level 5:colcon.colcon_core.verb:set package 'pcl_recorder' build argument 'catkin_skip_building_tests' from command line to 'False'
[0.369s] DEBUG:colcon.colcon_core.verb:Building package 'pcl_recorder' with the following arguments: {'ament_cmake_args': None, 'build_base': '/home/daniel/code/2025-phd-daniel-guerrero/ros-bridge/build/pcl_recorder', 'catkin_cmake_args': None, 'catkin_skip_building_tests': False, 'cmake_args': None, 'cmake_clean_cache': False, 'cmake_clean_first': False, 'cmake_force_configure': False, 'cmake_target': None, 'cmake_target_skip_unavailable': False, 'install_base': '/home/daniel/code/2025-phd-daniel-guerrero/ros-bridge/install/pcl_recorder', 'merge_install': False, 'path': '/home/daniel/code/2025-phd-daniel-guerrero/ros-bridge/src/pcl_recorder', 'symlink_install': True, 'test_result_base': None}
[0.369s] INFO:colcon.colcon_core.executor:Executing jobs using 'parallel' executor
[0.369s] DEBUG:colcon.colcon_parallel_executor.executor.parallel:run_until_complete
[0.370s] INFO:colcon.colcon_ros.task.ament_cmake.build:Building ROS package in '/home/daniel/code/2025-phd-daniel-guerrero/ros-bridge/src/carla_msgs' with build type 'ament_cmake'
[0.370s] INFO:colcon.colcon_cmake.task.cmake.build:Building CMake package in '/home/daniel/code/2025-phd-daniel-guerrero/ros-bridge/src/carla_msgs'
[0.372s] INFO:colcon.colcon_core.plugin_system:Skipping extension 'colcon_core.shell.bat': Not used on non-Windows systems
[0.372s] INFO:colcon.colcon_core.shell:Skip shell extension 'powershell' for command environment: Not usable outside of PowerShell
[0.372s] DEBUG:colcon.colcon_core.shell:Skip shell extension 'dsv' for command environment
[0.376s] INFO:colcon.colcon_ros.task.ament_python.build:Building ROS package in '/home/daniel/code/2025-phd-daniel-guerrero/ros-bridge/src/ros_compatibility' with build type 'ament_python'
[0.376s] Level 1:colcon.colcon_core.shell:create_environment_hook('ros_compatibility', 'ament_prefix_path')
[0.376s] INFO:colcon.colcon_core.shell:Creating environment hook '/home/daniel/code/2025-phd-daniel-guerrero/ros-bridge/install/ros_compatibility/share/ros_compatibility/hook/ament_prefix_path.ps1'
[0.376s] INFO:colcon.colcon_core.shell:Creating environment descriptor '/home/daniel/code/2025-phd-daniel-guerrero/ros-bridge/install/ros_compatibility/share/ros_compatibility/hook/ament_prefix_path.dsv'
[0.377s] INFO:colcon.colcon_core.shell:Creating environment hook '/home/daniel/code/2025-phd-daniel-guerrero/ros-bridge/install/ros_compatibility/share/ros_compatibility/hook/ament_prefix_path.sh'
[0.377s] INFO:colcon.colcon_core.shell:Skip shell extension 'powershell' for command environment: Not usable outside of PowerShell
[0.377s] DEBUG:colcon.colcon_core.shell:Skip shell extension 'dsv' for command environment
[0.380s] INFO:colcon.colcon_ros.task.ament_python.build:Building ROS package in '/home/daniel/code/2025-phd-daniel-guerrero/ros-bridge/src/carla_common' with build type 'ament_python'
[0.380s] Level 1:colcon.colcon_core.shell:create_environment_hook('carla_common', 'ament_prefix_path')
[0.380s] INFO:colcon.colcon_core.shell:Creating environment hook '/home/daniel/code/2025-phd-daniel-guerrero/ros-bridge/install/carla_common/share/carla_common/hook/ament_prefix_path.ps1'
[0.381s] INFO:colcon.colcon_core.shell:Creating environment descriptor '/home/daniel/code/2025-phd-daniel-guerrero/ros-bridge/install/carla_common/share/carla_common/hook/ament_prefix_path.dsv'
[0.381s] INFO:colcon.colcon_core.shell:Creating environment hook '/home/daniel/code/2025-phd-daniel-guerrero/ros-bridge/install/carla_common/share/carla_common/hook/ament_prefix_path.sh'
[0.381s] INFO:colcon.colcon_core.shell:Skip shell extension 'powershell' for command environment: Not usable outside of PowerShell
[0.381s] DEBUG:colcon.colcon_core.shell:Skip shell extension 'dsv' for command environment
[0.385s] INFO:colcon.colcon_ros.task.ament_cmake.build:Building ROS package in '/home/daniel/code/2025-phd-daniel-guerrero/ros-bridge/src/carla_ros_scenario_runner_types' with build type 'ament_cmake'
[0.385s] INFO:colcon.colcon_cmake.task.cmake.build:Building CMake package in '/home/daniel/code/2025-phd-daniel-guerrero/ros-bridge/src/carla_ros_scenario_runner_types'
[0.385s] INFO:colcon.colcon_core.shell:Skip shell extension 'powershell' for command environment: Not usable outside of PowerShell
[0.385s] DEBUG:colcon.colcon_core.shell:Skip shell extension 'dsv' for command environment
[0.388s] INFO:colcon.colcon_ros.task.ament_cmake.build:Building ROS package in '/home/daniel/code/2025-phd-daniel-guerrero/ros-bridge/src/carla_waypoint_types' with build type 'ament_cmake'
[0.388s] INFO:colcon.colcon_cmake.task.cmake.build:Building CMake package in '/home/daniel/code/2025-phd-daniel-guerrero/ros-bridge/src/carla_waypoint_types'
[0.388s] INFO:colcon.colcon_core.shell:Skip shell extension 'powershell' for command environment: Not usable outside of PowerShell
[0.388s] DEBUG:colcon.colcon_core.shell:Skip shell extension 'dsv' for command environment
[0.391s] INFO:colcon.colcon_ros.task.ament_python.build:Building ROS package in '/home/daniel/code/2025-phd-daniel-guerrero/ros-bridge/src/carla_twist_to_control' with build type 'ament_python'
[0.391s] Level 1:colcon.colcon_core.shell:create_environment_hook('carla_twist_to_control', 'ament_prefix_path')
[0.392s] INFO:colcon.colcon_core.shell:Creating environment hook '/home/daniel/code/2025-phd-daniel-guerrero/ros-bridge/install/carla_twist_to_control/share/carla_twist_to_control/hook/ament_prefix_path.ps1'
[0.392s] INFO:colcon.colcon_core.shell:Creating environment descriptor '/home/daniel/code/2025-phd-daniel-guerrero/ros-bridge/install/carla_twist_to_control/share/carla_twist_to_control/hook/ament_prefix_path.dsv'
[0.392s] INFO:colcon.colcon_core.shell:Creating environment hook '/home/daniel/code/2025-phd-daniel-guerrero/ros-bridge/install/carla_twist_to_control/share/carla_twist_to_control/hook/ament_prefix_path.sh'
[0.392s] INFO:colcon.colcon_core.shell:Skip shell extension 'powershell' for command environment: Not usable outside of PowerShell
[0.392s] DEBUG:colcon.colcon_core.shell:Skip shell extension 'dsv' for command environment
[0.396s] INFO:colcon.colcon_ros.task.ament_python.build:Building ROS package in '/home/daniel/code/2025-phd-daniel-guerrero/ros-bridge/src/rqt_carla_control' with build type 'ament_python'
[0.396s] Level 1:colcon.colcon_core.shell:create_environment_hook('rqt_carla_control', 'ament_prefix_path')
[0.396s] INFO:colcon.colcon_core.shell:Creating environment hook '/home/daniel/code/2025-phd-daniel-guerrero/ros-bridge/install/rqt_carla_control/share/rqt_carla_control/hook/ament_prefix_path.ps1'
[0.396s] INFO:colcon.colcon_core.shell:Creating environment descriptor '/home/daniel/code/2025-phd-daniel-guerrero/ros-bridge/install/rqt_carla_control/share/rqt_carla_control/hook/ament_prefix_path.dsv'
[0.396s] INFO:colcon.colcon_core.shell:Creating environment hook '/home/daniel/code/2025-phd-daniel-guerrero/ros-bridge/install/rqt_carla_control/share/rqt_carla_control/hook/ament_prefix_path.sh'
[0.397s] INFO:colcon.colcon_core.shell:Skip shell extension 'powershell' for command environment: Not usable outside of PowerShell
[0.397s] DEBUG:colcon.colcon_core.shell:Skip shell extension 'dsv' for command environment
[0.404s] DEBUG:colcon.colcon_core.event_handler.log_command:Invoking command in '/home/daniel/code/2025-phd-daniel-guerrero/ros-bridge/build/carla_msgs': CMAKE_PREFIX_PATH=${CMAKE_PREFIX_PATH}:/home/daniel/code/2025-phd-daniel-guerrero/ros-bridge/install/rqt_carla_control:/home/daniel/code/2025-phd-daniel-guerrero/ros-bridge/install/carla_waypoint_publisher:/home/daniel/code/2025-phd-daniel-guerrero/ros-bridge/install/carla_ackermann_control:/home/daniel/code/2025-phd-daniel-guerrero/ros-bridge/install/carla_ros_bridge:/home/daniel/code/2025-phd-daniel-guerrero/ros-bridge/install/carla_spawn_objects:/home/daniel/code/2025-phd-daniel-guerrero/ros-bridge/install/carla_manual_control:/home/daniel/code/2025-phd-daniel-guerrero/ros-bridge/install/carla_ad_agent:/home/daniel/code/2025-phd-daniel-guerrero/ros-bridge/install/ros_compatibility:/home/daniel/code/2025-phd-daniel-guerrero/ros-bridge/install/carla_walker_agent:/home/daniel/code/2025-phd-daniel-guerrero/ros-bridge/install/carla_twist_to_control:/home/daniel/code/2025-phd-daniel-guerrero/ros-bridge/install/carla_ros_scenario_runner:/home/daniel/code/2025-phd-daniel-guerrero/ros-bridge/install/carla_common:/home/daniel/carla-ros-bridge/install/rqt_carla_control:/home/daniel/carla-ros-bridge/install/carla_waypoint_publisher:/home/daniel/carla-ros-bridge/install/carla_ackermann_control:/home/daniel/carla-ros-bridge/install/carla_ros_bridge:/home/daniel/carla-ros-bridge/install/carla_spawn_objects:/home/daniel/carla-ros-bridge/install/carla_manual_control:/home/daniel/carla-ros-bridge/install/carla_ad_agent:/home/daniel/carla-ros-bridge/install/ros_compatibility:/home/daniel/carla-ros-bridge/install/carla_walker_agent:/home/daniel/carla-ros-bridge/install/carla_twist_to_control:/home/daniel/carla-ros-bridge/install/carla_ros_scenario_runner:/home/daniel/carla-ros-bridge/install/carla_common:/opt/ros/humble /opt/cmake-3.28.3-linux-x86_64/bin/cmake /home/daniel/code/2025-phd-daniel-guerrero/ros-bridge/src/carla_msgs -DAMENT_CMAKE_SYMLINK_INSTALL=1 -DCMAKE_INSTALL_PREFIX=/home/daniel/code/2025-phd-daniel-guerrero/ros-bridge/install/carla_msgs
[0.707s] INFO:colcon.colcon_core.task.python.build:Building Python package in '/home/daniel/code/2025-phd-daniel-guerrero/ros-bridge/src/ros_compatibility'
[0.707s] INFO:colcon.colcon_core.shell:Skip shell extension 'powershell' for command environment: Not usable outside of PowerShell
[0.707s] DEBUG:colcon.colcon_core.shell:Skip shell extension 'dsv' for command environment
[1.012s] INFO:colcon.colcon_core.task.python.build:Building Python package in '/home/daniel/code/2025-phd-daniel-guerrero/ros-bridge/src/carla_common'
[1.012s] INFO:colcon.colcon_core.shell:Skip shell extension 'powershell' for command environment: Not usable outside of PowerShell
[1.012s] DEBUG:colcon.colcon_core.shell:Skip shell extension 'dsv' for command environment
[1.018s] DEBUG:colcon.colcon_core.event_handler.log_command:Invoking command in '/home/daniel/code/2025-phd-daniel-guerrero/ros-bridge/build/carla_ros_scenario_runner_types': CMAKE_PREFIX_PATH=${CMAKE_PREFIX_PATH}:/home/daniel/code/2025-phd-daniel-guerrero/ros-bridge/install/rqt_carla_control:/home/daniel/code/2025-phd-daniel-guerrero/ros-bridge/install/carla_waypoint_publisher:/home/daniel/code/2025-phd-daniel-guerrero/ros-bridge/install/carla_ackermann_control:/home/daniel/code/2025-phd-daniel-guerrero/ros-bridge/install/carla_ros_bridge:/home/daniel/code/2025-phd-daniel-guerrero/ros-bridge/install/carla_spawn_objects:/home/daniel/code/2025-phd-daniel-guerrero/ros-bridge/install/carla_manual_control:/home/daniel/code/2025-phd-daniel-guerrero/ros-bridge/install/carla_ad_agent:/home/daniel/code/2025-phd-daniel-guerrero/ros-bridge/install/ros_compatibility:/home/daniel/code/2025-phd-daniel-guerrero/ros-bridge/install/carla_walker_agent:/home/daniel/code/2025-phd-daniel-guerrero/ros-bridge/install/carla_twist_to_control:/home/daniel/code/2025-phd-daniel-guerrero/ros-bridge/install/carla_ros_scenario_runner:/home/daniel/code/2025-phd-daniel-guerrero/ros-bridge/install/carla_common:/home/daniel/carla-ros-bridge/install/rqt_carla_control:/home/daniel/carla-ros-bridge/install/carla_waypoint_publisher:/home/daniel/carla-ros-bridge/install/carla_ackermann_control:/home/daniel/carla-ros-bridge/install/carla_ros_bridge:/home/daniel/carla-ros-bridge/install/carla_spawn_objects:/home/daniel/carla-ros-bridge/install/carla_manual_control:/home/daniel/carla-ros-bridge/install/carla_ad_agent:/home/daniel/carla-ros-bridge/install/ros_compatibility:/home/daniel/carla-ros-bridge/install/carla_walker_agent:/home/daniel/carla-ros-bridge/install/carla_twist_to_control:/home/daniel/carla-ros-bridge/install/carla_ros_scenario_runner:/home/daniel/carla-ros-bridge/install/carla_common:/opt/ros/humble /opt/cmake-3.28.3-linux-x86_64/bin/cmake /home/daniel/code/2025-phd-daniel-guerrero/ros-bridge/src/carla_ros_scenario_runner_types -DAMENT_CMAKE_SYMLINK_INSTALL=1 -DCMAKE_INSTALL_PREFIX=/home/daniel/code/2025-phd-daniel-guerrero/ros-bridge/install/carla_ros_scenario_runner_types
[1.020s] DEBUG:colcon.colcon_core.event_handler.log_command:Invoking command in '/home/daniel/code/2025-phd-daniel-guerrero/ros-bridge/build/carla_waypoint_types': CMAKE_PREFIX_PATH=${CMAKE_PREFIX_PATH}:/home/daniel/code/2025-phd-daniel-guerrero/ros-bridge/install/rqt_carla_control:/home/daniel/code/2025-phd-daniel-guerrero/ros-bridge/install/carla_waypoint_publisher:/home/daniel/code/2025-phd-daniel-guerrero/ros-bridge/install/carla_ackermann_control:/home/daniel/code/2025-phd-daniel-guerrero/ros-bridge/install/carla_ros_bridge:/home/daniel/code/2025-phd-daniel-guerrero/ros-bridge/install/carla_spawn_objects:/home/daniel/code/2025-phd-daniel-guerrero/ros-bridge/install/carla_manual_control:/home/daniel/code/2025-phd-daniel-guerrero/ros-bridge/install/carla_ad_agent:/home/daniel/code/2025-phd-daniel-guerrero/ros-bridge/install/ros_compatibility:/home/daniel/code/2025-phd-daniel-guerrero/ros-bridge/install/carla_walker_agent:/home/daniel/code/2025-phd-daniel-guerrero/ros-bridge/install/carla_twist_to_control:/home/daniel/code/2025-phd-daniel-guerrero/ros-bridge/install/carla_ros_scenario_runner:/home/daniel/code/2025-phd-daniel-guerrero/ros-bridge/install/carla_common:/home/daniel/carla-ros-bridge/install/rqt_carla_control:/home/daniel/carla-ros-bridge/install/carla_waypoint_publisher:/home/daniel/carla-ros-bridge/install/carla_ackermann_control:/home/daniel/carla-ros-bridge/install/carla_ros_bridge:/home/daniel/carla-ros-bridge/install/carla_spawn_objects:/home/daniel/carla-ros-bridge/install/carla_manual_control:/home/daniel/carla-ros-bridge/install/carla_ad_agent:/home/daniel/carla-ros-bridge/install/ros_compatibility:/home/daniel/carla-ros-bridge/install/carla_walker_agent:/home/daniel/carla-ros-bridge/install/carla_twist_to_control:/home/daniel/carla-ros-bridge/install/carla_ros_scenario_runner:/home/daniel/carla-ros-bridge/install/carla_common:/opt/ros/humble /opt/cmake-3.28.3-linux-x86_64/bin/cmake /home/daniel/code/2025-phd-daniel-guerrero/ros-bridge/src/carla_waypoint_types -DAMENT_CMAKE_SYMLINK_INSTALL=1 -DCMAKE_INSTALL_PREFIX=/home/daniel/code/2025-phd-daniel-guerrero/ros-bridge/install/carla_waypoint_types
[1.325s] INFO:colcon.colcon_core.task.python.build:Building Python package in '/home/daniel/code/2025-phd-daniel-guerrero/ros-bridge/src/carla_twist_to_control'
[1.325s] INFO:colcon.colcon_core.shell:Skip shell extension 'powershell' for command environment: Not usable outside of PowerShell
[1.325s] DEBUG:colcon.colcon_core.shell:Skip shell extension 'dsv' for command environment
[1.632s] INFO:colcon.colcon_core.task.python.build:Building Python package in '/home/daniel/code/2025-phd-daniel-guerrero/ros-bridge/src/rqt_carla_control'
[1.632s] INFO:colcon.colcon_core.shell:Skip shell extension 'powershell' for command environment: Not usable outside of PowerShell
[1.632s] DEBUG:colcon.colcon_core.shell:Skip shell extension 'dsv' for command environment
[2.122s] DEBUG:colcon.colcon_core.event_handler.log_command:Invoking command in '/home/daniel/code/2025-phd-daniel-guerrero/ros-bridge/build/ros_compatibility': PYTHONPATH=/home/daniel/code/2025-phd-daniel-guerrero/ros-bridge/build/ros_compatibility/prefix_override:/usr/lib/python3/dist-packages/colcon_core/task/python/colcon_distutils_commands:/home/daniel/code/2025-phd-daniel-guerrero/ros-bridge/install/ros_compatibility/lib/python3.10/site-packages:${PYTHONPATH} /usr/bin/python3 -W ignore:setup.py install is deprecated -W ignore:easy_install command is deprecated setup.py develop --editable --build-directory /home/daniel/code/2025-phd-daniel-guerrero/ros-bridge/build/ros_compatibility/build --no-deps symlink_data
[2.124s] DEBUG:colcon.colcon_core.event_handler.log_command:Invoking command in '/home/daniel/code/2025-phd-daniel-guerrero/ros-bridge/build/carla_common': PYTHONPATH=/home/daniel/code/2025-phd-daniel-guerrero/ros-bridge/build/carla_common/prefix_override:/usr/lib/python3/dist-packages/colcon_core/task/python/colcon_distutils_commands:/home/daniel/code/2025-phd-daniel-guerrero/ros-bridge/install/carla_common/lib/python3.10/site-packages:${PYTHONPATH} /usr/bin/python3 -W ignore:setup.py install is deprecated -W ignore:easy_install command is deprecated setup.py develop --editable --build-directory /home/daniel/code/2025-phd-daniel-guerrero/ros-bridge/build/carla_common/build --no-deps symlink_data
[2.126s] DEBUG:colcon.colcon_core.event_handler.log_command:Invoking command in '/home/daniel/code/2025-phd-daniel-guerrero/ros-bridge/build/rqt_carla_control': PYTHONPATH=/home/daniel/code/2025-phd-daniel-guerrero/ros-bridge/build/rqt_carla_control/prefix_override:/usr/lib/python3/dist-packages/colcon_core/task/python/colcon_distutils_commands:/home/daniel/code/2025-phd-daniel-guerrero/ros-bridge/install/rqt_carla_control/lib/python3.10/site-packages:${PYTHONPATH} /usr/bin/python3 -W ignore:setup.py install is deprecated -W ignore:easy_install command is deprecated setup.py develop --editable --build-directory /home/daniel/code/2025-phd-daniel-guerrero/ros-bridge/build/rqt_carla_control/build --no-deps symlink_data
[2.140s] DEBUG:colcon.colcon_core.event_handler.log_command:Invoking command in '/home/daniel/code/2025-phd-daniel-guerrero/ros-bridge/build/carla_twist_to_control': PYTHONPATH=/home/daniel/code/2025-phd-daniel-guerrero/ros-bridge/build/carla_twist_to_control/prefix_override:/usr/lib/python3/dist-packages/colcon_core/task/python/colcon_distutils_commands:/home/daniel/code/2025-phd-daniel-guerrero/ros-bridge/install/carla_twist_to_control/lib/python3.10/site-packages:${PYTHONPATH} /usr/bin/python3 -W ignore:setup.py install is deprecated -W ignore:easy_install command is deprecated setup.py develop --editable --build-directory /home/daniel/code/2025-phd-daniel-guerrero/ros-bridge/build/carla_twist_to_control/build --no-deps symlink_data
[2.706s] Level 1:colcon.colcon_core.shell:create_environment_hook('rqt_carla_control', 'pythonpath_develop')
[2.706s] INFO:colcon.colcon_core.shell:Creating environment hook '/home/daniel/code/2025-phd-daniel-guerrero/ros-bridge/build/rqt_carla_control/src/share/rqt_carla_control/hook/pythonpath_develop.ps1'
[2.707s] DEBUG:colcon.colcon_core.event_handler.log_command:Invoked command in '/home/daniel/code/2025-phd-daniel-guerrero/ros-bridge/build/rqt_carla_control' returned '0': PYTHONPATH=/home/daniel/code/2025-phd-daniel-guerrero/ros-bridge/build/rqt_carla_control/prefix_override:/usr/lib/python3/dist-packages/colcon_core/task/python/colcon_distutils_commands:/home/daniel/code/2025-phd-daniel-guerrero/ros-bridge/install/rqt_carla_control/lib/python3.10/site-packages:${PYTHONPATH} /usr/bin/python3 -W ignore:setup.py install is deprecated -W ignore:easy_install command is deprecated setup.py develop --editable --build-directory /home/daniel/code/2025-phd-daniel-guerrero/ros-bridge/build/rqt_carla_control/build --no-deps symlink_data
[2.708s] INFO:colcon.colcon_core.shell:Creating environment descriptor '/home/daniel/code/2025-phd-daniel-guerrero/ros-bridge/build/rqt_carla_control/src/share/rqt_carla_control/hook/pythonpath_develop.dsv'
[2.709s] INFO:colcon.colcon_core.shell:Creating environment hook '/home/daniel/code/2025-phd-daniel-guerrero/ros-bridge/build/rqt_carla_control/src/share/rqt_carla_control/hook/pythonpath_develop.sh'
[2.711s] Level 1:colcon.colcon_core.environment:checking '/home/daniel/code/2025-phd-daniel-guerrero/ros-bridge/install/rqt_carla_control' for CMake module files
[2.711s] Level 1:colcon.colcon_core.environment:checking '/home/daniel/code/2025-phd-daniel-guerrero/ros-bridge/install/rqt_carla_control' for CMake config files
[2.712s] Level 1:colcon.colcon_core.environment:checking '/home/daniel/code/2025-phd-daniel-guerrero/ros-bridge/install/rqt_carla_control/lib'
[2.712s] Level 1:colcon.colcon_core.environment:checking '/home/daniel/code/2025-phd-daniel-guerrero/ros-bridge/install/rqt_carla_control/bin'
[2.712s] Level 1:colcon.colcon_core.environment:checking '/home/daniel/code/2025-phd-daniel-guerrero/ros-bridge/install/rqt_carla_control/lib/pkgconfig/rqt_carla_control.pc'
[2.712s] Level 1:colcon.colcon_core.environment:checking '/home/daniel/code/2025-phd-daniel-guerrero/ros-bridge/install/rqt_carla_control/lib/python3.10/site-packages'
[2.712s] Level 1:colcon.colcon_core.shell:create_environment_hook('rqt_carla_control', 'pythonpath')
[2.713s] INFO:colcon.colcon_core.shell:Creating environment hook '/home/daniel/code/2025-phd-daniel-guerrero/ros-bridge/install/rqt_carla_control/share/rqt_carla_control/hook/pythonpath.ps1'
[2.713s] INFO:colcon.colcon_core.shell:Creating environment descriptor '/home/daniel/code/2025-phd-daniel-guerrero/ros-bridge/install/rqt_carla_control/share/rqt_carla_control/hook/pythonpath.dsv'
[2.713s] INFO:colcon.colcon_core.shell:Creating environment hook '/home/daniel/code/2025-phd-daniel-guerrero/ros-bridge/install/rqt_carla_control/share/rqt_carla_control/hook/pythonpath.sh'
[2.714s] Level 1:colcon.colcon_core.environment:checking '/home/daniel/code/2025-phd-daniel-guerrero/ros-bridge/install/rqt_carla_control/bin'
[2.714s] Level 1:colcon.colcon_core.environment:create_environment_scripts_only(rqt_carla_control)
[2.714s] INFO:colcon.colcon_core.shell:Creating package script '/home/daniel/code/2025-phd-daniel-guerrero/ros-bridge/install/rqt_carla_control/share/rqt_carla_control/package.ps1'
[2.715s] INFO:colcon.colcon_core.shell:Creating package descriptor '/home/daniel/code/2025-phd-daniel-guerrero/ros-bridge/install/rqt_carla_control/share/rqt_carla_control/package.dsv'
[2.715s] INFO:colcon.colcon_core.shell:Creating package script '/home/daniel/code/2025-phd-daniel-guerrero/ros-bridge/install/rqt_carla_control/share/rqt_carla_control/package.sh'
[2.716s] INFO:colcon.colcon_core.shell:Creating package script '/home/daniel/code/2025-phd-daniel-guerrero/ros-bridge/install/rqt_carla_control/share/rqt_carla_control/package.bash'
[2.718s] INFO:colcon.colcon_core.shell:Creating package script '/home/daniel/code/2025-phd-daniel-guerrero/ros-bridge/install/rqt_carla_control/share/rqt_carla_control/package.zsh'
[2.719s] Level 1:colcon.colcon_core.environment:create_file_with_runtime_dependencies(/home/daniel/code/2025-phd-daniel-guerrero/ros-bridge/install/rqt_carla_control/share/colcon-core/packages/rqt_carla_control)
[2.754s] Level 1:colcon.colcon_core.shell:create_environment_hook('carla_common', 'pythonpath_develop')
[2.754s] INFO:colcon.colcon_core.shell:Creating environment hook '/home/daniel/code/2025-phd-daniel-guerrero/ros-bridge/build/carla_common/src/share/carla_common/hook/pythonpath_develop.ps1'
[2.755s] DEBUG:colcon.colcon_core.event_handler.log_command:Invoked command in '/home/daniel/code/2025-phd-daniel-guerrero/ros-bridge/build/carla_common' returned '0': PYTHONPATH=/home/daniel/code/2025-phd-daniel-guerrero/ros-bridge/build/carla_common/prefix_override:/usr/lib/python3/dist-packages/colcon_core/task/python/colcon_distutils_commands:/home/daniel/code/2025-phd-daniel-guerrero/ros-bridge/install/carla_common/lib/python3.10/site-packages:${PYTHONPATH} /usr/bin/python3 -W ignore:setup.py install is deprecated -W ignore:easy_install command is deprecated setup.py develop --editable --build-directory /home/daniel/code/2025-phd-daniel-guerrero/ros-bridge/build/carla_common/build --no-deps symlink_data
[2.755s] INFO:colcon.colcon_core.shell:Creating environment descriptor '/home/daniel/code/2025-phd-daniel-guerrero/ros-bridge/build/carla_common/src/share/carla_common/hook/pythonpath_develop.dsv'
[2.755s] INFO:colcon.colcon_core.shell:Creating environment hook '/home/daniel/code/2025-phd-daniel-guerrero/ros-bridge/build/carla_common/src/share/carla_common/hook/pythonpath_develop.sh'
[2.756s] Level 1:colcon.colcon_core.environment:checking '/home/daniel/code/2025-phd-daniel-guerrero/ros-bridge/install/carla_common' for CMake module files
[2.756s] Level 1:colcon.colcon_core.environment:checking '/home/daniel/code/2025-phd-daniel-guerrero/ros-bridge/install/carla_common' for CMake config files
[2.756s] Level 1:colcon.colcon_core.environment:checking '/home/daniel/code/2025-phd-daniel-guerrero/ros-bridge/install/carla_common/lib'
[2.756s] Level 1:colcon.colcon_core.environment:checking '/home/daniel/code/2025-phd-daniel-guerrero/ros-bridge/install/carla_common/bin'
[2.756s] Level 1:colcon.colcon_core.environment:checking '/home/daniel/code/2025-phd-daniel-guerrero/ros-bridge/install/carla_common/lib/pkgconfig/carla_common.pc'
[2.756s] Level 1:colcon.colcon_core.environment:checking '/home/daniel/code/2025-phd-daniel-guerrero/ros-bridge/install/carla_common/lib/python3.10/site-packages'
[2.756s] Level 1:colcon.colcon_core.shell:create_environment_hook('carla_common', 'pythonpath')
[2.757s] INFO:colcon.colcon_core.shell:Creating environment hook '/home/daniel/code/2025-phd-daniel-guerrero/ros-bridge/install/carla_common/share/carla_common/hook/pythonpath.ps1'
[2.757s] INFO:colcon.colcon_core.shell:Creating environment descriptor '/home/daniel/code/2025-phd-daniel-guerrero/ros-bridge/install/carla_common/share/carla_common/hook/pythonpath.dsv'
[2.757s] INFO:colcon.colcon_core.shell:Creating environment hook '/home/daniel/code/2025-phd-daniel-guerrero/ros-bridge/install/carla_common/share/carla_common/hook/pythonpath.sh'
[2.757s] Level 1:colcon.colcon_core.environment:checking '/home/daniel/code/2025-phd-daniel-guerrero/ros-bridge/install/carla_common/bin'
[2.757s] Level 1:colcon.colcon_core.environment:create_environment_scripts_only(carla_common)
[2.758s] INFO:colcon.colcon_core.shell:Creating package script '/home/daniel/code/2025-phd-daniel-guerrero/ros-bridge/install/carla_common/share/carla_common/package.ps1'
[2.758s] INFO:colcon.colcon_core.shell:Creating package descriptor '/home/daniel/code/2025-phd-daniel-guerrero/ros-bridge/install/carla_common/share/carla_common/package.dsv'
[2.758s] INFO:colcon.colcon_core.shell:Creating package script '/home/daniel/code/2025-phd-daniel-guerrero/ros-bridge/install/carla_common/share/carla_common/package.sh'
[2.759s] INFO:colcon.colcon_core.shell:Creating package script '/home/daniel/code/2025-phd-daniel-guerrero/ros-bridge/install/carla_common/share/carla_common/package.bash'
[2.759s] INFO:colcon.colcon_core.shell:Creating package script '/home/daniel/code/2025-phd-daniel-guerrero/ros-bridge/install/carla_common/share/carla_common/package.zsh'
[2.759s] Level 1:colcon.colcon_core.environment:create_file_with_runtime_dependencies(/home/daniel/code/2025-phd-daniel-guerrero/ros-bridge/install/carla_common/share/colcon-core/packages/carla_common)
[2.760s] Level 1:colcon.colcon_core.shell:create_environment_hook('carla_twist_to_control', 'pythonpath_develop')
[2.760s] INFO:colcon.colcon_core.shell:Creating environment hook '/home/daniel/code/2025-phd-daniel-guerrero/ros-bridge/build/carla_twist_to_control/src/share/carla_twist_to_control/hook/pythonpath_develop.ps1'
[2.760s] DEBUG:colcon.colcon_core.event_handler.log_command:Invoked command in '/home/daniel/code/2025-phd-daniel-guerrero/ros-bridge/build/carla_twist_to_control' returned '0': PYTHONPATH=/home/daniel/code/2025-phd-daniel-guerrero/ros-bridge/build/carla_twist_to_control/prefix_override:/usr/lib/python3/dist-packages/colcon_core/task/python/colcon_distutils_commands:/home/daniel/code/2025-phd-daniel-guerrero/ros-bridge/install/carla_twist_to_control/lib/python3.10/site-packages:${PYTHONPATH} /usr/bin/python3 -W ignore:setup.py install is deprecated -W ignore:easy_install command is deprecated setup.py develop --editable --build-directory /home/daniel/code/2025-phd-daniel-guerrero/ros-bridge/build/carla_twist_to_control/build --no-deps symlink_data
[2.761s] INFO:colcon.colcon_core.shell:Creating environment descriptor '/home/daniel/code/2025-phd-daniel-guerrero/ros-bridge/build/carla_twist_to_control/src/share/carla_twist_to_control/hook/pythonpath_develop.dsv'
[2.761s] INFO:colcon.colcon_core.shell:Creating environment hook '/home/daniel/code/2025-phd-daniel-guerrero/ros-bridge/build/carla_twist_to_control/src/share/carla_twist_to_control/hook/pythonpath_develop.sh'
[2.761s] Level 1:colcon.colcon_core.environment:checking '/home/daniel/code/2025-phd-daniel-guerrero/ros-bridge/install/carla_twist_to_control' for CMake module files
[2.761s] Level 1:colcon.colcon_core.environment:checking '/home/daniel/code/2025-phd-daniel-guerrero/ros-bridge/install/carla_twist_to_control' for CMake config files
[2.762s] Level 1:colcon.colcon_core.environment:checking '/home/daniel/code/2025-phd-daniel-guerrero/ros-bridge/install/carla_twist_to_control/lib'
[2.762s] Level 1:colcon.colcon_core.environment:checking '/home/daniel/code/2025-phd-daniel-guerrero/ros-bridge/install/carla_twist_to_control/bin'
[2.762s] Level 1:colcon.colcon_core.environment:checking '/home/daniel/code/2025-phd-daniel-guerrero/ros-bridge/install/carla_twist_to_control/lib/pkgconfig/carla_twist_to_control.pc'
[2.762s] Level 1:colcon.colcon_core.environment:checking '/home/daniel/code/2025-phd-daniel-guerrero/ros-bridge/install/carla_twist_to_control/lib/python3.10/site-packages'
[2.762s] Level 1:colcon.colcon_core.shell:create_environment_hook('carla_twist_to_control', 'pythonpath')
[2.762s] INFO:colcon.colcon_core.shell:Creating environment hook '/home/daniel/code/2025-phd-daniel-guerrero/ros-bridge/install/carla_twist_to_control/share/carla_twist_to_control/hook/pythonpath.ps1'
[2.762s] INFO:colcon.colcon_core.shell:Creating environment descriptor '/home/daniel/code/2025-phd-daniel-guerrero/ros-bridge/install/carla_twist_to_control/share/carla_twist_to_control/hook/pythonpath.dsv'
[2.763s] INFO:colcon.colcon_core.shell:Creating environment hook '/home/daniel/code/2025-phd-daniel-guerrero/ros-bridge/install/carla_twist_to_control/share/carla_twist_to_control/hook/pythonpath.sh'
[2.763s] Level 1:colcon.colcon_core.environment:checking '/home/daniel/code/2025-phd-daniel-guerrero/ros-bridge/install/carla_twist_to_control/bin'
[2.763s] Level 1:colcon.colcon_core.environment:create_environment_scripts_only(carla_twist_to_control)
[2.763s] INFO:colcon.colcon_core.shell:Creating package script '/home/daniel/code/2025-phd-daniel-guerrero/ros-bridge/install/carla_twist_to_control/share/carla_twist_to_control/package.ps1'
[2.764s] INFO:colcon.colcon_core.shell:Creating package descriptor '/home/daniel/code/2025-phd-daniel-guerrero/ros-bridge/install/carla_twist_to_control/share/carla_twist_to_control/package.dsv'
[2.764s] INFO:colcon.colcon_core.shell:Creating package script '/home/daniel/code/2025-phd-daniel-guerrero/ros-bridge/install/carla_twist_to_control/share/carla_twist_to_control/package.sh'
[2.764s] INFO:colcon.colcon_core.shell:Creating package script '/home/daniel/code/2025-phd-daniel-guerrero/ros-bridge/install/carla_twist_to_control/share/carla_twist_to_control/package.bash'
[2.764s] INFO:colcon.colcon_core.shell:Creating package script '/home/daniel/code/2025-phd-daniel-guerrero/ros-bridge/install/carla_twist_to_control/share/carla_twist_to_control/package.zsh'
[2.765s] Level 1:colcon.colcon_core.environment:create_file_with_runtime_dependencies(/home/daniel/code/2025-phd-daniel-guerrero/ros-bridge/install/carla_twist_to_control/share/colcon-core/packages/carla_twist_to_control)
[2.765s] Level 1:colcon.colcon_core.shell:create_environment_hook('ros_compatibility', 'pythonpath_develop')
[2.766s] INFO:colcon.colcon_core.shell:Creating environment hook '/home/daniel/code/2025-phd-daniel-guerrero/ros-bridge/build/ros_compatibility/src/share/ros_compatibility/hook/pythonpath_develop.ps1'
[2.766s] DEBUG:colcon.colcon_core.event_handler.log_command:Invoked command in '/home/daniel/code/2025-phd-daniel-guerrero/ros-bridge/build/ros_compatibility' returned '0': PYTHONPATH=/home/daniel/code/2025-phd-daniel-guerrero/ros-bridge/build/ros_compatibility/prefix_override:/usr/lib/python3/dist-packages/colcon_core/task/python/colcon_distutils_commands:/home/daniel/code/2025-phd-daniel-guerrero/ros-bridge/install/ros_compatibility/lib/python3.10/site-packages:${PYTHONPATH} /usr/bin/python3 -W ignore:setup.py install is deprecated -W ignore:easy_install command is deprecated setup.py develop --editable --build-directory /home/daniel/code/2025-phd-daniel-guerrero/ros-bridge/build/ros_compatibility/build --no-deps symlink_data
[2.766s] INFO:colcon.colcon_core.shell:Creating environment descriptor '/home/daniel/code/2025-phd-daniel-guerrero/ros-bridge/build/ros_compatibility/src/share/ros_compatibility/hook/pythonpath_develop.dsv'
[2.766s] INFO:colcon.colcon_core.shell:Creating environment hook '/home/daniel/code/2025-phd-daniel-guerrero/ros-bridge/build/ros_compatibility/src/share/ros_compatibility/hook/pythonpath_develop.sh'
[2.767s] Level 1:colcon.colcon_core.environment:checking '/home/daniel/code/2025-phd-daniel-guerrero/ros-bridge/install/ros_compatibility' for CMake module files
[2.767s] Level 1:colcon.colcon_core.environment:checking '/home/daniel/code/2025-phd-daniel-guerrero/ros-bridge/install/ros_compatibility' for CMake config files
[2.767s] Level 1:colcon.colcon_core.environment:checking '/home/daniel/code/2025-phd-daniel-guerrero/ros-bridge/install/ros_compatibility/lib'
[2.767s] Level 1:colcon.colcon_core.environment:checking '/home/daniel/code/2025-phd-daniel-guerrero/ros-bridge/install/ros_compatibility/bin'
[2.767s] Level 1:colcon.colcon_core.environment:checking '/home/daniel/code/2025-phd-daniel-guerrero/ros-bridge/install/ros_compatibility/lib/pkgconfig/ros_compatibility.pc'
[2.767s] Level 1:colcon.colcon_core.environment:checking '/home/daniel/code/2025-phd-daniel-guerrero/ros-bridge/install/ros_compatibility/lib/python3.10/site-packages'
[2.768s] Level 1:colcon.colcon_core.shell:create_environment_hook('ros_compatibility', 'pythonpath')
[2.768s] INFO:colcon.colcon_core.shell:Creating environment hook '/home/daniel/code/2025-phd-daniel-guerrero/ros-bridge/install/ros_compatibility/share/ros_compatibility/hook/pythonpath.ps1'
[2.768s] INFO:colcon.colcon_core.shell:Creating environment descriptor '/home/daniel/code/2025-phd-daniel-guerrero/ros-bridge/install/ros_compatibility/share/ros_compatibility/hook/pythonpath.dsv'
[2.768s] INFO:colcon.colcon_core.shell:Creating environment hook '/home/daniel/code/2025-phd-daniel-guerrero/ros-bridge/install/ros_compatibility/share/ros_compatibility/hook/pythonpath.sh'
[2.768s] Level 1:colcon.colcon_core.environment:checking '/home/daniel/code/2025-phd-daniel-guerrero/ros-bridge/install/ros_compatibility/bin'
[2.768s] Level 1:colcon.colcon_core.environment:create_environment_scripts_only(ros_compatibility)
[2.769s] INFO:colcon.colcon_core.shell:Creating package script '/home/daniel/code/2025-phd-daniel-guerrero/ros-bridge/install/ros_compatibility/share/ros_compatibility/package.ps1'
[2.769s] INFO:colcon.colcon_core.shell:Creating package descriptor '/home/daniel/code/2025-phd-daniel-guerrero/ros-bridge/install/ros_compatibility/share/ros_compatibility/package.dsv'
[2.769s] INFO:colcon.colcon_core.shell:Creating package script '/home/daniel/code/2025-phd-daniel-guerrero/ros-bridge/install/ros_compatibility/share/ros_compatibility/package.sh'
[2.770s] INFO:colcon.colcon_core.shell:Creating package script '/home/daniel/code/2025-phd-daniel-guerrero/ros-bridge/install/ros_compatibility/share/ros_compatibility/package.bash'
[2.770s] INFO:colcon.colcon_core.shell:Creating package script '/home/daniel/code/2025-phd-daniel-guerrero/ros-bridge/install/ros_compatibility/share/ros_compatibility/package.zsh'
[2.770s] Level 1:colcon.colcon_core.environment:create_file_with_runtime_dependencies(/home/daniel/code/2025-phd-daniel-guerrero/ros-bridge/install/ros_compatibility/share/colcon-core/packages/ros_compatibility)
[3.664s] DEBUG:colcon.colcon_core.event_handler.log_command:Invoked command in '/home/daniel/code/2025-phd-daniel-guerrero/ros-bridge/build/carla_msgs' returned '0': CMAKE_PREFIX_PATH=${CMAKE_PREFIX_PATH}:/home/daniel/code/2025-phd-daniel-guerrero/ros-bridge/install/rqt_carla_control:/home/daniel/code/2025-phd-daniel-guerrero/ros-bridge/install/carla_waypoint_publisher:/home/daniel/code/2025-phd-daniel-guerrero/ros-bridge/install/carla_ackermann_control:/home/daniel/code/2025-phd-daniel-guerrero/ros-bridge/install/carla_ros_bridge:/home/daniel/code/2025-phd-daniel-guerrero/ros-bridge/install/carla_spawn_objects:/home/daniel/code/2025-phd-daniel-guerrero/ros-bridge/install/carla_manual_control:/home/daniel/code/2025-phd-daniel-guerrero/ros-bridge/install/carla_ad_agent:/home/daniel/code/2025-phd-daniel-guerrero/ros-bridge/install/ros_compatibility:/home/daniel/code/2025-phd-daniel-guerrero/ros-bridge/install/carla_walker_agent:/home/daniel/code/2025-phd-daniel-guerrero/ros-bridge/install/carla_twist_to_control:/home/daniel/code/2025-phd-daniel-guerrero/ros-bridge/install/carla_ros_scenario_runner:/home/daniel/code/2025-phd-daniel-guerrero/ros-bridge/install/carla_common:/home/daniel/carla-ros-bridge/install/rqt_carla_control:/home/daniel/carla-ros-bridge/install/carla_waypoint_publisher:/home/daniel/carla-ros-bridge/install/carla_ackermann_control:/home/daniel/carla-ros-bridge/install/carla_ros_bridge:/home/daniel/carla-ros-bridge/install/carla_spawn_objects:/home/daniel/carla-ros-bridge/install/carla_manual_control:/home/daniel/carla-ros-bridge/install/carla_ad_agent:/home/daniel/carla-ros-bridge/install/ros_compatibility:/home/daniel/carla-ros-bridge/install/carla_walker_agent:/home/daniel/carla-ros-bridge/install/carla_twist_to_control:/home/daniel/carla-ros-bridge/install/carla_ros_scenario_runner:/home/daniel/carla-ros-bridge/install/carla_common:/opt/ros/humble /opt/cmake-3.28.3-linux-x86_64/bin/cmake /home/daniel/code/2025-phd-daniel-guerrero/ros-bridge/src/carla_msgs -DAMENT_CMAKE_SYMLINK_INSTALL=1 -DCMAKE_INSTALL_PREFIX=/home/daniel/code/2025-phd-daniel-guerrero/ros-bridge/install/carla_msgs
[3.666s] DEBUG:colcon.colcon_core.event_handler.log_command:Invoking command in '/home/daniel/code/2025-phd-daniel-guerrero/ros-bridge/build/carla_msgs': CMAKE_PREFIX_PATH=${CMAKE_PREFIX_PATH}:/home/daniel/code/2025-phd-daniel-guerrero/ros-bridge/install/rqt_carla_control:/home/daniel/code/2025-phd-daniel-guerrero/ros-bridge/install/carla_waypoint_publisher:/home/daniel/code/2025-phd-daniel-guerrero/ros-bridge/install/carla_ackermann_control:/home/daniel/code/2025-phd-daniel-guerrero/ros-bridge/install/carla_ros_bridge:/home/daniel/code/2025-phd-daniel-guerrero/ros-bridge/install/carla_spawn_objects:/home/daniel/code/2025-phd-daniel-guerrero/ros-bridge/install/carla_manual_control:/home/daniel/code/2025-phd-daniel-guerrero/ros-bridge/install/carla_ad_agent:/home/daniel/code/2025-phd-daniel-guerrero/ros-bridge/install/ros_compatibility:/home/daniel/code/2025-phd-daniel-guerrero/ros-bridge/install/carla_walker_agent:/home/daniel/code/2025-phd-daniel-guerrero/ros-bridge/install/carla_twist_to_control:/home/daniel/code/2025-phd-daniel-guerrero/ros-bridge/install/carla_ros_scenario_runner:/home/daniel/code/2025-phd-daniel-guerrero/ros-bridge/install/carla_common:/home/daniel/carla-ros-bridge/install/rqt_carla_control:/home/daniel/carla-ros-bridge/install/carla_waypoint_publisher:/home/daniel/carla-ros-bridge/install/carla_ackermann_control:/home/daniel/carla-ros-bridge/install/carla_ros_bridge:/home/daniel/carla-ros-bridge/install/carla_spawn_objects:/home/daniel/carla-ros-bridge/install/carla_manual_control:/home/daniel/carla-ros-bridge/install/carla_ad_agent:/home/daniel/carla-ros-bridge/install/ros_compatibility:/home/daniel/carla-ros-bridge/install/carla_walker_agent:/home/daniel/carla-ros-bridge/install/carla_twist_to_control:/home/daniel/carla-ros-bridge/install/carla_ros_scenario_runner:/home/daniel/carla-ros-bridge/install/carla_common:/opt/ros/humble /opt/cmake-3.28.3-linux-x86_64/bin/cmake --build /home/daniel/code/2025-phd-daniel-guerrero/ros-bridge/build/carla_msgs -- -j12 -l12
[4.073s] DEBUG:colcon.colcon_core.event_handler.log_command:Invoked command in '/home/daniel/code/2025-phd-daniel-guerrero/ros-bridge/build/carla_ros_scenario_runner_types' returned '0': CMAKE_PREFIX_PATH=${CMAKE_PREFIX_PATH}:/home/daniel/code/2025-phd-daniel-guerrero/ros-bridge/install/rqt_carla_control:/home/daniel/code/2025-phd-daniel-guerrero/ros-bridge/install/carla_waypoint_publisher:/home/daniel/code/2025-phd-daniel-guerrero/ros-bridge/install/carla_ackermann_control:/home/daniel/code/2025-phd-daniel-guerrero/ros-bridge/install/carla_ros_bridge:/home/daniel/code/2025-phd-daniel-guerrero/ros-bridge/install/carla_spawn_objects:/home/daniel/code/2025-phd-daniel-guerrero/ros-bridge/install/carla_manual_control:/home/daniel/code/2025-phd-daniel-guerrero/ros-bridge/install/carla_ad_agent:/home/daniel/code/2025-phd-daniel-guerrero/ros-bridge/install/ros_compatibility:/home/daniel/code/2025-phd-daniel-guerrero/ros-bridge/install/carla_walker_agent:/home/daniel/code/2025-phd-daniel-guerrero/ros-bridge/install/carla_twist_to_control:/home/daniel/code/2025-phd-daniel-guerrero/ros-bridge/install/carla_ros_scenario_runner:/home/daniel/code/2025-phd-daniel-guerrero/ros-bridge/install/carla_common:/home/daniel/carla-ros-bridge/install/rqt_carla_control:/home/daniel/carla-ros-bridge/install/carla_waypoint_publisher:/home/daniel/carla-ros-bridge/install/carla_ackermann_control:/home/daniel/carla-ros-bridge/install/carla_ros_bridge:/home/daniel/carla-ros-bridge/install/carla_spawn_objects:/home/daniel/carla-ros-bridge/install/carla_manual_control:/home/daniel/carla-ros-bridge/install/carla_ad_agent:/home/daniel/carla-ros-bridge/install/ros_compatibility:/home/daniel/carla-ros-bridge/install/carla_walker_agent:/home/daniel/carla-ros-bridge/install/carla_twist_to_control:/home/daniel/carla-ros-bridge/install/carla_ros_scenario_runner:/home/daniel/carla-ros-bridge/install/carla_common:/opt/ros/humble /opt/cmake-3.28.3-linux-x86_64/bin/cmake /home/daniel/code/2025-phd-daniel-guerrero/ros-bridge/src/carla_ros_scenario_runner_types -DAMENT_CMAKE_SYMLINK_INSTALL=1 -DCMAKE_INSTALL_PREFIX=/home/daniel/code/2025-phd-daniel-guerrero/ros-bridge/install/carla_ros_scenario_runner_types
[4.075s] DEBUG:colcon.colcon_core.event_handler.log_command:Invoking command in '/home/daniel/code/2025-phd-daniel-guerrero/ros-bridge/build/carla_ros_scenario_runner_types': CMAKE_PREFIX_PATH=${CMAKE_PREFIX_PATH}:/home/daniel/code/2025-phd-daniel-guerrero/ros-bridge/install/rqt_carla_control:/home/daniel/code/2025-phd-daniel-guerrero/ros-bridge/install/carla_waypoint_publisher:/home/daniel/code/2025-phd-daniel-guerrero/ros-bridge/install/carla_ackermann_control:/home/daniel/code/2025-phd-daniel-guerrero/ros-bridge/install/carla_ros_bridge:/home/daniel/code/2025-phd-daniel-guerrero/ros-bridge/install/carla_spawn_objects:/home/daniel/code/2025-phd-daniel-guerrero/ros-bridge/install/carla_manual_control:/home/daniel/code/2025-phd-daniel-guerrero/ros-bridge/install/carla_ad_agent:/home/daniel/code/2025-phd-daniel-guerrero/ros-bridge/install/ros_compatibility:/home/daniel/code/2025-phd-daniel-guerrero/ros-bridge/install/carla_walker_agent:/home/daniel/code/2025-phd-daniel-guerrero/ros-bridge/install/carla_twist_to_control:/home/daniel/code/2025-phd-daniel-guerrero/ros-bridge/install/carla_ros_scenario_runner:/home/daniel/code/2025-phd-daniel-guerrero/ros-bridge/install/carla_common:/home/daniel/carla-ros-bridge/install/rqt_carla_control:/home/daniel/carla-ros-bridge/install/carla_waypoint_publisher:/home/daniel/carla-ros-bridge/install/carla_ackermann_control:/home/daniel/carla-ros-bridge/install/carla_ros_bridge:/home/daniel/carla-ros-bridge/install/carla_spawn_objects:/home/daniel/carla-ros-bridge/install/carla_manual_control:/home/daniel/carla-ros-bridge/install/carla_ad_agent:/home/daniel/carla-ros-bridge/install/ros_compatibility:/home/daniel/carla-ros-bridge/install/carla_walker_agent:/home/daniel/carla-ros-bridge/install/carla_twist_to_control:/home/daniel/carla-ros-bridge/install/carla_ros_scenario_runner:/home/daniel/carla-ros-bridge/install/carla_common:/opt/ros/humble /opt/cmake-3.28.3-linux-x86_64/bin/cmake --build /home/daniel/code/2025-phd-daniel-guerrero/ros-bridge/build/carla_ros_scenario_runner_types -- -j12 -l12
[4.124s] DEBUG:colcon.colcon_core.event_handler.log_command:Invoked command in '/home/daniel/code/2025-phd-daniel-guerrero/ros-bridge/build/carla_waypoint_types' returned '0': CMAKE_PREFIX_PATH=${CMAKE_PREFIX_PATH}:/home/daniel/code/2025-phd-daniel-guerrero/ros-bridge/install/rqt_carla_control:/home/daniel/code/2025-phd-daniel-guerrero/ros-bridge/install/carla_waypoint_publisher:/home/daniel/code/2025-phd-daniel-guerrero/ros-bridge/install/carla_ackermann_control:/home/daniel/code/2025-phd-daniel-guerrero/ros-bridge/install/carla_ros_bridge:/home/daniel/code/2025-phd-daniel-guerrero/ros-bridge/install/carla_spawn_objects:/home/daniel/code/2025-phd-daniel-guerrero/ros-bridge/install/carla_manual_control:/home/daniel/code/2025-phd-daniel-guerrero/ros-bridge/install/carla_ad_agent:/home/daniel/code/2025-phd-daniel-guerrero/ros-bridge/install/ros_compatibility:/home/daniel/code/2025-phd-daniel-guerrero/ros-bridge/install/carla_walker_agent:/home/daniel/code/2025-phd-daniel-guerrero/ros-bridge/install/carla_twist_to_control:/home/daniel/code/2025-phd-daniel-guerrero/ros-bridge/install/carla_ros_scenario_runner:/home/daniel/code/2025-phd-daniel-guerrero/ros-bridge/install/carla_common:/home/daniel/carla-ros-bridge/install/rqt_carla_control:/home/daniel/carla-ros-bridge/install/carla_waypoint_publisher:/home/daniel/carla-ros-bridge/install/carla_ackermann_control:/home/daniel/carla-ros-bridge/install/carla_ros_bridge:/home/daniel/carla-ros-bridge/install/carla_spawn_objects:/home/daniel/carla-ros-bridge/install/carla_manual_control:/home/daniel/carla-ros-bridge/install/carla_ad_agent:/home/daniel/carla-ros-bridge/install/ros_compatibility:/home/daniel/carla-ros-bridge/install/carla_walker_agent:/home/daniel/carla-ros-bridge/install/carla_twist_to_control:/home/daniel/carla-ros-bridge/install/carla_ros_scenario_runner:/home/daniel/carla-ros-bridge/install/carla_common:/opt/ros/humble /opt/cmake-3.28.3-linux-x86_64/bin/cmake /home/daniel/code/2025-phd-daniel-guerrero/ros-bridge/src/carla_waypoint_types -DAMENT_CMAKE_SYMLINK_INSTALL=1 -DCMAKE_INSTALL_PREFIX=/home/daniel/code/2025-phd-daniel-guerrero/ros-bridge/install/carla_waypoint_types
[4.126s] DEBUG:colcon.colcon_core.event_handler.log_command:Invoking command in '/home/daniel/code/2025-phd-daniel-guerrero/ros-bridge/build/carla_waypoint_types': CMAKE_PREFIX_PATH=${CMAKE_PREFIX_PATH}:/home/daniel/code/2025-phd-daniel-guerrero/ros-bridge/install/rqt_carla_control:/home/daniel/code/2025-phd-daniel-guerrero/ros-bridge/install/carla_waypoint_publisher:/home/daniel/code/2025-phd-daniel-guerrero/ros-bridge/install/carla_ackermann_control:/home/daniel/code/2025-phd-daniel-guerrero/ros-bridge/install/carla_ros_bridge:/home/daniel/code/2025-phd-daniel-guerrero/ros-bridge/install/carla_spawn_objects:/home/daniel/code/2025-phd-daniel-guerrero/ros-bridge/install/carla_manual_control:/home/daniel/code/2025-phd-daniel-guerrero/ros-bridge/install/carla_ad_agent:/home/daniel/code/2025-phd-daniel-guerrero/ros-bridge/install/ros_compatibility:/home/daniel/code/2025-phd-daniel-guerrero/ros-bridge/install/carla_walker_agent:/home/daniel/code/2025-phd-daniel-guerrero/ros-bridge/install/carla_twist_to_control:/home/daniel/code/2025-phd-daniel-guerrero/ros-bridge/install/carla_ros_scenario_runner:/home/daniel/code/2025-phd-daniel-guerrero/ros-bridge/install/carla_common:/home/daniel/carla-ros-bridge/install/rqt_carla_control:/home/daniel/carla-ros-bridge/install/carla_waypoint_publisher:/home/daniel/carla-ros-bridge/install/carla_ackermann_control:/home/daniel/carla-ros-bridge/install/carla_ros_bridge:/home/daniel/carla-ros-bridge/install/carla_spawn_objects:/home/daniel/carla-ros-bridge/install/carla_manual_control:/home/daniel/carla-ros-bridge/install/carla_ad_agent:/home/daniel/carla-ros-bridge/install/ros_compatibility:/home/daniel/carla-ros-bridge/install/carla_walker_agent:/home/daniel/carla-ros-bridge/install/carla_twist_to_control:/home/daniel/carla-ros-bridge/install/carla_ros_scenario_runner:/home/daniel/carla-ros-bridge/install/carla_common:/opt/ros/humble /opt/cmake-3.28.3-linux-x86_64/bin/cmake --build /home/daniel/code/2025-phd-daniel-guerrero/ros-bridge/build/carla_waypoint_types -- -j12 -l12
[7.319s] DEBUG:colcon.colcon_core.event_handler.log_command:Invoked command in '/home/daniel/code/2025-phd-daniel-guerrero/ros-bridge/build/carla_ros_scenario_runner_types' returned '0': CMAKE_PREFIX_PATH=${CMAKE_PREFIX_PATH}:/home/daniel/code/2025-phd-daniel-guerrero/ros-bridge/install/rqt_carla_control:/home/daniel/code/2025-phd-daniel-guerrero/ros-bridge/install/carla_waypoint_publisher:/home/daniel/code/2025-phd-daniel-guerrero/ros-bridge/install/carla_ackermann_control:/home/daniel/code/2025-phd-daniel-guerrero/ros-bridge/install/carla_ros_bridge:/home/daniel/code/2025-phd-daniel-guerrero/ros-bridge/install/carla_spawn_objects:/home/daniel/code/2025-phd-daniel-guerrero/ros-bridge/install/carla_manual_control:/home/daniel/code/2025-phd-daniel-guerrero/ros-bridge/install/carla_ad_agent:/home/daniel/code/2025-phd-daniel-guerrero/ros-bridge/install/ros_compatibility:/home/daniel/code/2025-phd-daniel-guerrero/ros-bridge/install/carla_walker_agent:/home/daniel/code/2025-phd-daniel-guerrero/ros-bridge/install/carla_twist_to_control:/home/daniel/code/2025-phd-daniel-guerrero/ros-bridge/install/carla_ros_scenario_runner:/home/daniel/code/2025-phd-daniel-guerrero/ros-bridge/install/carla_common:/home/daniel/carla-ros-bridge/install/rqt_carla_control:/home/daniel/carla-ros-bridge/install/carla_waypoint_publisher:/home/daniel/carla-ros-bridge/install/carla_ackermann_control:/home/daniel/carla-ros-bridge/install/carla_ros_bridge:/home/daniel/carla-ros-bridge/install/carla_spawn_objects:/home/daniel/carla-ros-bridge/install/carla_manual_control:/home/daniel/carla-ros-bridge/install/carla_ad_agent:/home/daniel/carla-ros-bridge/install/ros_compatibility:/home/daniel/carla-ros-bridge/install/carla_walker_agent:/home/daniel/carla-ros-bridge/install/carla_twist_to_control:/home/daniel/carla-ros-bridge/install/carla_ros_scenario_runner:/home/daniel/carla-ros-bridge/install/carla_common:/opt/ros/humble /opt/cmake-3.28.3-linux-x86_64/bin/cmake --build /home/daniel/code/2025-phd-daniel-guerrero/ros-bridge/build/carla_ros_scenario_runner_types -- -j12 -l12
[7.323s] DEBUG:colcon.colcon_core.event_handler.log_command:Invoking command in '/home/daniel/code/2025-phd-daniel-guerrero/ros-bridge/build/carla_ros_scenario_runner_types': CMAKE_PREFIX_PATH=${CMAKE_PREFIX_PATH}:/home/daniel/code/2025-phd-daniel-guerrero/ros-bridge/install/rqt_carla_control:/home/daniel/code/2025-phd-daniel-guerrero/ros-bridge/install/carla_waypoint_publisher:/home/daniel/code/2025-phd-daniel-guerrero/ros-bridge/install/carla_ackermann_control:/home/daniel/code/2025-phd-daniel-guerrero/ros-bridge/install/carla_ros_bridge:/home/daniel/code/2025-phd-daniel-guerrero/ros-bridge/install/carla_spawn_objects:/home/daniel/code/2025-phd-daniel-guerrero/ros-bridge/install/carla_manual_control:/home/daniel/code/2025-phd-daniel-guerrero/ros-bridge/install/carla_ad_agent:/home/daniel/code/2025-phd-daniel-guerrero/ros-bridge/install/ros_compatibility:/home/daniel/code/2025-phd-daniel-guerrero/ros-bridge/install/carla_walker_agent:/home/daniel/code/2025-phd-daniel-guerrero/ros-bridge/install/carla_twist_to_control:/home/daniel/code/2025-phd-daniel-guerrero/ros-bridge/install/carla_ros_scenario_runner:/home/daniel/code/2025-phd-daniel-guerrero/ros-bridge/install/carla_common:/home/daniel/carla-ros-bridge/install/rqt_carla_control:/home/daniel/carla-ros-bridge/install/carla_waypoint_publisher:/home/daniel/carla-ros-bridge/install/carla_ackermann_control:/home/daniel/carla-ros-bridge/install/carla_ros_bridge:/home/daniel/carla-ros-bridge/install/carla_spawn_objects:/home/daniel/carla-ros-bridge/install/carla_manual_control:/home/daniel/carla-ros-bridge/install/carla_ad_agent:/home/daniel/carla-ros-bridge/install/ros_compatibility:/home/daniel/carla-ros-bridge/install/carla_walker_agent:/home/daniel/carla-ros-bridge/install/carla_twist_to_control:/home/daniel/carla-ros-bridge/install/carla_ros_scenario_runner:/home/daniel/carla-ros-bridge/install/carla_common:/opt/ros/humble /opt/cmake-3.28.3-linux-x86_64/bin/cmake --install /home/daniel/code/2025-phd-daniel-guerrero/ros-bridge/build/carla_ros_scenario_runner_types
[7.727s] DEBUG:colcon.colcon_core.event_handler.log_command:Invoked command in '/home/daniel/code/2025-phd-daniel-guerrero/ros-bridge/build/carla_waypoint_types' returned '0': CMAKE_PREFIX_PATH=${CMAKE_PREFIX_PATH}:/home/daniel/code/2025-phd-daniel-guerrero/ros-bridge/install/rqt_carla_control:/home/daniel/code/2025-phd-daniel-guerrero/ros-bridge/install/carla_waypoint_publisher:/home/daniel/code/2025-phd-daniel-guerrero/ros-bridge/install/carla_ackermann_control:/home/daniel/code/2025-phd-daniel-guerrero/ros-bridge/install/carla_ros_bridge:/home/daniel/code/2025-phd-daniel-guerrero/ros-bridge/install/carla_spawn_objects:/home/daniel/code/2025-phd-daniel-guerrero/ros-bridge/install/carla_manual_control:/home/daniel/code/2025-phd-daniel-guerrero/ros-bridge/install/carla_ad_agent:/home/daniel/code/2025-phd-daniel-guerrero/ros-bridge/install/ros_compatibility:/home/daniel/code/2025-phd-daniel-guerrero/ros-bridge/install/carla_walker_agent:/home/daniel/code/2025-phd-daniel-guerrero/ros-bridge/install/carla_twist_to_control:/home/daniel/code/2025-phd-daniel-guerrero/ros-bridge/install/carla_ros_scenario_runner:/home/daniel/code/2025-phd-daniel-guerrero/ros-bridge/install/carla_common:/home/daniel/carla-ros-bridge/install/rqt_carla_control:/home/daniel/carla-ros-bridge/install/carla_waypoint_publisher:/home/daniel/carla-ros-bridge/install/carla_ackermann_control:/home/daniel/carla-ros-bridge/install/carla_ros_bridge:/home/daniel/carla-ros-bridge/install/carla_spawn_objects:/home/daniel/carla-ros-bridge/install/carla_manual_control:/home/daniel/carla-ros-bridge/install/carla_ad_agent:/home/daniel/carla-ros-bridge/install/ros_compatibility:/home/daniel/carla-ros-bridge/install/carla_walker_agent:/home/daniel/carla-ros-bridge/install/carla_twist_to_control:/home/daniel/carla-ros-bridge/install/carla_ros_scenario_runner:/home/daniel/carla-ros-bridge/install/carla_common:/opt/ros/humble /opt/cmake-3.28.3-linux-x86_64/bin/cmake --build /home/daniel/code/2025-phd-daniel-guerrero/ros-bridge/build/carla_waypoint_types -- -j12 -l12
[7.728s] DEBUG:colcon.colcon_core.event_handler.log_command:Invoking command in '/home/daniel/code/2025-phd-daniel-guerrero/ros-bridge/build/carla_waypoint_types': CMAKE_PREFIX_PATH=${CMAKE_PREFIX_PATH}:/home/daniel/code/2025-phd-daniel-guerrero/ros-bridge/install/rqt_carla_control:/home/daniel/code/2025-phd-daniel-guerrero/ros-bridge/install/carla_waypoint_publisher:/home/daniel/code/2025-phd-daniel-guerrero/ros-bridge/install/carla_ackermann_control:/home/daniel/code/2025-phd-daniel-guerrero/ros-bridge/install/carla_ros_bridge:/home/daniel/code/2025-phd-daniel-guerrero/ros-bridge/install/carla_spawn_objects:/home/daniel/code/2025-phd-daniel-guerrero/ros-bridge/install/carla_manual_control:/home/daniel/code/2025-phd-daniel-guerrero/ros-bridge/install/carla_ad_agent:/home/daniel/code/2025-phd-daniel-guerrero/ros-bridge/install/ros_compatibility:/home/daniel/code/2025-phd-daniel-guerrero/ros-bridge/install/carla_walker_agent:/home/daniel/code/2025-phd-daniel-guerrero/ros-bridge/install/carla_twist_to_control:/home/daniel/code/2025-phd-daniel-guerrero/ros-bridge/install/carla_ros_scenario_runner:/home/daniel/code/2025-phd-daniel-guerrero/ros-bridge/install/carla_common:/home/daniel/carla-ros-bridge/install/rqt_carla_control:/home/daniel/carla-ros-bridge/install/carla_waypoint_publisher:/home/daniel/carla-ros-bridge/install/carla_ackermann_control:/home/daniel/carla-ros-bridge/install/carla_ros_bridge:/home/daniel/carla-ros-bridge/install/carla_spawn_objects:/home/daniel/carla-ros-bridge/install/carla_manual_control:/home/daniel/carla-ros-bridge/install/carla_ad_agent:/home/daniel/carla-ros-bridge/install/ros_compatibility:/home/daniel/carla-ros-bridge/install/carla_walker_agent:/home/daniel/carla-ros-bridge/install/carla_twist_to_control:/home/daniel/carla-ros-bridge/install/carla_ros_scenario_runner:/home/daniel/carla-ros-bridge/install/carla_common:/opt/ros/humble /opt/cmake-3.28.3-linux-x86_64/bin/cmake --install /home/daniel/code/2025-phd-daniel-guerrero/ros-bridge/build/carla_waypoint_types
[7.977s] Level 1:colcon.colcon_core.environment:create_environment_scripts_only(carla_ros_scenario_runner_types)
[7.977s] Level 1:colcon.colcon_core.environment:checking '/home/daniel/code/2025-phd-daniel-guerrero/ros-bridge/install/carla_ros_scenario_runner_types' for CMake module files
[7.978s] Level 1:colcon.colcon_core.environment:checking '/home/daniel/code/2025-phd-daniel-guerrero/ros-bridge/install/carla_ros_scenario_runner_types' for CMake config files
[7.978s] DEBUG:colcon.colcon_core.event_handler.log_command:Invoked command in '/home/daniel/code/2025-phd-daniel-guerrero/ros-bridge/build/carla_ros_scenario_runner_types' returned '0': CMAKE_PREFIX_PATH=${CMAKE_PREFIX_PATH}:/home/daniel/code/2025-phd-daniel-guerrero/ros-bridge/install/rqt_carla_control:/home/daniel/code/2025-phd-daniel-guerrero/ros-bridge/install/carla_waypoint_publisher:/home/daniel/code/2025-phd-daniel-guerrero/ros-bridge/install/carla_ackermann_control:/home/daniel/code/2025-phd-daniel-guerrero/ros-bridge/install/carla_ros_bridge:/home/daniel/code/2025-phd-daniel-guerrero/ros-bridge/install/carla_spawn_objects:/home/daniel/code/2025-phd-daniel-guerrero/ros-bridge/install/carla_manual_control:/home/daniel/code/2025-phd-daniel-guerrero/ros-bridge/install/carla_ad_agent:/home/daniel/code/2025-phd-daniel-guerrero/ros-bridge/install/ros_compatibility:/home/daniel/code/2025-phd-daniel-guerrero/ros-bridge/install/carla_walker_agent:/home/daniel/code/2025-phd-daniel-guerrero/ros-bridge/install/carla_twist_to_control:/home/daniel/code/2025-phd-daniel-guerrero/ros-bridge/install/carla_ros_scenario_runner:/home/daniel/code/2025-phd-daniel-guerrero/ros-bridge/install/carla_common:/home/daniel/carla-ros-bridge/install/rqt_carla_control:/home/daniel/carla-ros-bridge/install/carla_waypoint_publisher:/home/daniel/carla-ros-bridge/install/carla_ackermann_control:/home/daniel/carla-ros-bridge/install/carla_ros_bridge:/home/daniel/carla-ros-bridge/install/carla_spawn_objects:/home/daniel/carla-ros-bridge/install/carla_manual_control:/home/daniel/carla-ros-bridge/install/carla_ad_agent:/home/daniel/carla-ros-bridge/install/ros_compatibility:/home/daniel/carla-ros-bridge/install/carla_walker_agent:/home/daniel/carla-ros-bridge/install/carla_twist_to_control:/home/daniel/carla-ros-bridge/install/carla_ros_scenario_runner:/home/daniel/carla-ros-bridge/install/carla_common:/opt/ros/humble /opt/cmake-3.28.3-linux-x86_64/bin/cmake --install /home/daniel/code/2025-phd-daniel-guerrero/ros-bridge/build/carla_ros_scenario_runner_types
[7.979s] Level 1:colcon.colcon_core.shell:create_environment_hook('carla_ros_scenario_runner_types', 'cmake_prefix_path')
[7.979s] INFO:colcon.colcon_core.shell:Creating environment hook '/home/daniel/code/2025-phd-daniel-guerrero/ros-bridge/install/carla_ros_scenario_runner_types/share/carla_ros_scenario_runner_types/hook/cmake_prefix_path.ps1'
[7.980s] INFO:colcon.colcon_core.shell:Creating environment descriptor '/home/daniel/code/2025-phd-daniel-guerrero/ros-bridge/install/carla_ros_scenario_runner_types/share/carla_ros_scenario_runner_types/hook/cmake_prefix_path.dsv'
[7.980s] INFO:colcon.colcon_core.shell:Creating environment hook '/home/daniel/code/2025-phd-daniel-guerrero/ros-bridge/install/carla_ros_scenario_runner_types/share/carla_ros_scenario_runner_types/hook/cmake_prefix_path.sh'
[7.980s] Level 1:colcon.colcon_core.environment:checking '/home/daniel/code/2025-phd-daniel-guerrero/ros-bridge/install/carla_ros_scenario_runner_types/lib'
[7.980s] Level 1:colcon.colcon_core.shell:create_environment_hook('carla_ros_scenario_runner_types', 'ld_library_path_lib')
[7.981s] INFO:colcon.colcon_core.shell:Creating environment hook '/home/daniel/code/2025-phd-daniel-guerrero/ros-bridge/install/carla_ros_scenario_runner_types/share/carla_ros_scenario_runner_types/hook/ld_library_path_lib.ps1'
[7.981s] INFO:colcon.colcon_core.shell:Creating environment descriptor '/home/daniel/code/2025-phd-daniel-guerrero/ros-bridge/install/carla_ros_scenario_runner_types/share/carla_ros_scenario_runner_types/hook/ld_library_path_lib.dsv'
[7.981s] INFO:colcon.colcon_core.shell:Creating environment hook '/home/daniel/code/2025-phd-daniel-guerrero/ros-bridge/install/carla_ros_scenario_runner_types/share/carla_ros_scenario_runner_types/hook/ld_library_path_lib.sh'
[7.982s] Level 1:colcon.colcon_core.environment:checking '/home/daniel/code/2025-phd-daniel-guerrero/ros-bridge/install/carla_ros_scenario_runner_types/bin'
[7.982s] Level 1:colcon.colcon_core.environment:checking '/home/daniel/code/2025-phd-daniel-guerrero/ros-bridge/install/carla_ros_scenario_runner_types/lib/pkgconfig/carla_ros_scenario_runner_types.pc'
[7.986s] Level 1:colcon.colcon_core.environment:checking '/home/daniel/code/2025-phd-daniel-guerrero/ros-bridge/install/carla_ros_scenario_runner_types/lib/python3.10/site-packages'
[7.986s] Level 1:colcon.colcon_core.environment:checking '/home/daniel/code/2025-phd-daniel-guerrero/ros-bridge/install/carla_ros_scenario_runner_types/bin'
[7.987s] INFO:colcon.colcon_core.shell:Creating package script '/home/daniel/code/2025-phd-daniel-guerrero/ros-bridge/install/carla_ros_scenario_runner_types/share/carla_ros_scenario_runner_types/package.ps1'
[7.987s] INFO:colcon.colcon_core.shell:Creating package descriptor '/home/daniel/code/2025-phd-daniel-guerrero/ros-bridge/install/carla_ros_scenario_runner_types/share/carla_ros_scenario_runner_types/package.dsv'
[7.988s] INFO:colcon.colcon_core.shell:Creating package script '/home/daniel/code/2025-phd-daniel-guerrero/ros-bridge/install/carla_ros_scenario_runner_types/share/carla_ros_scenario_runner_types/package.sh'
[7.988s] INFO:colcon.colcon_core.shell:Creating package script '/home/daniel/code/2025-phd-daniel-guerrero/ros-bridge/install/carla_ros_scenario_runner_types/share/carla_ros_scenario_runner_types/package.bash'
[7.988s] INFO:colcon.colcon_core.shell:Creating package script '/home/daniel/code/2025-phd-daniel-guerrero/ros-bridge/install/carla_ros_scenario_runner_types/share/carla_ros_scenario_runner_types/package.zsh'
[7.989s] Level 1:colcon.colcon_core.environment:create_file_with_runtime_dependencies(/home/daniel/code/2025-phd-daniel-guerrero/ros-bridge/install/carla_ros_scenario_runner_types/share/colcon-core/packages/carla_ros_scenario_runner_types)
[7.992s] Level 1:colcon.colcon_core.environment:create_environment_scripts_only(carla_ros_scenario_runner_types)
[7.993s] Level 1:colcon.colcon_core.environment:checking '/home/daniel/code/2025-phd-daniel-guerrero/ros-bridge/install/carla_ros_scenario_runner_types' for CMake module files
[7.993s] Level 1:colcon.colcon_core.environment:checking '/home/daniel/code/2025-phd-daniel-guerrero/ros-bridge/install/carla_ros_scenario_runner_types' for CMake config files
[7.994s] Level 1:colcon.colcon_core.shell:create_environment_hook('carla_ros_scenario_runner_types', 'cmake_prefix_path')
[7.994s] INFO:colcon.colcon_core.shell:Creating environment hook '/home/daniel/code/2025-phd-daniel-guerrero/ros-bridge/install/carla_ros_scenario_runner_types/share/carla_ros_scenario_runner_types/hook/cmake_prefix_path.ps1'
[7.995s] INFO:colcon.colcon_core.shell:Creating environment descriptor '/home/daniel/code/2025-phd-daniel-guerrero/ros-bridge/install/carla_ros_scenario_runner_types/share/carla_ros_scenario_runner_types/hook/cmake_prefix_path.dsv'
[7.995s] INFO:colcon.colcon_core.shell:Creating environment hook '/home/daniel/code/2025-phd-daniel-guerrero/ros-bridge/install/carla_ros_scenario_runner_types/share/carla_ros_scenario_runner_types/hook/cmake_prefix_path.sh'
[7.995s] Level 1:colcon.colcon_core.environment:checking '/home/daniel/code/2025-phd-daniel-guerrero/ros-bridge/install/carla_ros_scenario_runner_types/lib'
[7.996s] Level 1:colcon.colcon_core.shell:create_environment_hook('carla_ros_scenario_runner_types', 'ld_library_path_lib')
[7.996s] INFO:colcon.colcon_core.shell:Creating environment hook '/home/daniel/code/2025-phd-daniel-guerrero/ros-bridge/install/carla_ros_scenario_runner_types/share/carla_ros_scenario_runner_types/hook/ld_library_path_lib.ps1'
[7.997s] INFO:colcon.colcon_core.shell:Creating environment descriptor '/home/daniel/code/2025-phd-daniel-guerrero/ros-bridge/install/carla_ros_scenario_runner_types/share/carla_ros_scenario_runner_types/hook/ld_library_path_lib.dsv'
[8.001s] INFO:colcon.colcon_core.shell:Creating environment hook '/home/daniel/code/2025-phd-daniel-guerrero/ros-bridge/install/carla_ros_scenario_runner_types/share/carla_ros_scenario_runner_types/hook/ld_library_path_lib.sh'
[8.001s] Level 1:colcon.colcon_core.environment:checking '/home/daniel/code/2025-phd-daniel-guerrero/ros-bridge/install/carla_ros_scenario_runner_types/bin'
[8.001s] Level 1:colcon.colcon_core.environment:checking '/home/daniel/code/2025-phd-daniel-guerrero/ros-bridge/install/carla_ros_scenario_runner_types/lib/pkgconfig/carla_ros_scenario_runner_types.pc'
[8.002s] Level 1:colcon.colcon_core.environment:checking '/home/daniel/code/2025-phd-daniel-guerrero/ros-bridge/install/carla_ros_scenario_runner_types/lib/python3.10/site-packages'
[8.002s] Level 1:colcon.colcon_core.environment:checking '/home/daniel/code/2025-phd-daniel-guerrero/ros-bridge/install/carla_ros_scenario_runner_types/bin'
[8.002s] INFO:colcon.colcon_core.shell:Creating package script '/home/daniel/code/2025-phd-daniel-guerrero/ros-bridge/install/carla_ros_scenario_runner_types/share/carla_ros_scenario_runner_types/package.ps1'
[8.005s] INFO:colcon.colcon_core.shell:Creating package descriptor '/home/daniel/code/2025-phd-daniel-guerrero/ros-bridge/install/carla_ros_scenario_runner_types/share/carla_ros_scenario_runner_types/package.dsv'
[8.010s] INFO:colcon.colcon_core.shell:Creating package script '/home/daniel/code/2025-phd-daniel-guerrero/ros-bridge/install/carla_ros_scenario_runner_types/share/carla_ros_scenario_runner_types/package.sh'
[8.010s] INFO:colcon.colcon_core.shell:Creating package script '/home/daniel/code/2025-phd-daniel-guerrero/ros-bridge/install/carla_ros_scenario_runner_types/share/carla_ros_scenario_runner_types/package.bash'
[8.011s] INFO:colcon.colcon_core.shell:Creating package script '/home/daniel/code/2025-phd-daniel-guerrero/ros-bridge/install/carla_ros_scenario_runner_types/share/carla_ros_scenario_runner_types/package.zsh'
[8.011s] Level 1:colcon.colcon_core.environment:create_file_with_runtime_dependencies(/home/daniel/code/2025-phd-daniel-guerrero/ros-bridge/install/carla_ros_scenario_runner_types/share/colcon-core/packages/carla_ros_scenario_runner_types)
[8.300s] Level 1:colcon.colcon_core.environment:create_environment_scripts_only(carla_waypoint_types)
[8.300s] Level 1:colcon.colcon_core.environment:checking '/home/daniel/code/2025-phd-daniel-guerrero/ros-bridge/install/carla_waypoint_types' for CMake module files
[8.301s] DEBUG:colcon.colcon_core.event_handler.log_command:Invoked command in '/home/daniel/code/2025-phd-daniel-guerrero/ros-bridge/build/carla_waypoint_types' returned '0': CMAKE_PREFIX_PATH=${CMAKE_PREFIX_PATH}:/home/daniel/code/2025-phd-daniel-guerrero/ros-bridge/install/rqt_carla_control:/home/daniel/code/2025-phd-daniel-guerrero/ros-bridge/install/carla_waypoint_publisher:/home/daniel/code/2025-phd-daniel-guerrero/ros-bridge/install/carla_ackermann_control:/home/daniel/code/2025-phd-daniel-guerrero/ros-bridge/install/carla_ros_bridge:/home/daniel/code/2025-phd-daniel-guerrero/ros-bridge/install/carla_spawn_objects:/home/daniel/code/2025-phd-daniel-guerrero/ros-bridge/install/carla_manual_control:/home/daniel/code/2025-phd-daniel-guerrero/ros-bridge/install/carla_ad_agent:/home/daniel/code/2025-phd-daniel-guerrero/ros-bridge/install/ros_compatibility:/home/daniel/code/2025-phd-daniel-guerrero/ros-bridge/install/carla_walker_agent:/home/daniel/code/2025-phd-daniel-guerrero/ros-bridge/install/carla_twist_to_control:/home/daniel/code/2025-phd-daniel-guerrero/ros-bridge/install/carla_ros_scenario_runner:/home/daniel/code/2025-phd-daniel-guerrero/ros-bridge/install/carla_common:/home/daniel/carla-ros-bridge/install/rqt_carla_control:/home/daniel/carla-ros-bridge/install/carla_waypoint_publisher:/home/daniel/carla-ros-bridge/install/carla_ackermann_control:/home/daniel/carla-ros-bridge/install/carla_ros_bridge:/home/daniel/carla-ros-bridge/install/carla_spawn_objects:/home/daniel/carla-ros-bridge/install/carla_manual_control:/home/daniel/carla-ros-bridge/install/carla_ad_agent:/home/daniel/carla-ros-bridge/install/ros_compatibility:/home/daniel/carla-ros-bridge/install/carla_walker_agent:/home/daniel/carla-ros-bridge/install/carla_twist_to_control:/home/daniel/carla-ros-bridge/install/carla_ros_scenario_runner:/home/daniel/carla-ros-bridge/install/carla_common:/opt/ros/humble /opt/cmake-3.28.3-linux-x86_64/bin/cmake --install /home/daniel/code/2025-phd-daniel-guerrero/ros-bridge/build/carla_waypoint_types
[8.301s] Level 1:colcon.colcon_core.environment:checking '/home/daniel/code/2025-phd-daniel-guerrero/ros-bridge/install/carla_waypoint_types' for CMake config files
[8.302s] Level 1:colcon.colcon_core.shell:create_environment_hook('carla_waypoint_types', 'cmake_prefix_path')
[8.302s] INFO:colcon.colcon_core.shell:Creating environment hook '/home/daniel/code/2025-phd-daniel-guerrero/ros-bridge/install/carla_waypoint_types/share/carla_waypoint_types/hook/cmake_prefix_path.ps1'
[8.303s] INFO:colcon.colcon_core.shell:Creating environment descriptor '/home/daniel/code/2025-phd-daniel-guerrero/ros-bridge/install/carla_waypoint_types/share/carla_waypoint_types/hook/cmake_prefix_path.dsv'
[8.303s] INFO:colcon.colcon_core.shell:Creating environment hook '/home/daniel/code/2025-phd-daniel-guerrero/ros-bridge/install/carla_waypoint_types/share/carla_waypoint_types/hook/cmake_prefix_path.sh'
[8.304s] Level 1:colcon.colcon_core.environment:checking '/home/daniel/code/2025-phd-daniel-guerrero/ros-bridge/install/carla_waypoint_types/lib'
[8.304s] Level 1:colcon.colcon_core.shell:create_environment_hook('carla_waypoint_types', 'ld_library_path_lib')
[8.304s] INFO:colcon.colcon_core.shell:Creating environment hook '/home/daniel/code/2025-phd-daniel-guerrero/ros-bridge/install/carla_waypoint_types/share/carla_waypoint_types/hook/ld_library_path_lib.ps1'
[8.304s] INFO:colcon.colcon_core.shell:Creating environment descriptor '/home/daniel/code/2025-phd-daniel-guerrero/ros-bridge/install/carla_waypoint_types/share/carla_waypoint_types/hook/ld_library_path_lib.dsv'
[8.304s] INFO:colcon.colcon_core.shell:Creating environment hook '/home/daniel/code/2025-phd-daniel-guerrero/ros-bridge/install/carla_waypoint_types/share/carla_waypoint_types/hook/ld_library_path_lib.sh'
[8.305s] Level 1:colcon.colcon_core.environment:checking '/home/daniel/code/2025-phd-daniel-guerrero/ros-bridge/install/carla_waypoint_types/bin'
[8.305s] Level 1:colcon.colcon_core.environment:checking '/home/daniel/code/2025-phd-daniel-guerrero/ros-bridge/install/carla_waypoint_types/lib/pkgconfig/carla_waypoint_types.pc'
[8.305s] Level 1:colcon.colcon_core.environment:checking '/home/daniel/code/2025-phd-daniel-guerrero/ros-bridge/install/carla_waypoint_types/lib/python3.10/site-packages'
[8.305s] Level 1:colcon.colcon_core.environment:checking '/home/daniel/code/2025-phd-daniel-guerrero/ros-bridge/install/carla_waypoint_types/bin'
[8.306s] INFO:colcon.colcon_core.shell:Creating package script '/home/daniel/code/2025-phd-daniel-guerrero/ros-bridge/install/carla_waypoint_types/share/carla_waypoint_types/package.ps1'
[8.306s] INFO:colcon.colcon_core.shell:Creating package descriptor '/home/daniel/code/2025-phd-daniel-guerrero/ros-bridge/install/carla_waypoint_types/share/carla_waypoint_types/package.dsv'
[8.306s] INFO:colcon.colcon_core.shell:Creating package script '/home/daniel/code/2025-phd-daniel-guerrero/ros-bridge/install/carla_waypoint_types/share/carla_waypoint_types/package.sh'
[8.307s] INFO:colcon.colcon_core.shell:Creating package script '/home/daniel/code/2025-phd-daniel-guerrero/ros-bridge/install/carla_waypoint_types/share/carla_waypoint_types/package.bash'
[8.307s] INFO:colcon.colcon_core.shell:Creating package script '/home/daniel/code/2025-phd-daniel-guerrero/ros-bridge/install/carla_waypoint_types/share/carla_waypoint_types/package.zsh'
[8.307s] Level 1:colcon.colcon_core.environment:create_file_with_runtime_dependencies(/home/daniel/code/2025-phd-daniel-guerrero/ros-bridge/install/carla_waypoint_types/share/colcon-core/packages/carla_waypoint_types)
[8.308s] Level 1:colcon.colcon_core.environment:create_environment_scripts_only(carla_waypoint_types)
[8.308s] Level 1:colcon.colcon_core.environment:checking '/home/daniel/code/2025-phd-daniel-guerrero/ros-bridge/install/carla_waypoint_types' for CMake module files
[8.309s] Level 1:colcon.colcon_core.environment:checking '/home/daniel/code/2025-phd-daniel-guerrero/ros-bridge/install/carla_waypoint_types' for CMake config files
[8.310s] Level 1:colcon.colcon_core.shell:create_environment_hook('carla_waypoint_types', 'cmake_prefix_path')
[8.310s] INFO:colcon.colcon_core.shell:Creating environment hook '/home/daniel/code/2025-phd-daniel-guerrero/ros-bridge/install/carla_waypoint_types/share/carla_waypoint_types/hook/cmake_prefix_path.ps1'
[8.310s] INFO:colcon.colcon_core.shell:Creating environment descriptor '/home/daniel/code/2025-phd-daniel-guerrero/ros-bridge/install/carla_waypoint_types/share/carla_waypoint_types/hook/cmake_prefix_path.dsv'
[8.310s] INFO:colcon.colcon_core.shell:Creating environment hook '/home/daniel/code/2025-phd-daniel-guerrero/ros-bridge/install/carla_waypoint_types/share/carla_waypoint_types/hook/cmake_prefix_path.sh'
[8.311s] Level 1:colcon.colcon_core.environment:checking '/home/daniel/code/2025-phd-daniel-guerrero/ros-bridge/install/carla_waypoint_types/lib'
[8.311s] Level 1:colcon.colcon_core.shell:create_environment_hook('carla_waypoint_types', 'ld_library_path_lib')
[8.311s] INFO:colcon.colcon_core.shell:Creating environment hook '/home/daniel/code/2025-phd-daniel-guerrero/ros-bridge/install/carla_waypoint_types/share/carla_waypoint_types/hook/ld_library_path_lib.ps1'
[8.312s] INFO:colcon.colcon_core.shell:Creating environment descriptor '/home/daniel/code/2025-phd-daniel-guerrero/ros-bridge/install/carla_waypoint_types/share/carla_waypoint_types/hook/ld_library_path_lib.dsv'
[8.312s] INFO:colcon.colcon_core.shell:Creating environment hook '/home/daniel/code/2025-phd-daniel-guerrero/ros-bridge/install/carla_waypoint_types/share/carla_waypoint_types/hook/ld_library_path_lib.sh'
[8.312s] Level 1:colcon.colcon_core.environment:checking '/home/daniel/code/2025-phd-daniel-guerrero/ros-bridge/install/carla_waypoint_types/bin'
[8.312s] Level 1:colcon.colcon_core.environment:checking '/home/daniel/code/2025-phd-daniel-guerrero/ros-bridge/install/carla_waypoint_types/lib/pkgconfig/carla_waypoint_types.pc'
[8.313s] Level 1:colcon.colcon_core.environment:checking '/home/daniel/code/2025-phd-daniel-guerrero/ros-bridge/install/carla_waypoint_types/lib/python3.10/site-packages'
[8.313s] Level 1:colcon.colcon_core.environment:checking '/home/daniel/code/2025-phd-daniel-guerrero/ros-bridge/install/carla_waypoint_types/bin'
[8.313s] INFO:colcon.colcon_core.shell:Creating package script '/home/daniel/code/2025-phd-daniel-guerrero/ros-bridge/install/carla_waypoint_types/share/carla_waypoint_types/package.ps1'
[8.314s] INFO:colcon.colcon_core.shell:Creating package descriptor '/home/daniel/code/2025-phd-daniel-guerrero/ros-bridge/install/carla_waypoint_types/share/carla_waypoint_types/package.dsv'
[8.314s] INFO:colcon.colcon_core.shell:Creating package script '/home/daniel/code/2025-phd-daniel-guerrero/ros-bridge/install/carla_waypoint_types/share/carla_waypoint_types/package.sh'
[8.315s] INFO:colcon.colcon_core.shell:Creating package script '/home/daniel/code/2025-phd-daniel-guerrero/ros-bridge/install/carla_waypoint_types/share/carla_waypoint_types/package.bash'
[8.315s] INFO:colcon.colcon_core.shell:Creating package script '/home/daniel/code/2025-phd-daniel-guerrero/ros-bridge/install/carla_waypoint_types/share/carla_waypoint_types/package.zsh'
[8.316s] Level 1:colcon.colcon_core.environment:create_file_with_runtime_dependencies(/home/daniel/code/2025-phd-daniel-guerrero/ros-bridge/install/carla_waypoint_types/share/colcon-core/packages/carla_waypoint_types)
[8.316s] INFO:colcon.colcon_ros.task.ament_python.build:Building ROS package in '/home/daniel/code/2025-phd-daniel-guerrero/ros-bridge/src/carla_waypoint_publisher' with build type 'ament_python'
[8.317s] Level 1:colcon.colcon_core.shell:create_environment_hook('carla_waypoint_publisher', 'ament_prefix_path')
[8.317s] INFO:colcon.colcon_core.shell:Creating environment hook '/home/daniel/code/2025-phd-daniel-guerrero/ros-bridge/install/carla_waypoint_publisher/share/carla_waypoint_publisher/hook/ament_prefix_path.ps1'
[8.318s] INFO:colcon.colcon_core.shell:Creating environment descriptor '/home/daniel/code/2025-phd-daniel-guerrero/ros-bridge/install/carla_waypoint_publisher/share/carla_waypoint_publisher/hook/ament_prefix_path.dsv'
[8.318s] INFO:colcon.colcon_core.shell:Creating environment hook '/home/daniel/code/2025-phd-daniel-guerrero/ros-bridge/install/carla_waypoint_publisher/share/carla_waypoint_publisher/hook/ament_prefix_path.sh'
[8.319s] INFO:colcon.colcon_core.shell:Skip shell extension 'powershell' for command environment: Not usable outside of PowerShell
[8.319s] DEBUG:colcon.colcon_core.shell:Skip shell extension 'dsv' for command environment
[8.880s] INFO:colcon.colcon_core.task.python.build:Building Python package in '/home/daniel/code/2025-phd-daniel-guerrero/ros-bridge/src/carla_waypoint_publisher'
[8.880s] INFO:colcon.colcon_core.shell:Skip shell extension 'powershell' for command environment: Not usable outside of PowerShell
[8.880s] DEBUG:colcon.colcon_core.shell:Skip shell extension 'dsv' for command environment
[9.605s] DEBUG:colcon.colcon_core.event_handler.log_command:Invoking command in '/home/daniel/code/2025-phd-daniel-guerrero/ros-bridge/build/carla_waypoint_publisher': AMENT_PREFIX_PATH=/home/daniel/code/2025-phd-daniel-guerrero/ros-bridge/install/ros_compatibility:/home/daniel/code/2025-phd-daniel-guerrero/ros-bridge/install/carla_ad_demo:/home/daniel/code/2025-phd-daniel-guerrero/ros-bridge/install/rviz_carla_plugin:/home/daniel/code/2025-phd-daniel-guerrero/ros-bridge/install/rqt_carla_control:/home/daniel/code/2025-phd-daniel-guerrero/ros-bridge/install/pcl_recorder:/home/daniel/code/2025-phd-daniel-guerrero/ros-bridge/install/carla_waypoint_publisher:/home/daniel/code/2025-phd-daniel-guerrero/ros-bridge/install/carla_ackermann_control:/home/daniel/code/2025-phd-daniel-guerrero/ros-bridge/install/carla_ros_bridge:/home/daniel/code/2025-phd-daniel-guerrero/ros-bridge/install/carla_spawn_objects:/home/daniel/code/2025-phd-daniel-guerrero/ros-bridge/install/carla_manual_control:/home/daniel/code/2025-phd-daniel-guerrero/ros-bridge/install/carla_ad_agent:/home/daniel/code/2025-phd-daniel-guerrero/ros-bridge/install/carla_waypoint_types:/home/daniel/code/2025-phd-daniel-guerrero/ros-bridge/install/carla_walker_agent:/home/daniel/code/2025-phd-daniel-guerrero/ros-bridge/install/carla_twist_to_control:/home/daniel/code/2025-phd-daniel-guerrero/ros-bridge/install/carla_ros_scenario_runner:/home/daniel/code/2025-phd-daniel-guerrero/ros-bridge/install/carla_ros_scenario_runner_types:/home/daniel/code/2025-phd-daniel-guerrero/ros-bridge/install/carla_ackermann_msgs:/home/daniel/code/2025-phd-daniel-guerrero/ros-bridge/install/carla_msgs:/home/daniel/code/2025-phd-daniel-guerrero/ros-bridge/install/carla_common:/home/daniel/carla-ros-bridge/install/rqt_carla_control:/home/daniel/carla-ros-bridge/install/carla_waypoint_publisher:/home/daniel/carla-ros-bridge/install/carla_ackermann_control:/home/daniel/carla-ros-bridge/install/carla_ros_bridge:/home/daniel/carla-ros-bridge/install/carla_spawn_objects:/home/daniel/carla-ros-bridge/install/carla_manual_control:/home/daniel/carla-ros-bridge/install/carla_ad_agent:/home/daniel/carla-ros-bridge/install/ros_compatibility:/home/daniel/carla-ros-bridge/install/carla_waypoint_types:/home/daniel/carla-ros-bridge/install/carla_walker_agent:/home/daniel/carla-ros-bridge/install/carla_twist_to_control:/home/daniel/carla-ros-bridge/install/carla_ros_scenario_runner:/home/daniel/carla-ros-bridge/install/carla_ros_scenario_runner_types:/home/daniel/carla-ros-bridge/install/carla_ackermann_msgs:/home/daniel/carla-ros-bridge/install/carla_msgs:/home/daniel/carla-ros-bridge/install/carla_common:/opt/ros/humble CMAKE_PREFIX_PATH=/home/daniel/code/2025-phd-daniel-guerrero/ros-bridge/install/carla_waypoint_types:/home/daniel/code/2025-phd-daniel-guerrero/ros-bridge/install/carla_ad_demo:/home/daniel/code/2025-phd-daniel-guerrero/ros-bridge/install/rviz_carla_plugin:/home/daniel/code/2025-phd-daniel-guerrero/ros-bridge/install/pcl_recorder:/home/daniel/code/2025-phd-daniel-guerrero/ros-bridge/install/carla_ros_scenario_runner_types:/home/daniel/code/2025-phd-daniel-guerrero/ros-bridge/install/carla_ackermann_msgs:/home/daniel/code/2025-phd-daniel-guerrero/ros-bridge/install/carla_msgs:/home/daniel/carla-ros-bridge/install/carla_waypoint_types:/home/daniel/carla-ros-bridge/install/carla_ros_scenario_runner_types:/home/daniel/carla-ros-bridge/install/carla_ackermann_msgs:/home/daniel/carla-ros-bridge/install/carla_msgs LD_LIBRARY_PATH=/home/daniel/code/2025-phd-daniel-guerrero/ros-bridge/install/carla_waypoint_types/lib:/home/daniel/code/2025-phd-daniel-guerrero/ros-bridge/install/rviz_carla_plugin/lib:/home/daniel/code/2025-phd-daniel-guerrero/ros-bridge/install/carla_ros_scenario_runner_types/lib:/home/daniel/code/2025-phd-daniel-guerrero/ros-bridge/install/carla_ackermann_msgs/lib:/home/daniel/code/2025-phd-daniel-guerrero/ros-bridge/install/carla_msgs/lib:/home/daniel/carla-ros-bridge/install/carla_waypoint_types/lib:/home/daniel/carla-ros-bridge/install/carla_ros_scenario_runner_types/lib:/home/daniel/carla-ros-bridge/install/carla_ackermann_msgs/lib:/home/daniel/carla-ros-bridge/install/carla_msgs/lib:/opt/ros/humble/opt/rviz_ogre_vendor/lib:/opt/ros/humble/lib/x86_64-linux-gnu:/opt/ros/humble/lib PYTHONPATH=/home/daniel/code/2025-phd-daniel-guerrero/ros-bridge/build/carla_waypoint_publisher/prefix_override:/usr/lib/python3/dist-packages/colcon_core/task/python/colcon_distutils_commands:/home/daniel/code/2025-phd-daniel-guerrero/ros-bridge/install/carla_waypoint_publisher/lib/python3.10/site-packages:/home/daniel/code/2025-phd-daniel-guerrero/ros-bridge/build/ros_compatibility/src:/home/daniel/code/2025-phd-daniel-guerrero/ros-bridge/install/ros_compatibility/lib/python3.10/site-packages:/home/daniel/code/2025-phd-daniel-guerrero/ros-bridge/install/rqt_carla_control/lib/python3.10/site-packages:/home/daniel/code/2025-phd-daniel-guerrero/ros-bridge/install/carla_waypoint_publisher/lib/python3.10/site-packages:/home/daniel/code/2025-phd-daniel-guerrero/ros-bridge/install/carla_ackermann_control/lib/python3.10/site-packages:/home/daniel/code/2025-phd-daniel-guerrero/ros-bridge/install/carla_ros_bridge/lib/python3.10/site-packages:/home/daniel/code/2025-phd-daniel-guerrero/ros-bridge/install/carla_spawn_objects/lib/python3.10/site-packages:/home/daniel/code/2025-phd-daniel-guerrero/ros-bridge/install/carla_manual_control/lib/python3.10/site-packages:/home/daniel/code/2025-phd-daniel-guerrero/ros-bridge/install/carla_ad_agent/lib/python3.10/site-packages:/home/daniel/code/2025-phd-daniel-guerrero/ros-bridge/install/carla_waypoint_types/local/lib/python3.10/dist-packages:/home/daniel/code/2025-phd-daniel-guerrero/ros-bridge/install/carla_walker_agent/lib/python3.10/site-packages:/home/daniel/code/2025-phd-daniel-guerrero/ros-bridge/install/carla_twist_to_control/lib/python3.10/site-packages:/home/daniel/code/2025-phd-daniel-guerrero/ros-bridge/install/carla_ros_scenario_runner/lib/python3.10/site-packages:/home/daniel/code/2025-phd-daniel-guerrero/ros-bridge/install/carla_ros_scenario_runner_types/local/lib/python3.10/dist-packages:/home/daniel/code/2025-phd-daniel-guerrero/ros-bridge/install/carla_ackermann_msgs/local/lib/python3.10/dist-packages:/home/daniel/code/2025-phd-daniel-guerrero/ros-bridge/install/carla_msgs/local/lib/python3.10/dist-packages:/home/daniel/code/2025-phd-daniel-guerrero/ros-bridge/install/carla_common/lib/python3.10/site-packages:/home/daniel/carla-ros-bridge/install/rqt_carla_control/lib/python3.10/site-packages:/home/daniel/carla-ros-bridge/install/carla_waypoint_publisher/lib/python3.10/site-packages:/home/daniel/carla-ros-bridge/install/carla_ackermann_control/lib/python3.10/site-packages:/home/daniel/carla-ros-bridge/install/carla_ros_bridge/lib/python3.10/site-packages:/home/daniel/carla-ros-bridge/install/carla_spawn_objects/lib/python3.10/site-packages:/home/daniel/carla-ros-bridge/install/carla_manual_control/lib/python3.10/site-packages:/home/daniel/carla-ros-bridge/install/carla_ad_agent/lib/python3.10/site-packages:/home/daniel/carla-ros-bridge/install/ros_compatibility/lib/python3.10/site-packages:/home/daniel/carla-ros-bridge/install/carla_waypoint_types/local/lib/python3.10/dist-packages:/home/daniel/carla-ros-bridge/install/carla_walker_agent/lib/python3.10/site-packages:/home/daniel/carla-ros-bridge/install/carla_twist_to_control/lib/python3.10/site-packages:/home/daniel/carla-ros-bridge/install/carla_ros_scenario_runner/lib/python3.10/site-packages:/home/daniel/carla-ros-bridge/install/carla_ros_scenario_runner_types/local/lib/python3.10/dist-packages:/home/daniel/carla-ros-bridge/install/carla_ackermann_msgs/local/lib/python3.10/dist-packages:/home/daniel/carla-ros-bridge/install/carla_msgs/local/lib/python3.10/dist-packages:/home/daniel/carla-ros-bridge/install/carla_common/lib/python3.10/site-packages:/opt/ros/humble/lib/python3.10/site-packages:/opt/ros/humble/local/lib/python3.10/dist-packages /usr/bin/python3 -W ignore:setup.py install is deprecated -W ignore:easy_install command is deprecated setup.py develop --editable --build-directory /home/daniel/code/2025-phd-daniel-guerrero/ros-bridge/build/carla_waypoint_publisher/build --no-deps symlink_data
[10.531s] Level 1:colcon.colcon_core.shell:create_environment_hook('carla_waypoint_publisher', 'pythonpath_develop')
[10.531s] INFO:colcon.colcon_core.shell:Creating environment hook '/home/daniel/code/2025-phd-daniel-guerrero/ros-bridge/build/carla_waypoint_publisher/src/share/carla_waypoint_publisher/hook/pythonpath_develop.ps1'
[10.531s] DEBUG:colcon.colcon_core.event_handler.log_command:Invoked command in '/home/daniel/code/2025-phd-daniel-guerrero/ros-bridge/build/carla_waypoint_publisher' returned '0': AMENT_PREFIX_PATH=/home/daniel/code/2025-phd-daniel-guerrero/ros-bridge/install/ros_compatibility:/home/daniel/code/2025-phd-daniel-guerrero/ros-bridge/install/carla_ad_demo:/home/daniel/code/2025-phd-daniel-guerrero/ros-bridge/install/rviz_carla_plugin:/home/daniel/code/2025-phd-daniel-guerrero/ros-bridge/install/rqt_carla_control:/home/daniel/code/2025-phd-daniel-guerrero/ros-bridge/install/pcl_recorder:/home/daniel/code/2025-phd-daniel-guerrero/ros-bridge/install/carla_waypoint_publisher:/home/daniel/code/2025-phd-daniel-guerrero/ros-bridge/install/carla_ackermann_control:/home/daniel/code/2025-phd-daniel-guerrero/ros-bridge/install/carla_ros_bridge:/home/daniel/code/2025-phd-daniel-guerrero/ros-bridge/install/carla_spawn_objects:/home/daniel/code/2025-phd-daniel-guerrero/ros-bridge/install/carla_manual_control:/home/daniel/code/2025-phd-daniel-guerrero/ros-bridge/install/carla_ad_agent:/home/daniel/code/2025-phd-daniel-guerrero/ros-bridge/install/carla_waypoint_types:/home/daniel/code/2025-phd-daniel-guerrero/ros-bridge/install/carla_walker_agent:/home/daniel/code/2025-phd-daniel-guerrero/ros-bridge/install/carla_twist_to_control:/home/daniel/code/2025-phd-daniel-guerrero/ros-bridge/install/carla_ros_scenario_runner:/home/daniel/code/2025-phd-daniel-guerrero/ros-bridge/install/carla_ros_scenario_runner_types:/home/daniel/code/2025-phd-daniel-guerrero/ros-bridge/install/carla_ackermann_msgs:/home/daniel/code/2025-phd-daniel-guerrero/ros-bridge/install/carla_msgs:/home/daniel/code/2025-phd-daniel-guerrero/ros-bridge/install/carla_common:/home/daniel/carla-ros-bridge/install/rqt_carla_control:/home/daniel/carla-ros-bridge/install/carla_waypoint_publisher:/home/daniel/carla-ros-bridge/install/carla_ackermann_control:/home/daniel/carla-ros-bridge/install/carla_ros_bridge:/home/daniel/carla-ros-bridge/install/carla_spawn_objects:/home/daniel/carla-ros-bridge/install/carla_manual_control:/home/daniel/carla-ros-bridge/install/carla_ad_agent:/home/daniel/carla-ros-bridge/install/ros_compatibility:/home/daniel/carla-ros-bridge/install/carla_waypoint_types:/home/daniel/carla-ros-bridge/install/carla_walker_agent:/home/daniel/carla-ros-bridge/install/carla_twist_to_control:/home/daniel/carla-ros-bridge/install/carla_ros_scenario_runner:/home/daniel/carla-ros-bridge/install/carla_ros_scenario_runner_types:/home/daniel/carla-ros-bridge/install/carla_ackermann_msgs:/home/daniel/carla-ros-bridge/install/carla_msgs:/home/daniel/carla-ros-bridge/install/carla_common:/opt/ros/humble CMAKE_PREFIX_PATH=/home/daniel/code/2025-phd-daniel-guerrero/ros-bridge/install/carla_waypoint_types:/home/daniel/code/2025-phd-daniel-guerrero/ros-bridge/install/carla_ad_demo:/home/daniel/code/2025-phd-daniel-guerrero/ros-bridge/install/rviz_carla_plugin:/home/daniel/code/2025-phd-daniel-guerrero/ros-bridge/install/pcl_recorder:/home/daniel/code/2025-phd-daniel-guerrero/ros-bridge/install/carla_ros_scenario_runner_types:/home/daniel/code/2025-phd-daniel-guerrero/ros-bridge/install/carla_ackermann_msgs:/home/daniel/code/2025-phd-daniel-guerrero/ros-bridge/install/carla_msgs:/home/daniel/carla-ros-bridge/install/carla_waypoint_types:/home/daniel/carla-ros-bridge/install/carla_ros_scenario_runner_types:/home/daniel/carla-ros-bridge/install/carla_ackermann_msgs:/home/daniel/carla-ros-bridge/install/carla_msgs LD_LIBRARY_PATH=/home/daniel/code/2025-phd-daniel-guerrero/ros-bridge/install/carla_waypoint_types/lib:/home/daniel/code/2025-phd-daniel-guerrero/ros-bridge/install/rviz_carla_plugin/lib:/home/daniel/code/2025-phd-daniel-guerrero/ros-bridge/install/carla_ros_scenario_runner_types/lib:/home/daniel/code/2025-phd-daniel-guerrero/ros-bridge/install/carla_ackermann_msgs/lib:/home/daniel/code/2025-phd-daniel-guerrero/ros-bridge/install/carla_msgs/lib:/home/daniel/carla-ros-bridge/install/carla_waypoint_types/lib:/home/daniel/carla-ros-bridge/install/carla_ros_scenario_runner_types/lib:/home/daniel/carla-ros-bridge/install/carla_ackermann_msgs/lib:/home/daniel/carla-ros-bridge/install/carla_msgs/lib:/opt/ros/humble/opt/rviz_ogre_vendor/lib:/opt/ros/humble/lib/x86_64-linux-gnu:/opt/ros/humble/lib PYTHONPATH=/home/daniel/code/2025-phd-daniel-guerrero/ros-bridge/build/carla_waypoint_publisher/prefix_override:/usr/lib/python3/dist-packages/colcon_core/task/python/colcon_distutils_commands:/home/daniel/code/2025-phd-daniel-guerrero/ros-bridge/install/carla_waypoint_publisher/lib/python3.10/site-packages:/home/daniel/code/2025-phd-daniel-guerrero/ros-bridge/build/ros_compatibility/src:/home/daniel/code/2025-phd-daniel-guerrero/ros-bridge/install/ros_compatibility/lib/python3.10/site-packages:/home/daniel/code/2025-phd-daniel-guerrero/ros-bridge/install/rqt_carla_control/lib/python3.10/site-packages:/home/daniel/code/2025-phd-daniel-guerrero/ros-bridge/install/carla_waypoint_publisher/lib/python3.10/site-packages:/home/daniel/code/2025-phd-daniel-guerrero/ros-bridge/install/carla_ackermann_control/lib/python3.10/site-packages:/home/daniel/code/2025-phd-daniel-guerrero/ros-bridge/install/carla_ros_bridge/lib/python3.10/site-packages:/home/daniel/code/2025-phd-daniel-guerrero/ros-bridge/install/carla_spawn_objects/lib/python3.10/site-packages:/home/daniel/code/2025-phd-daniel-guerrero/ros-bridge/install/carla_manual_control/lib/python3.10/site-packages:/home/daniel/code/2025-phd-daniel-guerrero/ros-bridge/install/carla_ad_agent/lib/python3.10/site-packages:/home/daniel/code/2025-phd-daniel-guerrero/ros-bridge/install/carla_waypoint_types/local/lib/python3.10/dist-packages:/home/daniel/code/2025-phd-daniel-guerrero/ros-bridge/install/carla_walker_agent/lib/python3.10/site-packages:/home/daniel/code/2025-phd-daniel-guerrero/ros-bridge/install/carla_twist_to_control/lib/python3.10/site-packages:/home/daniel/code/2025-phd-daniel-guerrero/ros-bridge/install/carla_ros_scenario_runner/lib/python3.10/site-packages:/home/daniel/code/2025-phd-daniel-guerrero/ros-bridge/install/carla_ros_scenario_runner_types/local/lib/python3.10/dist-packages:/home/daniel/code/2025-phd-daniel-guerrero/ros-bridge/install/carla_ackermann_msgs/local/lib/python3.10/dist-packages:/home/daniel/code/2025-phd-daniel-guerrero/ros-bridge/install/carla_msgs/local/lib/python3.10/dist-packages:/home/daniel/code/2025-phd-daniel-guerrero/ros-bridge/install/carla_common/lib/python3.10/site-packages:/home/daniel/carla-ros-bridge/install/rqt_carla_control/lib/python3.10/site-packages:/home/daniel/carla-ros-bridge/install/carla_waypoint_publisher/lib/python3.10/site-packages:/home/daniel/carla-ros-bridge/install/carla_ackermann_control/lib/python3.10/site-packages:/home/daniel/carla-ros-bridge/install/carla_ros_bridge/lib/python3.10/site-packages:/home/daniel/carla-ros-bridge/install/carla_spawn_objects/lib/python3.10/site-packages:/home/daniel/carla-ros-bridge/install/carla_manual_control/lib/python3.10/site-packages:/home/daniel/carla-ros-bridge/install/carla_ad_agent/lib/python3.10/site-packages:/home/daniel/carla-ros-bridge/install/ros_compatibility/lib/python3.10/site-packages:/home/daniel/carla-ros-bridge/install/carla_waypoint_types/local/lib/python3.10/dist-packages:/home/daniel/carla-ros-bridge/install/carla_walker_agent/lib/python3.10/site-packages:/home/daniel/carla-ros-bridge/install/carla_twist_to_control/lib/python3.10/site-packages:/home/daniel/carla-ros-bridge/install/carla_ros_scenario_runner/lib/python3.10/site-packages:/home/daniel/carla-ros-bridge/install/carla_ros_scenario_runner_types/local/lib/python3.10/dist-packages:/home/daniel/carla-ros-bridge/install/carla_ackermann_msgs/local/lib/python3.10/dist-packages:/home/daniel/carla-ros-bridge/install/carla_msgs/local/lib/python3.10/dist-packages:/home/daniel/carla-ros-bridge/install/carla_common/lib/python3.10/site-packages:/opt/ros/humble/lib/python3.10/site-packages:/opt/ros/humble/local/lib/python3.10/dist-packages /usr/bin/python3 -W ignore:setup.py install is deprecated -W ignore:easy_install command is deprecated setup.py develop --editable --build-directory /home/daniel/code/2025-phd-daniel-guerrero/ros-bridge/build/carla_waypoint_publisher/build --no-deps symlink_data
[10.532s] INFO:colcon.colcon_core.shell:Creating environment descriptor '/home/daniel/code/2025-phd-daniel-guerrero/ros-bridge/build/carla_waypoint_publisher/src/share/carla_waypoint_publisher/hook/pythonpath_develop.dsv'
[10.532s] INFO:colcon.colcon_core.shell:Creating environment hook '/home/daniel/code/2025-phd-daniel-guerrero/ros-bridge/build/carla_waypoint_publisher/src/share/carla_waypoint_publisher/hook/pythonpath_develop.sh'
[10.532s] Level 1:colcon.colcon_core.environment:checking '/home/daniel/code/2025-phd-daniel-guerrero/ros-bridge/install/carla_waypoint_publisher' for CMake module files
[10.533s] Level 1:colcon.colcon_core.environment:checking '/home/daniel/code/2025-phd-daniel-guerrero/ros-bridge/install/carla_waypoint_publisher' for CMake config files
[10.533s] Level 1:colcon.colcon_core.environment:checking '/home/daniel/code/2025-phd-daniel-guerrero/ros-bridge/install/carla_waypoint_publisher/lib'
[10.533s] Level 1:colcon.colcon_core.environment:checking '/home/daniel/code/2025-phd-daniel-guerrero/ros-bridge/install/carla_waypoint_publisher/bin'
[10.533s] Level 1:colcon.colcon_core.environment:checking '/home/daniel/code/2025-phd-daniel-guerrero/ros-bridge/install/carla_waypoint_publisher/lib/pkgconfig/carla_waypoint_publisher.pc'
[10.533s] Level 1:colcon.colcon_core.environment:checking '/home/daniel/code/2025-phd-daniel-guerrero/ros-bridge/install/carla_waypoint_publisher/lib/python3.10/site-packages'
[10.533s] Level 1:colcon.colcon_core.shell:create_environment_hook('carla_waypoint_publisher', 'pythonpath')
[10.533s] INFO:colcon.colcon_core.shell:Creating environment hook '/home/daniel/code/2025-phd-daniel-guerrero/ros-bridge/install/carla_waypoint_publisher/share/carla_waypoint_publisher/hook/pythonpath.ps1'
[10.534s] INFO:colcon.colcon_core.shell:Creating environment descriptor '/home/daniel/code/2025-phd-daniel-guerrero/ros-bridge/install/carla_waypoint_publisher/share/carla_waypoint_publisher/hook/pythonpath.dsv'
[10.534s] INFO:colcon.colcon_core.shell:Creating environment hook '/home/daniel/code/2025-phd-daniel-guerrero/ros-bridge/install/carla_waypoint_publisher/share/carla_waypoint_publisher/hook/pythonpath.sh'
[10.534s] Level 1:colcon.colcon_core.environment:checking '/home/daniel/code/2025-phd-daniel-guerrero/ros-bridge/install/carla_waypoint_publisher/bin'
[10.534s] Level 1:colcon.colcon_core.environment:create_environment_scripts_only(carla_waypoint_publisher)
[10.534s] INFO:colcon.colcon_core.shell:Creating package script '/home/daniel/code/2025-phd-daniel-guerrero/ros-bridge/install/carla_waypoint_publisher/share/carla_waypoint_publisher/package.ps1'
[10.535s] INFO:colcon.colcon_core.shell:Creating package descriptor '/home/daniel/code/2025-phd-daniel-guerrero/ros-bridge/install/carla_waypoint_publisher/share/carla_waypoint_publisher/package.dsv'
[10.535s] INFO:colcon.colcon_core.shell:Creating package script '/home/daniel/code/2025-phd-daniel-guerrero/ros-bridge/install/carla_waypoint_publisher/share/carla_waypoint_publisher/package.sh'
[10.535s] INFO:colcon.colcon_core.shell:Creating package script '/home/daniel/code/2025-phd-daniel-guerrero/ros-bridge/install/carla_waypoint_publisher/share/carla_waypoint_publisher/package.bash'
[10.536s] INFO:colcon.colcon_core.shell:Creating package script '/home/daniel/code/2025-phd-daniel-guerrero/ros-bridge/install/carla_waypoint_publisher/share/carla_waypoint_publisher/package.zsh'
[10.536s] Level 1:colcon.colcon_core.environment:create_file_with_runtime_dependencies(/home/daniel/code/2025-phd-daniel-guerrero/ros-bridge/install/carla_waypoint_publisher/share/colcon-core/packages/carla_waypoint_publisher)
[13.266s] DEBUG:colcon.colcon_core.event_handler.log_command:Invoked command in '/home/daniel/code/2025-phd-daniel-guerrero/ros-bridge/build/carla_msgs' returned '0': CMAKE_PREFIX_PATH=${CMAKE_PREFIX_PATH}:/home/daniel/code/2025-phd-daniel-guerrero/ros-bridge/install/rqt_carla_control:/home/daniel/code/2025-phd-daniel-guerrero/ros-bridge/install/carla_waypoint_publisher:/home/daniel/code/2025-phd-daniel-guerrero/ros-bridge/install/carla_ackermann_control:/home/daniel/code/2025-phd-daniel-guerrero/ros-bridge/install/carla_ros_bridge:/home/daniel/code/2025-phd-daniel-guerrero/ros-bridge/install/carla_spawn_objects:/home/daniel/code/2025-phd-daniel-guerrero/ros-bridge/install/carla_manual_control:/home/daniel/code/2025-phd-daniel-guerrero/ros-bridge/install/carla_ad_agent:/home/daniel/code/2025-phd-daniel-guerrero/ros-bridge/install/ros_compatibility:/home/daniel/code/2025-phd-daniel-guerrero/ros-bridge/install/carla_walker_agent:/home/daniel/code/2025-phd-daniel-guerrero/ros-bridge/install/carla_twist_to_control:/home/daniel/code/2025-phd-daniel-guerrero/ros-bridge/install/carla_ros_scenario_runner:/home/daniel/code/2025-phd-daniel-guerrero/ros-bridge/install/carla_common:/home/daniel/carla-ros-bridge/install/rqt_carla_control:/home/daniel/carla-ros-bridge/install/carla_waypoint_publisher:/home/daniel/carla-ros-bridge/install/carla_ackermann_control:/home/daniel/carla-ros-bridge/install/carla_ros_bridge:/home/daniel/carla-ros-bridge/install/carla_spawn_objects:/home/daniel/carla-ros-bridge/install/carla_manual_control:/home/daniel/carla-ros-bridge/install/carla_ad_agent:/home/daniel/carla-ros-bridge/install/ros_compatibility:/home/daniel/carla-ros-bridge/install/carla_walker_agent:/home/daniel/carla-ros-bridge/install/carla_twist_to_control:/home/daniel/carla-ros-bridge/install/carla_ros_scenario_runner:/home/daniel/carla-ros-bridge/install/carla_common:/opt/ros/humble /opt/cmake-3.28.3-linux-x86_64/bin/cmake --build /home/daniel/code/2025-phd-daniel-guerrero/ros-bridge/build/carla_msgs -- -j12 -l12
[13.268s] DEBUG:colcon.colcon_core.event_handler.log_command:Invoking command in '/home/daniel/code/2025-phd-daniel-guerrero/ros-bridge/build/carla_msgs': CMAKE_PREFIX_PATH=${CMAKE_PREFIX_PATH}:/home/daniel/code/2025-phd-daniel-guerrero/ros-bridge/install/rqt_carla_control:/home/daniel/code/2025-phd-daniel-guerrero/ros-bridge/install/carla_waypoint_publisher:/home/daniel/code/2025-phd-daniel-guerrero/ros-bridge/install/carla_ackermann_control:/home/daniel/code/2025-phd-daniel-guerrero/ros-bridge/install/carla_ros_bridge:/home/daniel/code/2025-phd-daniel-guerrero/ros-bridge/install/carla_spawn_objects:/home/daniel/code/2025-phd-daniel-guerrero/ros-bridge/install/carla_manual_control:/home/daniel/code/2025-phd-daniel-guerrero/ros-bridge/install/carla_ad_agent:/home/daniel/code/2025-phd-daniel-guerrero/ros-bridge/install/ros_compatibility:/home/daniel/code/2025-phd-daniel-guerrero/ros-bridge/install/carla_walker_agent:/home/daniel/code/2025-phd-daniel-guerrero/ros-bridge/install/carla_twist_to_control:/home/daniel/code/2025-phd-daniel-guerrero/ros-bridge/install/carla_ros_scenario_runner:/home/daniel/code/2025-phd-daniel-guerrero/ros-bridge/install/carla_common:/home/daniel/carla-ros-bridge/install/rqt_carla_control:/home/daniel/carla-ros-bridge/install/carla_waypoint_publisher:/home/daniel/carla-ros-bridge/install/carla_ackermann_control:/home/daniel/carla-ros-bridge/install/carla_ros_bridge:/home/daniel/carla-ros-bridge/install/carla_spawn_objects:/home/daniel/carla-ros-bridge/install/carla_manual_control:/home/daniel/carla-ros-bridge/install/carla_ad_agent:/home/daniel/carla-ros-bridge/install/ros_compatibility:/home/daniel/carla-ros-bridge/install/carla_walker_agent:/home/daniel/carla-ros-bridge/install/carla_twist_to_control:/home/daniel/carla-ros-bridge/install/carla_ros_scenario_runner:/home/daniel/carla-ros-bridge/install/carla_common:/opt/ros/humble /opt/cmake-3.28.3-linux-x86_64/bin/cmake --install /home/daniel/code/2025-phd-daniel-guerrero/ros-bridge/build/carla_msgs
[14.315s] Level 1:colcon.colcon_core.environment:create_environment_scripts_only(carla_msgs)
[14.315s] Level 1:colcon.colcon_core.environment:checking '/home/daniel/code/2025-phd-daniel-guerrero/ros-bridge/install/carla_msgs' for CMake module files
[14.315s] DEBUG:colcon.colcon_core.event_handler.log_command:Invoked command in '/home/daniel/code/2025-phd-daniel-guerrero/ros-bridge/build/carla_msgs' returned '0': CMAKE_PREFIX_PATH=${CMAKE_PREFIX_PATH}:/home/daniel/code/2025-phd-daniel-guerrero/ros-bridge/install/rqt_carla_control:/home/daniel/code/2025-phd-daniel-guerrero/ros-bridge/install/carla_waypoint_publisher:/home/daniel/code/2025-phd-daniel-guerrero/ros-bridge/install/carla_ackermann_control:/home/daniel/code/2025-phd-daniel-guerrero/ros-bridge/install/carla_ros_bridge:/home/daniel/code/2025-phd-daniel-guerrero/ros-bridge/install/carla_spawn_objects:/home/daniel/code/2025-phd-daniel-guerrero/ros-bridge/install/carla_manual_control:/home/daniel/code/2025-phd-daniel-guerrero/ros-bridge/install/carla_ad_agent:/home/daniel/code/2025-phd-daniel-guerrero/ros-bridge/install/ros_compatibility:/home/daniel/code/2025-phd-daniel-guerrero/ros-bridge/install/carla_walker_agent:/home/daniel/code/2025-phd-daniel-guerrero/ros-bridge/install/carla_twist_to_control:/home/daniel/code/2025-phd-daniel-guerrero/ros-bridge/install/carla_ros_scenario_runner:/home/daniel/code/2025-phd-daniel-guerrero/ros-bridge/install/carla_common:/home/daniel/carla-ros-bridge/install/rqt_carla_control:/home/daniel/carla-ros-bridge/install/carla_waypoint_publisher:/home/daniel/carla-ros-bridge/install/carla_ackermann_control:/home/daniel/carla-ros-bridge/install/carla_ros_bridge:/home/daniel/carla-ros-bridge/install/carla_spawn_objects:/home/daniel/carla-ros-bridge/install/carla_manual_control:/home/daniel/carla-ros-bridge/install/carla_ad_agent:/home/daniel/carla-ros-bridge/install/ros_compatibility:/home/daniel/carla-ros-bridge/install/carla_walker_agent:/home/daniel/carla-ros-bridge/install/carla_twist_to_control:/home/daniel/carla-ros-bridge/install/carla_ros_scenario_runner:/home/daniel/carla-ros-bridge/install/carla_common:/opt/ros/humble /opt/cmake-3.28.3-linux-x86_64/bin/cmake --install /home/daniel/code/2025-phd-daniel-guerrero/ros-bridge/build/carla_msgs
[14.316s] Level 1:colcon.colcon_core.environment:checking '/home/daniel/code/2025-phd-daniel-guerrero/ros-bridge/install/carla_msgs' for CMake config files
[14.317s] Level 1:colcon.colcon_core.shell:create_environment_hook('carla_msgs', 'cmake_prefix_path')
[14.317s] INFO:colcon.colcon_core.shell:Creating environment hook '/home/daniel/code/2025-phd-daniel-guerrero/ros-bridge/install/carla_msgs/share/carla_msgs/hook/cmake_prefix_path.ps1'
[14.318s] INFO:colcon.colcon_core.shell:Creating environment descriptor '/home/daniel/code/2025-phd-daniel-guerrero/ros-bridge/install/carla_msgs/share/carla_msgs/hook/cmake_prefix_path.dsv'
[14.318s] INFO:colcon.colcon_core.shell:Creating environment hook '/home/daniel/code/2025-phd-daniel-guerrero/ros-bridge/install/carla_msgs/share/carla_msgs/hook/cmake_prefix_path.sh'
[14.319s] Level 1:colcon.colcon_core.environment:checking '/home/daniel/code/2025-phd-daniel-guerrero/ros-bridge/install/carla_msgs/lib'
[14.319s] Level 1:colcon.colcon_core.shell:create_environment_hook('carla_msgs', 'ld_library_path_lib')
[14.319s] INFO:colcon.colcon_core.shell:Creating environment hook '/home/daniel/code/2025-phd-daniel-guerrero/ros-bridge/install/carla_msgs/share/carla_msgs/hook/ld_library_path_lib.ps1'
[14.320s] INFO:colcon.colcon_core.shell:Creating environment descriptor '/home/daniel/code/2025-phd-daniel-guerrero/ros-bridge/install/carla_msgs/share/carla_msgs/hook/ld_library_path_lib.dsv'
[14.320s] INFO:colcon.colcon_core.shell:Creating environment hook '/home/daniel/code/2025-phd-daniel-guerrero/ros-bridge/install/carla_msgs/share/carla_msgs/hook/ld_library_path_lib.sh'
[14.321s] Level 1:colcon.colcon_core.environment:checking '/home/daniel/code/2025-phd-daniel-guerrero/ros-bridge/install/carla_msgs/bin'
[14.321s] Level 1:colcon.colcon_core.environment:checking '/home/daniel/code/2025-phd-daniel-guerrero/ros-bridge/install/carla_msgs/lib/pkgconfig/carla_msgs.pc'
[14.321s] Level 1:colcon.colcon_core.environment:checking '/home/daniel/code/2025-phd-daniel-guerrero/ros-bridge/install/carla_msgs/lib/python3.10/site-packages'
[14.321s] Level 1:colcon.colcon_core.environment:checking '/home/daniel/code/2025-phd-daniel-guerrero/ros-bridge/install/carla_msgs/bin'
[14.322s] INFO:colcon.colcon_core.shell:Creating package script '/home/daniel/code/2025-phd-daniel-guerrero/ros-bridge/install/carla_msgs/share/carla_msgs/package.ps1'
[14.322s] INFO:colcon.colcon_core.shell:Creating package descriptor '/home/daniel/code/2025-phd-daniel-guerrero/ros-bridge/install/carla_msgs/share/carla_msgs/package.dsv'
[14.323s] INFO:colcon.colcon_core.shell:Creating package script '/home/daniel/code/2025-phd-daniel-guerrero/ros-bridge/install/carla_msgs/share/carla_msgs/package.sh'
[14.323s] INFO:colcon.colcon_core.shell:Creating package script '/home/daniel/code/2025-phd-daniel-guerrero/ros-bridge/install/carla_msgs/share/carla_msgs/package.bash'
[14.324s] INFO:colcon.colcon_core.shell:Creating package script '/home/daniel/code/2025-phd-daniel-guerrero/ros-bridge/install/carla_msgs/share/carla_msgs/package.zsh'
[14.324s] Level 1:colcon.colcon_core.environment:create_file_with_runtime_dependencies(/home/daniel/code/2025-phd-daniel-guerrero/ros-bridge/install/carla_msgs/share/colcon-core/packages/carla_msgs)
[14.325s] Level 1:colcon.colcon_core.environment:create_environment_scripts_only(carla_msgs)
[14.325s] Level 1:colcon.colcon_core.environment:checking '/home/daniel/code/2025-phd-daniel-guerrero/ros-bridge/install/carla_msgs' for CMake module files
[14.326s] Level 1:colcon.colcon_core.environment:checking '/home/daniel/code/2025-phd-daniel-guerrero/ros-bridge/install/carla_msgs' for CMake config files
[14.327s] Level 1:colcon.colcon_core.shell:create_environment_hook('carla_msgs', 'cmake_prefix_path')
[14.327s] INFO:colcon.colcon_core.shell:Creating environment hook '/home/daniel/code/2025-phd-daniel-guerrero/ros-bridge/install/carla_msgs/share/carla_msgs/hook/cmake_prefix_path.ps1'
[14.327s] INFO:colcon.colcon_core.shell:Creating environment descriptor '/home/daniel/code/2025-phd-daniel-guerrero/ros-bridge/install/carla_msgs/share/carla_msgs/hook/cmake_prefix_path.dsv'
[14.328s] INFO:colcon.colcon_core.shell:Creating environment hook '/home/daniel/code/2025-phd-daniel-guerrero/ros-bridge/install/carla_msgs/share/carla_msgs/hook/cmake_prefix_path.sh'
[14.329s] Level 1:colcon.colcon_core.environment:checking '/home/daniel/code/2025-phd-daniel-guerrero/ros-bridge/install/carla_msgs/lib'
[14.329s] Level 1:colcon.colcon_core.shell:create_environment_hook('carla_msgs', 'ld_library_path_lib')
[14.329s] INFO:colcon.colcon_core.shell:Creating environment hook '/home/daniel/code/2025-phd-daniel-guerrero/ros-bridge/install/carla_msgs/share/carla_msgs/hook/ld_library_path_lib.ps1'
[14.329s] INFO:colcon.colcon_core.shell:Creating environment descriptor '/home/daniel/code/2025-phd-daniel-guerrero/ros-bridge/install/carla_msgs/share/carla_msgs/hook/ld_library_path_lib.dsv'
[14.330s] INFO:colcon.colcon_core.shell:Creating environment hook '/home/daniel/code/2025-phd-daniel-guerrero/ros-bridge/install/carla_msgs/share/carla_msgs/hook/ld_library_path_lib.sh'
[14.330s] Level 1:colcon.colcon_core.environment:checking '/home/daniel/code/2025-phd-daniel-guerrero/ros-bridge/install/carla_msgs/bin'
[14.330s] Level 1:colcon.colcon_core.environment:checking '/home/daniel/code/2025-phd-daniel-guerrero/ros-bridge/install/carla_msgs/lib/pkgconfig/carla_msgs.pc'
[14.331s] Level 1:colcon.colcon_core.environment:checking '/home/daniel/code/2025-phd-daniel-guerrero/ros-bridge/install/carla_msgs/lib/python3.10/site-packages'
[14.331s] Level 1:colcon.colcon_core.environment:checking '/home/daniel/code/2025-phd-daniel-guerrero/ros-bridge/install/carla_msgs/bin'
[14.331s] INFO:colcon.colcon_core.shell:Creating package script '/home/daniel/code/2025-phd-daniel-guerrero/ros-bridge/install/carla_msgs/share/carla_msgs/package.ps1'
[14.332s] INFO:colcon.colcon_core.shell:Creating package descriptor '/home/daniel/code/2025-phd-daniel-guerrero/ros-bridge/install/carla_msgs/share/carla_msgs/package.dsv'
[14.333s] INFO:colcon.colcon_core.shell:Creating package script '/home/daniel/code/2025-phd-daniel-guerrero/ros-bridge/install/carla_msgs/share/carla_msgs/package.sh'
[14.333s] INFO:colcon.colcon_core.shell:Creating package script '/home/daniel/code/2025-phd-daniel-guerrero/ros-bridge/install/carla_msgs/share/carla_msgs/package.bash'
[14.334s] INFO:colcon.colcon_core.shell:Creating package script '/home/daniel/code/2025-phd-daniel-guerrero/ros-bridge/install/carla_msgs/share/carla_msgs/package.zsh'
[14.334s] Level 1:colcon.colcon_core.environment:create_file_with_runtime_dependencies(/home/daniel/code/2025-phd-daniel-guerrero/ros-bridge/install/carla_msgs/share/colcon-core/packages/carla_msgs)
[14.335s] INFO:colcon.colcon_ros.task.ament_python.build:Building ROS package in '/home/daniel/code/2025-phd-daniel-guerrero/ros-bridge/src/carla_manual_control' with build type 'ament_python'
[14.335s] Level 1:colcon.colcon_core.shell:create_environment_hook('carla_manual_control', 'ament_prefix_path')
[14.335s] INFO:colcon.colcon_core.shell:Creating environment hook '/home/daniel/code/2025-phd-daniel-guerrero/ros-bridge/install/carla_manual_control/share/carla_manual_control/hook/ament_prefix_path.ps1'
[14.336s] INFO:colcon.colcon_core.shell:Creating environment descriptor '/home/daniel/code/2025-phd-daniel-guerrero/ros-bridge/install/carla_manual_control/share/carla_manual_control/hook/ament_prefix_path.dsv'
[14.336s] INFO:colcon.colcon_core.shell:Creating environment hook '/home/daniel/code/2025-phd-daniel-guerrero/ros-bridge/install/carla_manual_control/share/carla_manual_control/hook/ament_prefix_path.sh'
[14.337s] INFO:colcon.colcon_core.shell:Skip shell extension 'powershell' for command environment: Not usable outside of PowerShell
[14.337s] DEBUG:colcon.colcon_core.shell:Skip shell extension 'dsv' for command environment
[14.344s] INFO:colcon.colcon_ros.task.ament_python.build:Building ROS package in '/home/daniel/code/2025-phd-daniel-guerrero/ros-bridge/src/carla_spawn_objects' with build type 'ament_python'
[14.344s] Level 1:colcon.colcon_core.shell:create_environment_hook('carla_spawn_objects', 'ament_prefix_path')
[14.344s] INFO:colcon.colcon_core.shell:Creating environment hook '/home/daniel/code/2025-phd-daniel-guerrero/ros-bridge/install/carla_spawn_objects/share/carla_spawn_objects/hook/ament_prefix_path.ps1'
[14.346s] INFO:colcon.colcon_core.shell:Creating environment descriptor '/home/daniel/code/2025-phd-daniel-guerrero/ros-bridge/install/carla_spawn_objects/share/carla_spawn_objects/hook/ament_prefix_path.dsv'
[14.346s] INFO:colcon.colcon_core.shell:Creating environment hook '/home/daniel/code/2025-phd-daniel-guerrero/ros-bridge/install/carla_spawn_objects/share/carla_spawn_objects/hook/ament_prefix_path.sh'
[14.347s] INFO:colcon.colcon_core.shell:Skip shell extension 'powershell' for command environment: Not usable outside of PowerShell
[14.347s] DEBUG:colcon.colcon_core.shell:Skip shell extension 'dsv' for command environment
[14.355s] INFO:colcon.colcon_ros.task.ament_cmake.build:Building ROS package in '/home/daniel/code/2025-phd-daniel-guerrero/ros-bridge/src/carla_ackermann_msgs' with build type 'ament_cmake'
[14.355s] INFO:colcon.colcon_cmake.task.cmake.build:Building CMake package in '/home/daniel/code/2025-phd-daniel-guerrero/ros-bridge/src/carla_ackermann_msgs'
[14.355s] INFO:colcon.colcon_core.shell:Skip shell extension 'powershell' for command environment: Not usable outside of PowerShell
[14.355s] DEBUG:colcon.colcon_core.shell:Skip shell extension 'dsv' for command environment
[14.363s] INFO:colcon.colcon_ros.task.ament_python.build:Building ROS package in '/home/daniel/code/2025-phd-daniel-guerrero/ros-bridge/src/carla_ad_agent' with build type 'ament_python'
[14.363s] Level 1:colcon.colcon_core.shell:create_environment_hook('carla_ad_agent', 'ament_prefix_path')
[14.364s] INFO:colcon.colcon_core.shell:Creating environment hook '/home/daniel/code/2025-phd-daniel-guerrero/ros-bridge/install/carla_ad_agent/share/carla_ad_agent/hook/ament_prefix_path.ps1'
[14.365s] INFO:colcon.colcon_core.shell:Creating environment descriptor '/home/daniel/code/2025-phd-daniel-guerrero/ros-bridge/install/carla_ad_agent/share/carla_ad_agent/hook/ament_prefix_path.dsv'
[14.365s] INFO:colcon.colcon_core.shell:Creating environment hook '/home/daniel/code/2025-phd-daniel-guerrero/ros-bridge/install/carla_ad_agent/share/carla_ad_agent/hook/ament_prefix_path.sh'
[14.366s] INFO:colcon.colcon_core.shell:Skip shell extension 'powershell' for command environment: Not usable outside of PowerShell
[14.366s] DEBUG:colcon.colcon_core.shell:Skip shell extension 'dsv' for command environment
[14.374s] INFO:colcon.colcon_ros.task.ament_python.build:Building ROS package in '/home/daniel/code/2025-phd-daniel-guerrero/ros-bridge/src/carla_ros_scenario_runner' with build type 'ament_python'
[14.374s] Level 1:colcon.colcon_core.shell:create_environment_hook('carla_ros_scenario_runner', 'ament_prefix_path')
[14.374s] INFO:colcon.colcon_core.shell:Creating environment hook '/home/daniel/code/2025-phd-daniel-guerrero/ros-bridge/install/carla_ros_scenario_runner/share/carla_ros_scenario_runner/hook/ament_prefix_path.ps1'
[14.375s] INFO:colcon.colcon_core.shell:Creating environment descriptor '/home/daniel/code/2025-phd-daniel-guerrero/ros-bridge/install/carla_ros_scenario_runner/share/carla_ros_scenario_runner/hook/ament_prefix_path.dsv'
[14.376s] INFO:colcon.colcon_core.shell:Creating environment hook '/home/daniel/code/2025-phd-daniel-guerrero/ros-bridge/install/carla_ros_scenario_runner/share/carla_ros_scenario_runner/hook/ament_prefix_path.sh'
[14.377s] INFO:colcon.colcon_core.shell:Skip shell extension 'powershell' for command environment: Not usable outside of PowerShell
[14.377s] DEBUG:colcon.colcon_core.shell:Skip shell extension 'dsv' for command environment
[14.384s] INFO:colcon.colcon_ros.task.ament_cmake.build:Building ROS package in '/home/daniel/code/2025-phd-daniel-guerrero/ros-bridge/src/rviz_carla_plugin' with build type 'ament_cmake'
[14.384s] INFO:colcon.colcon_cmake.task.cmake.build:Building CMake package in '/home/daniel/code/2025-phd-daniel-guerrero/ros-bridge/src/rviz_carla_plugin'
[14.384s] INFO:colcon.colcon_core.shell:Skip shell extension 'powershell' for command environment: Not usable outside of PowerShell
[14.384s] DEBUG:colcon.colcon_core.shell:Skip shell extension 'dsv' for command environment
[14.391s] INFO:colcon.colcon_ros.task.ament_python.build:Building ROS package in '/home/daniel/code/2025-phd-daniel-guerrero/ros-bridge/src/carla_walker_agent' with build type 'ament_python'
[14.391s] Level 1:colcon.colcon_core.shell:create_environment_hook('carla_walker_agent', 'ament_prefix_path')
[14.392s] INFO:colcon.colcon_core.shell:Creating environment hook '/home/daniel/code/2025-phd-daniel-guerrero/ros-bridge/install/carla_walker_agent/share/carla_walker_agent/hook/ament_prefix_path.ps1'
[14.392s] INFO:colcon.colcon_core.shell:Creating environment descriptor '/home/daniel/code/2025-phd-daniel-guerrero/ros-bridge/install/carla_walker_agent/share/carla_walker_agent/hook/ament_prefix_path.dsv'
[14.392s] INFO:colcon.colcon_core.shell:Creating environment hook '/home/daniel/code/2025-phd-daniel-guerrero/ros-bridge/install/carla_walker_agent/share/carla_walker_agent/hook/ament_prefix_path.sh'
[14.393s] INFO:colcon.colcon_core.shell:Skip shell extension 'powershell' for command environment: Not usable outside of PowerShell
[14.393s] DEBUG:colcon.colcon_core.shell:Skip shell extension 'dsv' for command environment
[14.702s] INFO:colcon.colcon_core.task.python.build:Building Python package in '/home/daniel/code/2025-phd-daniel-guerrero/ros-bridge/src/carla_manual_control'
[14.702s] INFO:colcon.colcon_core.shell:Skip shell extension 'powershell' for command environment: Not usable outside of PowerShell
[14.702s] DEBUG:colcon.colcon_core.shell:Skip shell extension 'dsv' for command environment
[15.015s] INFO:colcon.colcon_core.task.python.build:Building Python package in '/home/daniel/code/2025-phd-daniel-guerrero/ros-bridge/src/carla_spawn_objects'
[15.015s] INFO:colcon.colcon_core.shell:Skip shell extension 'powershell' for command environment: Not usable outside of PowerShell
[15.015s] DEBUG:colcon.colcon_core.shell:Skip shell extension 'dsv' for command environment
[15.026s] DEBUG:colcon.colcon_core.event_handler.log_command:Invoking command in '/home/daniel/code/2025-phd-daniel-guerrero/ros-bridge/build/carla_ackermann_msgs': CMAKE_PREFIX_PATH=/home/daniel/code/2025-phd-daniel-guerrero/ros-bridge/install/carla_msgs:/home/daniel/code/2025-phd-daniel-guerrero/ros-bridge/install/carla_ad_demo:/home/daniel/code/2025-phd-daniel-guerrero/ros-bridge/install/rviz_carla_plugin:/home/daniel/code/2025-phd-daniel-guerrero/ros-bridge/install/pcl_recorder:/home/daniel/code/2025-phd-daniel-guerrero/ros-bridge/install/carla_waypoint_types:/home/daniel/code/2025-phd-daniel-guerrero/ros-bridge/install/carla_ros_scenario_runner_types:/home/daniel/code/2025-phd-daniel-guerrero/ros-bridge/install/carla_ackermann_msgs:/home/daniel/carla-ros-bridge/install/carla_waypoint_types:/home/daniel/carla-ros-bridge/install/carla_ros_scenario_runner_types:/home/daniel/carla-ros-bridge/install/carla_ackermann_msgs:/home/daniel/carla-ros-bridge/install/carla_msgs:/home/daniel/code/2025-phd-daniel-guerrero/ros-bridge/install/rqt_carla_control:/home/daniel/code/2025-phd-daniel-guerrero/ros-bridge/install/carla_waypoint_publisher:/home/daniel/code/2025-phd-daniel-guerrero/ros-bridge/install/carla_ackermann_control:/home/daniel/code/2025-phd-daniel-guerrero/ros-bridge/install/carla_ros_bridge:/home/daniel/code/2025-phd-daniel-guerrero/ros-bridge/install/carla_spawn_objects:/home/daniel/code/2025-phd-daniel-guerrero/ros-bridge/install/carla_manual_control:/home/daniel/code/2025-phd-daniel-guerrero/ros-bridge/install/carla_ad_agent:/home/daniel/code/2025-phd-daniel-guerrero/ros-bridge/install/ros_compatibility:/home/daniel/code/2025-phd-daniel-guerrero/ros-bridge/install/carla_walker_agent:/home/daniel/code/2025-phd-daniel-guerrero/ros-bridge/install/carla_twist_to_control:/home/daniel/code/2025-phd-daniel-guerrero/ros-bridge/install/carla_ros_scenario_runner:/home/daniel/code/2025-phd-daniel-guerrero/ros-bridge/install/carla_common:/home/daniel/carla-ros-bridge/install/rqt_carla_control:/home/daniel/carla-ros-bridge/install/carla_waypoint_publisher:/home/daniel/carla-ros-bridge/install/carla_ackermann_control:/home/daniel/carla-ros-bridge/install/carla_ros_bridge:/home/daniel/carla-ros-bridge/install/carla_spawn_objects:/home/daniel/carla-ros-bridge/install/carla_manual_control:/home/daniel/carla-ros-bridge/install/carla_ad_agent:/home/daniel/carla-ros-bridge/install/ros_compatibility:/home/daniel/carla-ros-bridge/install/carla_walker_agent:/home/daniel/carla-ros-bridge/install/carla_twist_to_control:/home/daniel/carla-ros-bridge/install/carla_ros_scenario_runner:/home/daniel/carla-ros-bridge/install/carla_common:/opt/ros/humble LD_LIBRARY_PATH=/home/daniel/code/2025-phd-daniel-guerrero/ros-bridge/install/carla_msgs/lib:/home/daniel/code/2025-phd-daniel-guerrero/ros-bridge/install/rviz_carla_plugin/lib:/home/daniel/code/2025-phd-daniel-guerrero/ros-bridge/install/carla_waypoint_types/lib:/home/daniel/code/2025-phd-daniel-guerrero/ros-bridge/install/carla_ros_scenario_runner_types/lib:/home/daniel/code/2025-phd-daniel-guerrero/ros-bridge/install/carla_ackermann_msgs/lib:/home/daniel/carla-ros-bridge/install/carla_waypoint_types/lib:/home/daniel/carla-ros-bridge/install/carla_ros_scenario_runner_types/lib:/home/daniel/carla-ros-bridge/install/carla_ackermann_msgs/lib:/home/daniel/carla-ros-bridge/install/carla_msgs/lib:/opt/ros/humble/opt/rviz_ogre_vendor/lib:/opt/ros/humble/lib/x86_64-linux-gnu:/opt/ros/humble/lib /opt/cmake-3.28.3-linux-x86_64/bin/cmake /home/daniel/code/2025-phd-daniel-guerrero/ros-bridge/src/carla_ackermann_msgs -DAMENT_CMAKE_SYMLINK_INSTALL=1 -DCMAKE_INSTALL_PREFIX=/home/daniel/code/2025-phd-daniel-guerrero/ros-bridge/install/carla_ackermann_msgs
[15.330s] INFO:colcon.colcon_core.task.python.build:Building Python package in '/home/daniel/code/2025-phd-daniel-guerrero/ros-bridge/src/carla_ad_agent'
[15.330s] INFO:colcon.colcon_core.shell:Skip shell extension 'powershell' for command environment: Not usable outside of PowerShell
[15.330s] DEBUG:colcon.colcon_core.shell:Skip shell extension 'dsv' for command environment
[15.644s] INFO:colcon.colcon_core.task.python.build:Building Python package in '/home/daniel/code/2025-phd-daniel-guerrero/ros-bridge/src/carla_ros_scenario_runner'
[15.644s] INFO:colcon.colcon_core.shell:Skip shell extension 'powershell' for command environment: Not usable outside of PowerShell
[15.644s] DEBUG:colcon.colcon_core.shell:Skip shell extension 'dsv' for command environment
[15.654s] DEBUG:colcon.colcon_core.event_handler.log_command:Invoking command in '/home/daniel/code/2025-phd-daniel-guerrero/ros-bridge/build/rviz_carla_plugin': CMAKE_PREFIX_PATH=/home/daniel/code/2025-phd-daniel-guerrero/ros-bridge/install/carla_ros_scenario_runner_types:/home/daniel/code/2025-phd-daniel-guerrero/ros-bridge/install/carla_msgs:/home/daniel/code/2025-phd-daniel-guerrero/ros-bridge/install/carla_ad_demo:/home/daniel/code/2025-phd-daniel-guerrero/ros-bridge/install/rviz_carla_plugin:/home/daniel/code/2025-phd-daniel-guerrero/ros-bridge/install/pcl_recorder:/home/daniel/code/2025-phd-daniel-guerrero/ros-bridge/install/carla_waypoint_types:/home/daniel/code/2025-phd-daniel-guerrero/ros-bridge/install/carla_ackermann_msgs:/home/daniel/carla-ros-bridge/install/carla_waypoint_types:/home/daniel/carla-ros-bridge/install/carla_ros_scenario_runner_types:/home/daniel/carla-ros-bridge/install/carla_ackermann_msgs:/home/daniel/carla-ros-bridge/install/carla_msgs:/home/daniel/code/2025-phd-daniel-guerrero/ros-bridge/install/rqt_carla_control:/home/daniel/code/2025-phd-daniel-guerrero/ros-bridge/install/carla_waypoint_publisher:/home/daniel/code/2025-phd-daniel-guerrero/ros-bridge/install/carla_ackermann_control:/home/daniel/code/2025-phd-daniel-guerrero/ros-bridge/install/carla_ros_bridge:/home/daniel/code/2025-phd-daniel-guerrero/ros-bridge/install/carla_spawn_objects:/home/daniel/code/2025-phd-daniel-guerrero/ros-bridge/install/carla_manual_control:/home/daniel/code/2025-phd-daniel-guerrero/ros-bridge/install/carla_ad_agent:/home/daniel/code/2025-phd-daniel-guerrero/ros-bridge/install/ros_compatibility:/home/daniel/code/2025-phd-daniel-guerrero/ros-bridge/install/carla_walker_agent:/home/daniel/code/2025-phd-daniel-guerrero/ros-bridge/install/carla_twist_to_control:/home/daniel/code/2025-phd-daniel-guerrero/ros-bridge/install/carla_ros_scenario_runner:/home/daniel/code/2025-phd-daniel-guerrero/ros-bridge/install/carla_common:/home/daniel/carla-ros-bridge/install/rqt_carla_control:/home/daniel/carla-ros-bridge/install/carla_waypoint_publisher:/home/daniel/carla-ros-bridge/install/carla_ackermann_control:/home/daniel/carla-ros-bridge/install/carla_ros_bridge:/home/daniel/carla-ros-bridge/install/carla_spawn_objects:/home/daniel/carla-ros-bridge/install/carla_manual_control:/home/daniel/carla-ros-bridge/install/carla_ad_agent:/home/daniel/carla-ros-bridge/install/ros_compatibility:/home/daniel/carla-ros-bridge/install/carla_walker_agent:/home/daniel/carla-ros-bridge/install/carla_twist_to_control:/home/daniel/carla-ros-bridge/install/carla_ros_scenario_runner:/home/daniel/carla-ros-bridge/install/carla_common:/opt/ros/humble LD_LIBRARY_PATH=/home/daniel/code/2025-phd-daniel-guerrero/ros-bridge/install/carla_ros_scenario_runner_types/lib:/home/daniel/code/2025-phd-daniel-guerrero/ros-bridge/install/carla_msgs/lib:/home/daniel/code/2025-phd-daniel-guerrero/ros-bridge/install/rviz_carla_plugin/lib:/home/daniel/code/2025-phd-daniel-guerrero/ros-bridge/install/carla_waypoint_types/lib:/home/daniel/code/2025-phd-daniel-guerrero/ros-bridge/install/carla_ackermann_msgs/lib:/home/daniel/carla-ros-bridge/install/carla_waypoint_types/lib:/home/daniel/carla-ros-bridge/install/carla_ros_scenario_runner_types/lib:/home/daniel/carla-ros-bridge/install/carla_ackermann_msgs/lib:/home/daniel/carla-ros-bridge/install/carla_msgs/lib:/opt/ros/humble/opt/rviz_ogre_vendor/lib:/opt/ros/humble/lib/x86_64-linux-gnu:/opt/ros/humble/lib /opt/cmake-3.28.3-linux-x86_64/bin/cmake /home/daniel/code/2025-phd-daniel-guerrero/ros-bridge/src/rviz_carla_plugin -DAMENT_CMAKE_SYMLINK_INSTALL=1 -DCMAKE_INSTALL_PREFIX=/home/daniel/code/2025-phd-daniel-guerrero/ros-bridge/install/rviz_carla_plugin
[15.959s] INFO:colcon.colcon_core.task.python.build:Building Python package in '/home/daniel/code/2025-phd-daniel-guerrero/ros-bridge/src/carla_walker_agent'
[15.959s] INFO:colcon.colcon_core.shell:Skip shell extension 'powershell' for command environment: Not usable outside of PowerShell
[15.960s] DEBUG:colcon.colcon_core.shell:Skip shell extension 'dsv' for command environment
[16.433s] DEBUG:colcon.colcon_core.event_handler.log_command:Invoking command in '/home/daniel/code/2025-phd-daniel-guerrero/ros-bridge/build/carla_manual_control': AMENT_PREFIX_PATH=/home/daniel/code/2025-phd-daniel-guerrero/ros-bridge/install/ros_compatibility:/home/daniel/code/2025-phd-daniel-guerrero/ros-bridge/install/carla_ad_demo:/home/daniel/code/2025-phd-daniel-guerrero/ros-bridge/install/rviz_carla_plugin:/home/daniel/code/2025-phd-daniel-guerrero/ros-bridge/install/rqt_carla_control:/home/daniel/code/2025-phd-daniel-guerrero/ros-bridge/install/pcl_recorder:/home/daniel/code/2025-phd-daniel-guerrero/ros-bridge/install/carla_waypoint_publisher:/home/daniel/code/2025-phd-daniel-guerrero/ros-bridge/install/carla_ackermann_control:/home/daniel/code/2025-phd-daniel-guerrero/ros-bridge/install/carla_ros_bridge:/home/daniel/code/2025-phd-daniel-guerrero/ros-bridge/install/carla_spawn_objects:/home/daniel/code/2025-phd-daniel-guerrero/ros-bridge/install/carla_manual_control:/home/daniel/code/2025-phd-daniel-guerrero/ros-bridge/install/carla_ad_agent:/home/daniel/code/2025-phd-daniel-guerrero/ros-bridge/install/carla_waypoint_types:/home/daniel/code/2025-phd-daniel-guerrero/ros-bridge/install/carla_walker_agent:/home/daniel/code/2025-phd-daniel-guerrero/ros-bridge/install/carla_twist_to_control:/home/daniel/code/2025-phd-daniel-guerrero/ros-bridge/install/carla_ros_scenario_runner:/home/daniel/code/2025-phd-daniel-guerrero/ros-bridge/install/carla_ros_scenario_runner_types:/home/daniel/code/2025-phd-daniel-guerrero/ros-bridge/install/carla_ackermann_msgs:/home/daniel/code/2025-phd-daniel-guerrero/ros-bridge/install/carla_msgs:/home/daniel/code/2025-phd-daniel-guerrero/ros-bridge/install/carla_common:/home/daniel/carla-ros-bridge/install/rqt_carla_control:/home/daniel/carla-ros-bridge/install/carla_waypoint_publisher:/home/daniel/carla-ros-bridge/install/carla_ackermann_control:/home/daniel/carla-ros-bridge/install/carla_ros_bridge:/home/daniel/carla-ros-bridge/install/carla_spawn_objects:/home/daniel/carla-ros-bridge/install/carla_manual_control:/home/daniel/carla-ros-bridge/install/carla_ad_agent:/home/daniel/carla-ros-bridge/install/ros_compatibility:/home/daniel/carla-ros-bridge/install/carla_waypoint_types:/home/daniel/carla-ros-bridge/install/carla_walker_agent:/home/daniel/carla-ros-bridge/install/carla_twist_to_control:/home/daniel/carla-ros-bridge/install/carla_ros_scenario_runner:/home/daniel/carla-ros-bridge/install/carla_ros_scenario_runner_types:/home/daniel/carla-ros-bridge/install/carla_ackermann_msgs:/home/daniel/carla-ros-bridge/install/carla_msgs:/home/daniel/carla-ros-bridge/install/carla_common:/opt/ros/humble CMAKE_PREFIX_PATH=/home/daniel/code/2025-phd-daniel-guerrero/ros-bridge/install/carla_msgs:/home/daniel/code/2025-phd-daniel-guerrero/ros-bridge/install/carla_ad_demo:/home/daniel/code/2025-phd-daniel-guerrero/ros-bridge/install/rviz_carla_plugin:/home/daniel/code/2025-phd-daniel-guerrero/ros-bridge/install/pcl_recorder:/home/daniel/code/2025-phd-daniel-guerrero/ros-bridge/install/carla_waypoint_types:/home/daniel/code/2025-phd-daniel-guerrero/ros-bridge/install/carla_ros_scenario_runner_types:/home/daniel/code/2025-phd-daniel-guerrero/ros-bridge/install/carla_ackermann_msgs:/home/daniel/carla-ros-bridge/install/carla_waypoint_types:/home/daniel/carla-ros-bridge/install/carla_ros_scenario_runner_types:/home/daniel/carla-ros-bridge/install/carla_ackermann_msgs:/home/daniel/carla-ros-bridge/install/carla_msgs LD_LIBRARY_PATH=/home/daniel/code/2025-phd-daniel-guerrero/ros-bridge/install/carla_msgs/lib:/home/daniel/code/2025-phd-daniel-guerrero/ros-bridge/install/rviz_carla_plugin/lib:/home/daniel/code/2025-phd-daniel-guerrero/ros-bridge/install/carla_waypoint_types/lib:/home/daniel/code/2025-phd-daniel-guerrero/ros-bridge/install/carla_ros_scenario_runner_types/lib:/home/daniel/code/2025-phd-daniel-guerrero/ros-bridge/install/carla_ackermann_msgs/lib:/home/daniel/carla-ros-bridge/install/carla_waypoint_types/lib:/home/daniel/carla-ros-bridge/install/carla_ros_scenario_runner_types/lib:/home/daniel/carla-ros-bridge/install/carla_ackermann_msgs/lib:/home/daniel/carla-ros-bridge/install/carla_msgs/lib:/opt/ros/humble/opt/rviz_ogre_vendor/lib:/opt/ros/humble/lib/x86_64-linux-gnu:/opt/ros/humble/lib PYTHONPATH=/home/daniel/code/2025-phd-daniel-guerrero/ros-bridge/build/carla_manual_control/prefix_override:/usr/lib/python3/dist-packages/colcon_core/task/python/colcon_distutils_commands:/home/daniel/code/2025-phd-daniel-guerrero/ros-bridge/install/carla_manual_control/lib/python3.10/site-packages:/home/daniel/code/2025-phd-daniel-guerrero/ros-bridge/build/ros_compatibility/src:/home/daniel/code/2025-phd-daniel-guerrero/ros-bridge/install/ros_compatibility/lib/python3.10/site-packages:/home/daniel/code/2025-phd-daniel-guerrero/ros-bridge/install/rqt_carla_control/lib/python3.10/site-packages:/home/daniel/code/2025-phd-daniel-guerrero/ros-bridge/install/carla_waypoint_publisher/lib/python3.10/site-packages:/home/daniel/code/2025-phd-daniel-guerrero/ros-bridge/install/carla_ackermann_control/lib/python3.10/site-packages:/home/daniel/code/2025-phd-daniel-guerrero/ros-bridge/install/carla_ros_bridge/lib/python3.10/site-packages:/home/daniel/code/2025-phd-daniel-guerrero/ros-bridge/install/carla_spawn_objects/lib/python3.10/site-packages:/home/daniel/code/2025-phd-daniel-guerrero/ros-bridge/install/carla_manual_control/lib/python3.10/site-packages:/home/daniel/code/2025-phd-daniel-guerrero/ros-bridge/install/carla_ad_agent/lib/python3.10/site-packages:/home/daniel/code/2025-phd-daniel-guerrero/ros-bridge/install/carla_waypoint_types/local/lib/python3.10/dist-packages:/home/daniel/code/2025-phd-daniel-guerrero/ros-bridge/install/carla_walker_agent/lib/python3.10/site-packages:/home/daniel/code/2025-phd-daniel-guerrero/ros-bridge/install/carla_twist_to_control/lib/python3.10/site-packages:/home/daniel/code/2025-phd-daniel-guerrero/ros-bridge/install/carla_ros_scenario_runner/lib/python3.10/site-packages:/home/daniel/code/2025-phd-daniel-guerrero/ros-bridge/install/carla_ros_scenario_runner_types/local/lib/python3.10/dist-packages:/home/daniel/code/2025-phd-daniel-guerrero/ros-bridge/install/carla_ackermann_msgs/local/lib/python3.10/dist-packages:/home/daniel/code/2025-phd-daniel-guerrero/ros-bridge/install/carla_msgs/local/lib/python3.10/dist-packages:/home/daniel/code/2025-phd-daniel-guerrero/ros-bridge/install/carla_common/lib/python3.10/site-packages:/home/daniel/carla-ros-bridge/install/rqt_carla_control/lib/python3.10/site-packages:/home/daniel/carla-ros-bridge/install/carla_waypoint_publisher/lib/python3.10/site-packages:/home/daniel/carla-ros-bridge/install/carla_ackermann_control/lib/python3.10/site-packages:/home/daniel/carla-ros-bridge/install/carla_ros_bridge/lib/python3.10/site-packages:/home/daniel/carla-ros-bridge/install/carla_spawn_objects/lib/python3.10/site-packages:/home/daniel/carla-ros-bridge/install/carla_manual_control/lib/python3.10/site-packages:/home/daniel/carla-ros-bridge/install/carla_ad_agent/lib/python3.10/site-packages:/home/daniel/carla-ros-bridge/install/ros_compatibility/lib/python3.10/site-packages:/home/daniel/carla-ros-bridge/install/carla_waypoint_types/local/lib/python3.10/dist-packages:/home/daniel/carla-ros-bridge/install/carla_walker_agent/lib/python3.10/site-packages:/home/daniel/carla-ros-bridge/install/carla_twist_to_control/lib/python3.10/site-packages:/home/daniel/carla-ros-bridge/install/carla_ros_scenario_runner/lib/python3.10/site-packages:/home/daniel/carla-ros-bridge/install/carla_ros_scenario_runner_types/local/lib/python3.10/dist-packages:/home/daniel/carla-ros-bridge/install/carla_ackermann_msgs/local/lib/python3.10/dist-packages:/home/daniel/carla-ros-bridge/install/carla_msgs/local/lib/python3.10/dist-packages:/home/daniel/carla-ros-bridge/install/carla_common/lib/python3.10/site-packages:/opt/ros/humble/lib/python3.10/site-packages:/opt/ros/humble/local/lib/python3.10/dist-packages /usr/bin/python3 -W ignore:setup.py install is deprecated -W ignore:easy_install command is deprecated setup.py develop --editable --build-directory /home/daniel/code/2025-phd-daniel-guerrero/ros-bridge/build/carla_manual_control/build --no-deps symlink_data
[16.444s] DEBUG:colcon.colcon_core.event_handler.log_command:Invoking command in '/home/daniel/code/2025-phd-daniel-guerrero/ros-bridge/build/carla_spawn_objects': AMENT_PREFIX_PATH=/home/daniel/code/2025-phd-daniel-guerrero/ros-bridge/install/ros_compatibility:/home/daniel/code/2025-phd-daniel-guerrero/ros-bridge/install/carla_ad_demo:/home/daniel/code/2025-phd-daniel-guerrero/ros-bridge/install/rviz_carla_plugin:/home/daniel/code/2025-phd-daniel-guerrero/ros-bridge/install/rqt_carla_control:/home/daniel/code/2025-phd-daniel-guerrero/ros-bridge/install/pcl_recorder:/home/daniel/code/2025-phd-daniel-guerrero/ros-bridge/install/carla_waypoint_publisher:/home/daniel/code/2025-phd-daniel-guerrero/ros-bridge/install/carla_ackermann_control:/home/daniel/code/2025-phd-daniel-guerrero/ros-bridge/install/carla_ros_bridge:/home/daniel/code/2025-phd-daniel-guerrero/ros-bridge/install/carla_spawn_objects:/home/daniel/code/2025-phd-daniel-guerrero/ros-bridge/install/carla_manual_control:/home/daniel/code/2025-phd-daniel-guerrero/ros-bridge/install/carla_ad_agent:/home/daniel/code/2025-phd-daniel-guerrero/ros-bridge/install/carla_waypoint_types:/home/daniel/code/2025-phd-daniel-guerrero/ros-bridge/install/carla_walker_agent:/home/daniel/code/2025-phd-daniel-guerrero/ros-bridge/install/carla_twist_to_control:/home/daniel/code/2025-phd-daniel-guerrero/ros-bridge/install/carla_ros_scenario_runner:/home/daniel/code/2025-phd-daniel-guerrero/ros-bridge/install/carla_ros_scenario_runner_types:/home/daniel/code/2025-phd-daniel-guerrero/ros-bridge/install/carla_ackermann_msgs:/home/daniel/code/2025-phd-daniel-guerrero/ros-bridge/install/carla_msgs:/home/daniel/code/2025-phd-daniel-guerrero/ros-bridge/install/carla_common:/home/daniel/carla-ros-bridge/install/rqt_carla_control:/home/daniel/carla-ros-bridge/install/carla_waypoint_publisher:/home/daniel/carla-ros-bridge/install/carla_ackermann_control:/home/daniel/carla-ros-bridge/install/carla_ros_bridge:/home/daniel/carla-ros-bridge/install/carla_spawn_objects:/home/daniel/carla-ros-bridge/install/carla_manual_control:/home/daniel/carla-ros-bridge/install/carla_ad_agent:/home/daniel/carla-ros-bridge/install/ros_compatibility:/home/daniel/carla-ros-bridge/install/carla_waypoint_types:/home/daniel/carla-ros-bridge/install/carla_walker_agent:/home/daniel/carla-ros-bridge/install/carla_twist_to_control:/home/daniel/carla-ros-bridge/install/carla_ros_scenario_runner:/home/daniel/carla-ros-bridge/install/carla_ros_scenario_runner_types:/home/daniel/carla-ros-bridge/install/carla_ackermann_msgs:/home/daniel/carla-ros-bridge/install/carla_msgs:/home/daniel/carla-ros-bridge/install/carla_common:/opt/ros/humble CMAKE_PREFIX_PATH=/home/daniel/code/2025-phd-daniel-guerrero/ros-bridge/install/carla_msgs:/home/daniel/code/2025-phd-daniel-guerrero/ros-bridge/install/carla_ad_demo:/home/daniel/code/2025-phd-daniel-guerrero/ros-bridge/install/rviz_carla_plugin:/home/daniel/code/2025-phd-daniel-guerrero/ros-bridge/install/pcl_recorder:/home/daniel/code/2025-phd-daniel-guerrero/ros-bridge/install/carla_waypoint_types:/home/daniel/code/2025-phd-daniel-guerrero/ros-bridge/install/carla_ros_scenario_runner_types:/home/daniel/code/2025-phd-daniel-guerrero/ros-bridge/install/carla_ackermann_msgs:/home/daniel/carla-ros-bridge/install/carla_waypoint_types:/home/daniel/carla-ros-bridge/install/carla_ros_scenario_runner_types:/home/daniel/carla-ros-bridge/install/carla_ackermann_msgs:/home/daniel/carla-ros-bridge/install/carla_msgs LD_LIBRARY_PATH=/home/daniel/code/2025-phd-daniel-guerrero/ros-bridge/install/carla_msgs/lib:/home/daniel/code/2025-phd-daniel-guerrero/ros-bridge/install/rviz_carla_plugin/lib:/home/daniel/code/2025-phd-daniel-guerrero/ros-bridge/install/carla_waypoint_types/lib:/home/daniel/code/2025-phd-daniel-guerrero/ros-bridge/install/carla_ros_scenario_runner_types/lib:/home/daniel/code/2025-phd-daniel-guerrero/ros-bridge/install/carla_ackermann_msgs/lib:/home/daniel/carla-ros-bridge/install/carla_waypoint_types/lib:/home/daniel/carla-ros-bridge/install/carla_ros_scenario_runner_types/lib:/home/daniel/carla-ros-bridge/install/carla_ackermann_msgs/lib:/home/daniel/carla-ros-bridge/install/carla_msgs/lib:/opt/ros/humble/opt/rviz_ogre_vendor/lib:/opt/ros/humble/lib/x86_64-linux-gnu:/opt/ros/humble/lib PYTHONPATH=/home/daniel/code/2025-phd-daniel-guerrero/ros-bridge/build/carla_spawn_objects/prefix_override:/usr/lib/python3/dist-packages/colcon_core/task/python/colcon_distutils_commands:/home/daniel/code/2025-phd-daniel-guerrero/ros-bridge/install/carla_spawn_objects/lib/python3.10/site-packages:/home/daniel/code/2025-phd-daniel-guerrero/ros-bridge/build/ros_compatibility/src:/home/daniel/code/2025-phd-daniel-guerrero/ros-bridge/install/ros_compatibility/lib/python3.10/site-packages:/home/daniel/code/2025-phd-daniel-guerrero/ros-bridge/install/rqt_carla_control/lib/python3.10/site-packages:/home/daniel/code/2025-phd-daniel-guerrero/ros-bridge/install/carla_waypoint_publisher/lib/python3.10/site-packages:/home/daniel/code/2025-phd-daniel-guerrero/ros-bridge/install/carla_ackermann_control/lib/python3.10/site-packages:/home/daniel/code/2025-phd-daniel-guerrero/ros-bridge/install/carla_ros_bridge/lib/python3.10/site-packages:/home/daniel/code/2025-phd-daniel-guerrero/ros-bridge/install/carla_spawn_objects/lib/python3.10/site-packages:/home/daniel/code/2025-phd-daniel-guerrero/ros-bridge/install/carla_manual_control/lib/python3.10/site-packages:/home/daniel/code/2025-phd-daniel-guerrero/ros-bridge/install/carla_ad_agent/lib/python3.10/site-packages:/home/daniel/code/2025-phd-daniel-guerrero/ros-bridge/install/carla_waypoint_types/local/lib/python3.10/dist-packages:/home/daniel/code/2025-phd-daniel-guerrero/ros-bridge/install/carla_walker_agent/lib/python3.10/site-packages:/home/daniel/code/2025-phd-daniel-guerrero/ros-bridge/install/carla_twist_to_control/lib/python3.10/site-packages:/home/daniel/code/2025-phd-daniel-guerrero/ros-bridge/install/carla_ros_scenario_runner/lib/python3.10/site-packages:/home/daniel/code/2025-phd-daniel-guerrero/ros-bridge/install/carla_ros_scenario_runner_types/local/lib/python3.10/dist-packages:/home/daniel/code/2025-phd-daniel-guerrero/ros-bridge/install/carla_ackermann_msgs/local/lib/python3.10/dist-packages:/home/daniel/code/2025-phd-daniel-guerrero/ros-bridge/install/carla_msgs/local/lib/python3.10/dist-packages:/home/daniel/code/2025-phd-daniel-guerrero/ros-bridge/install/carla_common/lib/python3.10/site-packages:/home/daniel/carla-ros-bridge/install/rqt_carla_control/lib/python3.10/site-packages:/home/daniel/carla-ros-bridge/install/carla_waypoint_publisher/lib/python3.10/site-packages:/home/daniel/carla-ros-bridge/install/carla_ackermann_control/lib/python3.10/site-packages:/home/daniel/carla-ros-bridge/install/carla_ros_bridge/lib/python3.10/site-packages:/home/daniel/carla-ros-bridge/install/carla_spawn_objects/lib/python3.10/site-packages:/home/daniel/carla-ros-bridge/install/carla_manual_control/lib/python3.10/site-packages:/home/daniel/carla-ros-bridge/install/carla_ad_agent/lib/python3.10/site-packages:/home/daniel/carla-ros-bridge/install/ros_compatibility/lib/python3.10/site-packages:/home/daniel/carla-ros-bridge/install/carla_waypoint_types/local/lib/python3.10/dist-packages:/home/daniel/carla-ros-bridge/install/carla_walker_agent/lib/python3.10/site-packages:/home/daniel/carla-ros-bridge/install/carla_twist_to_control/lib/python3.10/site-packages:/home/daniel/carla-ros-bridge/install/carla_ros_scenario_runner/lib/python3.10/site-packages:/home/daniel/carla-ros-bridge/install/carla_ros_scenario_runner_types/local/lib/python3.10/dist-packages:/home/daniel/carla-ros-bridge/install/carla_ackermann_msgs/local/lib/python3.10/dist-packages:/home/daniel/carla-ros-bridge/install/carla_msgs/local/lib/python3.10/dist-packages:/home/daniel/carla-ros-bridge/install/carla_common/lib/python3.10/site-packages:/opt/ros/humble/lib/python3.10/site-packages:/opt/ros/humble/local/lib/python3.10/dist-packages /usr/bin/python3 -W ignore:setup.py install is deprecated -W ignore:easy_install command is deprecated setup.py develop --editable --build-directory /home/daniel/code/2025-phd-daniel-guerrero/ros-bridge/build/carla_spawn_objects/build --no-deps symlink_data
[16.480s] DEBUG:colcon.colcon_core.event_handler.log_command:Invoking command in '/home/daniel/code/2025-phd-daniel-guerrero/ros-bridge/build/carla_ros_scenario_runner': AMENT_PREFIX_PATH=/home/daniel/code/2025-phd-daniel-guerrero/ros-bridge/install/carla_common:/home/daniel/code/2025-phd-daniel-guerrero/ros-bridge/install/carla_ad_demo:/home/daniel/code/2025-phd-daniel-guerrero/ros-bridge/install/rviz_carla_plugin:/home/daniel/code/2025-phd-daniel-guerrero/ros-bridge/install/rqt_carla_control:/home/daniel/code/2025-phd-daniel-guerrero/ros-bridge/install/pcl_recorder:/home/daniel/code/2025-phd-daniel-guerrero/ros-bridge/install/carla_waypoint_publisher:/home/daniel/code/2025-phd-daniel-guerrero/ros-bridge/install/carla_ackermann_control:/home/daniel/code/2025-phd-daniel-guerrero/ros-bridge/install/carla_ros_bridge:/home/daniel/code/2025-phd-daniel-guerrero/ros-bridge/install/carla_spawn_objects:/home/daniel/code/2025-phd-daniel-guerrero/ros-bridge/install/carla_manual_control:/home/daniel/code/2025-phd-daniel-guerrero/ros-bridge/install/carla_ad_agent:/home/daniel/code/2025-phd-daniel-guerrero/ros-bridge/install/ros_compatibility:/home/daniel/code/2025-phd-daniel-guerrero/ros-bridge/install/carla_waypoint_types:/home/daniel/code/2025-phd-daniel-guerrero/ros-bridge/install/carla_walker_agent:/home/daniel/code/2025-phd-daniel-guerrero/ros-bridge/install/carla_twist_to_control:/home/daniel/code/2025-phd-daniel-guerrero/ros-bridge/install/carla_ros_scenario_runner:/home/daniel/code/2025-phd-daniel-guerrero/ros-bridge/install/carla_ros_scenario_runner_types:/home/daniel/code/2025-phd-daniel-guerrero/ros-bridge/install/carla_ackermann_msgs:/home/daniel/code/2025-phd-daniel-guerrero/ros-bridge/install/carla_msgs:/home/daniel/carla-ros-bridge/install/rqt_carla_control:/home/daniel/carla-ros-bridge/install/carla_waypoint_publisher:/home/daniel/carla-ros-bridge/install/carla_ackermann_control:/home/daniel/carla-ros-bridge/install/carla_ros_bridge:/home/daniel/carla-ros-bridge/install/carla_spawn_objects:/home/daniel/carla-ros-bridge/install/carla_manual_control:/home/daniel/carla-ros-bridge/install/carla_ad_agent:/home/daniel/carla-ros-bridge/install/ros_compatibility:/home/daniel/carla-ros-bridge/install/carla_waypoint_types:/home/daniel/carla-ros-bridge/install/carla_walker_agent:/home/daniel/carla-ros-bridge/install/carla_twist_to_control:/home/daniel/carla-ros-bridge/install/carla_ros_scenario_runner:/home/daniel/carla-ros-bridge/install/carla_ros_scenario_runner_types:/home/daniel/carla-ros-bridge/install/carla_ackermann_msgs:/home/daniel/carla-ros-bridge/install/carla_msgs:/home/daniel/carla-ros-bridge/install/carla_common:/opt/ros/humble CMAKE_PREFIX_PATH=/home/daniel/code/2025-phd-daniel-guerrero/ros-bridge/install/carla_ros_scenario_runner_types:/home/daniel/code/2025-phd-daniel-guerrero/ros-bridge/install/carla_msgs:/home/daniel/code/2025-phd-daniel-guerrero/ros-bridge/install/carla_ad_demo:/home/daniel/code/2025-phd-daniel-guerrero/ros-bridge/install/rviz_carla_plugin:/home/daniel/code/2025-phd-daniel-guerrero/ros-bridge/install/pcl_recorder:/home/daniel/code/2025-phd-daniel-guerrero/ros-bridge/install/carla_waypoint_types:/home/daniel/code/2025-phd-daniel-guerrero/ros-bridge/install/carla_ackermann_msgs:/home/daniel/carla-ros-bridge/install/carla_waypoint_types:/home/daniel/carla-ros-bridge/install/carla_ros_scenario_runner_types:/home/daniel/carla-ros-bridge/install/carla_ackermann_msgs:/home/daniel/carla-ros-bridge/install/carla_msgs LD_LIBRARY_PATH=/home/daniel/code/2025-phd-daniel-guerrero/ros-bridge/install/carla_ros_scenario_runner_types/lib:/home/daniel/code/2025-phd-daniel-guerrero/ros-bridge/install/carla_msgs/lib:/home/daniel/code/2025-phd-daniel-guerrero/ros-bridge/install/rviz_carla_plugin/lib:/home/daniel/code/2025-phd-daniel-guerrero/ros-bridge/install/carla_waypoint_types/lib:/home/daniel/code/2025-phd-daniel-guerrero/ros-bridge/install/carla_ackermann_msgs/lib:/home/daniel/carla-ros-bridge/install/carla_waypoint_types/lib:/home/daniel/carla-ros-bridge/install/carla_ros_scenario_runner_types/lib:/home/daniel/carla-ros-bridge/install/carla_ackermann_msgs/lib:/home/daniel/carla-ros-bridge/install/carla_msgs/lib:/opt/ros/humble/opt/rviz_ogre_vendor/lib:/opt/ros/humble/lib/x86_64-linux-gnu:/opt/ros/humble/lib PYTHONPATH=/home/daniel/code/2025-phd-daniel-guerrero/ros-bridge/build/carla_ros_scenario_runner/prefix_override:/usr/lib/python3/dist-packages/colcon_core/task/python/colcon_distutils_commands:/home/daniel/code/2025-phd-daniel-guerrero/ros-bridge/install/carla_ros_scenario_runner/lib/python3.10/site-packages:/home/daniel/code/2025-phd-daniel-guerrero/ros-bridge/build/carla_common/src:/home/daniel/code/2025-phd-daniel-guerrero/ros-bridge/install/carla_common/lib/python3.10/site-packages:/home/daniel/code/2025-phd-daniel-guerrero/ros-bridge/install/rqt_carla_control/lib/python3.10/site-packages:/home/daniel/code/2025-phd-daniel-guerrero/ros-bridge/install/carla_waypoint_publisher/lib/python3.10/site-packages:/home/daniel/code/2025-phd-daniel-guerrero/ros-bridge/install/carla_ackermann_control/lib/python3.10/site-packages:/home/daniel/code/2025-phd-daniel-guerrero/ros-bridge/install/carla_ros_bridge/lib/python3.10/site-packages:/home/daniel/code/2025-phd-daniel-guerrero/ros-bridge/install/carla_spawn_objects/lib/python3.10/site-packages:/home/daniel/code/2025-phd-daniel-guerrero/ros-bridge/install/carla_manual_control/lib/python3.10/site-packages:/home/daniel/code/2025-phd-daniel-guerrero/ros-bridge/install/carla_ad_agent/lib/python3.10/site-packages:/home/daniel/code/2025-phd-daniel-guerrero/ros-bridge/install/ros_compatibility/lib/python3.10/site-packages:/home/daniel/code/2025-phd-daniel-guerrero/ros-bridge/install/carla_waypoint_types/local/lib/python3.10/dist-packages:/home/daniel/code/2025-phd-daniel-guerrero/ros-bridge/install/carla_walker_agent/lib/python3.10/site-packages:/home/daniel/code/2025-phd-daniel-guerrero/ros-bridge/install/carla_twist_to_control/lib/python3.10/site-packages:/home/daniel/code/2025-phd-daniel-guerrero/ros-bridge/install/carla_ros_scenario_runner/lib/python3.10/site-packages:/home/daniel/code/2025-phd-daniel-guerrero/ros-bridge/install/carla_ros_scenario_runner_types/local/lib/python3.10/dist-packages:/home/daniel/code/2025-phd-daniel-guerrero/ros-bridge/install/carla_ackermann_msgs/local/lib/python3.10/dist-packages:/home/daniel/code/2025-phd-daniel-guerrero/ros-bridge/install/carla_msgs/local/lib/python3.10/dist-packages:/home/daniel/carla-ros-bridge/install/rqt_carla_control/lib/python3.10/site-packages:/home/daniel/carla-ros-bridge/install/carla_waypoint_publisher/lib/python3.10/site-packages:/home/daniel/carla-ros-bridge/install/carla_ackermann_control/lib/python3.10/site-packages:/home/daniel/carla-ros-bridge/install/carla_ros_bridge/lib/python3.10/site-packages:/home/daniel/carla-ros-bridge/install/carla_spawn_objects/lib/python3.10/site-packages:/home/daniel/carla-ros-bridge/install/carla_manual_control/lib/python3.10/site-packages:/home/daniel/carla-ros-bridge/install/carla_ad_agent/lib/python3.10/site-packages:/home/daniel/carla-ros-bridge/install/ros_compatibility/lib/python3.10/site-packages:/home/daniel/carla-ros-bridge/install/carla_waypoint_types/local/lib/python3.10/dist-packages:/home/daniel/carla-ros-bridge/install/carla_walker_agent/lib/python3.10/site-packages:/home/daniel/carla-ros-bridge/install/carla_twist_to_control/lib/python3.10/site-packages:/home/daniel/carla-ros-bridge/install/carla_ros_scenario_runner/lib/python3.10/site-packages:/home/daniel/carla-ros-bridge/install/carla_ros_scenario_runner_types/local/lib/python3.10/dist-packages:/home/daniel/carla-ros-bridge/install/carla_ackermann_msgs/local/lib/python3.10/dist-packages:/home/daniel/carla-ros-bridge/install/carla_msgs/local/lib/python3.10/dist-packages:/home/daniel/carla-ros-bridge/install/carla_common/lib/python3.10/site-packages:/opt/ros/humble/lib/python3.10/site-packages:/opt/ros/humble/local/lib/python3.10/dist-packages /usr/bin/python3 -W ignore:setup.py install is deprecated -W ignore:easy_install command is deprecated setup.py develop --editable --build-directory /home/daniel/code/2025-phd-daniel-guerrero/ros-bridge/build/carla_ros_scenario_runner/build --no-deps symlink_data
[16.502s] DEBUG:colcon.colcon_core.event_handler.log_command:Invoking command in '/home/daniel/code/2025-phd-daniel-guerrero/ros-bridge/build/carla_walker_agent': CMAKE_PREFIX_PATH=/home/daniel/code/2025-phd-daniel-guerrero/ros-bridge/install/carla_msgs:/home/daniel/code/2025-phd-daniel-guerrero/ros-bridge/install/carla_ad_demo:/home/daniel/code/2025-phd-daniel-guerrero/ros-bridge/install/rviz_carla_plugin:/home/daniel/code/2025-phd-daniel-guerrero/ros-bridge/install/pcl_recorder:/home/daniel/code/2025-phd-daniel-guerrero/ros-bridge/install/carla_waypoint_types:/home/daniel/code/2025-phd-daniel-guerrero/ros-bridge/install/carla_ros_scenario_runner_types:/home/daniel/code/2025-phd-daniel-guerrero/ros-bridge/install/carla_ackermann_msgs:/home/daniel/carla-ros-bridge/install/carla_waypoint_types:/home/daniel/carla-ros-bridge/install/carla_ros_scenario_runner_types:/home/daniel/carla-ros-bridge/install/carla_ackermann_msgs:/home/daniel/carla-ros-bridge/install/carla_msgs LD_LIBRARY_PATH=/home/daniel/code/2025-phd-daniel-guerrero/ros-bridge/install/carla_msgs/lib:/home/daniel/code/2025-phd-daniel-guerrero/ros-bridge/install/rviz_carla_plugin/lib:/home/daniel/code/2025-phd-daniel-guerrero/ros-bridge/install/carla_waypoint_types/lib:/home/daniel/code/2025-phd-daniel-guerrero/ros-bridge/install/carla_ros_scenario_runner_types/lib:/home/daniel/code/2025-phd-daniel-guerrero/ros-bridge/install/carla_ackermann_msgs/lib:/home/daniel/carla-ros-bridge/install/carla_waypoint_types/lib:/home/daniel/carla-ros-bridge/install/carla_ros_scenario_runner_types/lib:/home/daniel/carla-ros-bridge/install/carla_ackermann_msgs/lib:/home/daniel/carla-ros-bridge/install/carla_msgs/lib:/opt/ros/humble/opt/rviz_ogre_vendor/lib:/opt/ros/humble/lib/x86_64-linux-gnu:/opt/ros/humble/lib PYTHONPATH=/home/daniel/code/2025-phd-daniel-guerrero/ros-bridge/build/carla_walker_agent/prefix_override:/usr/lib/python3/dist-packages/colcon_core/task/python/colcon_distutils_commands:/home/daniel/code/2025-phd-daniel-guerrero/ros-bridge/install/carla_walker_agent/lib/python3.10/site-packages:${PYTHONPATH} /usr/bin/python3 -W ignore:setup.py install is deprecated -W ignore:easy_install command is deprecated setup.py develop --editable --build-directory /home/daniel/code/2025-phd-daniel-guerrero/ros-bridge/build/carla_walker_agent/build --no-deps symlink_data
[16.513s] DEBUG:colcon.colcon_core.event_handler.log_command:Invoking command in '/home/daniel/code/2025-phd-daniel-guerrero/ros-bridge/build/carla_ad_agent': AMENT_PREFIX_PATH=/home/daniel/code/2025-phd-daniel-guerrero/ros-bridge/install/ros_compatibility:/home/daniel/code/2025-phd-daniel-guerrero/ros-bridge/install/carla_ad_demo:/home/daniel/code/2025-phd-daniel-guerrero/ros-bridge/install/rviz_carla_plugin:/home/daniel/code/2025-phd-daniel-guerrero/ros-bridge/install/rqt_carla_control:/home/daniel/code/2025-phd-daniel-guerrero/ros-bridge/install/pcl_recorder:/home/daniel/code/2025-phd-daniel-guerrero/ros-bridge/install/carla_waypoint_publisher:/home/daniel/code/2025-phd-daniel-guerrero/ros-bridge/install/carla_ackermann_control:/home/daniel/code/2025-phd-daniel-guerrero/ros-bridge/install/carla_ros_bridge:/home/daniel/code/2025-phd-daniel-guerrero/ros-bridge/install/carla_spawn_objects:/home/daniel/code/2025-phd-daniel-guerrero/ros-bridge/install/carla_manual_control:/home/daniel/code/2025-phd-daniel-guerrero/ros-bridge/install/carla_ad_agent:/home/daniel/code/2025-phd-daniel-guerrero/ros-bridge/install/carla_waypoint_types:/home/daniel/code/2025-phd-daniel-guerrero/ros-bridge/install/carla_walker_agent:/home/daniel/code/2025-phd-daniel-guerrero/ros-bridge/install/carla_twist_to_control:/home/daniel/code/2025-phd-daniel-guerrero/ros-bridge/install/carla_ros_scenario_runner:/home/daniel/code/2025-phd-daniel-guerrero/ros-bridge/install/carla_ros_scenario_runner_types:/home/daniel/code/2025-phd-daniel-guerrero/ros-bridge/install/carla_ackermann_msgs:/home/daniel/code/2025-phd-daniel-guerrero/ros-bridge/install/carla_msgs:/home/daniel/code/2025-phd-daniel-guerrero/ros-bridge/install/carla_common:/home/daniel/carla-ros-bridge/install/rqt_carla_control:/home/daniel/carla-ros-bridge/install/carla_waypoint_publisher:/home/daniel/carla-ros-bridge/install/carla_ackermann_control:/home/daniel/carla-ros-bridge/install/carla_ros_bridge:/home/daniel/carla-ros-bridge/install/carla_spawn_objects:/home/daniel/carla-ros-bridge/install/carla_manual_control:/home/daniel/carla-ros-bridge/install/carla_ad_agent:/home/daniel/carla-ros-bridge/install/ros_compatibility:/home/daniel/carla-ros-bridge/install/carla_waypoint_types:/home/daniel/carla-ros-bridge/install/carla_walker_agent:/home/daniel/carla-ros-bridge/install/carla_twist_to_control:/home/daniel/carla-ros-bridge/install/carla_ros_scenario_runner:/home/daniel/carla-ros-bridge/install/carla_ros_scenario_runner_types:/home/daniel/carla-ros-bridge/install/carla_ackermann_msgs:/home/daniel/carla-ros-bridge/install/carla_msgs:/home/daniel/carla-ros-bridge/install/carla_common:/opt/ros/humble CMAKE_PREFIX_PATH=/home/daniel/code/2025-phd-daniel-guerrero/ros-bridge/install/carla_waypoint_types:/home/daniel/code/2025-phd-daniel-guerrero/ros-bridge/install/carla_msgs:/home/daniel/code/2025-phd-daniel-guerrero/ros-bridge/install/carla_ad_demo:/home/daniel/code/2025-phd-daniel-guerrero/ros-bridge/install/rviz_carla_plugin:/home/daniel/code/2025-phd-daniel-guerrero/ros-bridge/install/pcl_recorder:/home/daniel/code/2025-phd-daniel-guerrero/ros-bridge/install/carla_ros_scenario_runner_types:/home/daniel/code/2025-phd-daniel-guerrero/ros-bridge/install/carla_ackermann_msgs:/home/daniel/carla-ros-bridge/install/carla_waypoint_types:/home/daniel/carla-ros-bridge/install/carla_ros_scenario_runner_types:/home/daniel/carla-ros-bridge/install/carla_ackermann_msgs:/home/daniel/carla-ros-bridge/install/carla_msgs LD_LIBRARY_PATH=/home/daniel/code/2025-phd-daniel-guerrero/ros-bridge/install/carla_waypoint_types/lib:/home/daniel/code/2025-phd-daniel-guerrero/ros-bridge/install/carla_msgs/lib:/home/daniel/code/2025-phd-daniel-guerrero/ros-bridge/install/rviz_carla_plugin/lib:/home/daniel/code/2025-phd-daniel-guerrero/ros-bridge/install/carla_ros_scenario_runner_types/lib:/home/daniel/code/2025-phd-daniel-guerrero/ros-bridge/install/carla_ackermann_msgs/lib:/home/daniel/carla-ros-bridge/install/carla_waypoint_types/lib:/home/daniel/carla-ros-bridge/install/carla_ros_scenario_runner_types/lib:/home/daniel/carla-ros-bridge/install/carla_ackermann_msgs/lib:/home/daniel/carla-ros-bridge/install/carla_msgs/lib:/opt/ros/humble/opt/rviz_ogre_vendor/lib:/opt/ros/humble/lib/x86_64-linux-gnu:/opt/ros/humble/lib PYTHONPATH=/home/daniel/code/2025-phd-daniel-guerrero/ros-bridge/build/carla_ad_agent/prefix_override:/usr/lib/python3/dist-packages/colcon_core/task/python/colcon_distutils_commands:/home/daniel/code/2025-phd-daniel-guerrero/ros-bridge/install/carla_ad_agent/lib/python3.10/site-packages:/home/daniel/code/2025-phd-daniel-guerrero/ros-bridge/build/ros_compatibility/src:/home/daniel/code/2025-phd-daniel-guerrero/ros-bridge/install/ros_compatibility/lib/python3.10/site-packages:/home/daniel/code/2025-phd-daniel-guerrero/ros-bridge/install/rqt_carla_control/lib/python3.10/site-packages:/home/daniel/code/2025-phd-daniel-guerrero/ros-bridge/install/carla_waypoint_publisher/lib/python3.10/site-packages:/home/daniel/code/2025-phd-daniel-guerrero/ros-bridge/install/carla_ackermann_control/lib/python3.10/site-packages:/home/daniel/code/2025-phd-daniel-guerrero/ros-bridge/install/carla_ros_bridge/lib/python3.10/site-packages:/home/daniel/code/2025-phd-daniel-guerrero/ros-bridge/install/carla_spawn_objects/lib/python3.10/site-packages:/home/daniel/code/2025-phd-daniel-guerrero/ros-bridge/install/carla_manual_control/lib/python3.10/site-packages:/home/daniel/code/2025-phd-daniel-guerrero/ros-bridge/install/carla_ad_agent/lib/python3.10/site-packages:/home/daniel/code/2025-phd-daniel-guerrero/ros-bridge/install/carla_waypoint_types/local/lib/python3.10/dist-packages:/home/daniel/code/2025-phd-daniel-guerrero/ros-bridge/install/carla_walker_agent/lib/python3.10/site-packages:/home/daniel/code/2025-phd-daniel-guerrero/ros-bridge/install/carla_twist_to_control/lib/python3.10/site-packages:/home/daniel/code/2025-phd-daniel-guerrero/ros-bridge/install/carla_ros_scenario_runner/lib/python3.10/site-packages:/home/daniel/code/2025-phd-daniel-guerrero/ros-bridge/install/carla_ros_scenario_runner_types/local/lib/python3.10/dist-packages:/home/daniel/code/2025-phd-daniel-guerrero/ros-bridge/install/carla_ackermann_msgs/local/lib/python3.10/dist-packages:/home/daniel/code/2025-phd-daniel-guerrero/ros-bridge/install/carla_msgs/local/lib/python3.10/dist-packages:/home/daniel/code/2025-phd-daniel-guerrero/ros-bridge/install/carla_common/lib/python3.10/site-packages:/home/daniel/carla-ros-bridge/install/rqt_carla_control/lib/python3.10/site-packages:/home/daniel/carla-ros-bridge/install/carla_waypoint_publisher/lib/python3.10/site-packages:/home/daniel/carla-ros-bridge/install/carla_ackermann_control/lib/python3.10/site-packages:/home/daniel/carla-ros-bridge/install/carla_ros_bridge/lib/python3.10/site-packages:/home/daniel/carla-ros-bridge/install/carla_spawn_objects/lib/python3.10/site-packages:/home/daniel/carla-ros-bridge/install/carla_manual_control/lib/python3.10/site-packages:/home/daniel/carla-ros-bridge/install/carla_ad_agent/lib/python3.10/site-packages:/home/daniel/carla-ros-bridge/install/ros_compatibility/lib/python3.10/site-packages:/home/daniel/carla-ros-bridge/install/carla_waypoint_types/local/lib/python3.10/dist-packages:/home/daniel/carla-ros-bridge/install/carla_walker_agent/lib/python3.10/site-packages:/home/daniel/carla-ros-bridge/install/carla_twist_to_control/lib/python3.10/site-packages:/home/daniel/carla-ros-bridge/install/carla_ros_scenario_runner/lib/python3.10/site-packages:/home/daniel/carla-ros-bridge/install/carla_ros_scenario_runner_types/local/lib/python3.10/dist-packages:/home/daniel/carla-ros-bridge/install/carla_ackermann_msgs/local/lib/python3.10/dist-packages:/home/daniel/carla-ros-bridge/install/carla_msgs/local/lib/python3.10/dist-packages:/home/daniel/carla-ros-bridge/install/carla_common/lib/python3.10/site-packages:/opt/ros/humble/lib/python3.10/site-packages:/opt/ros/humble/local/lib/python3.10/dist-packages /usr/bin/python3 -W ignore:setup.py install is deprecated -W ignore:easy_install command is deprecated setup.py develop --editable --build-directory /home/daniel/code/2025-phd-daniel-guerrero/ros-bridge/build/carla_ad_agent/build --no-deps symlink_data
[17.029s] Level 1:colcon.colcon_core.shell:create_environment_hook('carla_manual_control', 'pythonpath_develop')
[17.029s] INFO:colcon.colcon_core.shell:Creating environment hook '/home/daniel/code/2025-phd-daniel-guerrero/ros-bridge/build/carla_manual_control/src/share/carla_manual_control/hook/pythonpath_develop.ps1'
[17.029s] DEBUG:colcon.colcon_core.event_handler.log_command:Invoked command in '/home/daniel/code/2025-phd-daniel-guerrero/ros-bridge/build/carla_manual_control' returned '0': AMENT_PREFIX_PATH=/home/daniel/code/2025-phd-daniel-guerrero/ros-bridge/install/ros_compatibility:/home/daniel/code/2025-phd-daniel-guerrero/ros-bridge/install/carla_ad_demo:/home/daniel/code/2025-phd-daniel-guerrero/ros-bridge/install/rviz_carla_plugin:/home/daniel/code/2025-phd-daniel-guerrero/ros-bridge/install/rqt_carla_control:/home/daniel/code/2025-phd-daniel-guerrero/ros-bridge/install/pcl_recorder:/home/daniel/code/2025-phd-daniel-guerrero/ros-bridge/install/carla_waypoint_publisher:/home/daniel/code/2025-phd-daniel-guerrero/ros-bridge/install/carla_ackermann_control:/home/daniel/code/2025-phd-daniel-guerrero/ros-bridge/install/carla_ros_bridge:/home/daniel/code/2025-phd-daniel-guerrero/ros-bridge/install/carla_spawn_objects:/home/daniel/code/2025-phd-daniel-guerrero/ros-bridge/install/carla_manual_control:/home/daniel/code/2025-phd-daniel-guerrero/ros-bridge/install/carla_ad_agent:/home/daniel/code/2025-phd-daniel-guerrero/ros-bridge/install/carla_waypoint_types:/home/daniel/code/2025-phd-daniel-guerrero/ros-bridge/install/carla_walker_agent:/home/daniel/code/2025-phd-daniel-guerrero/ros-bridge/install/carla_twist_to_control:/home/daniel/code/2025-phd-daniel-guerrero/ros-bridge/install/carla_ros_scenario_runner:/home/daniel/code/2025-phd-daniel-guerrero/ros-bridge/install/carla_ros_scenario_runner_types:/home/daniel/code/2025-phd-daniel-guerrero/ros-bridge/install/carla_ackermann_msgs:/home/daniel/code/2025-phd-daniel-guerrero/ros-bridge/install/carla_msgs:/home/daniel/code/2025-phd-daniel-guerrero/ros-bridge/install/carla_common:/home/daniel/carla-ros-bridge/install/rqt_carla_control:/home/daniel/carla-ros-bridge/install/carla_waypoint_publisher:/home/daniel/carla-ros-bridge/install/carla_ackermann_control:/home/daniel/carla-ros-bridge/install/carla_ros_bridge:/home/daniel/carla-ros-bridge/install/carla_spawn_objects:/home/daniel/carla-ros-bridge/install/carla_manual_control:/home/daniel/carla-ros-bridge/install/carla_ad_agent:/home/daniel/carla-ros-bridge/install/ros_compatibility:/home/daniel/carla-ros-bridge/install/carla_waypoint_types:/home/daniel/carla-ros-bridge/install/carla_walker_agent:/home/daniel/carla-ros-bridge/install/carla_twist_to_control:/home/daniel/carla-ros-bridge/install/carla_ros_scenario_runner:/home/daniel/carla-ros-bridge/install/carla_ros_scenario_runner_types:/home/daniel/carla-ros-bridge/install/carla_ackermann_msgs:/home/daniel/carla-ros-bridge/install/carla_msgs:/home/daniel/carla-ros-bridge/install/carla_common:/opt/ros/humble CMAKE_PREFIX_PATH=/home/daniel/code/2025-phd-daniel-guerrero/ros-bridge/install/carla_msgs:/home/daniel/code/2025-phd-daniel-guerrero/ros-bridge/install/carla_ad_demo:/home/daniel/code/2025-phd-daniel-guerrero/ros-bridge/install/rviz_carla_plugin:/home/daniel/code/2025-phd-daniel-guerrero/ros-bridge/install/pcl_recorder:/home/daniel/code/2025-phd-daniel-guerrero/ros-bridge/install/carla_waypoint_types:/home/daniel/code/2025-phd-daniel-guerrero/ros-bridge/install/carla_ros_scenario_runner_types:/home/daniel/code/2025-phd-daniel-guerrero/ros-bridge/install/carla_ackermann_msgs:/home/daniel/carla-ros-bridge/install/carla_waypoint_types:/home/daniel/carla-ros-bridge/install/carla_ros_scenario_runner_types:/home/daniel/carla-ros-bridge/install/carla_ackermann_msgs:/home/daniel/carla-ros-bridge/install/carla_msgs LD_LIBRARY_PATH=/home/daniel/code/2025-phd-daniel-guerrero/ros-bridge/install/carla_msgs/lib:/home/daniel/code/2025-phd-daniel-guerrero/ros-bridge/install/rviz_carla_plugin/lib:/home/daniel/code/2025-phd-daniel-guerrero/ros-bridge/install/carla_waypoint_types/lib:/home/daniel/code/2025-phd-daniel-guerrero/ros-bridge/install/carla_ros_scenario_runner_types/lib:/home/daniel/code/2025-phd-daniel-guerrero/ros-bridge/install/carla_ackermann_msgs/lib:/home/daniel/carla-ros-bridge/install/carla_waypoint_types/lib:/home/daniel/carla-ros-bridge/install/carla_ros_scenario_runner_types/lib:/home/daniel/carla-ros-bridge/install/carla_ackermann_msgs/lib:/home/daniel/carla-ros-bridge/install/carla_msgs/lib:/opt/ros/humble/opt/rviz_ogre_vendor/lib:/opt/ros/humble/lib/x86_64-linux-gnu:/opt/ros/humble/lib PYTHONPATH=/home/daniel/code/2025-phd-daniel-guerrero/ros-bridge/build/carla_manual_control/prefix_override:/usr/lib/python3/dist-packages/colcon_core/task/python/colcon_distutils_commands:/home/daniel/code/2025-phd-daniel-guerrero/ros-bridge/install/carla_manual_control/lib/python3.10/site-packages:/home/daniel/code/2025-phd-daniel-guerrero/ros-bridge/build/ros_compatibility/src:/home/daniel/code/2025-phd-daniel-guerrero/ros-bridge/install/ros_compatibility/lib/python3.10/site-packages:/home/daniel/code/2025-phd-daniel-guerrero/ros-bridge/install/rqt_carla_control/lib/python3.10/site-packages:/home/daniel/code/2025-phd-daniel-guerrero/ros-bridge/install/carla_waypoint_publisher/lib/python3.10/site-packages:/home/daniel/code/2025-phd-daniel-guerrero/ros-bridge/install/carla_ackermann_control/lib/python3.10/site-packages:/home/daniel/code/2025-phd-daniel-guerrero/ros-bridge/install/carla_ros_bridge/lib/python3.10/site-packages:/home/daniel/code/2025-phd-daniel-guerrero/ros-bridge/install/carla_spawn_objects/lib/python3.10/site-packages:/home/daniel/code/2025-phd-daniel-guerrero/ros-bridge/install/carla_manual_control/lib/python3.10/site-packages:/home/daniel/code/2025-phd-daniel-guerrero/ros-bridge/install/carla_ad_agent/lib/python3.10/site-packages:/home/daniel/code/2025-phd-daniel-guerrero/ros-bridge/install/carla_waypoint_types/local/lib/python3.10/dist-packages:/home/daniel/code/2025-phd-daniel-guerrero/ros-bridge/install/carla_walker_agent/lib/python3.10/site-packages:/home/daniel/code/2025-phd-daniel-guerrero/ros-bridge/install/carla_twist_to_control/lib/python3.10/site-packages:/home/daniel/code/2025-phd-daniel-guerrero/ros-bridge/install/carla_ros_scenario_runner/lib/python3.10/site-packages:/home/daniel/code/2025-phd-daniel-guerrero/ros-bridge/install/carla_ros_scenario_runner_types/local/lib/python3.10/dist-packages:/home/daniel/code/2025-phd-daniel-guerrero/ros-bridge/install/carla_ackermann_msgs/local/lib/python3.10/dist-packages:/home/daniel/code/2025-phd-daniel-guerrero/ros-bridge/install/carla_msgs/local/lib/python3.10/dist-packages:/home/daniel/code/2025-phd-daniel-guerrero/ros-bridge/install/carla_common/lib/python3.10/site-packages:/home/daniel/carla-ros-bridge/install/rqt_carla_control/lib/python3.10/site-packages:/home/daniel/carla-ros-bridge/install/carla_waypoint_publisher/lib/python3.10/site-packages:/home/daniel/carla-ros-bridge/install/carla_ackermann_control/lib/python3.10/site-packages:/home/daniel/carla-ros-bridge/install/carla_ros_bridge/lib/python3.10/site-packages:/home/daniel/carla-ros-bridge/install/carla_spawn_objects/lib/python3.10/site-packages:/home/daniel/carla-ros-bridge/install/carla_manual_control/lib/python3.10/site-packages:/home/daniel/carla-ros-bridge/install/carla_ad_agent/lib/python3.10/site-packages:/home/daniel/carla-ros-bridge/install/ros_compatibility/lib/python3.10/site-packages:/home/daniel/carla-ros-bridge/install/carla_waypoint_types/local/lib/python3.10/dist-packages:/home/daniel/carla-ros-bridge/install/carla_walker_agent/lib/python3.10/site-packages:/home/daniel/carla-ros-bridge/install/carla_twist_to_control/lib/python3.10/site-packages:/home/daniel/carla-ros-bridge/install/carla_ros_scenario_runner/lib/python3.10/site-packages:/home/daniel/carla-ros-bridge/install/carla_ros_scenario_runner_types/local/lib/python3.10/dist-packages:/home/daniel/carla-ros-bridge/install/carla_ackermann_msgs/local/lib/python3.10/dist-packages:/home/daniel/carla-ros-bridge/install/carla_msgs/local/lib/python3.10/dist-packages:/home/daniel/carla-ros-bridge/install/carla_common/lib/python3.10/site-packages:/opt/ros/humble/lib/python3.10/site-packages:/opt/ros/humble/local/lib/python3.10/dist-packages /usr/bin/python3 -W ignore:setup.py install is deprecated -W ignore:easy_install command is deprecated setup.py develop --editable --build-directory /home/daniel/code/2025-phd-daniel-guerrero/ros-bridge/build/carla_manual_control/build --no-deps symlink_data
[17.030s] INFO:colcon.colcon_core.shell:Creating environment descriptor '/home/daniel/code/2025-phd-daniel-guerrero/ros-bridge/build/carla_manual_control/src/share/carla_manual_control/hook/pythonpath_develop.dsv'
[17.030s] INFO:colcon.colcon_core.shell:Creating environment hook '/home/daniel/code/2025-phd-daniel-guerrero/ros-bridge/build/carla_manual_control/src/share/carla_manual_control/hook/pythonpath_develop.sh'
[17.030s] Level 1:colcon.colcon_core.environment:checking '/home/daniel/code/2025-phd-daniel-guerrero/ros-bridge/install/carla_manual_control' for CMake module files
[17.031s] Level 1:colcon.colcon_core.environment:checking '/home/daniel/code/2025-phd-daniel-guerrero/ros-bridge/install/carla_manual_control' for CMake config files
[17.031s] Level 1:colcon.colcon_core.environment:checking '/home/daniel/code/2025-phd-daniel-guerrero/ros-bridge/install/carla_manual_control/lib'
[17.031s] Level 1:colcon.colcon_core.environment:checking '/home/daniel/code/2025-phd-daniel-guerrero/ros-bridge/install/carla_manual_control/bin'
[17.031s] Level 1:colcon.colcon_core.environment:checking '/home/daniel/code/2025-phd-daniel-guerrero/ros-bridge/install/carla_manual_control/lib/pkgconfig/carla_manual_control.pc'
[17.031s] Level 1:colcon.colcon_core.environment:checking '/home/daniel/code/2025-phd-daniel-guerrero/ros-bridge/install/carla_manual_control/lib/python3.10/site-packages'
[17.031s] Level 1:colcon.colcon_core.shell:create_environment_hook('carla_manual_control', 'pythonpath')
[17.032s] INFO:colcon.colcon_core.shell:Creating environment hook '/home/daniel/code/2025-phd-daniel-guerrero/ros-bridge/install/carla_manual_control/share/carla_manual_control/hook/pythonpath.ps1'
[17.032s] INFO:colcon.colcon_core.shell:Creating environment descriptor '/home/daniel/code/2025-phd-daniel-guerrero/ros-bridge/install/carla_manual_control/share/carla_manual_control/hook/pythonpath.dsv'
[17.032s] INFO:colcon.colcon_core.shell:Creating environment hook '/home/daniel/code/2025-phd-daniel-guerrero/ros-bridge/install/carla_manual_control/share/carla_manual_control/hook/pythonpath.sh'
[17.032s] Level 1:colcon.colcon_core.environment:checking '/home/daniel/code/2025-phd-daniel-guerrero/ros-bridge/install/carla_manual_control/bin'
[17.032s] Level 1:colcon.colcon_core.environment:create_environment_scripts_only(carla_manual_control)
[17.033s] INFO:colcon.colcon_core.shell:Creating package script '/home/daniel/code/2025-phd-daniel-guerrero/ros-bridge/install/carla_manual_control/share/carla_manual_control/package.ps1'
[17.033s] INFO:colcon.colcon_core.shell:Creating package descriptor '/home/daniel/code/2025-phd-daniel-guerrero/ros-bridge/install/carla_manual_control/share/carla_manual_control/package.dsv'
[17.034s] INFO:colcon.colcon_core.shell:Creating package script '/home/daniel/code/2025-phd-daniel-guerrero/ros-bridge/install/carla_manual_control/share/carla_manual_control/package.sh'
[17.034s] INFO:colcon.colcon_core.shell:Creating package script '/home/daniel/code/2025-phd-daniel-guerrero/ros-bridge/install/carla_manual_control/share/carla_manual_control/package.bash'
[17.035s] INFO:colcon.colcon_core.shell:Creating package script '/home/daniel/code/2025-phd-daniel-guerrero/ros-bridge/install/carla_manual_control/share/carla_manual_control/package.zsh'
[17.035s] Level 1:colcon.colcon_core.environment:create_file_with_runtime_dependencies(/home/daniel/code/2025-phd-daniel-guerrero/ros-bridge/install/carla_manual_control/share/colcon-core/packages/carla_manual_control)
[17.044s] Level 1:colcon.colcon_core.shell:create_environment_hook('carla_spawn_objects', 'pythonpath_develop')
[17.044s] INFO:colcon.colcon_core.shell:Creating environment hook '/home/daniel/code/2025-phd-daniel-guerrero/ros-bridge/build/carla_spawn_objects/share/carla_spawn_objects/hook/pythonpath_develop.ps1'
[17.045s] DEBUG:colcon.colcon_core.event_handler.log_command:Invoked command in '/home/daniel/code/2025-phd-daniel-guerrero/ros-bridge/build/carla_spawn_objects' returned '0': AMENT_PREFIX_PATH=/home/daniel/code/2025-phd-daniel-guerrero/ros-bridge/install/ros_compatibility:/home/daniel/code/2025-phd-daniel-guerrero/ros-bridge/install/carla_ad_demo:/home/daniel/code/2025-phd-daniel-guerrero/ros-bridge/install/rviz_carla_plugin:/home/daniel/code/2025-phd-daniel-guerrero/ros-bridge/install/rqt_carla_control:/home/daniel/code/2025-phd-daniel-guerrero/ros-bridge/install/pcl_recorder:/home/daniel/code/2025-phd-daniel-guerrero/ros-bridge/install/carla_waypoint_publisher:/home/daniel/code/2025-phd-daniel-guerrero/ros-bridge/install/carla_ackermann_control:/home/daniel/code/2025-phd-daniel-guerrero/ros-bridge/install/carla_ros_bridge:/home/daniel/code/2025-phd-daniel-guerrero/ros-bridge/install/carla_spawn_objects:/home/daniel/code/2025-phd-daniel-guerrero/ros-bridge/install/carla_manual_control:/home/daniel/code/2025-phd-daniel-guerrero/ros-bridge/install/carla_ad_agent:/home/daniel/code/2025-phd-daniel-guerrero/ros-bridge/install/carla_waypoint_types:/home/daniel/code/2025-phd-daniel-guerrero/ros-bridge/install/carla_walker_agent:/home/daniel/code/2025-phd-daniel-guerrero/ros-bridge/install/carla_twist_to_control:/home/daniel/code/2025-phd-daniel-guerrero/ros-bridge/install/carla_ros_scenario_runner:/home/daniel/code/2025-phd-daniel-guerrero/ros-bridge/install/carla_ros_scenario_runner_types:/home/daniel/code/2025-phd-daniel-guerrero/ros-bridge/install/carla_ackermann_msgs:/home/daniel/code/2025-phd-daniel-guerrero/ros-bridge/install/carla_msgs:/home/daniel/code/2025-phd-daniel-guerrero/ros-bridge/install/carla_common:/home/daniel/carla-ros-bridge/install/rqt_carla_control:/home/daniel/carla-ros-bridge/install/carla_waypoint_publisher:/home/daniel/carla-ros-bridge/install/carla_ackermann_control:/home/daniel/carla-ros-bridge/install/carla_ros_bridge:/home/daniel/carla-ros-bridge/install/carla_spawn_objects:/home/daniel/carla-ros-bridge/install/carla_manual_control:/home/daniel/carla-ros-bridge/install/carla_ad_agent:/home/daniel/carla-ros-bridge/install/ros_compatibility:/home/daniel/carla-ros-bridge/install/carla_waypoint_types:/home/daniel/carla-ros-bridge/install/carla_walker_agent:/home/daniel/carla-ros-bridge/install/carla_twist_to_control:/home/daniel/carla-ros-bridge/install/carla_ros_scenario_runner:/home/daniel/carla-ros-bridge/install/carla_ros_scenario_runner_types:/home/daniel/carla-ros-bridge/install/carla_ackermann_msgs:/home/daniel/carla-ros-bridge/install/carla_msgs:/home/daniel/carla-ros-bridge/install/carla_common:/opt/ros/humble CMAKE_PREFIX_PATH=/home/daniel/code/2025-phd-daniel-guerrero/ros-bridge/install/carla_msgs:/home/daniel/code/2025-phd-daniel-guerrero/ros-bridge/install/carla_ad_demo:/home/daniel/code/2025-phd-daniel-guerrero/ros-bridge/install/rviz_carla_plugin:/home/daniel/code/2025-phd-daniel-guerrero/ros-bridge/install/pcl_recorder:/home/daniel/code/2025-phd-daniel-guerrero/ros-bridge/install/carla_waypoint_types:/home/daniel/code/2025-phd-daniel-guerrero/ros-bridge/install/carla_ros_scenario_runner_types:/home/daniel/code/2025-phd-daniel-guerrero/ros-bridge/install/carla_ackermann_msgs:/home/daniel/carla-ros-bridge/install/carla_waypoint_types:/home/daniel/carla-ros-bridge/install/carla_ros_scenario_runner_types:/home/daniel/carla-ros-bridge/install/carla_ackermann_msgs:/home/daniel/carla-ros-bridge/install/carla_msgs LD_LIBRARY_PATH=/home/daniel/code/2025-phd-daniel-guerrero/ros-bridge/install/carla_msgs/lib:/home/daniel/code/2025-phd-daniel-guerrero/ros-bridge/install/rviz_carla_plugin/lib:/home/daniel/code/2025-phd-daniel-guerrero/ros-bridge/install/carla_waypoint_types/lib:/home/daniel/code/2025-phd-daniel-guerrero/ros-bridge/install/carla_ros_scenario_runner_types/lib:/home/daniel/code/2025-phd-daniel-guerrero/ros-bridge/install/carla_ackermann_msgs/lib:/home/daniel/carla-ros-bridge/install/carla_waypoint_types/lib:/home/daniel/carla-ros-bridge/install/carla_ros_scenario_runner_types/lib:/home/daniel/carla-ros-bridge/install/carla_ackermann_msgs/lib:/home/daniel/carla-ros-bridge/install/carla_msgs/lib:/opt/ros/humble/opt/rviz_ogre_vendor/lib:/opt/ros/humble/lib/x86_64-linux-gnu:/opt/ros/humble/lib PYTHONPATH=/home/daniel/code/2025-phd-daniel-guerrero/ros-bridge/build/carla_spawn_objects/prefix_override:/usr/lib/python3/dist-packages/colcon_core/task/python/colcon_distutils_commands:/home/daniel/code/2025-phd-daniel-guerrero/ros-bridge/install/carla_spawn_objects/lib/python3.10/site-packages:/home/daniel/code/2025-phd-daniel-guerrero/ros-bridge/build/ros_compatibility/src:/home/daniel/code/2025-phd-daniel-guerrero/ros-bridge/install/ros_compatibility/lib/python3.10/site-packages:/home/daniel/code/2025-phd-daniel-guerrero/ros-bridge/install/rqt_carla_control/lib/python3.10/site-packages:/home/daniel/code/2025-phd-daniel-guerrero/ros-bridge/install/carla_waypoint_publisher/lib/python3.10/site-packages:/home/daniel/code/2025-phd-daniel-guerrero/ros-bridge/install/carla_ackermann_control/lib/python3.10/site-packages:/home/daniel/code/2025-phd-daniel-guerrero/ros-bridge/install/carla_ros_bridge/lib/python3.10/site-packages:/home/daniel/code/2025-phd-daniel-guerrero/ros-bridge/install/carla_spawn_objects/lib/python3.10/site-packages:/home/daniel/code/2025-phd-daniel-guerrero/ros-bridge/install/carla_manual_control/lib/python3.10/site-packages:/home/daniel/code/2025-phd-daniel-guerrero/ros-bridge/install/carla_ad_agent/lib/python3.10/site-packages:/home/daniel/code/2025-phd-daniel-guerrero/ros-bridge/install/carla_waypoint_types/local/lib/python3.10/dist-packages:/home/daniel/code/2025-phd-daniel-guerrero/ros-bridge/install/carla_walker_agent/lib/python3.10/site-packages:/home/daniel/code/2025-phd-daniel-guerrero/ros-bridge/install/carla_twist_to_control/lib/python3.10/site-packages:/home/daniel/code/2025-phd-daniel-guerrero/ros-bridge/install/carla_ros_scenario_runner/lib/python3.10/site-packages:/home/daniel/code/2025-phd-daniel-guerrero/ros-bridge/install/carla_ros_scenario_runner_types/local/lib/python3.10/dist-packages:/home/daniel/code/2025-phd-daniel-guerrero/ros-bridge/install/carla_ackermann_msgs/local/lib/python3.10/dist-packages:/home/daniel/code/2025-phd-daniel-guerrero/ros-bridge/install/carla_msgs/local/lib/python3.10/dist-packages:/home/daniel/code/2025-phd-daniel-guerrero/ros-bridge/install/carla_common/lib/python3.10/site-packages:/home/daniel/carla-ros-bridge/install/rqt_carla_control/lib/python3.10/site-packages:/home/daniel/carla-ros-bridge/install/carla_waypoint_publisher/lib/python3.10/site-packages:/home/daniel/carla-ros-bridge/install/carla_ackermann_control/lib/python3.10/site-packages:/home/daniel/carla-ros-bridge/install/carla_ros_bridge/lib/python3.10/site-packages:/home/daniel/carla-ros-bridge/install/carla_spawn_objects/lib/python3.10/site-packages:/home/daniel/carla-ros-bridge/install/carla_manual_control/lib/python3.10/site-packages:/home/daniel/carla-ros-bridge/install/carla_ad_agent/lib/python3.10/site-packages:/home/daniel/carla-ros-bridge/install/ros_compatibility/lib/python3.10/site-packages:/home/daniel/carla-ros-bridge/install/carla_waypoint_types/local/lib/python3.10/dist-packages:/home/daniel/carla-ros-bridge/install/carla_walker_agent/lib/python3.10/site-packages:/home/daniel/carla-ros-bridge/install/carla_twist_to_control/lib/python3.10/site-packages:/home/daniel/carla-ros-bridge/install/carla_ros_scenario_runner/lib/python3.10/site-packages:/home/daniel/carla-ros-bridge/install/carla_ros_scenario_runner_types/local/lib/python3.10/dist-packages:/home/daniel/carla-ros-bridge/install/carla_ackermann_msgs/local/lib/python3.10/dist-packages:/home/daniel/carla-ros-bridge/install/carla_msgs/local/lib/python3.10/dist-packages:/home/daniel/carla-ros-bridge/install/carla_common/lib/python3.10/site-packages:/opt/ros/humble/lib/python3.10/site-packages:/opt/ros/humble/local/lib/python3.10/dist-packages /usr/bin/python3 -W ignore:setup.py install is deprecated -W ignore:easy_install command is deprecated setup.py develop --editable --build-directory /home/daniel/code/2025-phd-daniel-guerrero/ros-bridge/build/carla_spawn_objects/build --no-deps symlink_data
[17.045s] INFO:colcon.colcon_core.shell:Creating environment descriptor '/home/daniel/code/2025-phd-daniel-guerrero/ros-bridge/build/carla_spawn_objects/share/carla_spawn_objects/hook/pythonpath_develop.dsv'
[17.045s] INFO:colcon.colcon_core.shell:Creating environment hook '/home/daniel/code/2025-phd-daniel-guerrero/ros-bridge/build/carla_spawn_objects/share/carla_spawn_objects/hook/pythonpath_develop.sh'
[17.046s] Level 1:colcon.colcon_core.environment:checking '/home/daniel/code/2025-phd-daniel-guerrero/ros-bridge/install/carla_spawn_objects' for CMake module files
[17.046s] Level 1:colcon.colcon_core.environment:checking '/home/daniel/code/2025-phd-daniel-guerrero/ros-bridge/install/carla_spawn_objects' for CMake config files
[17.046s] Level 1:colcon.colcon_core.environment:checking '/home/daniel/code/2025-phd-daniel-guerrero/ros-bridge/install/carla_spawn_objects/lib'
[17.046s] Level 1:colcon.colcon_core.environment:checking '/home/daniel/code/2025-phd-daniel-guerrero/ros-bridge/install/carla_spawn_objects/bin'
[17.046s] Level 1:colcon.colcon_core.environment:checking '/home/daniel/code/2025-phd-daniel-guerrero/ros-bridge/install/carla_spawn_objects/lib/pkgconfig/carla_spawn_objects.pc'
[17.047s] Level 1:colcon.colcon_core.environment:checking '/home/daniel/code/2025-phd-daniel-guerrero/ros-bridge/install/carla_spawn_objects/lib/python3.10/site-packages'
[17.047s] Level 1:colcon.colcon_core.shell:create_environment_hook('carla_spawn_objects', 'pythonpath')
[17.047s] INFO:colcon.colcon_core.shell:Creating environment hook '/home/daniel/code/2025-phd-daniel-guerrero/ros-bridge/install/carla_spawn_objects/share/carla_spawn_objects/hook/pythonpath.ps1'
[17.047s] INFO:colcon.colcon_core.shell:Creating environment descriptor '/home/daniel/code/2025-phd-daniel-guerrero/ros-bridge/install/carla_spawn_objects/share/carla_spawn_objects/hook/pythonpath.dsv'
[17.047s] INFO:colcon.colcon_core.shell:Creating environment hook '/home/daniel/code/2025-phd-daniel-guerrero/ros-bridge/install/carla_spawn_objects/share/carla_spawn_objects/hook/pythonpath.sh'
[17.048s] Level 1:colcon.colcon_core.environment:checking '/home/daniel/code/2025-phd-daniel-guerrero/ros-bridge/install/carla_spawn_objects/bin'
[17.048s] Level 1:colcon.colcon_core.environment:create_environment_scripts_only(carla_spawn_objects)
[17.048s] INFO:colcon.colcon_core.shell:Creating package script '/home/daniel/code/2025-phd-daniel-guerrero/ros-bridge/install/carla_spawn_objects/share/carla_spawn_objects/package.ps1'
[17.048s] INFO:colcon.colcon_core.shell:Creating package descriptor '/home/daniel/code/2025-phd-daniel-guerrero/ros-bridge/install/carla_spawn_objects/share/carla_spawn_objects/package.dsv'
[17.049s] INFO:colcon.colcon_core.shell:Creating package script '/home/daniel/code/2025-phd-daniel-guerrero/ros-bridge/install/carla_spawn_objects/share/carla_spawn_objects/package.sh'
[17.049s] INFO:colcon.colcon_core.shell:Creating package script '/home/daniel/code/2025-phd-daniel-guerrero/ros-bridge/install/carla_spawn_objects/share/carla_spawn_objects/package.bash'
[17.049s] INFO:colcon.colcon_core.shell:Creating package script '/home/daniel/code/2025-phd-daniel-guerrero/ros-bridge/install/carla_spawn_objects/share/carla_spawn_objects/package.zsh'
[17.049s] Level 1:colcon.colcon_core.environment:create_file_with_runtime_dependencies(/home/daniel/code/2025-phd-daniel-guerrero/ros-bridge/install/carla_spawn_objects/share/colcon-core/packages/carla_spawn_objects)
[17.050s] INFO:colcon.colcon_ros.task.ament_python.build:Building ROS package in '/home/daniel/code/2025-phd-daniel-guerrero/ros-bridge/src/carla_ros_bridge' with build type 'ament_python'
[17.050s] Level 1:colcon.colcon_core.shell:create_environment_hook('carla_ros_bridge', 'ament_prefix_path')
[17.050s] INFO:colcon.colcon_core.shell:Creating environment hook '/home/daniel/code/2025-phd-daniel-guerrero/ros-bridge/install/carla_ros_bridge/share/carla_ros_bridge/hook/ament_prefix_path.ps1'
[17.051s] INFO:colcon.colcon_core.shell:Creating environment descriptor '/home/daniel/code/2025-phd-daniel-guerrero/ros-bridge/install/carla_ros_bridge/share/carla_ros_bridge/hook/ament_prefix_path.dsv'
[17.051s] INFO:colcon.colcon_core.shell:Creating environment hook '/home/daniel/code/2025-phd-daniel-guerrero/ros-bridge/install/carla_ros_bridge/share/carla_ros_bridge/hook/ament_prefix_path.sh'
[17.051s] INFO:colcon.colcon_core.shell:Skip shell extension 'powershell' for command environment: Not usable outside of PowerShell
[17.051s] DEBUG:colcon.colcon_core.shell:Skip shell extension 'dsv' for command environment
[17.398s] INFO:colcon.colcon_core.task.python.build:Building Python package in '/home/daniel/code/2025-phd-daniel-guerrero/ros-bridge/src/carla_ros_bridge'
[17.399s] INFO:colcon.colcon_core.shell:Skip shell extension 'powershell' for command environment: Not usable outside of PowerShell
[17.399s] DEBUG:colcon.colcon_core.shell:Skip shell extension 'dsv' for command environment
[17.408s] Level 1:colcon.colcon_core.shell:create_environment_hook('carla_ros_scenario_runner', 'pythonpath_develop')
[17.408s] INFO:colcon.colcon_core.shell:Creating environment hook '/home/daniel/code/2025-phd-daniel-guerrero/ros-bridge/build/carla_ros_scenario_runner/src/share/carla_ros_scenario_runner/hook/pythonpath_develop.ps1'
[17.408s] DEBUG:colcon.colcon_core.event_handler.log_command:Invoked command in '/home/daniel/code/2025-phd-daniel-guerrero/ros-bridge/build/carla_ros_scenario_runner' returned '0': AMENT_PREFIX_PATH=/home/daniel/code/2025-phd-daniel-guerrero/ros-bridge/install/carla_common:/home/daniel/code/2025-phd-daniel-guerrero/ros-bridge/install/carla_ad_demo:/home/daniel/code/2025-phd-daniel-guerrero/ros-bridge/install/rviz_carla_plugin:/home/daniel/code/2025-phd-daniel-guerrero/ros-bridge/install/rqt_carla_control:/home/daniel/code/2025-phd-daniel-guerrero/ros-bridge/install/pcl_recorder:/home/daniel/code/2025-phd-daniel-guerrero/ros-bridge/install/carla_waypoint_publisher:/home/daniel/code/2025-phd-daniel-guerrero/ros-bridge/install/carla_ackermann_control:/home/daniel/code/2025-phd-daniel-guerrero/ros-bridge/install/carla_ros_bridge:/home/daniel/code/2025-phd-daniel-guerrero/ros-bridge/install/carla_spawn_objects:/home/daniel/code/2025-phd-daniel-guerrero/ros-bridge/install/carla_manual_control:/home/daniel/code/2025-phd-daniel-guerrero/ros-bridge/install/carla_ad_agent:/home/daniel/code/2025-phd-daniel-guerrero/ros-bridge/install/ros_compatibility:/home/daniel/code/2025-phd-daniel-guerrero/ros-bridge/install/carla_waypoint_types:/home/daniel/code/2025-phd-daniel-guerrero/ros-bridge/install/carla_walker_agent:/home/daniel/code/2025-phd-daniel-guerrero/ros-bridge/install/carla_twist_to_control:/home/daniel/code/2025-phd-daniel-guerrero/ros-bridge/install/carla_ros_scenario_runner:/home/daniel/code/2025-phd-daniel-guerrero/ros-bridge/install/carla_ros_scenario_runner_types:/home/daniel/code/2025-phd-daniel-guerrero/ros-bridge/install/carla_ackermann_msgs:/home/daniel/code/2025-phd-daniel-guerrero/ros-bridge/install/carla_msgs:/home/daniel/carla-ros-bridge/install/rqt_carla_control:/home/daniel/carla-ros-bridge/install/carla_waypoint_publisher:/home/daniel/carla-ros-bridge/install/carla_ackermann_control:/home/daniel/carla-ros-bridge/install/carla_ros_bridge:/home/daniel/carla-ros-bridge/install/carla_spawn_objects:/home/daniel/carla-ros-bridge/install/carla_manual_control:/home/daniel/carla-ros-bridge/install/carla_ad_agent:/home/daniel/carla-ros-bridge/install/ros_compatibility:/home/daniel/carla-ros-bridge/install/carla_waypoint_types:/home/daniel/carla-ros-bridge/install/carla_walker_agent:/home/daniel/carla-ros-bridge/install/carla_twist_to_control:/home/daniel/carla-ros-bridge/install/carla_ros_scenario_runner:/home/daniel/carla-ros-bridge/install/carla_ros_scenario_runner_types:/home/daniel/carla-ros-bridge/install/carla_ackermann_msgs:/home/daniel/carla-ros-bridge/install/carla_msgs:/home/daniel/carla-ros-bridge/install/carla_common:/opt/ros/humble CMAKE_PREFIX_PATH=/home/daniel/code/2025-phd-daniel-guerrero/ros-bridge/install/carla_ros_scenario_runner_types:/home/daniel/code/2025-phd-daniel-guerrero/ros-bridge/install/carla_msgs:/home/daniel/code/2025-phd-daniel-guerrero/ros-bridge/install/carla_ad_demo:/home/daniel/code/2025-phd-daniel-guerrero/ros-bridge/install/rviz_carla_plugin:/home/daniel/code/2025-phd-daniel-guerrero/ros-bridge/install/pcl_recorder:/home/daniel/code/2025-phd-daniel-guerrero/ros-bridge/install/carla_waypoint_types:/home/daniel/code/2025-phd-daniel-guerrero/ros-bridge/install/carla_ackermann_msgs:/home/daniel/carla-ros-bridge/install/carla_waypoint_types:/home/daniel/carla-ros-bridge/install/carla_ros_scenario_runner_types:/home/daniel/carla-ros-bridge/install/carla_ackermann_msgs:/home/daniel/carla-ros-bridge/install/carla_msgs LD_LIBRARY_PATH=/home/daniel/code/2025-phd-daniel-guerrero/ros-bridge/install/carla_ros_scenario_runner_types/lib:/home/daniel/code/2025-phd-daniel-guerrero/ros-bridge/install/carla_msgs/lib:/home/daniel/code/2025-phd-daniel-guerrero/ros-bridge/install/rviz_carla_plugin/lib:/home/daniel/code/2025-phd-daniel-guerrero/ros-bridge/install/carla_waypoint_types/lib:/home/daniel/code/2025-phd-daniel-guerrero/ros-bridge/install/carla_ackermann_msgs/lib:/home/daniel/carla-ros-bridge/install/carla_waypoint_types/lib:/home/daniel/carla-ros-bridge/install/carla_ros_scenario_runner_types/lib:/home/daniel/carla-ros-bridge/install/carla_ackermann_msgs/lib:/home/daniel/carla-ros-bridge/install/carla_msgs/lib:/opt/ros/humble/opt/rviz_ogre_vendor/lib:/opt/ros/humble/lib/x86_64-linux-gnu:/opt/ros/humble/lib PYTHONPATH=/home/daniel/code/2025-phd-daniel-guerrero/ros-bridge/build/carla_ros_scenario_runner/prefix_override:/usr/lib/python3/dist-packages/colcon_core/task/python/colcon_distutils_commands:/home/daniel/code/2025-phd-daniel-guerrero/ros-bridge/install/carla_ros_scenario_runner/lib/python3.10/site-packages:/home/daniel/code/2025-phd-daniel-guerrero/ros-bridge/build/carla_common/src:/home/daniel/code/2025-phd-daniel-guerrero/ros-bridge/install/carla_common/lib/python3.10/site-packages:/home/daniel/code/2025-phd-daniel-guerrero/ros-bridge/install/rqt_carla_control/lib/python3.10/site-packages:/home/daniel/code/2025-phd-daniel-guerrero/ros-bridge/install/carla_waypoint_publisher/lib/python3.10/site-packages:/home/daniel/code/2025-phd-daniel-guerrero/ros-bridge/install/carla_ackermann_control/lib/python3.10/site-packages:/home/daniel/code/2025-phd-daniel-guerrero/ros-bridge/install/carla_ros_bridge/lib/python3.10/site-packages:/home/daniel/code/2025-phd-daniel-guerrero/ros-bridge/install/carla_spawn_objects/lib/python3.10/site-packages:/home/daniel/code/2025-phd-daniel-guerrero/ros-bridge/install/carla_manual_control/lib/python3.10/site-packages:/home/daniel/code/2025-phd-daniel-guerrero/ros-bridge/install/carla_ad_agent/lib/python3.10/site-packages:/home/daniel/code/2025-phd-daniel-guerrero/ros-bridge/install/ros_compatibility/lib/python3.10/site-packages:/home/daniel/code/2025-phd-daniel-guerrero/ros-bridge/install/carla_waypoint_types/local/lib/python3.10/dist-packages:/home/daniel/code/2025-phd-daniel-guerrero/ros-bridge/install/carla_walker_agent/lib/python3.10/site-packages:/home/daniel/code/2025-phd-daniel-guerrero/ros-bridge/install/carla_twist_to_control/lib/python3.10/site-packages:/home/daniel/code/2025-phd-daniel-guerrero/ros-bridge/install/carla_ros_scenario_runner/lib/python3.10/site-packages:/home/daniel/code/2025-phd-daniel-guerrero/ros-bridge/install/carla_ros_scenario_runner_types/local/lib/python3.10/dist-packages:/home/daniel/code/2025-phd-daniel-guerrero/ros-bridge/install/carla_ackermann_msgs/local/lib/python3.10/dist-packages:/home/daniel/code/2025-phd-daniel-guerrero/ros-bridge/install/carla_msgs/local/lib/python3.10/dist-packages:/home/daniel/carla-ros-bridge/install/rqt_carla_control/lib/python3.10/site-packages:/home/daniel/carla-ros-bridge/install/carla_waypoint_publisher/lib/python3.10/site-packages:/home/daniel/carla-ros-bridge/install/carla_ackermann_control/lib/python3.10/site-packages:/home/daniel/carla-ros-bridge/install/carla_ros_bridge/lib/python3.10/site-packages:/home/daniel/carla-ros-bridge/install/carla_spawn_objects/lib/python3.10/site-packages:/home/daniel/carla-ros-bridge/install/carla_manual_control/lib/python3.10/site-packages:/home/daniel/carla-ros-bridge/install/carla_ad_agent/lib/python3.10/site-packages:/home/daniel/carla-ros-bridge/install/ros_compatibility/lib/python3.10/site-packages:/home/daniel/carla-ros-bridge/install/carla_waypoint_types/local/lib/python3.10/dist-packages:/home/daniel/carla-ros-bridge/install/carla_walker_agent/lib/python3.10/site-packages:/home/daniel/carla-ros-bridge/install/carla_twist_to_control/lib/python3.10/site-packages:/home/daniel/carla-ros-bridge/install/carla_ros_scenario_runner/lib/python3.10/site-packages:/home/daniel/carla-ros-bridge/install/carla_ros_scenario_runner_types/local/lib/python3.10/dist-packages:/home/daniel/carla-ros-bridge/install/carla_ackermann_msgs/local/lib/python3.10/dist-packages:/home/daniel/carla-ros-bridge/install/carla_msgs/local/lib/python3.10/dist-packages:/home/daniel/carla-ros-bridge/install/carla_common/lib/python3.10/site-packages:/opt/ros/humble/lib/python3.10/site-packages:/opt/ros/humble/local/lib/python3.10/dist-packages /usr/bin/python3 -W ignore:setup.py install is deprecated -W ignore:easy_install command is deprecated setup.py develop --editable --build-directory /home/daniel/code/2025-phd-daniel-guerrero/ros-bridge/build/carla_ros_scenario_runner/build --no-deps symlink_data
[17.409s] INFO:colcon.colcon_core.shell:Creating environment descriptor '/home/daniel/code/2025-phd-daniel-guerrero/ros-bridge/build/carla_ros_scenario_runner/src/share/carla_ros_scenario_runner/hook/pythonpath_develop.dsv'
[17.409s] INFO:colcon.colcon_core.shell:Creating environment hook '/home/daniel/code/2025-phd-daniel-guerrero/ros-bridge/build/carla_ros_scenario_runner/src/share/carla_ros_scenario_runner/hook/pythonpath_develop.sh'
[17.410s] Level 1:colcon.colcon_core.environment:checking '/home/daniel/code/2025-phd-daniel-guerrero/ros-bridge/install/carla_ros_scenario_runner' for CMake module files
[17.411s] Level 1:colcon.colcon_core.environment:checking '/home/daniel/code/2025-phd-daniel-guerrero/ros-bridge/install/carla_ros_scenario_runner' for CMake config files
[17.411s] Level 1:colcon.colcon_core.environment:checking '/home/daniel/code/2025-phd-daniel-guerrero/ros-bridge/install/carla_ros_scenario_runner/lib'
[17.411s] Level 1:colcon.colcon_core.environment:checking '/home/daniel/code/2025-phd-daniel-guerrero/ros-bridge/install/carla_ros_scenario_runner/bin'
[17.411s] Level 1:colcon.colcon_core.environment:checking '/home/daniel/code/2025-phd-daniel-guerrero/ros-bridge/install/carla_ros_scenario_runner/lib/pkgconfig/carla_ros_scenario_runner.pc'
[17.412s] Level 1:colcon.colcon_core.environment:checking '/home/daniel/code/2025-phd-daniel-guerrero/ros-bridge/install/carla_ros_scenario_runner/lib/python3.10/site-packages'
[17.412s] Level 1:colcon.colcon_core.shell:create_environment_hook('carla_ros_scenario_runner', 'pythonpath')
[17.412s] INFO:colcon.colcon_core.shell:Creating environment hook '/home/daniel/code/2025-phd-daniel-guerrero/ros-bridge/install/carla_ros_scenario_runner/share/carla_ros_scenario_runner/hook/pythonpath.ps1'
[17.412s] INFO:colcon.colcon_core.shell:Creating environment descriptor '/home/daniel/code/2025-phd-daniel-guerrero/ros-bridge/install/carla_ros_scenario_runner/share/carla_ros_scenario_runner/hook/pythonpath.dsv'
[17.413s] INFO:colcon.colcon_core.shell:Creating environment hook '/home/daniel/code/2025-phd-daniel-guerrero/ros-bridge/install/carla_ros_scenario_runner/share/carla_ros_scenario_runner/hook/pythonpath.sh'
[17.413s] Level 1:colcon.colcon_core.environment:checking '/home/daniel/code/2025-phd-daniel-guerrero/ros-bridge/install/carla_ros_scenario_runner/bin'
[17.413s] Level 1:colcon.colcon_core.environment:create_environment_scripts_only(carla_ros_scenario_runner)
[17.414s] INFO:colcon.colcon_core.shell:Creating package script '/home/daniel/code/2025-phd-daniel-guerrero/ros-bridge/install/carla_ros_scenario_runner/share/carla_ros_scenario_runner/package.ps1'
[17.414s] INFO:colcon.colcon_core.shell:Creating package descriptor '/home/daniel/code/2025-phd-daniel-guerrero/ros-bridge/install/carla_ros_scenario_runner/share/carla_ros_scenario_runner/package.dsv'
[17.415s] INFO:colcon.colcon_core.shell:Creating package script '/home/daniel/code/2025-phd-daniel-guerrero/ros-bridge/install/carla_ros_scenario_runner/share/carla_ros_scenario_runner/package.sh'
[17.415s] INFO:colcon.colcon_core.shell:Creating package script '/home/daniel/code/2025-phd-daniel-guerrero/ros-bridge/install/carla_ros_scenario_runner/share/carla_ros_scenario_runner/package.bash'
[17.416s] INFO:colcon.colcon_core.shell:Creating package script '/home/daniel/code/2025-phd-daniel-guerrero/ros-bridge/install/carla_ros_scenario_runner/share/carla_ros_scenario_runner/package.zsh'
[17.416s] Level 1:colcon.colcon_core.environment:create_file_with_runtime_dependencies(/home/daniel/code/2025-phd-daniel-guerrero/ros-bridge/install/carla_ros_scenario_runner/share/colcon-core/packages/carla_ros_scenario_runner)
[17.416s] Level 1:colcon.colcon_core.shell:create_environment_hook('carla_walker_agent', 'pythonpath_develop')
[17.417s] INFO:colcon.colcon_core.shell:Creating environment hook '/home/daniel/code/2025-phd-daniel-guerrero/ros-bridge/build/carla_walker_agent/src/share/carla_walker_agent/hook/pythonpath_develop.ps1'
[17.417s] DEBUG:colcon.colcon_core.event_handler.log_command:Invoked command in '/home/daniel/code/2025-phd-daniel-guerrero/ros-bridge/build/carla_walker_agent' returned '0': CMAKE_PREFIX_PATH=/home/daniel/code/2025-phd-daniel-guerrero/ros-bridge/install/carla_msgs:/home/daniel/code/2025-phd-daniel-guerrero/ros-bridge/install/carla_ad_demo:/home/daniel/code/2025-phd-daniel-guerrero/ros-bridge/install/rviz_carla_plugin:/home/daniel/code/2025-phd-daniel-guerrero/ros-bridge/install/pcl_recorder:/home/daniel/code/2025-phd-daniel-guerrero/ros-bridge/install/carla_waypoint_types:/home/daniel/code/2025-phd-daniel-guerrero/ros-bridge/install/carla_ros_scenario_runner_types:/home/daniel/code/2025-phd-daniel-guerrero/ros-bridge/install/carla_ackermann_msgs:/home/daniel/carla-ros-bridge/install/carla_waypoint_types:/home/daniel/carla-ros-bridge/install/carla_ros_scenario_runner_types:/home/daniel/carla-ros-bridge/install/carla_ackermann_msgs:/home/daniel/carla-ros-bridge/install/carla_msgs LD_LIBRARY_PATH=/home/daniel/code/2025-phd-daniel-guerrero/ros-bridge/install/carla_msgs/lib:/home/daniel/code/2025-phd-daniel-guerrero/ros-bridge/install/rviz_carla_plugin/lib:/home/daniel/code/2025-phd-daniel-guerrero/ros-bridge/install/carla_waypoint_types/lib:/home/daniel/code/2025-phd-daniel-guerrero/ros-bridge/install/carla_ros_scenario_runner_types/lib:/home/daniel/code/2025-phd-daniel-guerrero/ros-bridge/install/carla_ackermann_msgs/lib:/home/daniel/carla-ros-bridge/install/carla_waypoint_types/lib:/home/daniel/carla-ros-bridge/install/carla_ros_scenario_runner_types/lib:/home/daniel/carla-ros-bridge/install/carla_ackermann_msgs/lib:/home/daniel/carla-ros-bridge/install/carla_msgs/lib:/opt/ros/humble/opt/rviz_ogre_vendor/lib:/opt/ros/humble/lib/x86_64-linux-gnu:/opt/ros/humble/lib PYTHONPATH=/home/daniel/code/2025-phd-daniel-guerrero/ros-bridge/build/carla_walker_agent/prefix_override:/usr/lib/python3/dist-packages/colcon_core/task/python/colcon_distutils_commands:/home/daniel/code/2025-phd-daniel-guerrero/ros-bridge/install/carla_walker_agent/lib/python3.10/site-packages:${PYTHONPATH} /usr/bin/python3 -W ignore:setup.py install is deprecated -W ignore:easy_install command is deprecated setup.py develop --editable --build-directory /home/daniel/code/2025-phd-daniel-guerrero/ros-bridge/build/carla_walker_agent/build --no-deps symlink_data
[17.417s] INFO:colcon.colcon_core.shell:Creating environment descriptor '/home/daniel/code/2025-phd-daniel-guerrero/ros-bridge/build/carla_walker_agent/src/share/carla_walker_agent/hook/pythonpath_develop.dsv'
[17.418s] INFO:colcon.colcon_core.shell:Creating environment hook '/home/daniel/code/2025-phd-daniel-guerrero/ros-bridge/build/carla_walker_agent/src/share/carla_walker_agent/hook/pythonpath_develop.sh'
[17.418s] Level 1:colcon.colcon_core.environment:checking '/home/daniel/code/2025-phd-daniel-guerrero/ros-bridge/install/carla_walker_agent' for CMake module files
[17.419s] Level 1:colcon.colcon_core.environment:checking '/home/daniel/code/2025-phd-daniel-guerrero/ros-bridge/install/carla_walker_agent' for CMake config files
[17.419s] Level 1:colcon.colcon_core.environment:checking '/home/daniel/code/2025-phd-daniel-guerrero/ros-bridge/install/carla_walker_agent/lib'
[17.420s] Level 1:colcon.colcon_core.environment:checking '/home/daniel/code/2025-phd-daniel-guerrero/ros-bridge/install/carla_walker_agent/bin'
[17.420s] Level 1:colcon.colcon_core.environment:checking '/home/daniel/code/2025-phd-daniel-guerrero/ros-bridge/install/carla_walker_agent/lib/pkgconfig/carla_walker_agent.pc'
[17.420s] Level 1:colcon.colcon_core.environment:checking '/home/daniel/code/2025-phd-daniel-guerrero/ros-bridge/install/carla_walker_agent/lib/python3.10/site-packages'
[17.420s] Level 1:colcon.colcon_core.shell:create_environment_hook('carla_walker_agent', 'pythonpath')
[17.420s] INFO:colcon.colcon_core.shell:Creating environment hook '/home/daniel/code/2025-phd-daniel-guerrero/ros-bridge/install/carla_walker_agent/share/carla_walker_agent/hook/pythonpath.ps1'
[17.420s] INFO:colcon.colcon_core.shell:Creating environment descriptor '/home/daniel/code/2025-phd-daniel-guerrero/ros-bridge/install/carla_walker_agent/share/carla_walker_agent/hook/pythonpath.dsv'
[17.421s] INFO:colcon.colcon_core.shell:Creating environment hook '/home/daniel/code/2025-phd-daniel-guerrero/ros-bridge/install/carla_walker_agent/share/carla_walker_agent/hook/pythonpath.sh'
[17.421s] Level 1:colcon.colcon_core.environment:checking '/home/daniel/code/2025-phd-daniel-guerrero/ros-bridge/install/carla_walker_agent/bin'
[17.421s] Level 1:colcon.colcon_core.environment:create_environment_scripts_only(carla_walker_agent)
[17.422s] INFO:colcon.colcon_core.shell:Creating package script '/home/daniel/code/2025-phd-daniel-guerrero/ros-bridge/install/carla_walker_agent/share/carla_walker_agent/package.ps1'
[17.422s] INFO:colcon.colcon_core.shell:Creating package descriptor '/home/daniel/code/2025-phd-daniel-guerrero/ros-bridge/install/carla_walker_agent/share/carla_walker_agent/package.dsv'
[17.423s] INFO:colcon.colcon_core.shell:Creating package script '/home/daniel/code/2025-phd-daniel-guerrero/ros-bridge/install/carla_walker_agent/share/carla_walker_agent/package.sh'
[17.423s] INFO:colcon.colcon_core.shell:Creating package script '/home/daniel/code/2025-phd-daniel-guerrero/ros-bridge/install/carla_walker_agent/share/carla_walker_agent/package.bash'
[17.424s] INFO:colcon.colcon_core.shell:Creating package script '/home/daniel/code/2025-phd-daniel-guerrero/ros-bridge/install/carla_walker_agent/share/carla_walker_agent/package.zsh'
[17.424s] Level 1:colcon.colcon_core.environment:create_file_with_runtime_dependencies(/home/daniel/code/2025-phd-daniel-guerrero/ros-bridge/install/carla_walker_agent/share/colcon-core/packages/carla_walker_agent)
[17.425s] Level 1:colcon.colcon_core.shell:create_environment_hook('carla_ad_agent', 'pythonpath_develop')
[17.425s] INFO:colcon.colcon_core.shell:Creating environment hook '/home/daniel/code/2025-phd-daniel-guerrero/ros-bridge/build/carla_ad_agent/src/share/carla_ad_agent/hook/pythonpath_develop.ps1'
[17.425s] DEBUG:colcon.colcon_core.event_handler.log_command:Invoked command in '/home/daniel/code/2025-phd-daniel-guerrero/ros-bridge/build/carla_ad_agent' returned '0': AMENT_PREFIX_PATH=/home/daniel/code/2025-phd-daniel-guerrero/ros-bridge/install/ros_compatibility:/home/daniel/code/2025-phd-daniel-guerrero/ros-bridge/install/carla_ad_demo:/home/daniel/code/2025-phd-daniel-guerrero/ros-bridge/install/rviz_carla_plugin:/home/daniel/code/2025-phd-daniel-guerrero/ros-bridge/install/rqt_carla_control:/home/daniel/code/2025-phd-daniel-guerrero/ros-bridge/install/pcl_recorder:/home/daniel/code/2025-phd-daniel-guerrero/ros-bridge/install/carla_waypoint_publisher:/home/daniel/code/2025-phd-daniel-guerrero/ros-bridge/install/carla_ackermann_control:/home/daniel/code/2025-phd-daniel-guerrero/ros-bridge/install/carla_ros_bridge:/home/daniel/code/2025-phd-daniel-guerrero/ros-bridge/install/carla_spawn_objects:/home/daniel/code/2025-phd-daniel-guerrero/ros-bridge/install/carla_manual_control:/home/daniel/code/2025-phd-daniel-guerrero/ros-bridge/install/carla_ad_agent:/home/daniel/code/2025-phd-daniel-guerrero/ros-bridge/install/carla_waypoint_types:/home/daniel/code/2025-phd-daniel-guerrero/ros-bridge/install/carla_walker_agent:/home/daniel/code/2025-phd-daniel-guerrero/ros-bridge/install/carla_twist_to_control:/home/daniel/code/2025-phd-daniel-guerrero/ros-bridge/install/carla_ros_scenario_runner:/home/daniel/code/2025-phd-daniel-guerrero/ros-bridge/install/carla_ros_scenario_runner_types:/home/daniel/code/2025-phd-daniel-guerrero/ros-bridge/install/carla_ackermann_msgs:/home/daniel/code/2025-phd-daniel-guerrero/ros-bridge/install/carla_msgs:/home/daniel/code/2025-phd-daniel-guerrero/ros-bridge/install/carla_common:/home/daniel/carla-ros-bridge/install/rqt_carla_control:/home/daniel/carla-ros-bridge/install/carla_waypoint_publisher:/home/daniel/carla-ros-bridge/install/carla_ackermann_control:/home/daniel/carla-ros-bridge/install/carla_ros_bridge:/home/daniel/carla-ros-bridge/install/carla_spawn_objects:/home/daniel/carla-ros-bridge/install/carla_manual_control:/home/daniel/carla-ros-bridge/install/carla_ad_agent:/home/daniel/carla-ros-bridge/install/ros_compatibility:/home/daniel/carla-ros-bridge/install/carla_waypoint_types:/home/daniel/carla-ros-bridge/install/carla_walker_agent:/home/daniel/carla-ros-bridge/install/carla_twist_to_control:/home/daniel/carla-ros-bridge/install/carla_ros_scenario_runner:/home/daniel/carla-ros-bridge/install/carla_ros_scenario_runner_types:/home/daniel/carla-ros-bridge/install/carla_ackermann_msgs:/home/daniel/carla-ros-bridge/install/carla_msgs:/home/daniel/carla-ros-bridge/install/carla_common:/opt/ros/humble CMAKE_PREFIX_PATH=/home/daniel/code/2025-phd-daniel-guerrero/ros-bridge/install/carla_waypoint_types:/home/daniel/code/2025-phd-daniel-guerrero/ros-bridge/install/carla_msgs:/home/daniel/code/2025-phd-daniel-guerrero/ros-bridge/install/carla_ad_demo:/home/daniel/code/2025-phd-daniel-guerrero/ros-bridge/install/rviz_carla_plugin:/home/daniel/code/2025-phd-daniel-guerrero/ros-bridge/install/pcl_recorder:/home/daniel/code/2025-phd-daniel-guerrero/ros-bridge/install/carla_ros_scenario_runner_types:/home/daniel/code/2025-phd-daniel-guerrero/ros-bridge/install/carla_ackermann_msgs:/home/daniel/carla-ros-bridge/install/carla_waypoint_types:/home/daniel/carla-ros-bridge/install/carla_ros_scenario_runner_types:/home/daniel/carla-ros-bridge/install/carla_ackermann_msgs:/home/daniel/carla-ros-bridge/install/carla_msgs LD_LIBRARY_PATH=/home/daniel/code/2025-phd-daniel-guerrero/ros-bridge/install/carla_waypoint_types/lib:/home/daniel/code/2025-phd-daniel-guerrero/ros-bridge/install/carla_msgs/lib:/home/daniel/code/2025-phd-daniel-guerrero/ros-bridge/install/rviz_carla_plugin/lib:/home/daniel/code/2025-phd-daniel-guerrero/ros-bridge/install/carla_ros_scenario_runner_types/lib:/home/daniel/code/2025-phd-daniel-guerrero/ros-bridge/install/carla_ackermann_msgs/lib:/home/daniel/carla-ros-bridge/install/carla_waypoint_types/lib:/home/daniel/carla-ros-bridge/install/carla_ros_scenario_runner_types/lib:/home/daniel/carla-ros-bridge/install/carla_ackermann_msgs/lib:/home/daniel/carla-ros-bridge/install/carla_msgs/lib:/opt/ros/humble/opt/rviz_ogre_vendor/lib:/opt/ros/humble/lib/x86_64-linux-gnu:/opt/ros/humble/lib PYTHONPATH=/home/daniel/code/2025-phd-daniel-guerrero/ros-bridge/build/carla_ad_agent/prefix_override:/usr/lib/python3/dist-packages/colcon_core/task/python/colcon_distutils_commands:/home/daniel/code/2025-phd-daniel-guerrero/ros-bridge/install/carla_ad_agent/lib/python3.10/site-packages:/home/daniel/code/2025-phd-daniel-guerrero/ros-bridge/build/ros_compatibility/src:/home/daniel/code/2025-phd-daniel-guerrero/ros-bridge/install/ros_compatibility/lib/python3.10/site-packages:/home/daniel/code/2025-phd-daniel-guerrero/ros-bridge/install/rqt_carla_control/lib/python3.10/site-packages:/home/daniel/code/2025-phd-daniel-guerrero/ros-bridge/install/carla_waypoint_publisher/lib/python3.10/site-packages:/home/daniel/code/2025-phd-daniel-guerrero/ros-bridge/install/carla_ackermann_control/lib/python3.10/site-packages:/home/daniel/code/2025-phd-daniel-guerrero/ros-bridge/install/carla_ros_bridge/lib/python3.10/site-packages:/home/daniel/code/2025-phd-daniel-guerrero/ros-bridge/install/carla_spawn_objects/lib/python3.10/site-packages:/home/daniel/code/2025-phd-daniel-guerrero/ros-bridge/install/carla_manual_control/lib/python3.10/site-packages:/home/daniel/code/2025-phd-daniel-guerrero/ros-bridge/install/carla_ad_agent/lib/python3.10/site-packages:/home/daniel/code/2025-phd-daniel-guerrero/ros-bridge/install/carla_waypoint_types/local/lib/python3.10/dist-packages:/home/daniel/code/2025-phd-daniel-guerrero/ros-bridge/install/carla_walker_agent/lib/python3.10/site-packages:/home/daniel/code/2025-phd-daniel-guerrero/ros-bridge/install/carla_twist_to_control/lib/python3.10/site-packages:/home/daniel/code/2025-phd-daniel-guerrero/ros-bridge/install/carla_ros_scenario_runner/lib/python3.10/site-packages:/home/daniel/code/2025-phd-daniel-guerrero/ros-bridge/install/carla_ros_scenario_runner_types/local/lib/python3.10/dist-packages:/home/daniel/code/2025-phd-daniel-guerrero/ros-bridge/install/carla_ackermann_msgs/local/lib/python3.10/dist-packages:/home/daniel/code/2025-phd-daniel-guerrero/ros-bridge/install/carla_msgs/local/lib/python3.10/dist-packages:/home/daniel/code/2025-phd-daniel-guerrero/ros-bridge/install/carla_common/lib/python3.10/site-packages:/home/daniel/carla-ros-bridge/install/rqt_carla_control/lib/python3.10/site-packages:/home/daniel/carla-ros-bridge/install/carla_waypoint_publisher/lib/python3.10/site-packages:/home/daniel/carla-ros-bridge/install/carla_ackermann_control/lib/python3.10/site-packages:/home/daniel/carla-ros-bridge/install/carla_ros_bridge/lib/python3.10/site-packages:/home/daniel/carla-ros-bridge/install/carla_spawn_objects/lib/python3.10/site-packages:/home/daniel/carla-ros-bridge/install/carla_manual_control/lib/python3.10/site-packages:/home/daniel/carla-ros-bridge/install/carla_ad_agent/lib/python3.10/site-packages:/home/daniel/carla-ros-bridge/install/ros_compatibility/lib/python3.10/site-packages:/home/daniel/carla-ros-bridge/install/carla_waypoint_types/local/lib/python3.10/dist-packages:/home/daniel/carla-ros-bridge/install/carla_walker_agent/lib/python3.10/site-packages:/home/daniel/carla-ros-bridge/install/carla_twist_to_control/lib/python3.10/site-packages:/home/daniel/carla-ros-bridge/install/carla_ros_scenario_runner/lib/python3.10/site-packages:/home/daniel/carla-ros-bridge/install/carla_ros_scenario_runner_types/local/lib/python3.10/dist-packages:/home/daniel/carla-ros-bridge/install/carla_ackermann_msgs/local/lib/python3.10/dist-packages:/home/daniel/carla-ros-bridge/install/carla_msgs/local/lib/python3.10/dist-packages:/home/daniel/carla-ros-bridge/install/carla_common/lib/python3.10/site-packages:/opt/ros/humble/lib/python3.10/site-packages:/opt/ros/humble/local/lib/python3.10/dist-packages /usr/bin/python3 -W ignore:setup.py install is deprecated -W ignore:easy_install command is deprecated setup.py develop --editable --build-directory /home/daniel/code/2025-phd-daniel-guerrero/ros-bridge/build/carla_ad_agent/build --no-deps symlink_data
[17.426s] INFO:colcon.colcon_core.shell:Creating environment descriptor '/home/daniel/code/2025-phd-daniel-guerrero/ros-bridge/build/carla_ad_agent/src/share/carla_ad_agent/hook/pythonpath_develop.dsv'
[17.426s] INFO:colcon.colcon_core.shell:Creating environment hook '/home/daniel/code/2025-phd-daniel-guerrero/ros-bridge/build/carla_ad_agent/src/share/carla_ad_agent/hook/pythonpath_develop.sh'
[17.427s] Level 1:colcon.colcon_core.environment:checking '/home/daniel/code/2025-phd-daniel-guerrero/ros-bridge/install/carla_ad_agent' for CMake module files
[17.427s] Level 1:colcon.colcon_core.environment:checking '/home/daniel/code/2025-phd-daniel-guerrero/ros-bridge/install/carla_ad_agent' for CMake config files
[17.428s] Level 1:colcon.colcon_core.environment:checking '/home/daniel/code/2025-phd-daniel-guerrero/ros-bridge/install/carla_ad_agent/lib'
[17.428s] Level 1:colcon.colcon_core.environment:checking '/home/daniel/code/2025-phd-daniel-guerrero/ros-bridge/install/carla_ad_agent/bin'
[17.428s] Level 1:colcon.colcon_core.environment:checking '/home/daniel/code/2025-phd-daniel-guerrero/ros-bridge/install/carla_ad_agent/lib/pkgconfig/carla_ad_agent.pc'
[17.428s] Level 1:colcon.colcon_core.environment:checking '/home/daniel/code/2025-phd-daniel-guerrero/ros-bridge/install/carla_ad_agent/lib/python3.10/site-packages'
[17.428s] Level 1:colcon.colcon_core.shell:create_environment_hook('carla_ad_agent', 'pythonpath')
[17.428s] INFO:colcon.colcon_core.shell:Creating environment hook '/home/daniel/code/2025-phd-daniel-guerrero/ros-bridge/install/carla_ad_agent/share/carla_ad_agent/hook/pythonpath.ps1'
[17.429s] INFO:colcon.colcon_core.shell:Creating environment descriptor '/home/daniel/code/2025-phd-daniel-guerrero/ros-bridge/install/carla_ad_agent/share/carla_ad_agent/hook/pythonpath.dsv'
[17.429s] INFO:colcon.colcon_core.shell:Creating environment hook '/home/daniel/code/2025-phd-daniel-guerrero/ros-bridge/install/carla_ad_agent/share/carla_ad_agent/hook/pythonpath.sh'
[17.430s] Level 1:colcon.colcon_core.environment:checking '/home/daniel/code/2025-phd-daniel-guerrero/ros-bridge/install/carla_ad_agent/bin'
[17.430s] Level 1:colcon.colcon_core.environment:create_environment_scripts_only(carla_ad_agent)
[17.430s] INFO:colcon.colcon_core.shell:Creating package script '/home/daniel/code/2025-phd-daniel-guerrero/ros-bridge/install/carla_ad_agent/share/carla_ad_agent/package.ps1'
[17.431s] INFO:colcon.colcon_core.shell:Creating package descriptor '/home/daniel/code/2025-phd-daniel-guerrero/ros-bridge/install/carla_ad_agent/share/carla_ad_agent/package.dsv'
[17.431s] INFO:colcon.colcon_core.shell:Creating package script '/home/daniel/code/2025-phd-daniel-guerrero/ros-bridge/install/carla_ad_agent/share/carla_ad_agent/package.sh'
[17.432s] INFO:colcon.colcon_core.shell:Creating package script '/home/daniel/code/2025-phd-daniel-guerrero/ros-bridge/install/carla_ad_agent/share/carla_ad_agent/package.bash'
[17.432s] INFO:colcon.colcon_core.shell:Creating package script '/home/daniel/code/2025-phd-daniel-guerrero/ros-bridge/install/carla_ad_agent/share/carla_ad_agent/package.zsh'
[17.432s] Level 1:colcon.colcon_core.environment:create_file_with_runtime_dependencies(/home/daniel/code/2025-phd-daniel-guerrero/ros-bridge/install/carla_ad_agent/share/colcon-core/packages/carla_ad_agent)
[17.852s] DEBUG:colcon.colcon_core.event_handler.log_command:Invoking command in '/home/daniel/code/2025-phd-daniel-guerrero/ros-bridge/build/carla_ros_bridge': AMENT_PREFIX_PATH=/home/daniel/code/2025-phd-daniel-guerrero/ros-bridge/install/carla_spawn_objects:/home/daniel/code/2025-phd-daniel-guerrero/ros-bridge/install/carla_manual_control:/home/daniel/code/2025-phd-daniel-guerrero/ros-bridge/install/ros_compatibility:/home/daniel/code/2025-phd-daniel-guerrero/ros-bridge/install/carla_common:/home/daniel/code/2025-phd-daniel-guerrero/ros-bridge/install/carla_ad_demo:/home/daniel/code/2025-phd-daniel-guerrero/ros-bridge/install/rviz_carla_plugin:/home/daniel/code/2025-phd-daniel-guerrero/ros-bridge/install/rqt_carla_control:/home/daniel/code/2025-phd-daniel-guerrero/ros-bridge/install/pcl_recorder:/home/daniel/code/2025-phd-daniel-guerrero/ros-bridge/install/carla_waypoint_publisher:/home/daniel/code/2025-phd-daniel-guerrero/ros-bridge/install/carla_ackermann_control:/home/daniel/code/2025-phd-daniel-guerrero/ros-bridge/install/carla_ros_bridge:/home/daniel/code/2025-phd-daniel-guerrero/ros-bridge/install/carla_ad_agent:/home/daniel/code/2025-phd-daniel-guerrero/ros-bridge/install/carla_waypoint_types:/home/daniel/code/2025-phd-daniel-guerrero/ros-bridge/install/carla_walker_agent:/home/daniel/code/2025-phd-daniel-guerrero/ros-bridge/install/carla_twist_to_control:/home/daniel/code/2025-phd-daniel-guerrero/ros-bridge/install/carla_ros_scenario_runner:/home/daniel/code/2025-phd-daniel-guerrero/ros-bridge/install/carla_ros_scenario_runner_types:/home/daniel/code/2025-phd-daniel-guerrero/ros-bridge/install/carla_ackermann_msgs:/home/daniel/code/2025-phd-daniel-guerrero/ros-bridge/install/carla_msgs:/home/daniel/carla-ros-bridge/install/rqt_carla_control:/home/daniel/carla-ros-bridge/install/carla_waypoint_publisher:/home/daniel/carla-ros-bridge/install/carla_ackermann_control:/home/daniel/carla-ros-bridge/install/carla_ros_bridge:/home/daniel/carla-ros-bridge/install/carla_spawn_objects:/home/daniel/carla-ros-bridge/install/carla_manual_control:/home/daniel/carla-ros-bridge/install/carla_ad_agent:/home/daniel/carla-ros-bridge/install/ros_compatibility:/home/daniel/carla-ros-bridge/install/carla_waypoint_types:/home/daniel/carla-ros-bridge/install/carla_walker_agent:/home/daniel/carla-ros-bridge/install/carla_twist_to_control:/home/daniel/carla-ros-bridge/install/carla_ros_scenario_runner:/home/daniel/carla-ros-bridge/install/carla_ros_scenario_runner_types:/home/daniel/carla-ros-bridge/install/carla_ackermann_msgs:/home/daniel/carla-ros-bridge/install/carla_msgs:/home/daniel/carla-ros-bridge/install/carla_common:/opt/ros/humble CMAKE_PREFIX_PATH=/home/daniel/code/2025-phd-daniel-guerrero/ros-bridge/install/carla_msgs:/home/daniel/code/2025-phd-daniel-guerrero/ros-bridge/install/carla_ad_demo:/home/daniel/code/2025-phd-daniel-guerrero/ros-bridge/install/rviz_carla_plugin:/home/daniel/code/2025-phd-daniel-guerrero/ros-bridge/install/pcl_recorder:/home/daniel/code/2025-phd-daniel-guerrero/ros-bridge/install/carla_waypoint_types:/home/daniel/code/2025-phd-daniel-guerrero/ros-bridge/install/carla_ros_scenario_runner_types:/home/daniel/code/2025-phd-daniel-guerrero/ros-bridge/install/carla_ackermann_msgs:/home/daniel/carla-ros-bridge/install/carla_waypoint_types:/home/daniel/carla-ros-bridge/install/carla_ros_scenario_runner_types:/home/daniel/carla-ros-bridge/install/carla_ackermann_msgs:/home/daniel/carla-ros-bridge/install/carla_msgs LD_LIBRARY_PATH=/home/daniel/code/2025-phd-daniel-guerrero/ros-bridge/install/carla_msgs/lib:/home/daniel/code/2025-phd-daniel-guerrero/ros-bridge/install/rviz_carla_plugin/lib:/home/daniel/code/2025-phd-daniel-guerrero/ros-bridge/install/carla_waypoint_types/lib:/home/daniel/code/2025-phd-daniel-guerrero/ros-bridge/install/carla_ros_scenario_runner_types/lib:/home/daniel/code/2025-phd-daniel-guerrero/ros-bridge/install/carla_ackermann_msgs/lib:/home/daniel/carla-ros-bridge/install/carla_waypoint_types/lib:/home/daniel/carla-ros-bridge/install/carla_ros_scenario_runner_types/lib:/home/daniel/carla-ros-bridge/install/carla_ackermann_msgs/lib:/home/daniel/carla-ros-bridge/install/carla_msgs/lib:/opt/ros/humble/opt/rviz_ogre_vendor/lib:/opt/ros/humble/lib/x86_64-linux-gnu:/opt/ros/humble/lib PYTHONPATH=/home/daniel/code/2025-phd-daniel-guerrero/ros-bridge/build/carla_ros_bridge/prefix_override:/usr/lib/python3/dist-packages/colcon_core/task/python/colcon_distutils_commands:/home/daniel/code/2025-phd-daniel-guerrero/ros-bridge/install/carla_ros_bridge/lib/python3.10/site-packages:/home/daniel/code/2025-phd-daniel-guerrero/ros-bridge/build/carla_spawn_objects:/home/daniel/code/2025-phd-daniel-guerrero/ros-bridge/install/carla_spawn_objects/lib/python3.10/site-packages:/home/daniel/code/2025-phd-daniel-guerrero/ros-bridge/build/carla_manual_control/src:/home/daniel/code/2025-phd-daniel-guerrero/ros-bridge/install/carla_manual_control/lib/python3.10/site-packages:/home/daniel/code/2025-phd-daniel-guerrero/ros-bridge/build/ros_compatibility/src:/home/daniel/code/2025-phd-daniel-guerrero/ros-bridge/install/ros_compatibility/lib/python3.10/site-packages:/home/daniel/code/2025-phd-daniel-guerrero/ros-bridge/build/carla_common/src:/home/daniel/code/2025-phd-daniel-guerrero/ros-bridge/install/carla_common/lib/python3.10/site-packages:/home/daniel/code/2025-phd-daniel-guerrero/ros-bridge/install/rqt_carla_control/lib/python3.10/site-packages:/home/daniel/code/2025-phd-daniel-guerrero/ros-bridge/install/carla_waypoint_publisher/lib/python3.10/site-packages:/home/daniel/code/2025-phd-daniel-guerrero/ros-bridge/install/carla_ackermann_control/lib/python3.10/site-packages:/home/daniel/code/2025-phd-daniel-guerrero/ros-bridge/install/carla_ros_bridge/lib/python3.10/site-packages:/home/daniel/code/2025-phd-daniel-guerrero/ros-bridge/install/carla_ad_agent/lib/python3.10/site-packages:/home/daniel/code/2025-phd-daniel-guerrero/ros-bridge/install/carla_waypoint_types/local/lib/python3.10/dist-packages:/home/daniel/code/2025-phd-daniel-guerrero/ros-bridge/install/carla_walker_agent/lib/python3.10/site-packages:/home/daniel/code/2025-phd-daniel-guerrero/ros-bridge/install/carla_twist_to_control/lib/python3.10/site-packages:/home/daniel/code/2025-phd-daniel-guerrero/ros-bridge/install/carla_ros_scenario_runner/lib/python3.10/site-packages:/home/daniel/code/2025-phd-daniel-guerrero/ros-bridge/install/carla_ros_scenario_runner_types/local/lib/python3.10/dist-packages:/home/daniel/code/2025-phd-daniel-guerrero/ros-bridge/install/carla_ackermann_msgs/local/lib/python3.10/dist-packages:/home/daniel/code/2025-phd-daniel-guerrero/ros-bridge/install/carla_msgs/local/lib/python3.10/dist-packages:/home/daniel/carla-ros-bridge/install/rqt_carla_control/lib/python3.10/site-packages:/home/daniel/carla-ros-bridge/install/carla_waypoint_publisher/lib/python3.10/site-packages:/home/daniel/carla-ros-bridge/install/carla_ackermann_control/lib/python3.10/site-packages:/home/daniel/carla-ros-bridge/install/carla_ros_bridge/lib/python3.10/site-packages:/home/daniel/carla-ros-bridge/install/carla_spawn_objects/lib/python3.10/site-packages:/home/daniel/carla-ros-bridge/install/carla_manual_control/lib/python3.10/site-packages:/home/daniel/carla-ros-bridge/install/carla_ad_agent/lib/python3.10/site-packages:/home/daniel/carla-ros-bridge/install/ros_compatibility/lib/python3.10/site-packages:/home/daniel/carla-ros-bridge/install/carla_waypoint_types/local/lib/python3.10/dist-packages:/home/daniel/carla-ros-bridge/install/carla_walker_agent/lib/python3.10/site-packages:/home/daniel/carla-ros-bridge/install/carla_twist_to_control/lib/python3.10/site-packages:/home/daniel/carla-ros-bridge/install/carla_ros_scenario_runner/lib/python3.10/site-packages:/home/daniel/carla-ros-bridge/install/carla_ros_scenario_runner_types/local/lib/python3.10/dist-packages:/home/daniel/carla-ros-bridge/install/carla_ackermann_msgs/local/lib/python3.10/dist-packages:/home/daniel/carla-ros-bridge/install/carla_msgs/local/lib/python3.10/dist-packages:/home/daniel/carla-ros-bridge/install/carla_common/lib/python3.10/site-packages:/opt/ros/humble/lib/python3.10/site-packages:/opt/ros/humble/local/lib/python3.10/dist-packages /usr/bin/python3 -W ignore:setup.py install is deprecated -W ignore:easy_install command is deprecated setup.py develop --editable --build-directory /home/daniel/code/2025-phd-daniel-guerrero/ros-bridge/build/carla_ros_bridge/build --no-deps symlink_data
[18.295s] DEBUG:colcon.colcon_core.event_handler.log_command:Invoked command in '/home/daniel/code/2025-phd-daniel-guerrero/ros-bridge/build/carla_ackermann_msgs' returned '0': CMAKE_PREFIX_PATH=/home/daniel/code/2025-phd-daniel-guerrero/ros-bridge/install/carla_msgs:/home/daniel/code/2025-phd-daniel-guerrero/ros-bridge/install/carla_ad_demo:/home/daniel/code/2025-phd-daniel-guerrero/ros-bridge/install/rviz_carla_plugin:/home/daniel/code/2025-phd-daniel-guerrero/ros-bridge/install/pcl_recorder:/home/daniel/code/2025-phd-daniel-guerrero/ros-bridge/install/carla_waypoint_types:/home/daniel/code/2025-phd-daniel-guerrero/ros-bridge/install/carla_ros_scenario_runner_types:/home/daniel/code/2025-phd-daniel-guerrero/ros-bridge/install/carla_ackermann_msgs:/home/daniel/carla-ros-bridge/install/carla_waypoint_types:/home/daniel/carla-ros-bridge/install/carla_ros_scenario_runner_types:/home/daniel/carla-ros-bridge/install/carla_ackermann_msgs:/home/daniel/carla-ros-bridge/install/carla_msgs:/home/daniel/code/2025-phd-daniel-guerrero/ros-bridge/install/rqt_carla_control:/home/daniel/code/2025-phd-daniel-guerrero/ros-bridge/install/carla_waypoint_publisher:/home/daniel/code/2025-phd-daniel-guerrero/ros-bridge/install/carla_ackermann_control:/home/daniel/code/2025-phd-daniel-guerrero/ros-bridge/install/carla_ros_bridge:/home/daniel/code/2025-phd-daniel-guerrero/ros-bridge/install/carla_spawn_objects:/home/daniel/code/2025-phd-daniel-guerrero/ros-bridge/install/carla_manual_control:/home/daniel/code/2025-phd-daniel-guerrero/ros-bridge/install/carla_ad_agent:/home/daniel/code/2025-phd-daniel-guerrero/ros-bridge/install/ros_compatibility:/home/daniel/code/2025-phd-daniel-guerrero/ros-bridge/install/carla_walker_agent:/home/daniel/code/2025-phd-daniel-guerrero/ros-bridge/install/carla_twist_to_control:/home/daniel/code/2025-phd-daniel-guerrero/ros-bridge/install/carla_ros_scenario_runner:/home/daniel/code/2025-phd-daniel-guerrero/ros-bridge/install/carla_common:/home/daniel/carla-ros-bridge/install/rqt_carla_control:/home/daniel/carla-ros-bridge/install/carla_waypoint_publisher:/home/daniel/carla-ros-bridge/install/carla_ackermann_control:/home/daniel/carla-ros-bridge/install/carla_ros_bridge:/home/daniel/carla-ros-bridge/install/carla_spawn_objects:/home/daniel/carla-ros-bridge/install/carla_manual_control:/home/daniel/carla-ros-bridge/install/carla_ad_agent:/home/daniel/carla-ros-bridge/install/ros_compatibility:/home/daniel/carla-ros-bridge/install/carla_walker_agent:/home/daniel/carla-ros-bridge/install/carla_twist_to_control:/home/daniel/carla-ros-bridge/install/carla_ros_scenario_runner:/home/daniel/carla-ros-bridge/install/carla_common:/opt/ros/humble LD_LIBRARY_PATH=/home/daniel/code/2025-phd-daniel-guerrero/ros-bridge/install/carla_msgs/lib:/home/daniel/code/2025-phd-daniel-guerrero/ros-bridge/install/rviz_carla_plugin/lib:/home/daniel/code/2025-phd-daniel-guerrero/ros-bridge/install/carla_waypoint_types/lib:/home/daniel/code/2025-phd-daniel-guerrero/ros-bridge/install/carla_ros_scenario_runner_types/lib:/home/daniel/code/2025-phd-daniel-guerrero/ros-bridge/install/carla_ackermann_msgs/lib:/home/daniel/carla-ros-bridge/install/carla_waypoint_types/lib:/home/daniel/carla-ros-bridge/install/carla_ros_scenario_runner_types/lib:/home/daniel/carla-ros-bridge/install/carla_ackermann_msgs/lib:/home/daniel/carla-ros-bridge/install/carla_msgs/lib:/opt/ros/humble/opt/rviz_ogre_vendor/lib:/opt/ros/humble/lib/x86_64-linux-gnu:/opt/ros/humble/lib /opt/cmake-3.28.3-linux-x86_64/bin/cmake /home/daniel/code/2025-phd-daniel-guerrero/ros-bridge/src/carla_ackermann_msgs -DAMENT_CMAKE_SYMLINK_INSTALL=1 -DCMAKE_INSTALL_PREFIX=/home/daniel/code/2025-phd-daniel-guerrero/ros-bridge/install/carla_ackermann_msgs
[18.297s] DEBUG:colcon.colcon_core.event_handler.log_command:Invoking command in '/home/daniel/code/2025-phd-daniel-guerrero/ros-bridge/build/carla_ackermann_msgs': CMAKE_PREFIX_PATH=/home/daniel/code/2025-phd-daniel-guerrero/ros-bridge/install/carla_msgs:/home/daniel/code/2025-phd-daniel-guerrero/ros-bridge/install/carla_ad_demo:/home/daniel/code/2025-phd-daniel-guerrero/ros-bridge/install/rviz_carla_plugin:/home/daniel/code/2025-phd-daniel-guerrero/ros-bridge/install/pcl_recorder:/home/daniel/code/2025-phd-daniel-guerrero/ros-bridge/install/carla_waypoint_types:/home/daniel/code/2025-phd-daniel-guerrero/ros-bridge/install/carla_ros_scenario_runner_types:/home/daniel/code/2025-phd-daniel-guerrero/ros-bridge/install/carla_ackermann_msgs:/home/daniel/carla-ros-bridge/install/carla_waypoint_types:/home/daniel/carla-ros-bridge/install/carla_ros_scenario_runner_types:/home/daniel/carla-ros-bridge/install/carla_ackermann_msgs:/home/daniel/carla-ros-bridge/install/carla_msgs:/home/daniel/code/2025-phd-daniel-guerrero/ros-bridge/install/rqt_carla_control:/home/daniel/code/2025-phd-daniel-guerrero/ros-bridge/install/carla_waypoint_publisher:/home/daniel/code/2025-phd-daniel-guerrero/ros-bridge/install/carla_ackermann_control:/home/daniel/code/2025-phd-daniel-guerrero/ros-bridge/install/carla_ros_bridge:/home/daniel/code/2025-phd-daniel-guerrero/ros-bridge/install/carla_spawn_objects:/home/daniel/code/2025-phd-daniel-guerrero/ros-bridge/install/carla_manual_control:/home/daniel/code/2025-phd-daniel-guerrero/ros-bridge/install/carla_ad_agent:/home/daniel/code/2025-phd-daniel-guerrero/ros-bridge/install/ros_compatibility:/home/daniel/code/2025-phd-daniel-guerrero/ros-bridge/install/carla_walker_agent:/home/daniel/code/2025-phd-daniel-guerrero/ros-bridge/install/carla_twist_to_control:/home/daniel/code/2025-phd-daniel-guerrero/ros-bridge/install/carla_ros_scenario_runner:/home/daniel/code/2025-phd-daniel-guerrero/ros-bridge/install/carla_common:/home/daniel/carla-ros-bridge/install/rqt_carla_control:/home/daniel/carla-ros-bridge/install/carla_waypoint_publisher:/home/daniel/carla-ros-bridge/install/carla_ackermann_control:/home/daniel/carla-ros-bridge/install/carla_ros_bridge:/home/daniel/carla-ros-bridge/install/carla_spawn_objects:/home/daniel/carla-ros-bridge/install/carla_manual_control:/home/daniel/carla-ros-bridge/install/carla_ad_agent:/home/daniel/carla-ros-bridge/install/ros_compatibility:/home/daniel/carla-ros-bridge/install/carla_walker_agent:/home/daniel/carla-ros-bridge/install/carla_twist_to_control:/home/daniel/carla-ros-bridge/install/carla_ros_scenario_runner:/home/daniel/carla-ros-bridge/install/carla_common:/opt/ros/humble LD_LIBRARY_PATH=/home/daniel/code/2025-phd-daniel-guerrero/ros-bridge/install/carla_msgs/lib:/home/daniel/code/2025-phd-daniel-guerrero/ros-bridge/install/rviz_carla_plugin/lib:/home/daniel/code/2025-phd-daniel-guerrero/ros-bridge/install/carla_waypoint_types/lib:/home/daniel/code/2025-phd-daniel-guerrero/ros-bridge/install/carla_ros_scenario_runner_types/lib:/home/daniel/code/2025-phd-daniel-guerrero/ros-bridge/install/carla_ackermann_msgs/lib:/home/daniel/carla-ros-bridge/install/carla_waypoint_types/lib:/home/daniel/carla-ros-bridge/install/carla_ros_scenario_runner_types/lib:/home/daniel/carla-ros-bridge/install/carla_ackermann_msgs/lib:/home/daniel/carla-ros-bridge/install/carla_msgs/lib:/opt/ros/humble/opt/rviz_ogre_vendor/lib:/opt/ros/humble/lib/x86_64-linux-gnu:/opt/ros/humble/lib /opt/cmake-3.28.3-linux-x86_64/bin/cmake --build /home/daniel/code/2025-phd-daniel-guerrero/ros-bridge/build/carla_ackermann_msgs -- -j12 -l12
[18.380s] DEBUG:colcon.colcon_core.event_handler.log_command:Invoked command in '/home/daniel/code/2025-phd-daniel-guerrero/ros-bridge/build/rviz_carla_plugin' returned '0': CMAKE_PREFIX_PATH=/home/daniel/code/2025-phd-daniel-guerrero/ros-bridge/install/carla_ros_scenario_runner_types:/home/daniel/code/2025-phd-daniel-guerrero/ros-bridge/install/carla_msgs:/home/daniel/code/2025-phd-daniel-guerrero/ros-bridge/install/carla_ad_demo:/home/daniel/code/2025-phd-daniel-guerrero/ros-bridge/install/rviz_carla_plugin:/home/daniel/code/2025-phd-daniel-guerrero/ros-bridge/install/pcl_recorder:/home/daniel/code/2025-phd-daniel-guerrero/ros-bridge/install/carla_waypoint_types:/home/daniel/code/2025-phd-daniel-guerrero/ros-bridge/install/carla_ackermann_msgs:/home/daniel/carla-ros-bridge/install/carla_waypoint_types:/home/daniel/carla-ros-bridge/install/carla_ros_scenario_runner_types:/home/daniel/carla-ros-bridge/install/carla_ackermann_msgs:/home/daniel/carla-ros-bridge/install/carla_msgs:/home/daniel/code/2025-phd-daniel-guerrero/ros-bridge/install/rqt_carla_control:/home/daniel/code/2025-phd-daniel-guerrero/ros-bridge/install/carla_waypoint_publisher:/home/daniel/code/2025-phd-daniel-guerrero/ros-bridge/install/carla_ackermann_control:/home/daniel/code/2025-phd-daniel-guerrero/ros-bridge/install/carla_ros_bridge:/home/daniel/code/2025-phd-daniel-guerrero/ros-bridge/install/carla_spawn_objects:/home/daniel/code/2025-phd-daniel-guerrero/ros-bridge/install/carla_manual_control:/home/daniel/code/2025-phd-daniel-guerrero/ros-bridge/install/carla_ad_agent:/home/daniel/code/2025-phd-daniel-guerrero/ros-bridge/install/ros_compatibility:/home/daniel/code/2025-phd-daniel-guerrero/ros-bridge/install/carla_walker_agent:/home/daniel/code/2025-phd-daniel-guerrero/ros-bridge/install/carla_twist_to_control:/home/daniel/code/2025-phd-daniel-guerrero/ros-bridge/install/carla_ros_scenario_runner:/home/daniel/code/2025-phd-daniel-guerrero/ros-bridge/install/carla_common:/home/daniel/carla-ros-bridge/install/rqt_carla_control:/home/daniel/carla-ros-bridge/install/carla_waypoint_publisher:/home/daniel/carla-ros-bridge/install/carla_ackermann_control:/home/daniel/carla-ros-bridge/install/carla_ros_bridge:/home/daniel/carla-ros-bridge/install/carla_spawn_objects:/home/daniel/carla-ros-bridge/install/carla_manual_control:/home/daniel/carla-ros-bridge/install/carla_ad_agent:/home/daniel/carla-ros-bridge/install/ros_compatibility:/home/daniel/carla-ros-bridge/install/carla_walker_agent:/home/daniel/carla-ros-bridge/install/carla_twist_to_control:/home/daniel/carla-ros-bridge/install/carla_ros_scenario_runner:/home/daniel/carla-ros-bridge/install/carla_common:/opt/ros/humble LD_LIBRARY_PATH=/home/daniel/code/2025-phd-daniel-guerrero/ros-bridge/install/carla_ros_scenario_runner_types/lib:/home/daniel/code/2025-phd-daniel-guerrero/ros-bridge/install/carla_msgs/lib:/home/daniel/code/2025-phd-daniel-guerrero/ros-bridge/install/rviz_carla_plugin/lib:/home/daniel/code/2025-phd-daniel-guerrero/ros-bridge/install/carla_waypoint_types/lib:/home/daniel/code/2025-phd-daniel-guerrero/ros-bridge/install/carla_ackermann_msgs/lib:/home/daniel/carla-ros-bridge/install/carla_waypoint_types/lib:/home/daniel/carla-ros-bridge/install/carla_ros_scenario_runner_types/lib:/home/daniel/carla-ros-bridge/install/carla_ackermann_msgs/lib:/home/daniel/carla-ros-bridge/install/carla_msgs/lib:/opt/ros/humble/opt/rviz_ogre_vendor/lib:/opt/ros/humble/lib/x86_64-linux-gnu:/opt/ros/humble/lib /opt/cmake-3.28.3-linux-x86_64/bin/cmake /home/daniel/code/2025-phd-daniel-guerrero/ros-bridge/src/rviz_carla_plugin -DAMENT_CMAKE_SYMLINK_INSTALL=1 -DCMAKE_INSTALL_PREFIX=/home/daniel/code/2025-phd-daniel-guerrero/ros-bridge/install/rviz_carla_plugin
[18.382s] DEBUG:colcon.colcon_core.event_handler.log_command:Invoking command in '/home/daniel/code/2025-phd-daniel-guerrero/ros-bridge/build/rviz_carla_plugin': CMAKE_PREFIX_PATH=/home/daniel/code/2025-phd-daniel-guerrero/ros-bridge/install/carla_ros_scenario_runner_types:/home/daniel/code/2025-phd-daniel-guerrero/ros-bridge/install/carla_msgs:/home/daniel/code/2025-phd-daniel-guerrero/ros-bridge/install/carla_ad_demo:/home/daniel/code/2025-phd-daniel-guerrero/ros-bridge/install/rviz_carla_plugin:/home/daniel/code/2025-phd-daniel-guerrero/ros-bridge/install/pcl_recorder:/home/daniel/code/2025-phd-daniel-guerrero/ros-bridge/install/carla_waypoint_types:/home/daniel/code/2025-phd-daniel-guerrero/ros-bridge/install/carla_ackermann_msgs:/home/daniel/carla-ros-bridge/install/carla_waypoint_types:/home/daniel/carla-ros-bridge/install/carla_ros_scenario_runner_types:/home/daniel/carla-ros-bridge/install/carla_ackermann_msgs:/home/daniel/carla-ros-bridge/install/carla_msgs:/home/daniel/code/2025-phd-daniel-guerrero/ros-bridge/install/rqt_carla_control:/home/daniel/code/2025-phd-daniel-guerrero/ros-bridge/install/carla_waypoint_publisher:/home/daniel/code/2025-phd-daniel-guerrero/ros-bridge/install/carla_ackermann_control:/home/daniel/code/2025-phd-daniel-guerrero/ros-bridge/install/carla_ros_bridge:/home/daniel/code/2025-phd-daniel-guerrero/ros-bridge/install/carla_spawn_objects:/home/daniel/code/2025-phd-daniel-guerrero/ros-bridge/install/carla_manual_control:/home/daniel/code/2025-phd-daniel-guerrero/ros-bridge/install/carla_ad_agent:/home/daniel/code/2025-phd-daniel-guerrero/ros-bridge/install/ros_compatibility:/home/daniel/code/2025-phd-daniel-guerrero/ros-bridge/install/carla_walker_agent:/home/daniel/code/2025-phd-daniel-guerrero/ros-bridge/install/carla_twist_to_control:/home/daniel/code/2025-phd-daniel-guerrero/ros-bridge/install/carla_ros_scenario_runner:/home/daniel/code/2025-phd-daniel-guerrero/ros-bridge/install/carla_common:/home/daniel/carla-ros-bridge/install/rqt_carla_control:/home/daniel/carla-ros-bridge/install/carla_waypoint_publisher:/home/daniel/carla-ros-bridge/install/carla_ackermann_control:/home/daniel/carla-ros-bridge/install/carla_ros_bridge:/home/daniel/carla-ros-bridge/install/carla_spawn_objects:/home/daniel/carla-ros-bridge/install/carla_manual_control:/home/daniel/carla-ros-bridge/install/carla_ad_agent:/home/daniel/carla-ros-bridge/install/ros_compatibility:/home/daniel/carla-ros-bridge/install/carla_walker_agent:/home/daniel/carla-ros-bridge/install/carla_twist_to_control:/home/daniel/carla-ros-bridge/install/carla_ros_scenario_runner:/home/daniel/carla-ros-bridge/install/carla_common:/opt/ros/humble LD_LIBRARY_PATH=/home/daniel/code/2025-phd-daniel-guerrero/ros-bridge/install/carla_ros_scenario_runner_types/lib:/home/daniel/code/2025-phd-daniel-guerrero/ros-bridge/install/carla_msgs/lib:/home/daniel/code/2025-phd-daniel-guerrero/ros-bridge/install/rviz_carla_plugin/lib:/home/daniel/code/2025-phd-daniel-guerrero/ros-bridge/install/carla_waypoint_types/lib:/home/daniel/code/2025-phd-daniel-guerrero/ros-bridge/install/carla_ackermann_msgs/lib:/home/daniel/carla-ros-bridge/install/carla_waypoint_types/lib:/home/daniel/carla-ros-bridge/install/carla_ros_scenario_runner_types/lib:/home/daniel/carla-ros-bridge/install/carla_ackermann_msgs/lib:/home/daniel/carla-ros-bridge/install/carla_msgs/lib:/opt/ros/humble/opt/rviz_ogre_vendor/lib:/opt/ros/humble/lib/x86_64-linux-gnu:/opt/ros/humble/lib /opt/cmake-3.28.3-linux-x86_64/bin/cmake --build /home/daniel/code/2025-phd-daniel-guerrero/ros-bridge/build/rviz_carla_plugin -- -j12 -l12
[18.419s] Level 1:colcon.colcon_core.shell:create_environment_hook('carla_ros_bridge', 'pythonpath_develop')
[18.419s] INFO:colcon.colcon_core.shell:Creating environment hook '/home/daniel/code/2025-phd-daniel-guerrero/ros-bridge/build/carla_ros_bridge/src/share/carla_ros_bridge/hook/pythonpath_develop.ps1'
[18.420s] DEBUG:colcon.colcon_core.event_handler.log_command:Invoked command in '/home/daniel/code/2025-phd-daniel-guerrero/ros-bridge/build/carla_ros_bridge' returned '0': AMENT_PREFIX_PATH=/home/daniel/code/2025-phd-daniel-guerrero/ros-bridge/install/carla_spawn_objects:/home/daniel/code/2025-phd-daniel-guerrero/ros-bridge/install/carla_manual_control:/home/daniel/code/2025-phd-daniel-guerrero/ros-bridge/install/ros_compatibility:/home/daniel/code/2025-phd-daniel-guerrero/ros-bridge/install/carla_common:/home/daniel/code/2025-phd-daniel-guerrero/ros-bridge/install/carla_ad_demo:/home/daniel/code/2025-phd-daniel-guerrero/ros-bridge/install/rviz_carla_plugin:/home/daniel/code/2025-phd-daniel-guerrero/ros-bridge/install/rqt_carla_control:/home/daniel/code/2025-phd-daniel-guerrero/ros-bridge/install/pcl_recorder:/home/daniel/code/2025-phd-daniel-guerrero/ros-bridge/install/carla_waypoint_publisher:/home/daniel/code/2025-phd-daniel-guerrero/ros-bridge/install/carla_ackermann_control:/home/daniel/code/2025-phd-daniel-guerrero/ros-bridge/install/carla_ros_bridge:/home/daniel/code/2025-phd-daniel-guerrero/ros-bridge/install/carla_ad_agent:/home/daniel/code/2025-phd-daniel-guerrero/ros-bridge/install/carla_waypoint_types:/home/daniel/code/2025-phd-daniel-guerrero/ros-bridge/install/carla_walker_agent:/home/daniel/code/2025-phd-daniel-guerrero/ros-bridge/install/carla_twist_to_control:/home/daniel/code/2025-phd-daniel-guerrero/ros-bridge/install/carla_ros_scenario_runner:/home/daniel/code/2025-phd-daniel-guerrero/ros-bridge/install/carla_ros_scenario_runner_types:/home/daniel/code/2025-phd-daniel-guerrero/ros-bridge/install/carla_ackermann_msgs:/home/daniel/code/2025-phd-daniel-guerrero/ros-bridge/install/carla_msgs:/home/daniel/carla-ros-bridge/install/rqt_carla_control:/home/daniel/carla-ros-bridge/install/carla_waypoint_publisher:/home/daniel/carla-ros-bridge/install/carla_ackermann_control:/home/daniel/carla-ros-bridge/install/carla_ros_bridge:/home/daniel/carla-ros-bridge/install/carla_spawn_objects:/home/daniel/carla-ros-bridge/install/carla_manual_control:/home/daniel/carla-ros-bridge/install/carla_ad_agent:/home/daniel/carla-ros-bridge/install/ros_compatibility:/home/daniel/carla-ros-bridge/install/carla_waypoint_types:/home/daniel/carla-ros-bridge/install/carla_walker_agent:/home/daniel/carla-ros-bridge/install/carla_twist_to_control:/home/daniel/carla-ros-bridge/install/carla_ros_scenario_runner:/home/daniel/carla-ros-bridge/install/carla_ros_scenario_runner_types:/home/daniel/carla-ros-bridge/install/carla_ackermann_msgs:/home/daniel/carla-ros-bridge/install/carla_msgs:/home/daniel/carla-ros-bridge/install/carla_common:/opt/ros/humble CMAKE_PREFIX_PATH=/home/daniel/code/2025-phd-daniel-guerrero/ros-bridge/install/carla_msgs:/home/daniel/code/2025-phd-daniel-guerrero/ros-bridge/install/carla_ad_demo:/home/daniel/code/2025-phd-daniel-guerrero/ros-bridge/install/rviz_carla_plugin:/home/daniel/code/2025-phd-daniel-guerrero/ros-bridge/install/pcl_recorder:/home/daniel/code/2025-phd-daniel-guerrero/ros-bridge/install/carla_waypoint_types:/home/daniel/code/2025-phd-daniel-guerrero/ros-bridge/install/carla_ros_scenario_runner_types:/home/daniel/code/2025-phd-daniel-guerrero/ros-bridge/install/carla_ackermann_msgs:/home/daniel/carla-ros-bridge/install/carla_waypoint_types:/home/daniel/carla-ros-bridge/install/carla_ros_scenario_runner_types:/home/daniel/carla-ros-bridge/install/carla_ackermann_msgs:/home/daniel/carla-ros-bridge/install/carla_msgs LD_LIBRARY_PATH=/home/daniel/code/2025-phd-daniel-guerrero/ros-bridge/install/carla_msgs/lib:/home/daniel/code/2025-phd-daniel-guerrero/ros-bridge/install/rviz_carla_plugin/lib:/home/daniel/code/2025-phd-daniel-guerrero/ros-bridge/install/carla_waypoint_types/lib:/home/daniel/code/2025-phd-daniel-guerrero/ros-bridge/install/carla_ros_scenario_runner_types/lib:/home/daniel/code/2025-phd-daniel-guerrero/ros-bridge/install/carla_ackermann_msgs/lib:/home/daniel/carla-ros-bridge/install/carla_waypoint_types/lib:/home/daniel/carla-ros-bridge/install/carla_ros_scenario_runner_types/lib:/home/daniel/carla-ros-bridge/install/carla_ackermann_msgs/lib:/home/daniel/carla-ros-bridge/install/carla_msgs/lib:/opt/ros/humble/opt/rviz_ogre_vendor/lib:/opt/ros/humble/lib/x86_64-linux-gnu:/opt/ros/humble/lib PYTHONPATH=/home/daniel/code/2025-phd-daniel-guerrero/ros-bridge/build/carla_ros_bridge/prefix_override:/usr/lib/python3/dist-packages/colcon_core/task/python/colcon_distutils_commands:/home/daniel/code/2025-phd-daniel-guerrero/ros-bridge/install/carla_ros_bridge/lib/python3.10/site-packages:/home/daniel/code/2025-phd-daniel-guerrero/ros-bridge/build/carla_spawn_objects:/home/daniel/code/2025-phd-daniel-guerrero/ros-bridge/install/carla_spawn_objects/lib/python3.10/site-packages:/home/daniel/code/2025-phd-daniel-guerrero/ros-bridge/build/carla_manual_control/src:/home/daniel/code/2025-phd-daniel-guerrero/ros-bridge/install/carla_manual_control/lib/python3.10/site-packages:/home/daniel/code/2025-phd-daniel-guerrero/ros-bridge/build/ros_compatibility/src:/home/daniel/code/2025-phd-daniel-guerrero/ros-bridge/install/ros_compatibility/lib/python3.10/site-packages:/home/daniel/code/2025-phd-daniel-guerrero/ros-bridge/build/carla_common/src:/home/daniel/code/2025-phd-daniel-guerrero/ros-bridge/install/carla_common/lib/python3.10/site-packages:/home/daniel/code/2025-phd-daniel-guerrero/ros-bridge/install/rqt_carla_control/lib/python3.10/site-packages:/home/daniel/code/2025-phd-daniel-guerrero/ros-bridge/install/carla_waypoint_publisher/lib/python3.10/site-packages:/home/daniel/code/2025-phd-daniel-guerrero/ros-bridge/install/carla_ackermann_control/lib/python3.10/site-packages:/home/daniel/code/2025-phd-daniel-guerrero/ros-bridge/install/carla_ros_bridge/lib/python3.10/site-packages:/home/daniel/code/2025-phd-daniel-guerrero/ros-bridge/install/carla_ad_agent/lib/python3.10/site-packages:/home/daniel/code/2025-phd-daniel-guerrero/ros-bridge/install/carla_waypoint_types/local/lib/python3.10/dist-packages:/home/daniel/code/2025-phd-daniel-guerrero/ros-bridge/install/carla_walker_agent/lib/python3.10/site-packages:/home/daniel/code/2025-phd-daniel-guerrero/ros-bridge/install/carla_twist_to_control/lib/python3.10/site-packages:/home/daniel/code/2025-phd-daniel-guerrero/ros-bridge/install/carla_ros_scenario_runner/lib/python3.10/site-packages:/home/daniel/code/2025-phd-daniel-guerrero/ros-bridge/install/carla_ros_scenario_runner_types/local/lib/python3.10/dist-packages:/home/daniel/code/2025-phd-daniel-guerrero/ros-bridge/install/carla_ackermann_msgs/local/lib/python3.10/dist-packages:/home/daniel/code/2025-phd-daniel-guerrero/ros-bridge/install/carla_msgs/local/lib/python3.10/dist-packages:/home/daniel/carla-ros-bridge/install/rqt_carla_control/lib/python3.10/site-packages:/home/daniel/carla-ros-bridge/install/carla_waypoint_publisher/lib/python3.10/site-packages:/home/daniel/carla-ros-bridge/install/carla_ackermann_control/lib/python3.10/site-packages:/home/daniel/carla-ros-bridge/install/carla_ros_bridge/lib/python3.10/site-packages:/home/daniel/carla-ros-bridge/install/carla_spawn_objects/lib/python3.10/site-packages:/home/daniel/carla-ros-bridge/install/carla_manual_control/lib/python3.10/site-packages:/home/daniel/carla-ros-bridge/install/carla_ad_agent/lib/python3.10/site-packages:/home/daniel/carla-ros-bridge/install/ros_compatibility/lib/python3.10/site-packages:/home/daniel/carla-ros-bridge/install/carla_waypoint_types/local/lib/python3.10/dist-packages:/home/daniel/carla-ros-bridge/install/carla_walker_agent/lib/python3.10/site-packages:/home/daniel/carla-ros-bridge/install/carla_twist_to_control/lib/python3.10/site-packages:/home/daniel/carla-ros-bridge/install/carla_ros_scenario_runner/lib/python3.10/site-packages:/home/daniel/carla-ros-bridge/install/carla_ros_scenario_runner_types/local/lib/python3.10/dist-packages:/home/daniel/carla-ros-bridge/install/carla_ackermann_msgs/local/lib/python3.10/dist-packages:/home/daniel/carla-ros-bridge/install/carla_msgs/local/lib/python3.10/dist-packages:/home/daniel/carla-ros-bridge/install/carla_common/lib/python3.10/site-packages:/opt/ros/humble/lib/python3.10/site-packages:/opt/ros/humble/local/lib/python3.10/dist-packages /usr/bin/python3 -W ignore:setup.py install is deprecated -W ignore:easy_install command is deprecated setup.py develop --editable --build-directory /home/daniel/code/2025-phd-daniel-guerrero/ros-bridge/build/carla_ros_bridge/build --no-deps symlink_data
[18.420s] INFO:colcon.colcon_core.shell:Creating environment descriptor '/home/daniel/code/2025-phd-daniel-guerrero/ros-bridge/build/carla_ros_bridge/src/share/carla_ros_bridge/hook/pythonpath_develop.dsv'
[18.420s] INFO:colcon.colcon_core.shell:Creating environment hook '/home/daniel/code/2025-phd-daniel-guerrero/ros-bridge/build/carla_ros_bridge/src/share/carla_ros_bridge/hook/pythonpath_develop.sh'
[18.421s] Level 1:colcon.colcon_core.environment:checking '/home/daniel/code/2025-phd-daniel-guerrero/ros-bridge/install/carla_ros_bridge' for CMake module files
[18.421s] Level 1:colcon.colcon_core.environment:checking '/home/daniel/code/2025-phd-daniel-guerrero/ros-bridge/install/carla_ros_bridge' for CMake config files
[18.421s] Level 1:colcon.colcon_core.environment:checking '/home/daniel/code/2025-phd-daniel-guerrero/ros-bridge/install/carla_ros_bridge/lib'
[18.421s] Level 1:colcon.colcon_core.environment:checking '/home/daniel/code/2025-phd-daniel-guerrero/ros-bridge/install/carla_ros_bridge/bin'
[18.421s] Level 1:colcon.colcon_core.environment:checking '/home/daniel/code/2025-phd-daniel-guerrero/ros-bridge/install/carla_ros_bridge/lib/pkgconfig/carla_ros_bridge.pc'
[18.422s] Level 1:colcon.colcon_core.environment:checking '/home/daniel/code/2025-phd-daniel-guerrero/ros-bridge/install/carla_ros_bridge/lib/python3.10/site-packages'
[18.422s] Level 1:colcon.colcon_core.shell:create_environment_hook('carla_ros_bridge', 'pythonpath')
[18.422s] INFO:colcon.colcon_core.shell:Creating environment hook '/home/daniel/code/2025-phd-daniel-guerrero/ros-bridge/install/carla_ros_bridge/share/carla_ros_bridge/hook/pythonpath.ps1'
[18.422s] INFO:colcon.colcon_core.shell:Creating environment descriptor '/home/daniel/code/2025-phd-daniel-guerrero/ros-bridge/install/carla_ros_bridge/share/carla_ros_bridge/hook/pythonpath.dsv'
[18.422s] INFO:colcon.colcon_core.shell:Creating environment hook '/home/daniel/code/2025-phd-daniel-guerrero/ros-bridge/install/carla_ros_bridge/share/carla_ros_bridge/hook/pythonpath.sh'
[18.423s] Level 1:colcon.colcon_core.environment:checking '/home/daniel/code/2025-phd-daniel-guerrero/ros-bridge/install/carla_ros_bridge/bin'
[18.423s] Level 1:colcon.colcon_core.environment:create_environment_scripts_only(carla_ros_bridge)
[18.423s] INFO:colcon.colcon_core.shell:Creating package script '/home/daniel/code/2025-phd-daniel-guerrero/ros-bridge/install/carla_ros_bridge/share/carla_ros_bridge/package.ps1'
[18.423s] INFO:colcon.colcon_core.shell:Creating package descriptor '/home/daniel/code/2025-phd-daniel-guerrero/ros-bridge/install/carla_ros_bridge/share/carla_ros_bridge/package.dsv'
[18.423s] INFO:colcon.colcon_core.shell:Creating package script '/home/daniel/code/2025-phd-daniel-guerrero/ros-bridge/install/carla_ros_bridge/share/carla_ros_bridge/package.sh'
[18.424s] INFO:colcon.colcon_core.shell:Creating package script '/home/daniel/code/2025-phd-daniel-guerrero/ros-bridge/install/carla_ros_bridge/share/carla_ros_bridge/package.bash'
[18.424s] INFO:colcon.colcon_core.shell:Creating package script '/home/daniel/code/2025-phd-daniel-guerrero/ros-bridge/install/carla_ros_bridge/share/carla_ros_bridge/package.zsh'
[18.424s] Level 1:colcon.colcon_core.environment:create_file_with_runtime_dependencies(/home/daniel/code/2025-phd-daniel-guerrero/ros-bridge/install/carla_ros_bridge/share/colcon-core/packages/carla_ros_bridge)
[18.424s] INFO:colcon.colcon_ros.task.ament_cmake.build:Building ROS package in '/home/daniel/code/2025-phd-daniel-guerrero/ros-bridge/src/pcl_recorder' with build type 'ament_cmake'
[18.425s] INFO:colcon.colcon_cmake.task.cmake.build:Building CMake package in '/home/daniel/code/2025-phd-daniel-guerrero/ros-bridge/src/pcl_recorder'
[18.425s] INFO:colcon.colcon_core.shell:Skip shell extension 'powershell' for command environment: Not usable outside of PowerShell
[18.425s] DEBUG:colcon.colcon_core.shell:Skip shell extension 'dsv' for command environment
[18.445s] DEBUG:colcon.colcon_core.event_handler.log_command:Invoking command in '/home/daniel/code/2025-phd-daniel-guerrero/ros-bridge/build/pcl_recorder': AMENT_PREFIX_PATH=/home/daniel/code/2025-phd-daniel-guerrero/ros-bridge/install/carla_ros_bridge:/home/daniel/code/2025-phd-daniel-guerrero/ros-bridge/install/carla_spawn_objects:/home/daniel/code/2025-phd-daniel-guerrero/ros-bridge/install/carla_manual_control:/home/daniel/code/2025-phd-daniel-guerrero/ros-bridge/install/ros_compatibility:/home/daniel/code/2025-phd-daniel-guerrero/ros-bridge/install/carla_common:/home/daniel/code/2025-phd-daniel-guerrero/ros-bridge/install/carla_ad_demo:/home/daniel/code/2025-phd-daniel-guerrero/ros-bridge/install/rviz_carla_plugin:/home/daniel/code/2025-phd-daniel-guerrero/ros-bridge/install/rqt_carla_control:/home/daniel/code/2025-phd-daniel-guerrero/ros-bridge/install/pcl_recorder:/home/daniel/code/2025-phd-daniel-guerrero/ros-bridge/install/carla_waypoint_publisher:/home/daniel/code/2025-phd-daniel-guerrero/ros-bridge/install/carla_ackermann_control:/home/daniel/code/2025-phd-daniel-guerrero/ros-bridge/install/carla_ad_agent:/home/daniel/code/2025-phd-daniel-guerrero/ros-bridge/install/carla_waypoint_types:/home/daniel/code/2025-phd-daniel-guerrero/ros-bridge/install/carla_walker_agent:/home/daniel/code/2025-phd-daniel-guerrero/ros-bridge/install/carla_twist_to_control:/home/daniel/code/2025-phd-daniel-guerrero/ros-bridge/install/carla_ros_scenario_runner:/home/daniel/code/2025-phd-daniel-guerrero/ros-bridge/install/carla_ros_scenario_runner_types:/home/daniel/code/2025-phd-daniel-guerrero/ros-bridge/install/carla_ackermann_msgs:/home/daniel/code/2025-phd-daniel-guerrero/ros-bridge/install/carla_msgs:/home/daniel/carla-ros-bridge/install/rqt_carla_control:/home/daniel/carla-ros-bridge/install/carla_waypoint_publisher:/home/daniel/carla-ros-bridge/install/carla_ackermann_control:/home/daniel/carla-ros-bridge/install/carla_ros_bridge:/home/daniel/carla-ros-bridge/install/carla_spawn_objects:/home/daniel/carla-ros-bridge/install/carla_manual_control:/home/daniel/carla-ros-bridge/install/carla_ad_agent:/home/daniel/carla-ros-bridge/install/ros_compatibility:/home/daniel/carla-ros-bridge/install/carla_waypoint_types:/home/daniel/carla-ros-bridge/install/carla_walker_agent:/home/daniel/carla-ros-bridge/install/carla_twist_to_control:/home/daniel/carla-ros-bridge/install/carla_ros_scenario_runner:/home/daniel/carla-ros-bridge/install/carla_ros_scenario_runner_types:/home/daniel/carla-ros-bridge/install/carla_ackermann_msgs:/home/daniel/carla-ros-bridge/install/carla_msgs:/home/daniel/carla-ros-bridge/install/carla_common:/opt/ros/humble CMAKE_PREFIX_PATH=/home/daniel/code/2025-phd-daniel-guerrero/ros-bridge/install/carla_msgs:/home/daniel/code/2025-phd-daniel-guerrero/ros-bridge/install/carla_ad_demo:/home/daniel/code/2025-phd-daniel-guerrero/ros-bridge/install/rviz_carla_plugin:/home/daniel/code/2025-phd-daniel-guerrero/ros-bridge/install/pcl_recorder:/home/daniel/code/2025-phd-daniel-guerrero/ros-bridge/install/carla_waypoint_types:/home/daniel/code/2025-phd-daniel-guerrero/ros-bridge/install/carla_ros_scenario_runner_types:/home/daniel/code/2025-phd-daniel-guerrero/ros-bridge/install/carla_ackermann_msgs:/home/daniel/carla-ros-bridge/install/carla_waypoint_types:/home/daniel/carla-ros-bridge/install/carla_ros_scenario_runner_types:/home/daniel/carla-ros-bridge/install/carla_ackermann_msgs:/home/daniel/carla-ros-bridge/install/carla_msgs:/home/daniel/code/2025-phd-daniel-guerrero/ros-bridge/install/rqt_carla_control:/home/daniel/code/2025-phd-daniel-guerrero/ros-bridge/install/carla_waypoint_publisher:/home/daniel/code/2025-phd-daniel-guerrero/ros-bridge/install/carla_ackermann_control:/home/daniel/code/2025-phd-daniel-guerrero/ros-bridge/install/carla_ros_bridge:/home/daniel/code/2025-phd-daniel-guerrero/ros-bridge/install/carla_spawn_objects:/home/daniel/code/2025-phd-daniel-guerrero/ros-bridge/install/carla_manual_control:/home/daniel/code/2025-phd-daniel-guerrero/ros-bridge/install/carla_ad_agent:/home/daniel/code/2025-phd-daniel-guerrero/ros-bridge/install/ros_compatibility:/home/daniel/code/2025-phd-daniel-guerrero/ros-bridge/install/carla_walker_agent:/home/daniel/code/2025-phd-daniel-guerrero/ros-bridge/install/carla_twist_to_control:/home/daniel/code/2025-phd-daniel-guerrero/ros-bridge/install/carla_ros_scenario_runner:/home/daniel/code/2025-phd-daniel-guerrero/ros-bridge/install/carla_common:/home/daniel/carla-ros-bridge/install/rqt_carla_control:/home/daniel/carla-ros-bridge/install/carla_waypoint_publisher:/home/daniel/carla-ros-bridge/install/carla_ackermann_control:/home/daniel/carla-ros-bridge/install/carla_ros_bridge:/home/daniel/carla-ros-bridge/install/carla_spawn_objects:/home/daniel/carla-ros-bridge/install/carla_manual_control:/home/daniel/carla-ros-bridge/install/carla_ad_agent:/home/daniel/carla-ros-bridge/install/ros_compatibility:/home/daniel/carla-ros-bridge/install/carla_walker_agent:/home/daniel/carla-ros-bridge/install/carla_twist_to_control:/home/daniel/carla-ros-bridge/install/carla_ros_scenario_runner:/home/daniel/carla-ros-bridge/install/carla_common:/opt/ros/humble LD_LIBRARY_PATH=/home/daniel/code/2025-phd-daniel-guerrero/ros-bridge/install/carla_msgs/lib:/home/daniel/code/2025-phd-daniel-guerrero/ros-bridge/install/rviz_carla_plugin/lib:/home/daniel/code/2025-phd-daniel-guerrero/ros-bridge/install/carla_waypoint_types/lib:/home/daniel/code/2025-phd-daniel-guerrero/ros-bridge/install/carla_ros_scenario_runner_types/lib:/home/daniel/code/2025-phd-daniel-guerrero/ros-bridge/install/carla_ackermann_msgs/lib:/home/daniel/carla-ros-bridge/install/carla_waypoint_types/lib:/home/daniel/carla-ros-bridge/install/carla_ros_scenario_runner_types/lib:/home/daniel/carla-ros-bridge/install/carla_ackermann_msgs/lib:/home/daniel/carla-ros-bridge/install/carla_msgs/lib:/opt/ros/humble/opt/rviz_ogre_vendor/lib:/opt/ros/humble/lib/x86_64-linux-gnu:/opt/ros/humble/lib PYTHONPATH=/home/daniel/code/2025-phd-daniel-guerrero/ros-bridge/build/carla_ros_bridge/src:/home/daniel/code/2025-phd-daniel-guerrero/ros-bridge/install/carla_ros_bridge/lib/python3.10/site-packages:/home/daniel/code/2025-phd-daniel-guerrero/ros-bridge/build/carla_spawn_objects:/home/daniel/code/2025-phd-daniel-guerrero/ros-bridge/install/carla_spawn_objects/lib/python3.10/site-packages:/home/daniel/code/2025-phd-daniel-guerrero/ros-bridge/build/carla_manual_control/src:/home/daniel/code/2025-phd-daniel-guerrero/ros-bridge/install/carla_manual_control/lib/python3.10/site-packages:/home/daniel/code/2025-phd-daniel-guerrero/ros-bridge/build/ros_compatibility/src:/home/daniel/code/2025-phd-daniel-guerrero/ros-bridge/install/ros_compatibility/lib/python3.10/site-packages:/home/daniel/code/2025-phd-daniel-guerrero/ros-bridge/build/carla_common/src:/home/daniel/code/2025-phd-daniel-guerrero/ros-bridge/install/carla_common/lib/python3.10/site-packages:/home/daniel/code/2025-phd-daniel-guerrero/ros-bridge/install/rqt_carla_control/lib/python3.10/site-packages:/home/daniel/code/2025-phd-daniel-guerrero/ros-bridge/install/carla_waypoint_publisher/lib/python3.10/site-packages:/home/daniel/code/2025-phd-daniel-guerrero/ros-bridge/install/carla_ackermann_control/lib/python3.10/site-packages:/home/daniel/code/2025-phd-daniel-guerrero/ros-bridge/install/carla_ad_agent/lib/python3.10/site-packages:/home/daniel/code/2025-phd-daniel-guerrero/ros-bridge/install/carla_waypoint_types/local/lib/python3.10/dist-packages:/home/daniel/code/2025-phd-daniel-guerrero/ros-bridge/install/carla_walker_agent/lib/python3.10/site-packages:/home/daniel/code/2025-phd-daniel-guerrero/ros-bridge/install/carla_twist_to_control/lib/python3.10/site-packages:/home/daniel/code/2025-phd-daniel-guerrero/ros-bridge/install/carla_ros_scenario_runner/lib/python3.10/site-packages:/home/daniel/code/2025-phd-daniel-guerrero/ros-bridge/install/carla_ros_scenario_runner_types/local/lib/python3.10/dist-packages:/home/daniel/code/2025-phd-daniel-guerrero/ros-bridge/install/carla_ackermann_msgs/local/lib/python3.10/dist-packages:/home/daniel/code/2025-phd-daniel-guerrero/ros-bridge/install/carla_msgs/local/lib/python3.10/dist-packages:/home/daniel/carla-ros-bridge/install/rqt_carla_control/lib/python3.10/site-packages:/home/daniel/carla-ros-bridge/install/carla_waypoint_publisher/lib/python3.10/site-packages:/home/daniel/carla-ros-bridge/install/carla_ackermann_control/lib/python3.10/site-packages:/home/daniel/carla-ros-bridge/install/carla_ros_bridge/lib/python3.10/site-packages:/home/daniel/carla-ros-bridge/install/carla_spawn_objects/lib/python3.10/site-packages:/home/daniel/carla-ros-bridge/install/carla_manual_control/lib/python3.10/site-packages:/home/daniel/carla-ros-bridge/install/carla_ad_agent/lib/python3.10/site-packages:/home/daniel/carla-ros-bridge/install/ros_compatibility/lib/python3.10/site-packages:/home/daniel/carla-ros-bridge/install/carla_waypoint_types/local/lib/python3.10/dist-packages:/home/daniel/carla-ros-bridge/install/carla_walker_agent/lib/python3.10/site-packages:/home/daniel/carla-ros-bridge/install/carla_twist_to_control/lib/python3.10/site-packages:/home/daniel/carla-ros-bridge/install/carla_ros_scenario_runner/lib/python3.10/site-packages:/home/daniel/carla-ros-bridge/install/carla_ros_scenario_runner_types/local/lib/python3.10/dist-packages:/home/daniel/carla-ros-bridge/install/carla_ackermann_msgs/local/lib/python3.10/dist-packages:/home/daniel/carla-ros-bridge/install/carla_msgs/local/lib/python3.10/dist-packages:/home/daniel/carla-ros-bridge/install/carla_common/lib/python3.10/site-packages:/opt/ros/humble/lib/python3.10/site-packages:/opt/ros/humble/local/lib/python3.10/dist-packages /opt/cmake-3.28.3-linux-x86_64/bin/cmake /home/daniel/code/2025-phd-daniel-guerrero/ros-bridge/src/pcl_recorder -DAMENT_CMAKE_SYMLINK_INSTALL=1 -DCMAKE_INSTALL_PREFIX=/home/daniel/code/2025-phd-daniel-guerrero/ros-bridge/install/pcl_recorder
[21.675s] DEBUG:colcon.colcon_core.event_handler.log_command:Invoked command in '/home/daniel/code/2025-phd-daniel-guerrero/ros-bridge/build/carla_ackermann_msgs' returned '0': CMAKE_PREFIX_PATH=/home/daniel/code/2025-phd-daniel-guerrero/ros-bridge/install/carla_msgs:/home/daniel/code/2025-phd-daniel-guerrero/ros-bridge/install/carla_ad_demo:/home/daniel/code/2025-phd-daniel-guerrero/ros-bridge/install/rviz_carla_plugin:/home/daniel/code/2025-phd-daniel-guerrero/ros-bridge/install/pcl_recorder:/home/daniel/code/2025-phd-daniel-guerrero/ros-bridge/install/carla_waypoint_types:/home/daniel/code/2025-phd-daniel-guerrero/ros-bridge/install/carla_ros_scenario_runner_types:/home/daniel/code/2025-phd-daniel-guerrero/ros-bridge/install/carla_ackermann_msgs:/home/daniel/carla-ros-bridge/install/carla_waypoint_types:/home/daniel/carla-ros-bridge/install/carla_ros_scenario_runner_types:/home/daniel/carla-ros-bridge/install/carla_ackermann_msgs:/home/daniel/carla-ros-bridge/install/carla_msgs:/home/daniel/code/2025-phd-daniel-guerrero/ros-bridge/install/rqt_carla_control:/home/daniel/code/2025-phd-daniel-guerrero/ros-bridge/install/carla_waypoint_publisher:/home/daniel/code/2025-phd-daniel-guerrero/ros-bridge/install/carla_ackermann_control:/home/daniel/code/2025-phd-daniel-guerrero/ros-bridge/install/carla_ros_bridge:/home/daniel/code/2025-phd-daniel-guerrero/ros-bridge/install/carla_spawn_objects:/home/daniel/code/2025-phd-daniel-guerrero/ros-bridge/install/carla_manual_control:/home/daniel/code/2025-phd-daniel-guerrero/ros-bridge/install/carla_ad_agent:/home/daniel/code/2025-phd-daniel-guerrero/ros-bridge/install/ros_compatibility:/home/daniel/code/2025-phd-daniel-guerrero/ros-bridge/install/carla_walker_agent:/home/daniel/code/2025-phd-daniel-guerrero/ros-bridge/install/carla_twist_to_control:/home/daniel/code/2025-phd-daniel-guerrero/ros-bridge/install/carla_ros_scenario_runner:/home/daniel/code/2025-phd-daniel-guerrero/ros-bridge/install/carla_common:/home/daniel/carla-ros-bridge/install/rqt_carla_control:/home/daniel/carla-ros-bridge/install/carla_waypoint_publisher:/home/daniel/carla-ros-bridge/install/carla_ackermann_control:/home/daniel/carla-ros-bridge/install/carla_ros_bridge:/home/daniel/carla-ros-bridge/install/carla_spawn_objects:/home/daniel/carla-ros-bridge/install/carla_manual_control:/home/daniel/carla-ros-bridge/install/carla_ad_agent:/home/daniel/carla-ros-bridge/install/ros_compatibility:/home/daniel/carla-ros-bridge/install/carla_walker_agent:/home/daniel/carla-ros-bridge/install/carla_twist_to_control:/home/daniel/carla-ros-bridge/install/carla_ros_scenario_runner:/home/daniel/carla-ros-bridge/install/carla_common:/opt/ros/humble LD_LIBRARY_PATH=/home/daniel/code/2025-phd-daniel-guerrero/ros-bridge/install/carla_msgs/lib:/home/daniel/code/2025-phd-daniel-guerrero/ros-bridge/install/rviz_carla_plugin/lib:/home/daniel/code/2025-phd-daniel-guerrero/ros-bridge/install/carla_waypoint_types/lib:/home/daniel/code/2025-phd-daniel-guerrero/ros-bridge/install/carla_ros_scenario_runner_types/lib:/home/daniel/code/2025-phd-daniel-guerrero/ros-bridge/install/carla_ackermann_msgs/lib:/home/daniel/carla-ros-bridge/install/carla_waypoint_types/lib:/home/daniel/carla-ros-bridge/install/carla_ros_scenario_runner_types/lib:/home/daniel/carla-ros-bridge/install/carla_ackermann_msgs/lib:/home/daniel/carla-ros-bridge/install/carla_msgs/lib:/opt/ros/humble/opt/rviz_ogre_vendor/lib:/opt/ros/humble/lib/x86_64-linux-gnu:/opt/ros/humble/lib /opt/cmake-3.28.3-linux-x86_64/bin/cmake --build /home/daniel/code/2025-phd-daniel-guerrero/ros-bridge/build/carla_ackermann_msgs -- -j12 -l12
[21.677s] DEBUG:colcon.colcon_core.event_handler.log_command:Invoking command in '/home/daniel/code/2025-phd-daniel-guerrero/ros-bridge/build/carla_ackermann_msgs': CMAKE_PREFIX_PATH=/home/daniel/code/2025-phd-daniel-guerrero/ros-bridge/install/carla_msgs:/home/daniel/code/2025-phd-daniel-guerrero/ros-bridge/install/carla_ad_demo:/home/daniel/code/2025-phd-daniel-guerrero/ros-bridge/install/rviz_carla_plugin:/home/daniel/code/2025-phd-daniel-guerrero/ros-bridge/install/pcl_recorder:/home/daniel/code/2025-phd-daniel-guerrero/ros-bridge/install/carla_waypoint_types:/home/daniel/code/2025-phd-daniel-guerrero/ros-bridge/install/carla_ros_scenario_runner_types:/home/daniel/code/2025-phd-daniel-guerrero/ros-bridge/install/carla_ackermann_msgs:/home/daniel/carla-ros-bridge/install/carla_waypoint_types:/home/daniel/carla-ros-bridge/install/carla_ros_scenario_runner_types:/home/daniel/carla-ros-bridge/install/carla_ackermann_msgs:/home/daniel/carla-ros-bridge/install/carla_msgs:/home/daniel/code/2025-phd-daniel-guerrero/ros-bridge/install/rqt_carla_control:/home/daniel/code/2025-phd-daniel-guerrero/ros-bridge/install/carla_waypoint_publisher:/home/daniel/code/2025-phd-daniel-guerrero/ros-bridge/install/carla_ackermann_control:/home/daniel/code/2025-phd-daniel-guerrero/ros-bridge/install/carla_ros_bridge:/home/daniel/code/2025-phd-daniel-guerrero/ros-bridge/install/carla_spawn_objects:/home/daniel/code/2025-phd-daniel-guerrero/ros-bridge/install/carla_manual_control:/home/daniel/code/2025-phd-daniel-guerrero/ros-bridge/install/carla_ad_agent:/home/daniel/code/2025-phd-daniel-guerrero/ros-bridge/install/ros_compatibility:/home/daniel/code/2025-phd-daniel-guerrero/ros-bridge/install/carla_walker_agent:/home/daniel/code/2025-phd-daniel-guerrero/ros-bridge/install/carla_twist_to_control:/home/daniel/code/2025-phd-daniel-guerrero/ros-bridge/install/carla_ros_scenario_runner:/home/daniel/code/2025-phd-daniel-guerrero/ros-bridge/install/carla_common:/home/daniel/carla-ros-bridge/install/rqt_carla_control:/home/daniel/carla-ros-bridge/install/carla_waypoint_publisher:/home/daniel/carla-ros-bridge/install/carla_ackermann_control:/home/daniel/carla-ros-bridge/install/carla_ros_bridge:/home/daniel/carla-ros-bridge/install/carla_spawn_objects:/home/daniel/carla-ros-bridge/install/carla_manual_control:/home/daniel/carla-ros-bridge/install/carla_ad_agent:/home/daniel/carla-ros-bridge/install/ros_compatibility:/home/daniel/carla-ros-bridge/install/carla_walker_agent:/home/daniel/carla-ros-bridge/install/carla_twist_to_control:/home/daniel/carla-ros-bridge/install/carla_ros_scenario_runner:/home/daniel/carla-ros-bridge/install/carla_common:/opt/ros/humble LD_LIBRARY_PATH=/home/daniel/code/2025-phd-daniel-guerrero/ros-bridge/install/carla_msgs/lib:/home/daniel/code/2025-phd-daniel-guerrero/ros-bridge/install/rviz_carla_plugin/lib:/home/daniel/code/2025-phd-daniel-guerrero/ros-bridge/install/carla_waypoint_types/lib:/home/daniel/code/2025-phd-daniel-guerrero/ros-bridge/install/carla_ros_scenario_runner_types/lib:/home/daniel/code/2025-phd-daniel-guerrero/ros-bridge/install/carla_ackermann_msgs/lib:/home/daniel/carla-ros-bridge/install/carla_waypoint_types/lib:/home/daniel/carla-ros-bridge/install/carla_ros_scenario_runner_types/lib:/home/daniel/carla-ros-bridge/install/carla_ackermann_msgs/lib:/home/daniel/carla-ros-bridge/install/carla_msgs/lib:/opt/ros/humble/opt/rviz_ogre_vendor/lib:/opt/ros/humble/lib/x86_64-linux-gnu:/opt/ros/humble/lib /opt/cmake-3.28.3-linux-x86_64/bin/cmake --install /home/daniel/code/2025-phd-daniel-guerrero/ros-bridge/build/carla_ackermann_msgs
[22.040s] Level 1:colcon.colcon_core.environment:create_environment_scripts_only(carla_ackermann_msgs)
[22.040s] Level 1:colcon.colcon_core.environment:checking '/home/daniel/code/2025-phd-daniel-guerrero/ros-bridge/install/carla_ackermann_msgs' for CMake module files
[22.041s] DEBUG:colcon.colcon_core.event_handler.log_command:Invoked command in '/home/daniel/code/2025-phd-daniel-guerrero/ros-bridge/build/carla_ackermann_msgs' returned '0': CMAKE_PREFIX_PATH=/home/daniel/code/2025-phd-daniel-guerrero/ros-bridge/install/carla_msgs:/home/daniel/code/2025-phd-daniel-guerrero/ros-bridge/install/carla_ad_demo:/home/daniel/code/2025-phd-daniel-guerrero/ros-bridge/install/rviz_carla_plugin:/home/daniel/code/2025-phd-daniel-guerrero/ros-bridge/install/pcl_recorder:/home/daniel/code/2025-phd-daniel-guerrero/ros-bridge/install/carla_waypoint_types:/home/daniel/code/2025-phd-daniel-guerrero/ros-bridge/install/carla_ros_scenario_runner_types:/home/daniel/code/2025-phd-daniel-guerrero/ros-bridge/install/carla_ackermann_msgs:/home/daniel/carla-ros-bridge/install/carla_waypoint_types:/home/daniel/carla-ros-bridge/install/carla_ros_scenario_runner_types:/home/daniel/carla-ros-bridge/install/carla_ackermann_msgs:/home/daniel/carla-ros-bridge/install/carla_msgs:/home/daniel/code/2025-phd-daniel-guerrero/ros-bridge/install/rqt_carla_control:/home/daniel/code/2025-phd-daniel-guerrero/ros-bridge/install/carla_waypoint_publisher:/home/daniel/code/2025-phd-daniel-guerrero/ros-bridge/install/carla_ackermann_control:/home/daniel/code/2025-phd-daniel-guerrero/ros-bridge/install/carla_ros_bridge:/home/daniel/code/2025-phd-daniel-guerrero/ros-bridge/install/carla_spawn_objects:/home/daniel/code/2025-phd-daniel-guerrero/ros-bridge/install/carla_manual_control:/home/daniel/code/2025-phd-daniel-guerrero/ros-bridge/install/carla_ad_agent:/home/daniel/code/2025-phd-daniel-guerrero/ros-bridge/install/ros_compatibility:/home/daniel/code/2025-phd-daniel-guerrero/ros-bridge/install/carla_walker_agent:/home/daniel/code/2025-phd-daniel-guerrero/ros-bridge/install/carla_twist_to_control:/home/daniel/code/2025-phd-daniel-guerrero/ros-bridge/install/carla_ros_scenario_runner:/home/daniel/code/2025-phd-daniel-guerrero/ros-bridge/install/carla_common:/home/daniel/carla-ros-bridge/install/rqt_carla_control:/home/daniel/carla-ros-bridge/install/carla_waypoint_publisher:/home/daniel/carla-ros-bridge/install/carla_ackermann_control:/home/daniel/carla-ros-bridge/install/carla_ros_bridge:/home/daniel/carla-ros-bridge/install/carla_spawn_objects:/home/daniel/carla-ros-bridge/install/carla_manual_control:/home/daniel/carla-ros-bridge/install/carla_ad_agent:/home/daniel/carla-ros-bridge/install/ros_compatibility:/home/daniel/carla-ros-bridge/install/carla_walker_agent:/home/daniel/carla-ros-bridge/install/carla_twist_to_control:/home/daniel/carla-ros-bridge/install/carla_ros_scenario_runner:/home/daniel/carla-ros-bridge/install/carla_common:/opt/ros/humble LD_LIBRARY_PATH=/home/daniel/code/2025-phd-daniel-guerrero/ros-bridge/install/carla_msgs/lib:/home/daniel/code/2025-phd-daniel-guerrero/ros-bridge/install/rviz_carla_plugin/lib:/home/daniel/code/2025-phd-daniel-guerrero/ros-bridge/install/carla_waypoint_types/lib:/home/daniel/code/2025-phd-daniel-guerrero/ros-bridge/install/carla_ros_scenario_runner_types/lib:/home/daniel/code/2025-phd-daniel-guerrero/ros-bridge/install/carla_ackermann_msgs/lib:/home/daniel/carla-ros-bridge/install/carla_waypoint_types/lib:/home/daniel/carla-ros-bridge/install/carla_ros_scenario_runner_types/lib:/home/daniel/carla-ros-bridge/install/carla_ackermann_msgs/lib:/home/daniel/carla-ros-bridge/install/carla_msgs/lib:/opt/ros/humble/opt/rviz_ogre_vendor/lib:/opt/ros/humble/lib/x86_64-linux-gnu:/opt/ros/humble/lib /opt/cmake-3.28.3-linux-x86_64/bin/cmake --install /home/daniel/code/2025-phd-daniel-guerrero/ros-bridge/build/carla_ackermann_msgs
[22.041s] Level 1:colcon.colcon_core.environment:checking '/home/daniel/code/2025-phd-daniel-guerrero/ros-bridge/install/carla_ackermann_msgs' for CMake config files
[22.042s] Level 1:colcon.colcon_core.shell:create_environment_hook('carla_ackermann_msgs', 'cmake_prefix_path')
[22.042s] INFO:colcon.colcon_core.shell:Creating environment hook '/home/daniel/code/2025-phd-daniel-guerrero/ros-bridge/install/carla_ackermann_msgs/share/carla_ackermann_msgs/hook/cmake_prefix_path.ps1'
[22.043s] INFO:colcon.colcon_core.shell:Creating environment descriptor '/home/daniel/code/2025-phd-daniel-guerrero/ros-bridge/install/carla_ackermann_msgs/share/carla_ackermann_msgs/hook/cmake_prefix_path.dsv'
[22.043s] INFO:colcon.colcon_core.shell:Creating environment hook '/home/daniel/code/2025-phd-daniel-guerrero/ros-bridge/install/carla_ackermann_msgs/share/carla_ackermann_msgs/hook/cmake_prefix_path.sh'
[22.044s] Level 1:colcon.colcon_core.environment:checking '/home/daniel/code/2025-phd-daniel-guerrero/ros-bridge/install/carla_ackermann_msgs/lib'
[22.044s] Level 1:colcon.colcon_core.shell:create_environment_hook('carla_ackermann_msgs', 'ld_library_path_lib')
[22.044s] INFO:colcon.colcon_core.shell:Creating environment hook '/home/daniel/code/2025-phd-daniel-guerrero/ros-bridge/install/carla_ackermann_msgs/share/carla_ackermann_msgs/hook/ld_library_path_lib.ps1'
[22.044s] INFO:colcon.colcon_core.shell:Creating environment descriptor '/home/daniel/code/2025-phd-daniel-guerrero/ros-bridge/install/carla_ackermann_msgs/share/carla_ackermann_msgs/hook/ld_library_path_lib.dsv'
[22.044s] INFO:colcon.colcon_core.shell:Creating environment hook '/home/daniel/code/2025-phd-daniel-guerrero/ros-bridge/install/carla_ackermann_msgs/share/carla_ackermann_msgs/hook/ld_library_path_lib.sh'
[22.045s] Level 1:colcon.colcon_core.environment:checking '/home/daniel/code/2025-phd-daniel-guerrero/ros-bridge/install/carla_ackermann_msgs/bin'
[22.045s] Level 1:colcon.colcon_core.environment:checking '/home/daniel/code/2025-phd-daniel-guerrero/ros-bridge/install/carla_ackermann_msgs/lib/pkgconfig/carla_ackermann_msgs.pc'
[22.045s] Level 1:colcon.colcon_core.environment:checking '/home/daniel/code/2025-phd-daniel-guerrero/ros-bridge/install/carla_ackermann_msgs/lib/python3.10/site-packages'
[22.046s] Level 1:colcon.colcon_core.environment:checking '/home/daniel/code/2025-phd-daniel-guerrero/ros-bridge/install/carla_ackermann_msgs/bin'
[22.046s] INFO:colcon.colcon_core.shell:Creating package script '/home/daniel/code/2025-phd-daniel-guerrero/ros-bridge/install/carla_ackermann_msgs/share/carla_ackermann_msgs/package.ps1'
[22.046s] INFO:colcon.colcon_core.shell:Creating package descriptor '/home/daniel/code/2025-phd-daniel-guerrero/ros-bridge/install/carla_ackermann_msgs/share/carla_ackermann_msgs/package.dsv'
[22.047s] INFO:colcon.colcon_core.shell:Creating package script '/home/daniel/code/2025-phd-daniel-guerrero/ros-bridge/install/carla_ackermann_msgs/share/carla_ackermann_msgs/package.sh'
[22.047s] INFO:colcon.colcon_core.shell:Creating package script '/home/daniel/code/2025-phd-daniel-guerrero/ros-bridge/install/carla_ackermann_msgs/share/carla_ackermann_msgs/package.bash'
[22.048s] INFO:colcon.colcon_core.shell:Creating package script '/home/daniel/code/2025-phd-daniel-guerrero/ros-bridge/install/carla_ackermann_msgs/share/carla_ackermann_msgs/package.zsh'
[22.048s] Level 1:colcon.colcon_core.environment:create_file_with_runtime_dependencies(/home/daniel/code/2025-phd-daniel-guerrero/ros-bridge/install/carla_ackermann_msgs/share/colcon-core/packages/carla_ackermann_msgs)
[22.049s] Level 1:colcon.colcon_core.environment:create_environment_scripts_only(carla_ackermann_msgs)
[22.049s] Level 1:colcon.colcon_core.environment:checking '/home/daniel/code/2025-phd-daniel-guerrero/ros-bridge/install/carla_ackermann_msgs' for CMake module files
[22.050s] Level 1:colcon.colcon_core.environment:checking '/home/daniel/code/2025-phd-daniel-guerrero/ros-bridge/install/carla_ackermann_msgs' for CMake config files
[22.050s] Level 1:colcon.colcon_core.shell:create_environment_hook('carla_ackermann_msgs', 'cmake_prefix_path')
[22.050s] INFO:colcon.colcon_core.shell:Creating environment hook '/home/daniel/code/2025-phd-daniel-guerrero/ros-bridge/install/carla_ackermann_msgs/share/carla_ackermann_msgs/hook/cmake_prefix_path.ps1'
[22.051s] INFO:colcon.colcon_core.shell:Creating environment descriptor '/home/daniel/code/2025-phd-daniel-guerrero/ros-bridge/install/carla_ackermann_msgs/share/carla_ackermann_msgs/hook/cmake_prefix_path.dsv'
[22.051s] INFO:colcon.colcon_core.shell:Creating environment hook '/home/daniel/code/2025-phd-daniel-guerrero/ros-bridge/install/carla_ackermann_msgs/share/carla_ackermann_msgs/hook/cmake_prefix_path.sh'
[22.052s] Level 1:colcon.colcon_core.environment:checking '/home/daniel/code/2025-phd-daniel-guerrero/ros-bridge/install/carla_ackermann_msgs/lib'
[22.052s] Level 1:colcon.colcon_core.shell:create_environment_hook('carla_ackermann_msgs', 'ld_library_path_lib')
[22.052s] INFO:colcon.colcon_core.shell:Creating environment hook '/home/daniel/code/2025-phd-daniel-guerrero/ros-bridge/install/carla_ackermann_msgs/share/carla_ackermann_msgs/hook/ld_library_path_lib.ps1'
[22.052s] INFO:colcon.colcon_core.shell:Creating environment descriptor '/home/daniel/code/2025-phd-daniel-guerrero/ros-bridge/install/carla_ackermann_msgs/share/carla_ackermann_msgs/hook/ld_library_path_lib.dsv'
[22.053s] INFO:colcon.colcon_core.shell:Creating environment hook '/home/daniel/code/2025-phd-daniel-guerrero/ros-bridge/install/carla_ackermann_msgs/share/carla_ackermann_msgs/hook/ld_library_path_lib.sh'
[22.053s] Level 1:colcon.colcon_core.environment:checking '/home/daniel/code/2025-phd-daniel-guerrero/ros-bridge/install/carla_ackermann_msgs/bin'
[22.053s] Level 1:colcon.colcon_core.environment:checking '/home/daniel/code/2025-phd-daniel-guerrero/ros-bridge/install/carla_ackermann_msgs/lib/pkgconfig/carla_ackermann_msgs.pc'
[22.053s] Level 1:colcon.colcon_core.environment:checking '/home/daniel/code/2025-phd-daniel-guerrero/ros-bridge/install/carla_ackermann_msgs/lib/python3.10/site-packages'
[22.053s] Level 1:colcon.colcon_core.environment:checking '/home/daniel/code/2025-phd-daniel-guerrero/ros-bridge/install/carla_ackermann_msgs/bin'
[22.054s] INFO:colcon.colcon_core.shell:Creating package script '/home/daniel/code/2025-phd-daniel-guerrero/ros-bridge/install/carla_ackermann_msgs/share/carla_ackermann_msgs/package.ps1'
[22.054s] INFO:colcon.colcon_core.shell:Creating package descriptor '/home/daniel/code/2025-phd-daniel-guerrero/ros-bridge/install/carla_ackermann_msgs/share/carla_ackermann_msgs/package.dsv'
[22.055s] INFO:colcon.colcon_core.shell:Creating package script '/home/daniel/code/2025-phd-daniel-guerrero/ros-bridge/install/carla_ackermann_msgs/share/carla_ackermann_msgs/package.sh'
[22.056s] INFO:colcon.colcon_core.shell:Creating package script '/home/daniel/code/2025-phd-daniel-guerrero/ros-bridge/install/carla_ackermann_msgs/share/carla_ackermann_msgs/package.bash'
[22.056s] INFO:colcon.colcon_core.shell:Creating package script '/home/daniel/code/2025-phd-daniel-guerrero/ros-bridge/install/carla_ackermann_msgs/share/carla_ackermann_msgs/package.zsh'
[22.057s] Level 1:colcon.colcon_core.environment:create_file_with_runtime_dependencies(/home/daniel/code/2025-phd-daniel-guerrero/ros-bridge/install/carla_ackermann_msgs/share/colcon-core/packages/carla_ackermann_msgs)
[22.057s] INFO:colcon.colcon_ros.task.ament_python.build:Building ROS package in '/home/daniel/code/2025-phd-daniel-guerrero/ros-bridge/src/carla_ackermann_control' with build type 'ament_python'
[22.057s] Level 1:colcon.colcon_core.shell:create_environment_hook('carla_ackermann_control', 'ament_prefix_path')
[22.058s] INFO:colcon.colcon_core.shell:Creating environment hook '/home/daniel/code/2025-phd-daniel-guerrero/ros-bridge/install/carla_ackermann_control/share/carla_ackermann_control/hook/ament_prefix_path.ps1'
[22.059s] INFO:colcon.colcon_core.shell:Creating environment descriptor '/home/daniel/code/2025-phd-daniel-guerrero/ros-bridge/install/carla_ackermann_control/share/carla_ackermann_control/hook/ament_prefix_path.dsv'
[22.059s] INFO:colcon.colcon_core.shell:Creating environment hook '/home/daniel/code/2025-phd-daniel-guerrero/ros-bridge/install/carla_ackermann_control/share/carla_ackermann_control/hook/ament_prefix_path.sh'
[22.060s] INFO:colcon.colcon_core.shell:Skip shell extension 'powershell' for command environment: Not usable outside of PowerShell
[22.060s] DEBUG:colcon.colcon_core.shell:Skip shell extension 'dsv' for command environment
[22.407s] INFO:colcon.colcon_core.task.python.build:Building Python package in '/home/daniel/code/2025-phd-daniel-guerrero/ros-bridge/src/carla_ackermann_control'
[22.407s] INFO:colcon.colcon_core.shell:Skip shell extension 'powershell' for command environment: Not usable outside of PowerShell
[22.407s] DEBUG:colcon.colcon_core.shell:Skip shell extension 'dsv' for command environment
[22.845s] DEBUG:colcon.colcon_core.event_handler.log_command:Invoking command in '/home/daniel/code/2025-phd-daniel-guerrero/ros-bridge/build/carla_ackermann_control': AMENT_PREFIX_PATH=/home/daniel/code/2025-phd-daniel-guerrero/ros-bridge/install/carla_ros_bridge:/home/daniel/code/2025-phd-daniel-guerrero/ros-bridge/install/carla_spawn_objects:/home/daniel/code/2025-phd-daniel-guerrero/ros-bridge/install/carla_manual_control:/home/daniel/code/2025-phd-daniel-guerrero/ros-bridge/install/ros_compatibility:/home/daniel/code/2025-phd-daniel-guerrero/ros-bridge/install/carla_common:/home/daniel/code/2025-phd-daniel-guerrero/ros-bridge/install/carla_ad_demo:/home/daniel/code/2025-phd-daniel-guerrero/ros-bridge/install/rviz_carla_plugin:/home/daniel/code/2025-phd-daniel-guerrero/ros-bridge/install/rqt_carla_control:/home/daniel/code/2025-phd-daniel-guerrero/ros-bridge/install/pcl_recorder:/home/daniel/code/2025-phd-daniel-guerrero/ros-bridge/install/carla_waypoint_publisher:/home/daniel/code/2025-phd-daniel-guerrero/ros-bridge/install/carla_ackermann_control:/home/daniel/code/2025-phd-daniel-guerrero/ros-bridge/install/carla_ad_agent:/home/daniel/code/2025-phd-daniel-guerrero/ros-bridge/install/carla_waypoint_types:/home/daniel/code/2025-phd-daniel-guerrero/ros-bridge/install/carla_walker_agent:/home/daniel/code/2025-phd-daniel-guerrero/ros-bridge/install/carla_twist_to_control:/home/daniel/code/2025-phd-daniel-guerrero/ros-bridge/install/carla_ros_scenario_runner:/home/daniel/code/2025-phd-daniel-guerrero/ros-bridge/install/carla_ros_scenario_runner_types:/home/daniel/code/2025-phd-daniel-guerrero/ros-bridge/install/carla_ackermann_msgs:/home/daniel/code/2025-phd-daniel-guerrero/ros-bridge/install/carla_msgs:/home/daniel/carla-ros-bridge/install/rqt_carla_control:/home/daniel/carla-ros-bridge/install/carla_waypoint_publisher:/home/daniel/carla-ros-bridge/install/carla_ackermann_control:/home/daniel/carla-ros-bridge/install/carla_ros_bridge:/home/daniel/carla-ros-bridge/install/carla_spawn_objects:/home/daniel/carla-ros-bridge/install/carla_manual_control:/home/daniel/carla-ros-bridge/install/carla_ad_agent:/home/daniel/carla-ros-bridge/install/ros_compatibility:/home/daniel/carla-ros-bridge/install/carla_waypoint_types:/home/daniel/carla-ros-bridge/install/carla_walker_agent:/home/daniel/carla-ros-bridge/install/carla_twist_to_control:/home/daniel/carla-ros-bridge/install/carla_ros_scenario_runner:/home/daniel/carla-ros-bridge/install/carla_ros_scenario_runner_types:/home/daniel/carla-ros-bridge/install/carla_ackermann_msgs:/home/daniel/carla-ros-bridge/install/carla_msgs:/home/daniel/carla-ros-bridge/install/carla_common:/opt/ros/humble CMAKE_PREFIX_PATH=/home/daniel/code/2025-phd-daniel-guerrero/ros-bridge/install/carla_ackermann_msgs:/home/daniel/code/2025-phd-daniel-guerrero/ros-bridge/install/carla_msgs:/home/daniel/code/2025-phd-daniel-guerrero/ros-bridge/install/carla_ad_demo:/home/daniel/code/2025-phd-daniel-guerrero/ros-bridge/install/rviz_carla_plugin:/home/daniel/code/2025-phd-daniel-guerrero/ros-bridge/install/pcl_recorder:/home/daniel/code/2025-phd-daniel-guerrero/ros-bridge/install/carla_waypoint_types:/home/daniel/code/2025-phd-daniel-guerrero/ros-bridge/install/carla_ros_scenario_runner_types:/home/daniel/carla-ros-bridge/install/carla_waypoint_types:/home/daniel/carla-ros-bridge/install/carla_ros_scenario_runner_types:/home/daniel/carla-ros-bridge/install/carla_ackermann_msgs:/home/daniel/carla-ros-bridge/install/carla_msgs LD_LIBRARY_PATH=/home/daniel/code/2025-phd-daniel-guerrero/ros-bridge/install/carla_ackermann_msgs/lib:/home/daniel/code/2025-phd-daniel-guerrero/ros-bridge/install/carla_msgs/lib:/home/daniel/code/2025-phd-daniel-guerrero/ros-bridge/install/rviz_carla_plugin/lib:/home/daniel/code/2025-phd-daniel-guerrero/ros-bridge/install/carla_waypoint_types/lib:/home/daniel/code/2025-phd-daniel-guerrero/ros-bridge/install/carla_ros_scenario_runner_types/lib:/home/daniel/carla-ros-bridge/install/carla_waypoint_types/lib:/home/daniel/carla-ros-bridge/install/carla_ros_scenario_runner_types/lib:/home/daniel/carla-ros-bridge/install/carla_ackermann_msgs/lib:/home/daniel/carla-ros-bridge/install/carla_msgs/lib:/opt/ros/humble/opt/rviz_ogre_vendor/lib:/opt/ros/humble/lib/x86_64-linux-gnu:/opt/ros/humble/lib PYTHONPATH=/home/daniel/code/2025-phd-daniel-guerrero/ros-bridge/build/carla_ackermann_control/prefix_override:/usr/lib/python3/dist-packages/colcon_core/task/python/colcon_distutils_commands:/home/daniel/code/2025-phd-daniel-guerrero/ros-bridge/install/carla_ackermann_control/lib/python3.10/site-packages:/home/daniel/code/2025-phd-daniel-guerrero/ros-bridge/build/carla_ros_bridge/src:/home/daniel/code/2025-phd-daniel-guerrero/ros-bridge/install/carla_ros_bridge/lib/python3.10/site-packages:/home/daniel/code/2025-phd-daniel-guerrero/ros-bridge/build/carla_spawn_objects:/home/daniel/code/2025-phd-daniel-guerrero/ros-bridge/install/carla_spawn_objects/lib/python3.10/site-packages:/home/daniel/code/2025-phd-daniel-guerrero/ros-bridge/build/carla_manual_control/src:/home/daniel/code/2025-phd-daniel-guerrero/ros-bridge/install/carla_manual_control/lib/python3.10/site-packages:/home/daniel/code/2025-phd-daniel-guerrero/ros-bridge/build/ros_compatibility/src:/home/daniel/code/2025-phd-daniel-guerrero/ros-bridge/install/ros_compatibility/lib/python3.10/site-packages:/home/daniel/code/2025-phd-daniel-guerrero/ros-bridge/build/carla_common/src:/home/daniel/code/2025-phd-daniel-guerrero/ros-bridge/install/carla_common/lib/python3.10/site-packages:/home/daniel/code/2025-phd-daniel-guerrero/ros-bridge/install/rqt_carla_control/lib/python3.10/site-packages:/home/daniel/code/2025-phd-daniel-guerrero/ros-bridge/install/carla_waypoint_publisher/lib/python3.10/site-packages:/home/daniel/code/2025-phd-daniel-guerrero/ros-bridge/install/carla_ackermann_control/lib/python3.10/site-packages:/home/daniel/code/2025-phd-daniel-guerrero/ros-bridge/install/carla_ad_agent/lib/python3.10/site-packages:/home/daniel/code/2025-phd-daniel-guerrero/ros-bridge/install/carla_waypoint_types/local/lib/python3.10/dist-packages:/home/daniel/code/2025-phd-daniel-guerrero/ros-bridge/install/carla_walker_agent/lib/python3.10/site-packages:/home/daniel/code/2025-phd-daniel-guerrero/ros-bridge/install/carla_twist_to_control/lib/python3.10/site-packages:/home/daniel/code/2025-phd-daniel-guerrero/ros-bridge/install/carla_ros_scenario_runner/lib/python3.10/site-packages:/home/daniel/code/2025-phd-daniel-guerrero/ros-bridge/install/carla_ros_scenario_runner_types/local/lib/python3.10/dist-packages:/home/daniel/code/2025-phd-daniel-guerrero/ros-bridge/install/carla_ackermann_msgs/local/lib/python3.10/dist-packages:/home/daniel/code/2025-phd-daniel-guerrero/ros-bridge/install/carla_msgs/local/lib/python3.10/dist-packages:/home/daniel/carla-ros-bridge/install/rqt_carla_control/lib/python3.10/site-packages:/home/daniel/carla-ros-bridge/install/carla_waypoint_publisher/lib/python3.10/site-packages:/home/daniel/carla-ros-bridge/install/carla_ackermann_control/lib/python3.10/site-packages:/home/daniel/carla-ros-bridge/install/carla_ros_bridge/lib/python3.10/site-packages:/home/daniel/carla-ros-bridge/install/carla_spawn_objects/lib/python3.10/site-packages:/home/daniel/carla-ros-bridge/install/carla_manual_control/lib/python3.10/site-packages:/home/daniel/carla-ros-bridge/install/carla_ad_agent/lib/python3.10/site-packages:/home/daniel/carla-ros-bridge/install/ros_compatibility/lib/python3.10/site-packages:/home/daniel/carla-ros-bridge/install/carla_waypoint_types/local/lib/python3.10/dist-packages:/home/daniel/carla-ros-bridge/install/carla_walker_agent/lib/python3.10/site-packages:/home/daniel/carla-ros-bridge/install/carla_twist_to_control/lib/python3.10/site-packages:/home/daniel/carla-ros-bridge/install/carla_ros_scenario_runner/lib/python3.10/site-packages:/home/daniel/carla-ros-bridge/install/carla_ros_scenario_runner_types/local/lib/python3.10/dist-packages:/home/daniel/carla-ros-bridge/install/carla_ackermann_msgs/local/lib/python3.10/dist-packages:/home/daniel/carla-ros-bridge/install/carla_msgs/local/lib/python3.10/dist-packages:/home/daniel/carla-ros-bridge/install/carla_common/lib/python3.10/site-packages:/opt/ros/humble/lib/python3.10/site-packages:/opt/ros/humble/local/lib/python3.10/dist-packages /usr/bin/python3 -W ignore:setup.py install is deprecated -W ignore:easy_install command is deprecated setup.py develop --editable --build-directory /home/daniel/code/2025-phd-daniel-guerrero/ros-bridge/build/carla_ackermann_control/build --no-deps symlink_data
[23.406s] Level 1:colcon.colcon_core.shell:create_environment_hook('carla_ackermann_control', 'pythonpath_develop')
[23.406s] INFO:colcon.colcon_core.shell:Creating environment hook '/home/daniel/code/2025-phd-daniel-guerrero/ros-bridge/build/carla_ackermann_control/src/share/carla_ackermann_control/hook/pythonpath_develop.ps1'
[23.407s] DEBUG:colcon.colcon_core.event_handler.log_command:Invoked command in '/home/daniel/code/2025-phd-daniel-guerrero/ros-bridge/build/carla_ackermann_control' returned '0': AMENT_PREFIX_PATH=/home/daniel/code/2025-phd-daniel-guerrero/ros-bridge/install/carla_ros_bridge:/home/daniel/code/2025-phd-daniel-guerrero/ros-bridge/install/carla_spawn_objects:/home/daniel/code/2025-phd-daniel-guerrero/ros-bridge/install/carla_manual_control:/home/daniel/code/2025-phd-daniel-guerrero/ros-bridge/install/ros_compatibility:/home/daniel/code/2025-phd-daniel-guerrero/ros-bridge/install/carla_common:/home/daniel/code/2025-phd-daniel-guerrero/ros-bridge/install/carla_ad_demo:/home/daniel/code/2025-phd-daniel-guerrero/ros-bridge/install/rviz_carla_plugin:/home/daniel/code/2025-phd-daniel-guerrero/ros-bridge/install/rqt_carla_control:/home/daniel/code/2025-phd-daniel-guerrero/ros-bridge/install/pcl_recorder:/home/daniel/code/2025-phd-daniel-guerrero/ros-bridge/install/carla_waypoint_publisher:/home/daniel/code/2025-phd-daniel-guerrero/ros-bridge/install/carla_ackermann_control:/home/daniel/code/2025-phd-daniel-guerrero/ros-bridge/install/carla_ad_agent:/home/daniel/code/2025-phd-daniel-guerrero/ros-bridge/install/carla_waypoint_types:/home/daniel/code/2025-phd-daniel-guerrero/ros-bridge/install/carla_walker_agent:/home/daniel/code/2025-phd-daniel-guerrero/ros-bridge/install/carla_twist_to_control:/home/daniel/code/2025-phd-daniel-guerrero/ros-bridge/install/carla_ros_scenario_runner:/home/daniel/code/2025-phd-daniel-guerrero/ros-bridge/install/carla_ros_scenario_runner_types:/home/daniel/code/2025-phd-daniel-guerrero/ros-bridge/install/carla_ackermann_msgs:/home/daniel/code/2025-phd-daniel-guerrero/ros-bridge/install/carla_msgs:/home/daniel/carla-ros-bridge/install/rqt_carla_control:/home/daniel/carla-ros-bridge/install/carla_waypoint_publisher:/home/daniel/carla-ros-bridge/install/carla_ackermann_control:/home/daniel/carla-ros-bridge/install/carla_ros_bridge:/home/daniel/carla-ros-bridge/install/carla_spawn_objects:/home/daniel/carla-ros-bridge/install/carla_manual_control:/home/daniel/carla-ros-bridge/install/carla_ad_agent:/home/daniel/carla-ros-bridge/install/ros_compatibility:/home/daniel/carla-ros-bridge/install/carla_waypoint_types:/home/daniel/carla-ros-bridge/install/carla_walker_agent:/home/daniel/carla-ros-bridge/install/carla_twist_to_control:/home/daniel/carla-ros-bridge/install/carla_ros_scenario_runner:/home/daniel/carla-ros-bridge/install/carla_ros_scenario_runner_types:/home/daniel/carla-ros-bridge/install/carla_ackermann_msgs:/home/daniel/carla-ros-bridge/install/carla_msgs:/home/daniel/carla-ros-bridge/install/carla_common:/opt/ros/humble CMAKE_PREFIX_PATH=/home/daniel/code/2025-phd-daniel-guerrero/ros-bridge/install/carla_ackermann_msgs:/home/daniel/code/2025-phd-daniel-guerrero/ros-bridge/install/carla_msgs:/home/daniel/code/2025-phd-daniel-guerrero/ros-bridge/install/carla_ad_demo:/home/daniel/code/2025-phd-daniel-guerrero/ros-bridge/install/rviz_carla_plugin:/home/daniel/code/2025-phd-daniel-guerrero/ros-bridge/install/pcl_recorder:/home/daniel/code/2025-phd-daniel-guerrero/ros-bridge/install/carla_waypoint_types:/home/daniel/code/2025-phd-daniel-guerrero/ros-bridge/install/carla_ros_scenario_runner_types:/home/daniel/carla-ros-bridge/install/carla_waypoint_types:/home/daniel/carla-ros-bridge/install/carla_ros_scenario_runner_types:/home/daniel/carla-ros-bridge/install/carla_ackermann_msgs:/home/daniel/carla-ros-bridge/install/carla_msgs LD_LIBRARY_PATH=/home/daniel/code/2025-phd-daniel-guerrero/ros-bridge/install/carla_ackermann_msgs/lib:/home/daniel/code/2025-phd-daniel-guerrero/ros-bridge/install/carla_msgs/lib:/home/daniel/code/2025-phd-daniel-guerrero/ros-bridge/install/rviz_carla_plugin/lib:/home/daniel/code/2025-phd-daniel-guerrero/ros-bridge/install/carla_waypoint_types/lib:/home/daniel/code/2025-phd-daniel-guerrero/ros-bridge/install/carla_ros_scenario_runner_types/lib:/home/daniel/carla-ros-bridge/install/carla_waypoint_types/lib:/home/daniel/carla-ros-bridge/install/carla_ros_scenario_runner_types/lib:/home/daniel/carla-ros-bridge/install/carla_ackermann_msgs/lib:/home/daniel/carla-ros-bridge/install/carla_msgs/lib:/opt/ros/humble/opt/rviz_ogre_vendor/lib:/opt/ros/humble/lib/x86_64-linux-gnu:/opt/ros/humble/lib PYTHONPATH=/home/daniel/code/2025-phd-daniel-guerrero/ros-bridge/build/carla_ackermann_control/prefix_override:/usr/lib/python3/dist-packages/colcon_core/task/python/colcon_distutils_commands:/home/daniel/code/2025-phd-daniel-guerrero/ros-bridge/install/carla_ackermann_control/lib/python3.10/site-packages:/home/daniel/code/2025-phd-daniel-guerrero/ros-bridge/build/carla_ros_bridge/src:/home/daniel/code/2025-phd-daniel-guerrero/ros-bridge/install/carla_ros_bridge/lib/python3.10/site-packages:/home/daniel/code/2025-phd-daniel-guerrero/ros-bridge/build/carla_spawn_objects:/home/daniel/code/2025-phd-daniel-guerrero/ros-bridge/install/carla_spawn_objects/lib/python3.10/site-packages:/home/daniel/code/2025-phd-daniel-guerrero/ros-bridge/build/carla_manual_control/src:/home/daniel/code/2025-phd-daniel-guerrero/ros-bridge/install/carla_manual_control/lib/python3.10/site-packages:/home/daniel/code/2025-phd-daniel-guerrero/ros-bridge/build/ros_compatibility/src:/home/daniel/code/2025-phd-daniel-guerrero/ros-bridge/install/ros_compatibility/lib/python3.10/site-packages:/home/daniel/code/2025-phd-daniel-guerrero/ros-bridge/build/carla_common/src:/home/daniel/code/2025-phd-daniel-guerrero/ros-bridge/install/carla_common/lib/python3.10/site-packages:/home/daniel/code/2025-phd-daniel-guerrero/ros-bridge/install/rqt_carla_control/lib/python3.10/site-packages:/home/daniel/code/2025-phd-daniel-guerrero/ros-bridge/install/carla_waypoint_publisher/lib/python3.10/site-packages:/home/daniel/code/2025-phd-daniel-guerrero/ros-bridge/install/carla_ackermann_control/lib/python3.10/site-packages:/home/daniel/code/2025-phd-daniel-guerrero/ros-bridge/install/carla_ad_agent/lib/python3.10/site-packages:/home/daniel/code/2025-phd-daniel-guerrero/ros-bridge/install/carla_waypoint_types/local/lib/python3.10/dist-packages:/home/daniel/code/2025-phd-daniel-guerrero/ros-bridge/install/carla_walker_agent/lib/python3.10/site-packages:/home/daniel/code/2025-phd-daniel-guerrero/ros-bridge/install/carla_twist_to_control/lib/python3.10/site-packages:/home/daniel/code/2025-phd-daniel-guerrero/ros-bridge/install/carla_ros_scenario_runner/lib/python3.10/site-packages:/home/daniel/code/2025-phd-daniel-guerrero/ros-bridge/install/carla_ros_scenario_runner_types/local/lib/python3.10/dist-packages:/home/daniel/code/2025-phd-daniel-guerrero/ros-bridge/install/carla_ackermann_msgs/local/lib/python3.10/dist-packages:/home/daniel/code/2025-phd-daniel-guerrero/ros-bridge/install/carla_msgs/local/lib/python3.10/dist-packages:/home/daniel/carla-ros-bridge/install/rqt_carla_control/lib/python3.10/site-packages:/home/daniel/carla-ros-bridge/install/carla_waypoint_publisher/lib/python3.10/site-packages:/home/daniel/carla-ros-bridge/install/carla_ackermann_control/lib/python3.10/site-packages:/home/daniel/carla-ros-bridge/install/carla_ros_bridge/lib/python3.10/site-packages:/home/daniel/carla-ros-bridge/install/carla_spawn_objects/lib/python3.10/site-packages:/home/daniel/carla-ros-bridge/install/carla_manual_control/lib/python3.10/site-packages:/home/daniel/carla-ros-bridge/install/carla_ad_agent/lib/python3.10/site-packages:/home/daniel/carla-ros-bridge/install/ros_compatibility/lib/python3.10/site-packages:/home/daniel/carla-ros-bridge/install/carla_waypoint_types/local/lib/python3.10/dist-packages:/home/daniel/carla-ros-bridge/install/carla_walker_agent/lib/python3.10/site-packages:/home/daniel/carla-ros-bridge/install/carla_twist_to_control/lib/python3.10/site-packages:/home/daniel/carla-ros-bridge/install/carla_ros_scenario_runner/lib/python3.10/site-packages:/home/daniel/carla-ros-bridge/install/carla_ros_scenario_runner_types/local/lib/python3.10/dist-packages:/home/daniel/carla-ros-bridge/install/carla_ackermann_msgs/local/lib/python3.10/dist-packages:/home/daniel/carla-ros-bridge/install/carla_msgs/local/lib/python3.10/dist-packages:/home/daniel/carla-ros-bridge/install/carla_common/lib/python3.10/site-packages:/opt/ros/humble/lib/python3.10/site-packages:/opt/ros/humble/local/lib/python3.10/dist-packages /usr/bin/python3 -W ignore:setup.py install is deprecated -W ignore:easy_install command is deprecated setup.py develop --editable --build-directory /home/daniel/code/2025-phd-daniel-guerrero/ros-bridge/build/carla_ackermann_control/build --no-deps symlink_data
[23.407s] INFO:colcon.colcon_core.shell:Creating environment descriptor '/home/daniel/code/2025-phd-daniel-guerrero/ros-bridge/build/carla_ackermann_control/src/share/carla_ackermann_control/hook/pythonpath_develop.dsv'
[23.408s] INFO:colcon.colcon_core.shell:Creating environment hook '/home/daniel/code/2025-phd-daniel-guerrero/ros-bridge/build/carla_ackermann_control/src/share/carla_ackermann_control/hook/pythonpath_develop.sh'
[23.408s] Level 1:colcon.colcon_core.environment:checking '/home/daniel/code/2025-phd-daniel-guerrero/ros-bridge/install/carla_ackermann_control' for CMake module files
[23.409s] Level 1:colcon.colcon_core.environment:checking '/home/daniel/code/2025-phd-daniel-guerrero/ros-bridge/install/carla_ackermann_control' for CMake config files
[23.410s] Level 1:colcon.colcon_core.environment:checking '/home/daniel/code/2025-phd-daniel-guerrero/ros-bridge/install/carla_ackermann_control/lib'
[23.410s] Level 1:colcon.colcon_core.environment:checking '/home/daniel/code/2025-phd-daniel-guerrero/ros-bridge/install/carla_ackermann_control/bin'
[23.410s] Level 1:colcon.colcon_core.environment:checking '/home/daniel/code/2025-phd-daniel-guerrero/ros-bridge/install/carla_ackermann_control/lib/pkgconfig/carla_ackermann_control.pc'
[23.410s] Level 1:colcon.colcon_core.environment:checking '/home/daniel/code/2025-phd-daniel-guerrero/ros-bridge/install/carla_ackermann_control/lib/python3.10/site-packages'
[23.410s] Level 1:colcon.colcon_core.shell:create_environment_hook('carla_ackermann_control', 'pythonpath')
[23.411s] INFO:colcon.colcon_core.shell:Creating environment hook '/home/daniel/code/2025-phd-daniel-guerrero/ros-bridge/install/carla_ackermann_control/share/carla_ackermann_control/hook/pythonpath.ps1'
[23.411s] INFO:colcon.colcon_core.shell:Creating environment descriptor '/home/daniel/code/2025-phd-daniel-guerrero/ros-bridge/install/carla_ackermann_control/share/carla_ackermann_control/hook/pythonpath.dsv'
[23.411s] INFO:colcon.colcon_core.shell:Creating environment hook '/home/daniel/code/2025-phd-daniel-guerrero/ros-bridge/install/carla_ackermann_control/share/carla_ackermann_control/hook/pythonpath.sh'
[23.412s] Level 1:colcon.colcon_core.environment:checking '/home/daniel/code/2025-phd-daniel-guerrero/ros-bridge/install/carla_ackermann_control/bin'
[23.412s] Level 1:colcon.colcon_core.environment:create_environment_scripts_only(carla_ackermann_control)
[23.413s] INFO:colcon.colcon_core.shell:Creating package script '/home/daniel/code/2025-phd-daniel-guerrero/ros-bridge/install/carla_ackermann_control/share/carla_ackermann_control/package.ps1'
[23.413s] INFO:colcon.colcon_core.shell:Creating package descriptor '/home/daniel/code/2025-phd-daniel-guerrero/ros-bridge/install/carla_ackermann_control/share/carla_ackermann_control/package.dsv'
[23.414s] INFO:colcon.colcon_core.shell:Creating package script '/home/daniel/code/2025-phd-daniel-guerrero/ros-bridge/install/carla_ackermann_control/share/carla_ackermann_control/package.sh'
[23.414s] INFO:colcon.colcon_core.shell:Creating package script '/home/daniel/code/2025-phd-daniel-guerrero/ros-bridge/install/carla_ackermann_control/share/carla_ackermann_control/package.bash'
[23.415s] INFO:colcon.colcon_core.shell:Creating package script '/home/daniel/code/2025-phd-daniel-guerrero/ros-bridge/install/carla_ackermann_control/share/carla_ackermann_control/package.zsh'
[23.415s] Level 1:colcon.colcon_core.environment:create_file_with_runtime_dependencies(/home/daniel/code/2025-phd-daniel-guerrero/ros-bridge/install/carla_ackermann_control/share/colcon-core/packages/carla_ackermann_control)
[23.513s] DEBUG:colcon.colcon_core.event_handler.log_command:Invoked command in '/home/daniel/code/2025-phd-daniel-guerrero/ros-bridge/build/pcl_recorder' returned '0': AMENT_PREFIX_PATH=/home/daniel/code/2025-phd-daniel-guerrero/ros-bridge/install/carla_ros_bridge:/home/daniel/code/2025-phd-daniel-guerrero/ros-bridge/install/carla_spawn_objects:/home/daniel/code/2025-phd-daniel-guerrero/ros-bridge/install/carla_manual_control:/home/daniel/code/2025-phd-daniel-guerrero/ros-bridge/install/ros_compatibility:/home/daniel/code/2025-phd-daniel-guerrero/ros-bridge/install/carla_common:/home/daniel/code/2025-phd-daniel-guerrero/ros-bridge/install/carla_ad_demo:/home/daniel/code/2025-phd-daniel-guerrero/ros-bridge/install/rviz_carla_plugin:/home/daniel/code/2025-phd-daniel-guerrero/ros-bridge/install/rqt_carla_control:/home/daniel/code/2025-phd-daniel-guerrero/ros-bridge/install/pcl_recorder:/home/daniel/code/2025-phd-daniel-guerrero/ros-bridge/install/carla_waypoint_publisher:/home/daniel/code/2025-phd-daniel-guerrero/ros-bridge/install/carla_ackermann_control:/home/daniel/code/2025-phd-daniel-guerrero/ros-bridge/install/carla_ad_agent:/home/daniel/code/2025-phd-daniel-guerrero/ros-bridge/install/carla_waypoint_types:/home/daniel/code/2025-phd-daniel-guerrero/ros-bridge/install/carla_walker_agent:/home/daniel/code/2025-phd-daniel-guerrero/ros-bridge/install/carla_twist_to_control:/home/daniel/code/2025-phd-daniel-guerrero/ros-bridge/install/carla_ros_scenario_runner:/home/daniel/code/2025-phd-daniel-guerrero/ros-bridge/install/carla_ros_scenario_runner_types:/home/daniel/code/2025-phd-daniel-guerrero/ros-bridge/install/carla_ackermann_msgs:/home/daniel/code/2025-phd-daniel-guerrero/ros-bridge/install/carla_msgs:/home/daniel/carla-ros-bridge/install/rqt_carla_control:/home/daniel/carla-ros-bridge/install/carla_waypoint_publisher:/home/daniel/carla-ros-bridge/install/carla_ackermann_control:/home/daniel/carla-ros-bridge/install/carla_ros_bridge:/home/daniel/carla-ros-bridge/install/carla_spawn_objects:/home/daniel/carla-ros-bridge/install/carla_manual_control:/home/daniel/carla-ros-bridge/install/carla_ad_agent:/home/daniel/carla-ros-bridge/install/ros_compatibility:/home/daniel/carla-ros-bridge/install/carla_waypoint_types:/home/daniel/carla-ros-bridge/install/carla_walker_agent:/home/daniel/carla-ros-bridge/install/carla_twist_to_control:/home/daniel/carla-ros-bridge/install/carla_ros_scenario_runner:/home/daniel/carla-ros-bridge/install/carla_ros_scenario_runner_types:/home/daniel/carla-ros-bridge/install/carla_ackermann_msgs:/home/daniel/carla-ros-bridge/install/carla_msgs:/home/daniel/carla-ros-bridge/install/carla_common:/opt/ros/humble CMAKE_PREFIX_PATH=/home/daniel/code/2025-phd-daniel-guerrero/ros-bridge/install/carla_msgs:/home/daniel/code/2025-phd-daniel-guerrero/ros-bridge/install/carla_ad_demo:/home/daniel/code/2025-phd-daniel-guerrero/ros-bridge/install/rviz_carla_plugin:/home/daniel/code/2025-phd-daniel-guerrero/ros-bridge/install/pcl_recorder:/home/daniel/code/2025-phd-daniel-guerrero/ros-bridge/install/carla_waypoint_types:/home/daniel/code/2025-phd-daniel-guerrero/ros-bridge/install/carla_ros_scenario_runner_types:/home/daniel/code/2025-phd-daniel-guerrero/ros-bridge/install/carla_ackermann_msgs:/home/daniel/carla-ros-bridge/install/carla_waypoint_types:/home/daniel/carla-ros-bridge/install/carla_ros_scenario_runner_types:/home/daniel/carla-ros-bridge/install/carla_ackermann_msgs:/home/daniel/carla-ros-bridge/install/carla_msgs:/home/daniel/code/2025-phd-daniel-guerrero/ros-bridge/install/rqt_carla_control:/home/daniel/code/2025-phd-daniel-guerrero/ros-bridge/install/carla_waypoint_publisher:/home/daniel/code/2025-phd-daniel-guerrero/ros-bridge/install/carla_ackermann_control:/home/daniel/code/2025-phd-daniel-guerrero/ros-bridge/install/carla_ros_bridge:/home/daniel/code/2025-phd-daniel-guerrero/ros-bridge/install/carla_spawn_objects:/home/daniel/code/2025-phd-daniel-guerrero/ros-bridge/install/carla_manual_control:/home/daniel/code/2025-phd-daniel-guerrero/ros-bridge/install/carla_ad_agent:/home/daniel/code/2025-phd-daniel-guerrero/ros-bridge/install/ros_compatibility:/home/daniel/code/2025-phd-daniel-guerrero/ros-bridge/install/carla_walker_agent:/home/daniel/code/2025-phd-daniel-guerrero/ros-bridge/install/carla_twist_to_control:/home/daniel/code/2025-phd-daniel-guerrero/ros-bridge/install/carla_ros_scenario_runner:/home/daniel/code/2025-phd-daniel-guerrero/ros-bridge/install/carla_common:/home/daniel/carla-ros-bridge/install/rqt_carla_control:/home/daniel/carla-ros-bridge/install/carla_waypoint_publisher:/home/daniel/carla-ros-bridge/install/carla_ackermann_control:/home/daniel/carla-ros-bridge/install/carla_ros_bridge:/home/daniel/carla-ros-bridge/install/carla_spawn_objects:/home/daniel/carla-ros-bridge/install/carla_manual_control:/home/daniel/carla-ros-bridge/install/carla_ad_agent:/home/daniel/carla-ros-bridge/install/ros_compatibility:/home/daniel/carla-ros-bridge/install/carla_walker_agent:/home/daniel/carla-ros-bridge/install/carla_twist_to_control:/home/daniel/carla-ros-bridge/install/carla_ros_scenario_runner:/home/daniel/carla-ros-bridge/install/carla_common:/opt/ros/humble LD_LIBRARY_PATH=/home/daniel/code/2025-phd-daniel-guerrero/ros-bridge/install/carla_msgs/lib:/home/daniel/code/2025-phd-daniel-guerrero/ros-bridge/install/rviz_carla_plugin/lib:/home/daniel/code/2025-phd-daniel-guerrero/ros-bridge/install/carla_waypoint_types/lib:/home/daniel/code/2025-phd-daniel-guerrero/ros-bridge/install/carla_ros_scenario_runner_types/lib:/home/daniel/code/2025-phd-daniel-guerrero/ros-bridge/install/carla_ackermann_msgs/lib:/home/daniel/carla-ros-bridge/install/carla_waypoint_types/lib:/home/daniel/carla-ros-bridge/install/carla_ros_scenario_runner_types/lib:/home/daniel/carla-ros-bridge/install/carla_ackermann_msgs/lib:/home/daniel/carla-ros-bridge/install/carla_msgs/lib:/opt/ros/humble/opt/rviz_ogre_vendor/lib:/opt/ros/humble/lib/x86_64-linux-gnu:/opt/ros/humble/lib PYTHONPATH=/home/daniel/code/2025-phd-daniel-guerrero/ros-bridge/build/carla_ros_bridge/src:/home/daniel/code/2025-phd-daniel-guerrero/ros-bridge/install/carla_ros_bridge/lib/python3.10/site-packages:/home/daniel/code/2025-phd-daniel-guerrero/ros-bridge/build/carla_spawn_objects:/home/daniel/code/2025-phd-daniel-guerrero/ros-bridge/install/carla_spawn_objects/lib/python3.10/site-packages:/home/daniel/code/2025-phd-daniel-guerrero/ros-bridge/build/carla_manual_control/src:/home/daniel/code/2025-phd-daniel-guerrero/ros-bridge/install/carla_manual_control/lib/python3.10/site-packages:/home/daniel/code/2025-phd-daniel-guerrero/ros-bridge/build/ros_compatibility/src:/home/daniel/code/2025-phd-daniel-guerrero/ros-bridge/install/ros_compatibility/lib/python3.10/site-packages:/home/daniel/code/2025-phd-daniel-guerrero/ros-bridge/build/carla_common/src:/home/daniel/code/2025-phd-daniel-guerrero/ros-bridge/install/carla_common/lib/python3.10/site-packages:/home/daniel/code/2025-phd-daniel-guerrero/ros-bridge/install/rqt_carla_control/lib/python3.10/site-packages:/home/daniel/code/2025-phd-daniel-guerrero/ros-bridge/install/carla_waypoint_publisher/lib/python3.10/site-packages:/home/daniel/code/2025-phd-daniel-guerrero/ros-bridge/install/carla_ackermann_control/lib/python3.10/site-packages:/home/daniel/code/2025-phd-daniel-guerrero/ros-bridge/install/carla_ad_agent/lib/python3.10/site-packages:/home/daniel/code/2025-phd-daniel-guerrero/ros-bridge/install/carla_waypoint_types/local/lib/python3.10/dist-packages:/home/daniel/code/2025-phd-daniel-guerrero/ros-bridge/install/carla_walker_agent/lib/python3.10/site-packages:/home/daniel/code/2025-phd-daniel-guerrero/ros-bridge/install/carla_twist_to_control/lib/python3.10/site-packages:/home/daniel/code/2025-phd-daniel-guerrero/ros-bridge/install/carla_ros_scenario_runner/lib/python3.10/site-packages:/home/daniel/code/2025-phd-daniel-guerrero/ros-bridge/install/carla_ros_scenario_runner_types/local/lib/python3.10/dist-packages:/home/daniel/code/2025-phd-daniel-guerrero/ros-bridge/install/carla_ackermann_msgs/local/lib/python3.10/dist-packages:/home/daniel/code/2025-phd-daniel-guerrero/ros-bridge/install/carla_msgs/local/lib/python3.10/dist-packages:/home/daniel/carla-ros-bridge/install/rqt_carla_control/lib/python3.10/site-packages:/home/daniel/carla-ros-bridge/install/carla_waypoint_publisher/lib/python3.10/site-packages:/home/daniel/carla-ros-bridge/install/carla_ackermann_control/lib/python3.10/site-packages:/home/daniel/carla-ros-bridge/install/carla_ros_bridge/lib/python3.10/site-packages:/home/daniel/carla-ros-bridge/install/carla_spawn_objects/lib/python3.10/site-packages:/home/daniel/carla-ros-bridge/install/carla_manual_control/lib/python3.10/site-packages:/home/daniel/carla-ros-bridge/install/carla_ad_agent/lib/python3.10/site-packages:/home/daniel/carla-ros-bridge/install/ros_compatibility/lib/python3.10/site-packages:/home/daniel/carla-ros-bridge/install/carla_waypoint_types/local/lib/python3.10/dist-packages:/home/daniel/carla-ros-bridge/install/carla_walker_agent/lib/python3.10/site-packages:/home/daniel/carla-ros-bridge/install/carla_twist_to_control/lib/python3.10/site-packages:/home/daniel/carla-ros-bridge/install/carla_ros_scenario_runner/lib/python3.10/site-packages:/home/daniel/carla-ros-bridge/install/carla_ros_scenario_runner_types/local/lib/python3.10/dist-packages:/home/daniel/carla-ros-bridge/install/carla_ackermann_msgs/local/lib/python3.10/dist-packages:/home/daniel/carla-ros-bridge/install/carla_msgs/local/lib/python3.10/dist-packages:/home/daniel/carla-ros-bridge/install/carla_common/lib/python3.10/site-packages:/opt/ros/humble/lib/python3.10/site-packages:/opt/ros/humble/local/lib/python3.10/dist-packages /opt/cmake-3.28.3-linux-x86_64/bin/cmake /home/daniel/code/2025-phd-daniel-guerrero/ros-bridge/src/pcl_recorder -DAMENT_CMAKE_SYMLINK_INSTALL=1 -DCMAKE_INSTALL_PREFIX=/home/daniel/code/2025-phd-daniel-guerrero/ros-bridge/install/pcl_recorder
[23.516s] DEBUG:colcon.colcon_core.event_handler.log_command:Invoking command in '/home/daniel/code/2025-phd-daniel-guerrero/ros-bridge/build/pcl_recorder': AMENT_PREFIX_PATH=/home/daniel/code/2025-phd-daniel-guerrero/ros-bridge/install/carla_ros_bridge:/home/daniel/code/2025-phd-daniel-guerrero/ros-bridge/install/carla_spawn_objects:/home/daniel/code/2025-phd-daniel-guerrero/ros-bridge/install/carla_manual_control:/home/daniel/code/2025-phd-daniel-guerrero/ros-bridge/install/ros_compatibility:/home/daniel/code/2025-phd-daniel-guerrero/ros-bridge/install/carla_common:/home/daniel/code/2025-phd-daniel-guerrero/ros-bridge/install/carla_ad_demo:/home/daniel/code/2025-phd-daniel-guerrero/ros-bridge/install/rviz_carla_plugin:/home/daniel/code/2025-phd-daniel-guerrero/ros-bridge/install/rqt_carla_control:/home/daniel/code/2025-phd-daniel-guerrero/ros-bridge/install/pcl_recorder:/home/daniel/code/2025-phd-daniel-guerrero/ros-bridge/install/carla_waypoint_publisher:/home/daniel/code/2025-phd-daniel-guerrero/ros-bridge/install/carla_ackermann_control:/home/daniel/code/2025-phd-daniel-guerrero/ros-bridge/install/carla_ad_agent:/home/daniel/code/2025-phd-daniel-guerrero/ros-bridge/install/carla_waypoint_types:/home/daniel/code/2025-phd-daniel-guerrero/ros-bridge/install/carla_walker_agent:/home/daniel/code/2025-phd-daniel-guerrero/ros-bridge/install/carla_twist_to_control:/home/daniel/code/2025-phd-daniel-guerrero/ros-bridge/install/carla_ros_scenario_runner:/home/daniel/code/2025-phd-daniel-guerrero/ros-bridge/install/carla_ros_scenario_runner_types:/home/daniel/code/2025-phd-daniel-guerrero/ros-bridge/install/carla_ackermann_msgs:/home/daniel/code/2025-phd-daniel-guerrero/ros-bridge/install/carla_msgs:/home/daniel/carla-ros-bridge/install/rqt_carla_control:/home/daniel/carla-ros-bridge/install/carla_waypoint_publisher:/home/daniel/carla-ros-bridge/install/carla_ackermann_control:/home/daniel/carla-ros-bridge/install/carla_ros_bridge:/home/daniel/carla-ros-bridge/install/carla_spawn_objects:/home/daniel/carla-ros-bridge/install/carla_manual_control:/home/daniel/carla-ros-bridge/install/carla_ad_agent:/home/daniel/carla-ros-bridge/install/ros_compatibility:/home/daniel/carla-ros-bridge/install/carla_waypoint_types:/home/daniel/carla-ros-bridge/install/carla_walker_agent:/home/daniel/carla-ros-bridge/install/carla_twist_to_control:/home/daniel/carla-ros-bridge/install/carla_ros_scenario_runner:/home/daniel/carla-ros-bridge/install/carla_ros_scenario_runner_types:/home/daniel/carla-ros-bridge/install/carla_ackermann_msgs:/home/daniel/carla-ros-bridge/install/carla_msgs:/home/daniel/carla-ros-bridge/install/carla_common:/opt/ros/humble CMAKE_PREFIX_PATH=/home/daniel/code/2025-phd-daniel-guerrero/ros-bridge/install/carla_msgs:/home/daniel/code/2025-phd-daniel-guerrero/ros-bridge/install/carla_ad_demo:/home/daniel/code/2025-phd-daniel-guerrero/ros-bridge/install/rviz_carla_plugin:/home/daniel/code/2025-phd-daniel-guerrero/ros-bridge/install/pcl_recorder:/home/daniel/code/2025-phd-daniel-guerrero/ros-bridge/install/carla_waypoint_types:/home/daniel/code/2025-phd-daniel-guerrero/ros-bridge/install/carla_ros_scenario_runner_types:/home/daniel/code/2025-phd-daniel-guerrero/ros-bridge/install/carla_ackermann_msgs:/home/daniel/carla-ros-bridge/install/carla_waypoint_types:/home/daniel/carla-ros-bridge/install/carla_ros_scenario_runner_types:/home/daniel/carla-ros-bridge/install/carla_ackermann_msgs:/home/daniel/carla-ros-bridge/install/carla_msgs:/home/daniel/code/2025-phd-daniel-guerrero/ros-bridge/install/rqt_carla_control:/home/daniel/code/2025-phd-daniel-guerrero/ros-bridge/install/carla_waypoint_publisher:/home/daniel/code/2025-phd-daniel-guerrero/ros-bridge/install/carla_ackermann_control:/home/daniel/code/2025-phd-daniel-guerrero/ros-bridge/install/carla_ros_bridge:/home/daniel/code/2025-phd-daniel-guerrero/ros-bridge/install/carla_spawn_objects:/home/daniel/code/2025-phd-daniel-guerrero/ros-bridge/install/carla_manual_control:/home/daniel/code/2025-phd-daniel-guerrero/ros-bridge/install/carla_ad_agent:/home/daniel/code/2025-phd-daniel-guerrero/ros-bridge/install/ros_compatibility:/home/daniel/code/2025-phd-daniel-guerrero/ros-bridge/install/carla_walker_agent:/home/daniel/code/2025-phd-daniel-guerrero/ros-bridge/install/carla_twist_to_control:/home/daniel/code/2025-phd-daniel-guerrero/ros-bridge/install/carla_ros_scenario_runner:/home/daniel/code/2025-phd-daniel-guerrero/ros-bridge/install/carla_common:/home/daniel/carla-ros-bridge/install/rqt_carla_control:/home/daniel/carla-ros-bridge/install/carla_waypoint_publisher:/home/daniel/carla-ros-bridge/install/carla_ackermann_control:/home/daniel/carla-ros-bridge/install/carla_ros_bridge:/home/daniel/carla-ros-bridge/install/carla_spawn_objects:/home/daniel/carla-ros-bridge/install/carla_manual_control:/home/daniel/carla-ros-bridge/install/carla_ad_agent:/home/daniel/carla-ros-bridge/install/ros_compatibility:/home/daniel/carla-ros-bridge/install/carla_walker_agent:/home/daniel/carla-ros-bridge/install/carla_twist_to_control:/home/daniel/carla-ros-bridge/install/carla_ros_scenario_runner:/home/daniel/carla-ros-bridge/install/carla_common:/opt/ros/humble LD_LIBRARY_PATH=/home/daniel/code/2025-phd-daniel-guerrero/ros-bridge/install/carla_msgs/lib:/home/daniel/code/2025-phd-daniel-guerrero/ros-bridge/install/rviz_carla_plugin/lib:/home/daniel/code/2025-phd-daniel-guerrero/ros-bridge/install/carla_waypoint_types/lib:/home/daniel/code/2025-phd-daniel-guerrero/ros-bridge/install/carla_ros_scenario_runner_types/lib:/home/daniel/code/2025-phd-daniel-guerrero/ros-bridge/install/carla_ackermann_msgs/lib:/home/daniel/carla-ros-bridge/install/carla_waypoint_types/lib:/home/daniel/carla-ros-bridge/install/carla_ros_scenario_runner_types/lib:/home/daniel/carla-ros-bridge/install/carla_ackermann_msgs/lib:/home/daniel/carla-ros-bridge/install/carla_msgs/lib:/opt/ros/humble/opt/rviz_ogre_vendor/lib:/opt/ros/humble/lib/x86_64-linux-gnu:/opt/ros/humble/lib PYTHONPATH=/home/daniel/code/2025-phd-daniel-guerrero/ros-bridge/build/carla_ros_bridge/src:/home/daniel/code/2025-phd-daniel-guerrero/ros-bridge/install/carla_ros_bridge/lib/python3.10/site-packages:/home/daniel/code/2025-phd-daniel-guerrero/ros-bridge/build/carla_spawn_objects:/home/daniel/code/2025-phd-daniel-guerrero/ros-bridge/install/carla_spawn_objects/lib/python3.10/site-packages:/home/daniel/code/2025-phd-daniel-guerrero/ros-bridge/build/carla_manual_control/src:/home/daniel/code/2025-phd-daniel-guerrero/ros-bridge/install/carla_manual_control/lib/python3.10/site-packages:/home/daniel/code/2025-phd-daniel-guerrero/ros-bridge/build/ros_compatibility/src:/home/daniel/code/2025-phd-daniel-guerrero/ros-bridge/install/ros_compatibility/lib/python3.10/site-packages:/home/daniel/code/2025-phd-daniel-guerrero/ros-bridge/build/carla_common/src:/home/daniel/code/2025-phd-daniel-guerrero/ros-bridge/install/carla_common/lib/python3.10/site-packages:/home/daniel/code/2025-phd-daniel-guerrero/ros-bridge/install/rqt_carla_control/lib/python3.10/site-packages:/home/daniel/code/2025-phd-daniel-guerrero/ros-bridge/install/carla_waypoint_publisher/lib/python3.10/site-packages:/home/daniel/code/2025-phd-daniel-guerrero/ros-bridge/install/carla_ackermann_control/lib/python3.10/site-packages:/home/daniel/code/2025-phd-daniel-guerrero/ros-bridge/install/carla_ad_agent/lib/python3.10/site-packages:/home/daniel/code/2025-phd-daniel-guerrero/ros-bridge/install/carla_waypoint_types/local/lib/python3.10/dist-packages:/home/daniel/code/2025-phd-daniel-guerrero/ros-bridge/install/carla_walker_agent/lib/python3.10/site-packages:/home/daniel/code/2025-phd-daniel-guerrero/ros-bridge/install/carla_twist_to_control/lib/python3.10/site-packages:/home/daniel/code/2025-phd-daniel-guerrero/ros-bridge/install/carla_ros_scenario_runner/lib/python3.10/site-packages:/home/daniel/code/2025-phd-daniel-guerrero/ros-bridge/install/carla_ros_scenario_runner_types/local/lib/python3.10/dist-packages:/home/daniel/code/2025-phd-daniel-guerrero/ros-bridge/install/carla_ackermann_msgs/local/lib/python3.10/dist-packages:/home/daniel/code/2025-phd-daniel-guerrero/ros-bridge/install/carla_msgs/local/lib/python3.10/dist-packages:/home/daniel/carla-ros-bridge/install/rqt_carla_control/lib/python3.10/site-packages:/home/daniel/carla-ros-bridge/install/carla_waypoint_publisher/lib/python3.10/site-packages:/home/daniel/carla-ros-bridge/install/carla_ackermann_control/lib/python3.10/site-packages:/home/daniel/carla-ros-bridge/install/carla_ros_bridge/lib/python3.10/site-packages:/home/daniel/carla-ros-bridge/install/carla_spawn_objects/lib/python3.10/site-packages:/home/daniel/carla-ros-bridge/install/carla_manual_control/lib/python3.10/site-packages:/home/daniel/carla-ros-bridge/install/carla_ad_agent/lib/python3.10/site-packages:/home/daniel/carla-ros-bridge/install/ros_compatibility/lib/python3.10/site-packages:/home/daniel/carla-ros-bridge/install/carla_waypoint_types/local/lib/python3.10/dist-packages:/home/daniel/carla-ros-bridge/install/carla_walker_agent/lib/python3.10/site-packages:/home/daniel/carla-ros-bridge/install/carla_twist_to_control/lib/python3.10/site-packages:/home/daniel/carla-ros-bridge/install/carla_ros_scenario_runner/lib/python3.10/site-packages:/home/daniel/carla-ros-bridge/install/carla_ros_scenario_runner_types/local/lib/python3.10/dist-packages:/home/daniel/carla-ros-bridge/install/carla_ackermann_msgs/local/lib/python3.10/dist-packages:/home/daniel/carla-ros-bridge/install/carla_msgs/local/lib/python3.10/dist-packages:/home/daniel/carla-ros-bridge/install/carla_common/lib/python3.10/site-packages:/opt/ros/humble/lib/python3.10/site-packages:/opt/ros/humble/local/lib/python3.10/dist-packages /opt/cmake-3.28.3-linux-x86_64/bin/cmake --build /home/daniel/code/2025-phd-daniel-guerrero/ros-bridge/build/pcl_recorder -- -j12 -l12
[34.309s] DEBUG:colcon.colcon_core.event_handler.log_command:Invoked command in '/home/daniel/code/2025-phd-daniel-guerrero/ros-bridge/build/pcl_recorder' returned '0': AMENT_PREFIX_PATH=/home/daniel/code/2025-phd-daniel-guerrero/ros-bridge/install/carla_ros_bridge:/home/daniel/code/2025-phd-daniel-guerrero/ros-bridge/install/carla_spawn_objects:/home/daniel/code/2025-phd-daniel-guerrero/ros-bridge/install/carla_manual_control:/home/daniel/code/2025-phd-daniel-guerrero/ros-bridge/install/ros_compatibility:/home/daniel/code/2025-phd-daniel-guerrero/ros-bridge/install/carla_common:/home/daniel/code/2025-phd-daniel-guerrero/ros-bridge/install/carla_ad_demo:/home/daniel/code/2025-phd-daniel-guerrero/ros-bridge/install/rviz_carla_plugin:/home/daniel/code/2025-phd-daniel-guerrero/ros-bridge/install/rqt_carla_control:/home/daniel/code/2025-phd-daniel-guerrero/ros-bridge/install/pcl_recorder:/home/daniel/code/2025-phd-daniel-guerrero/ros-bridge/install/carla_waypoint_publisher:/home/daniel/code/2025-phd-daniel-guerrero/ros-bridge/install/carla_ackermann_control:/home/daniel/code/2025-phd-daniel-guerrero/ros-bridge/install/carla_ad_agent:/home/daniel/code/2025-phd-daniel-guerrero/ros-bridge/install/carla_waypoint_types:/home/daniel/code/2025-phd-daniel-guerrero/ros-bridge/install/carla_walker_agent:/home/daniel/code/2025-phd-daniel-guerrero/ros-bridge/install/carla_twist_to_control:/home/daniel/code/2025-phd-daniel-guerrero/ros-bridge/install/carla_ros_scenario_runner:/home/daniel/code/2025-phd-daniel-guerrero/ros-bridge/install/carla_ros_scenario_runner_types:/home/daniel/code/2025-phd-daniel-guerrero/ros-bridge/install/carla_ackermann_msgs:/home/daniel/code/2025-phd-daniel-guerrero/ros-bridge/install/carla_msgs:/home/daniel/carla-ros-bridge/install/rqt_carla_control:/home/daniel/carla-ros-bridge/install/carla_waypoint_publisher:/home/daniel/carla-ros-bridge/install/carla_ackermann_control:/home/daniel/carla-ros-bridge/install/carla_ros_bridge:/home/daniel/carla-ros-bridge/install/carla_spawn_objects:/home/daniel/carla-ros-bridge/install/carla_manual_control:/home/daniel/carla-ros-bridge/install/carla_ad_agent:/home/daniel/carla-ros-bridge/install/ros_compatibility:/home/daniel/carla-ros-bridge/install/carla_waypoint_types:/home/daniel/carla-ros-bridge/install/carla_walker_agent:/home/daniel/carla-ros-bridge/install/carla_twist_to_control:/home/daniel/carla-ros-bridge/install/carla_ros_scenario_runner:/home/daniel/carla-ros-bridge/install/carla_ros_scenario_runner_types:/home/daniel/carla-ros-bridge/install/carla_ackermann_msgs:/home/daniel/carla-ros-bridge/install/carla_msgs:/home/daniel/carla-ros-bridge/install/carla_common:/opt/ros/humble CMAKE_PREFIX_PATH=/home/daniel/code/2025-phd-daniel-guerrero/ros-bridge/install/carla_msgs:/home/daniel/code/2025-phd-daniel-guerrero/ros-bridge/install/carla_ad_demo:/home/daniel/code/2025-phd-daniel-guerrero/ros-bridge/install/rviz_carla_plugin:/home/daniel/code/2025-phd-daniel-guerrero/ros-bridge/install/pcl_recorder:/home/daniel/code/2025-phd-daniel-guerrero/ros-bridge/install/carla_waypoint_types:/home/daniel/code/2025-phd-daniel-guerrero/ros-bridge/install/carla_ros_scenario_runner_types:/home/daniel/code/2025-phd-daniel-guerrero/ros-bridge/install/carla_ackermann_msgs:/home/daniel/carla-ros-bridge/install/carla_waypoint_types:/home/daniel/carla-ros-bridge/install/carla_ros_scenario_runner_types:/home/daniel/carla-ros-bridge/install/carla_ackermann_msgs:/home/daniel/carla-ros-bridge/install/carla_msgs:/home/daniel/code/2025-phd-daniel-guerrero/ros-bridge/install/rqt_carla_control:/home/daniel/code/2025-phd-daniel-guerrero/ros-bridge/install/carla_waypoint_publisher:/home/daniel/code/2025-phd-daniel-guerrero/ros-bridge/install/carla_ackermann_control:/home/daniel/code/2025-phd-daniel-guerrero/ros-bridge/install/carla_ros_bridge:/home/daniel/code/2025-phd-daniel-guerrero/ros-bridge/install/carla_spawn_objects:/home/daniel/code/2025-phd-daniel-guerrero/ros-bridge/install/carla_manual_control:/home/daniel/code/2025-phd-daniel-guerrero/ros-bridge/install/carla_ad_agent:/home/daniel/code/2025-phd-daniel-guerrero/ros-bridge/install/ros_compatibility:/home/daniel/code/2025-phd-daniel-guerrero/ros-bridge/install/carla_walker_agent:/home/daniel/code/2025-phd-daniel-guerrero/ros-bridge/install/carla_twist_to_control:/home/daniel/code/2025-phd-daniel-guerrero/ros-bridge/install/carla_ros_scenario_runner:/home/daniel/code/2025-phd-daniel-guerrero/ros-bridge/install/carla_common:/home/daniel/carla-ros-bridge/install/rqt_carla_control:/home/daniel/carla-ros-bridge/install/carla_waypoint_publisher:/home/daniel/carla-ros-bridge/install/carla_ackermann_control:/home/daniel/carla-ros-bridge/install/carla_ros_bridge:/home/daniel/carla-ros-bridge/install/carla_spawn_objects:/home/daniel/carla-ros-bridge/install/carla_manual_control:/home/daniel/carla-ros-bridge/install/carla_ad_agent:/home/daniel/carla-ros-bridge/install/ros_compatibility:/home/daniel/carla-ros-bridge/install/carla_walker_agent:/home/daniel/carla-ros-bridge/install/carla_twist_to_control:/home/daniel/carla-ros-bridge/install/carla_ros_scenario_runner:/home/daniel/carla-ros-bridge/install/carla_common:/opt/ros/humble LD_LIBRARY_PATH=/home/daniel/code/2025-phd-daniel-guerrero/ros-bridge/install/carla_msgs/lib:/home/daniel/code/2025-phd-daniel-guerrero/ros-bridge/install/rviz_carla_plugin/lib:/home/daniel/code/2025-phd-daniel-guerrero/ros-bridge/install/carla_waypoint_types/lib:/home/daniel/code/2025-phd-daniel-guerrero/ros-bridge/install/carla_ros_scenario_runner_types/lib:/home/daniel/code/2025-phd-daniel-guerrero/ros-bridge/install/carla_ackermann_msgs/lib:/home/daniel/carla-ros-bridge/install/carla_waypoint_types/lib:/home/daniel/carla-ros-bridge/install/carla_ros_scenario_runner_types/lib:/home/daniel/carla-ros-bridge/install/carla_ackermann_msgs/lib:/home/daniel/carla-ros-bridge/install/carla_msgs/lib:/opt/ros/humble/opt/rviz_ogre_vendor/lib:/opt/ros/humble/lib/x86_64-linux-gnu:/opt/ros/humble/lib PYTHONPATH=/home/daniel/code/2025-phd-daniel-guerrero/ros-bridge/build/carla_ros_bridge/src:/home/daniel/code/2025-phd-daniel-guerrero/ros-bridge/install/carla_ros_bridge/lib/python3.10/site-packages:/home/daniel/code/2025-phd-daniel-guerrero/ros-bridge/build/carla_spawn_objects:/home/daniel/code/2025-phd-daniel-guerrero/ros-bridge/install/carla_spawn_objects/lib/python3.10/site-packages:/home/daniel/code/2025-phd-daniel-guerrero/ros-bridge/build/carla_manual_control/src:/home/daniel/code/2025-phd-daniel-guerrero/ros-bridge/install/carla_manual_control/lib/python3.10/site-packages:/home/daniel/code/2025-phd-daniel-guerrero/ros-bridge/build/ros_compatibility/src:/home/daniel/code/2025-phd-daniel-guerrero/ros-bridge/install/ros_compatibility/lib/python3.10/site-packages:/home/daniel/code/2025-phd-daniel-guerrero/ros-bridge/build/carla_common/src:/home/daniel/code/2025-phd-daniel-guerrero/ros-bridge/install/carla_common/lib/python3.10/site-packages:/home/daniel/code/2025-phd-daniel-guerrero/ros-bridge/install/rqt_carla_control/lib/python3.10/site-packages:/home/daniel/code/2025-phd-daniel-guerrero/ros-bridge/install/carla_waypoint_publisher/lib/python3.10/site-packages:/home/daniel/code/2025-phd-daniel-guerrero/ros-bridge/install/carla_ackermann_control/lib/python3.10/site-packages:/home/daniel/code/2025-phd-daniel-guerrero/ros-bridge/install/carla_ad_agent/lib/python3.10/site-packages:/home/daniel/code/2025-phd-daniel-guerrero/ros-bridge/install/carla_waypoint_types/local/lib/python3.10/dist-packages:/home/daniel/code/2025-phd-daniel-guerrero/ros-bridge/install/carla_walker_agent/lib/python3.10/site-packages:/home/daniel/code/2025-phd-daniel-guerrero/ros-bridge/install/carla_twist_to_control/lib/python3.10/site-packages:/home/daniel/code/2025-phd-daniel-guerrero/ros-bridge/install/carla_ros_scenario_runner/lib/python3.10/site-packages:/home/daniel/code/2025-phd-daniel-guerrero/ros-bridge/install/carla_ros_scenario_runner_types/local/lib/python3.10/dist-packages:/home/daniel/code/2025-phd-daniel-guerrero/ros-bridge/install/carla_ackermann_msgs/local/lib/python3.10/dist-packages:/home/daniel/code/2025-phd-daniel-guerrero/ros-bridge/install/carla_msgs/local/lib/python3.10/dist-packages:/home/daniel/carla-ros-bridge/install/rqt_carla_control/lib/python3.10/site-packages:/home/daniel/carla-ros-bridge/install/carla_waypoint_publisher/lib/python3.10/site-packages:/home/daniel/carla-ros-bridge/install/carla_ackermann_control/lib/python3.10/site-packages:/home/daniel/carla-ros-bridge/install/carla_ros_bridge/lib/python3.10/site-packages:/home/daniel/carla-ros-bridge/install/carla_spawn_objects/lib/python3.10/site-packages:/home/daniel/carla-ros-bridge/install/carla_manual_control/lib/python3.10/site-packages:/home/daniel/carla-ros-bridge/install/carla_ad_agent/lib/python3.10/site-packages:/home/daniel/carla-ros-bridge/install/ros_compatibility/lib/python3.10/site-packages:/home/daniel/carla-ros-bridge/install/carla_waypoint_types/local/lib/python3.10/dist-packages:/home/daniel/carla-ros-bridge/install/carla_walker_agent/lib/python3.10/site-packages:/home/daniel/carla-ros-bridge/install/carla_twist_to_control/lib/python3.10/site-packages:/home/daniel/carla-ros-bridge/install/carla_ros_scenario_runner/lib/python3.10/site-packages:/home/daniel/carla-ros-bridge/install/carla_ros_scenario_runner_types/local/lib/python3.10/dist-packages:/home/daniel/carla-ros-bridge/install/carla_ackermann_msgs/local/lib/python3.10/dist-packages:/home/daniel/carla-ros-bridge/install/carla_msgs/local/lib/python3.10/dist-packages:/home/daniel/carla-ros-bridge/install/carla_common/lib/python3.10/site-packages:/opt/ros/humble/lib/python3.10/site-packages:/opt/ros/humble/local/lib/python3.10/dist-packages /opt/cmake-3.28.3-linux-x86_64/bin/cmake --build /home/daniel/code/2025-phd-daniel-guerrero/ros-bridge/build/pcl_recorder -- -j12 -l12
[34.310s] DEBUG:colcon.colcon_core.event_handler.log_command:Invoking command in '/home/daniel/code/2025-phd-daniel-guerrero/ros-bridge/build/pcl_recorder': AMENT_PREFIX_PATH=/home/daniel/code/2025-phd-daniel-guerrero/ros-bridge/install/carla_ros_bridge:/home/daniel/code/2025-phd-daniel-guerrero/ros-bridge/install/carla_spawn_objects:/home/daniel/code/2025-phd-daniel-guerrero/ros-bridge/install/carla_manual_control:/home/daniel/code/2025-phd-daniel-guerrero/ros-bridge/install/ros_compatibility:/home/daniel/code/2025-phd-daniel-guerrero/ros-bridge/install/carla_common:/home/daniel/code/2025-phd-daniel-guerrero/ros-bridge/install/carla_ad_demo:/home/daniel/code/2025-phd-daniel-guerrero/ros-bridge/install/rviz_carla_plugin:/home/daniel/code/2025-phd-daniel-guerrero/ros-bridge/install/rqt_carla_control:/home/daniel/code/2025-phd-daniel-guerrero/ros-bridge/install/pcl_recorder:/home/daniel/code/2025-phd-daniel-guerrero/ros-bridge/install/carla_waypoint_publisher:/home/daniel/code/2025-phd-daniel-guerrero/ros-bridge/install/carla_ackermann_control:/home/daniel/code/2025-phd-daniel-guerrero/ros-bridge/install/carla_ad_agent:/home/daniel/code/2025-phd-daniel-guerrero/ros-bridge/install/carla_waypoint_types:/home/daniel/code/2025-phd-daniel-guerrero/ros-bridge/install/carla_walker_agent:/home/daniel/code/2025-phd-daniel-guerrero/ros-bridge/install/carla_twist_to_control:/home/daniel/code/2025-phd-daniel-guerrero/ros-bridge/install/carla_ros_scenario_runner:/home/daniel/code/2025-phd-daniel-guerrero/ros-bridge/install/carla_ros_scenario_runner_types:/home/daniel/code/2025-phd-daniel-guerrero/ros-bridge/install/carla_ackermann_msgs:/home/daniel/code/2025-phd-daniel-guerrero/ros-bridge/install/carla_msgs:/home/daniel/carla-ros-bridge/install/rqt_carla_control:/home/daniel/carla-ros-bridge/install/carla_waypoint_publisher:/home/daniel/carla-ros-bridge/install/carla_ackermann_control:/home/daniel/carla-ros-bridge/install/carla_ros_bridge:/home/daniel/carla-ros-bridge/install/carla_spawn_objects:/home/daniel/carla-ros-bridge/install/carla_manual_control:/home/daniel/carla-ros-bridge/install/carla_ad_agent:/home/daniel/carla-ros-bridge/install/ros_compatibility:/home/daniel/carla-ros-bridge/install/carla_waypoint_types:/home/daniel/carla-ros-bridge/install/carla_walker_agent:/home/daniel/carla-ros-bridge/install/carla_twist_to_control:/home/daniel/carla-ros-bridge/install/carla_ros_scenario_runner:/home/daniel/carla-ros-bridge/install/carla_ros_scenario_runner_types:/home/daniel/carla-ros-bridge/install/carla_ackermann_msgs:/home/daniel/carla-ros-bridge/install/carla_msgs:/home/daniel/carla-ros-bridge/install/carla_common:/opt/ros/humble CMAKE_PREFIX_PATH=/home/daniel/code/2025-phd-daniel-guerrero/ros-bridge/install/carla_msgs:/home/daniel/code/2025-phd-daniel-guerrero/ros-bridge/install/carla_ad_demo:/home/daniel/code/2025-phd-daniel-guerrero/ros-bridge/install/rviz_carla_plugin:/home/daniel/code/2025-phd-daniel-guerrero/ros-bridge/install/pcl_recorder:/home/daniel/code/2025-phd-daniel-guerrero/ros-bridge/install/carla_waypoint_types:/home/daniel/code/2025-phd-daniel-guerrero/ros-bridge/install/carla_ros_scenario_runner_types:/home/daniel/code/2025-phd-daniel-guerrero/ros-bridge/install/carla_ackermann_msgs:/home/daniel/carla-ros-bridge/install/carla_waypoint_types:/home/daniel/carla-ros-bridge/install/carla_ros_scenario_runner_types:/home/daniel/carla-ros-bridge/install/carla_ackermann_msgs:/home/daniel/carla-ros-bridge/install/carla_msgs:/home/daniel/code/2025-phd-daniel-guerrero/ros-bridge/install/rqt_carla_control:/home/daniel/code/2025-phd-daniel-guerrero/ros-bridge/install/carla_waypoint_publisher:/home/daniel/code/2025-phd-daniel-guerrero/ros-bridge/install/carla_ackermann_control:/home/daniel/code/2025-phd-daniel-guerrero/ros-bridge/install/carla_ros_bridge:/home/daniel/code/2025-phd-daniel-guerrero/ros-bridge/install/carla_spawn_objects:/home/daniel/code/2025-phd-daniel-guerrero/ros-bridge/install/carla_manual_control:/home/daniel/code/2025-phd-daniel-guerrero/ros-bridge/install/carla_ad_agent:/home/daniel/code/2025-phd-daniel-guerrero/ros-bridge/install/ros_compatibility:/home/daniel/code/2025-phd-daniel-guerrero/ros-bridge/install/carla_walker_agent:/home/daniel/code/2025-phd-daniel-guerrero/ros-bridge/install/carla_twist_to_control:/home/daniel/code/2025-phd-daniel-guerrero/ros-bridge/install/carla_ros_scenario_runner:/home/daniel/code/2025-phd-daniel-guerrero/ros-bridge/install/carla_common:/home/daniel/carla-ros-bridge/install/rqt_carla_control:/home/daniel/carla-ros-bridge/install/carla_waypoint_publisher:/home/daniel/carla-ros-bridge/install/carla_ackermann_control:/home/daniel/carla-ros-bridge/install/carla_ros_bridge:/home/daniel/carla-ros-bridge/install/carla_spawn_objects:/home/daniel/carla-ros-bridge/install/carla_manual_control:/home/daniel/carla-ros-bridge/install/carla_ad_agent:/home/daniel/carla-ros-bridge/install/ros_compatibility:/home/daniel/carla-ros-bridge/install/carla_walker_agent:/home/daniel/carla-ros-bridge/install/carla_twist_to_control:/home/daniel/carla-ros-bridge/install/carla_ros_scenario_runner:/home/daniel/carla-ros-bridge/install/carla_common:/opt/ros/humble LD_LIBRARY_PATH=/home/daniel/code/2025-phd-daniel-guerrero/ros-bridge/install/carla_msgs/lib:/home/daniel/code/2025-phd-daniel-guerrero/ros-bridge/install/rviz_carla_plugin/lib:/home/daniel/code/2025-phd-daniel-guerrero/ros-bridge/install/carla_waypoint_types/lib:/home/daniel/code/2025-phd-daniel-guerrero/ros-bridge/install/carla_ros_scenario_runner_types/lib:/home/daniel/code/2025-phd-daniel-guerrero/ros-bridge/install/carla_ackermann_msgs/lib:/home/daniel/carla-ros-bridge/install/carla_waypoint_types/lib:/home/daniel/carla-ros-bridge/install/carla_ros_scenario_runner_types/lib:/home/daniel/carla-ros-bridge/install/carla_ackermann_msgs/lib:/home/daniel/carla-ros-bridge/install/carla_msgs/lib:/opt/ros/humble/opt/rviz_ogre_vendor/lib:/opt/ros/humble/lib/x86_64-linux-gnu:/opt/ros/humble/lib PYTHONPATH=/home/daniel/code/2025-phd-daniel-guerrero/ros-bridge/build/carla_ros_bridge/src:/home/daniel/code/2025-phd-daniel-guerrero/ros-bridge/install/carla_ros_bridge/lib/python3.10/site-packages:/home/daniel/code/2025-phd-daniel-guerrero/ros-bridge/build/carla_spawn_objects:/home/daniel/code/2025-phd-daniel-guerrero/ros-bridge/install/carla_spawn_objects/lib/python3.10/site-packages:/home/daniel/code/2025-phd-daniel-guerrero/ros-bridge/build/carla_manual_control/src:/home/daniel/code/2025-phd-daniel-guerrero/ros-bridge/install/carla_manual_control/lib/python3.10/site-packages:/home/daniel/code/2025-phd-daniel-guerrero/ros-bridge/build/ros_compatibility/src:/home/daniel/code/2025-phd-daniel-guerrero/ros-bridge/install/ros_compatibility/lib/python3.10/site-packages:/home/daniel/code/2025-phd-daniel-guerrero/ros-bridge/build/carla_common/src:/home/daniel/code/2025-phd-daniel-guerrero/ros-bridge/install/carla_common/lib/python3.10/site-packages:/home/daniel/code/2025-phd-daniel-guerrero/ros-bridge/install/rqt_carla_control/lib/python3.10/site-packages:/home/daniel/code/2025-phd-daniel-guerrero/ros-bridge/install/carla_waypoint_publisher/lib/python3.10/site-packages:/home/daniel/code/2025-phd-daniel-guerrero/ros-bridge/install/carla_ackermann_control/lib/python3.10/site-packages:/home/daniel/code/2025-phd-daniel-guerrero/ros-bridge/install/carla_ad_agent/lib/python3.10/site-packages:/home/daniel/code/2025-phd-daniel-guerrero/ros-bridge/install/carla_waypoint_types/local/lib/python3.10/dist-packages:/home/daniel/code/2025-phd-daniel-guerrero/ros-bridge/install/carla_walker_agent/lib/python3.10/site-packages:/home/daniel/code/2025-phd-daniel-guerrero/ros-bridge/install/carla_twist_to_control/lib/python3.10/site-packages:/home/daniel/code/2025-phd-daniel-guerrero/ros-bridge/install/carla_ros_scenario_runner/lib/python3.10/site-packages:/home/daniel/code/2025-phd-daniel-guerrero/ros-bridge/install/carla_ros_scenario_runner_types/local/lib/python3.10/dist-packages:/home/daniel/code/2025-phd-daniel-guerrero/ros-bridge/install/carla_ackermann_msgs/local/lib/python3.10/dist-packages:/home/daniel/code/2025-phd-daniel-guerrero/ros-bridge/install/carla_msgs/local/lib/python3.10/dist-packages:/home/daniel/carla-ros-bridge/install/rqt_carla_control/lib/python3.10/site-packages:/home/daniel/carla-ros-bridge/install/carla_waypoint_publisher/lib/python3.10/site-packages:/home/daniel/carla-ros-bridge/install/carla_ackermann_control/lib/python3.10/site-packages:/home/daniel/carla-ros-bridge/install/carla_ros_bridge/lib/python3.10/site-packages:/home/daniel/carla-ros-bridge/install/carla_spawn_objects/lib/python3.10/site-packages:/home/daniel/carla-ros-bridge/install/carla_manual_control/lib/python3.10/site-packages:/home/daniel/carla-ros-bridge/install/carla_ad_agent/lib/python3.10/site-packages:/home/daniel/carla-ros-bridge/install/ros_compatibility/lib/python3.10/site-packages:/home/daniel/carla-ros-bridge/install/carla_waypoint_types/local/lib/python3.10/dist-packages:/home/daniel/carla-ros-bridge/install/carla_walker_agent/lib/python3.10/site-packages:/home/daniel/carla-ros-bridge/install/carla_twist_to_control/lib/python3.10/site-packages:/home/daniel/carla-ros-bridge/install/carla_ros_scenario_runner/lib/python3.10/site-packages:/home/daniel/carla-ros-bridge/install/carla_ros_scenario_runner_types/local/lib/python3.10/dist-packages:/home/daniel/carla-ros-bridge/install/carla_ackermann_msgs/local/lib/python3.10/dist-packages:/home/daniel/carla-ros-bridge/install/carla_msgs/local/lib/python3.10/dist-packages:/home/daniel/carla-ros-bridge/install/carla_common/lib/python3.10/site-packages:/opt/ros/humble/lib/python3.10/site-packages:/opt/ros/humble/local/lib/python3.10/dist-packages /opt/cmake-3.28.3-linux-x86_64/bin/cmake --install /home/daniel/code/2025-phd-daniel-guerrero/ros-bridge/build/pcl_recorder
[34.357s] Level 1:colcon.colcon_core.environment:create_environment_scripts_only(pcl_recorder)
[34.357s] Level 1:colcon.colcon_core.environment:checking '/home/daniel/code/2025-phd-daniel-guerrero/ros-bridge/install/pcl_recorder' for CMake module files
[34.358s] DEBUG:colcon.colcon_core.event_handler.log_command:Invoked command in '/home/daniel/code/2025-phd-daniel-guerrero/ros-bridge/build/pcl_recorder' returned '0': AMENT_PREFIX_PATH=/home/daniel/code/2025-phd-daniel-guerrero/ros-bridge/install/carla_ros_bridge:/home/daniel/code/2025-phd-daniel-guerrero/ros-bridge/install/carla_spawn_objects:/home/daniel/code/2025-phd-daniel-guerrero/ros-bridge/install/carla_manual_control:/home/daniel/code/2025-phd-daniel-guerrero/ros-bridge/install/ros_compatibility:/home/daniel/code/2025-phd-daniel-guerrero/ros-bridge/install/carla_common:/home/daniel/code/2025-phd-daniel-guerrero/ros-bridge/install/carla_ad_demo:/home/daniel/code/2025-phd-daniel-guerrero/ros-bridge/install/rviz_carla_plugin:/home/daniel/code/2025-phd-daniel-guerrero/ros-bridge/install/rqt_carla_control:/home/daniel/code/2025-phd-daniel-guerrero/ros-bridge/install/pcl_recorder:/home/daniel/code/2025-phd-daniel-guerrero/ros-bridge/install/carla_waypoint_publisher:/home/daniel/code/2025-phd-daniel-guerrero/ros-bridge/install/carla_ackermann_control:/home/daniel/code/2025-phd-daniel-guerrero/ros-bridge/install/carla_ad_agent:/home/daniel/code/2025-phd-daniel-guerrero/ros-bridge/install/carla_waypoint_types:/home/daniel/code/2025-phd-daniel-guerrero/ros-bridge/install/carla_walker_agent:/home/daniel/code/2025-phd-daniel-guerrero/ros-bridge/install/carla_twist_to_control:/home/daniel/code/2025-phd-daniel-guerrero/ros-bridge/install/carla_ros_scenario_runner:/home/daniel/code/2025-phd-daniel-guerrero/ros-bridge/install/carla_ros_scenario_runner_types:/home/daniel/code/2025-phd-daniel-guerrero/ros-bridge/install/carla_ackermann_msgs:/home/daniel/code/2025-phd-daniel-guerrero/ros-bridge/install/carla_msgs:/home/daniel/carla-ros-bridge/install/rqt_carla_control:/home/daniel/carla-ros-bridge/install/carla_waypoint_publisher:/home/daniel/carla-ros-bridge/install/carla_ackermann_control:/home/daniel/carla-ros-bridge/install/carla_ros_bridge:/home/daniel/carla-ros-bridge/install/carla_spawn_objects:/home/daniel/carla-ros-bridge/install/carla_manual_control:/home/daniel/carla-ros-bridge/install/carla_ad_agent:/home/daniel/carla-ros-bridge/install/ros_compatibility:/home/daniel/carla-ros-bridge/install/carla_waypoint_types:/home/daniel/carla-ros-bridge/install/carla_walker_agent:/home/daniel/carla-ros-bridge/install/carla_twist_to_control:/home/daniel/carla-ros-bridge/install/carla_ros_scenario_runner:/home/daniel/carla-ros-bridge/install/carla_ros_scenario_runner_types:/home/daniel/carla-ros-bridge/install/carla_ackermann_msgs:/home/daniel/carla-ros-bridge/install/carla_msgs:/home/daniel/carla-ros-bridge/install/carla_common:/opt/ros/humble CMAKE_PREFIX_PATH=/home/daniel/code/2025-phd-daniel-guerrero/ros-bridge/install/carla_msgs:/home/daniel/code/2025-phd-daniel-guerrero/ros-bridge/install/carla_ad_demo:/home/daniel/code/2025-phd-daniel-guerrero/ros-bridge/install/rviz_carla_plugin:/home/daniel/code/2025-phd-daniel-guerrero/ros-bridge/install/pcl_recorder:/home/daniel/code/2025-phd-daniel-guerrero/ros-bridge/install/carla_waypoint_types:/home/daniel/code/2025-phd-daniel-guerrero/ros-bridge/install/carla_ros_scenario_runner_types:/home/daniel/code/2025-phd-daniel-guerrero/ros-bridge/install/carla_ackermann_msgs:/home/daniel/carla-ros-bridge/install/carla_waypoint_types:/home/daniel/carla-ros-bridge/install/carla_ros_scenario_runner_types:/home/daniel/carla-ros-bridge/install/carla_ackermann_msgs:/home/daniel/carla-ros-bridge/install/carla_msgs:/home/daniel/code/2025-phd-daniel-guerrero/ros-bridge/install/rqt_carla_control:/home/daniel/code/2025-phd-daniel-guerrero/ros-bridge/install/carla_waypoint_publisher:/home/daniel/code/2025-phd-daniel-guerrero/ros-bridge/install/carla_ackermann_control:/home/daniel/code/2025-phd-daniel-guerrero/ros-bridge/install/carla_ros_bridge:/home/daniel/code/2025-phd-daniel-guerrero/ros-bridge/install/carla_spawn_objects:/home/daniel/code/2025-phd-daniel-guerrero/ros-bridge/install/carla_manual_control:/home/daniel/code/2025-phd-daniel-guerrero/ros-bridge/install/carla_ad_agent:/home/daniel/code/2025-phd-daniel-guerrero/ros-bridge/install/ros_compatibility:/home/daniel/code/2025-phd-daniel-guerrero/ros-bridge/install/carla_walker_agent:/home/daniel/code/2025-phd-daniel-guerrero/ros-bridge/install/carla_twist_to_control:/home/daniel/code/2025-phd-daniel-guerrero/ros-bridge/install/carla_ros_scenario_runner:/home/daniel/code/2025-phd-daniel-guerrero/ros-bridge/install/carla_common:/home/daniel/carla-ros-bridge/install/rqt_carla_control:/home/daniel/carla-ros-bridge/install/carla_waypoint_publisher:/home/daniel/carla-ros-bridge/install/carla_ackermann_control:/home/daniel/carla-ros-bridge/install/carla_ros_bridge:/home/daniel/carla-ros-bridge/install/carla_spawn_objects:/home/daniel/carla-ros-bridge/install/carla_manual_control:/home/daniel/carla-ros-bridge/install/carla_ad_agent:/home/daniel/carla-ros-bridge/install/ros_compatibility:/home/daniel/carla-ros-bridge/install/carla_walker_agent:/home/daniel/carla-ros-bridge/install/carla_twist_to_control:/home/daniel/carla-ros-bridge/install/carla_ros_scenario_runner:/home/daniel/carla-ros-bridge/install/carla_common:/opt/ros/humble LD_LIBRARY_PATH=/home/daniel/code/2025-phd-daniel-guerrero/ros-bridge/install/carla_msgs/lib:/home/daniel/code/2025-phd-daniel-guerrero/ros-bridge/install/rviz_carla_plugin/lib:/home/daniel/code/2025-phd-daniel-guerrero/ros-bridge/install/carla_waypoint_types/lib:/home/daniel/code/2025-phd-daniel-guerrero/ros-bridge/install/carla_ros_scenario_runner_types/lib:/home/daniel/code/2025-phd-daniel-guerrero/ros-bridge/install/carla_ackermann_msgs/lib:/home/daniel/carla-ros-bridge/install/carla_waypoint_types/lib:/home/daniel/carla-ros-bridge/install/carla_ros_scenario_runner_types/lib:/home/daniel/carla-ros-bridge/install/carla_ackermann_msgs/lib:/home/daniel/carla-ros-bridge/install/carla_msgs/lib:/opt/ros/humble/opt/rviz_ogre_vendor/lib:/opt/ros/humble/lib/x86_64-linux-gnu:/opt/ros/humble/lib PYTHONPATH=/home/daniel/code/2025-phd-daniel-guerrero/ros-bridge/build/carla_ros_bridge/src:/home/daniel/code/2025-phd-daniel-guerrero/ros-bridge/install/carla_ros_bridge/lib/python3.10/site-packages:/home/daniel/code/2025-phd-daniel-guerrero/ros-bridge/build/carla_spawn_objects:/home/daniel/code/2025-phd-daniel-guerrero/ros-bridge/install/carla_spawn_objects/lib/python3.10/site-packages:/home/daniel/code/2025-phd-daniel-guerrero/ros-bridge/build/carla_manual_control/src:/home/daniel/code/2025-phd-daniel-guerrero/ros-bridge/install/carla_manual_control/lib/python3.10/site-packages:/home/daniel/code/2025-phd-daniel-guerrero/ros-bridge/build/ros_compatibility/src:/home/daniel/code/2025-phd-daniel-guerrero/ros-bridge/install/ros_compatibility/lib/python3.10/site-packages:/home/daniel/code/2025-phd-daniel-guerrero/ros-bridge/build/carla_common/src:/home/daniel/code/2025-phd-daniel-guerrero/ros-bridge/install/carla_common/lib/python3.10/site-packages:/home/daniel/code/2025-phd-daniel-guerrero/ros-bridge/install/rqt_carla_control/lib/python3.10/site-packages:/home/daniel/code/2025-phd-daniel-guerrero/ros-bridge/install/carla_waypoint_publisher/lib/python3.10/site-packages:/home/daniel/code/2025-phd-daniel-guerrero/ros-bridge/install/carla_ackermann_control/lib/python3.10/site-packages:/home/daniel/code/2025-phd-daniel-guerrero/ros-bridge/install/carla_ad_agent/lib/python3.10/site-packages:/home/daniel/code/2025-phd-daniel-guerrero/ros-bridge/install/carla_waypoint_types/local/lib/python3.10/dist-packages:/home/daniel/code/2025-phd-daniel-guerrero/ros-bridge/install/carla_walker_agent/lib/python3.10/site-packages:/home/daniel/code/2025-phd-daniel-guerrero/ros-bridge/install/carla_twist_to_control/lib/python3.10/site-packages:/home/daniel/code/2025-phd-daniel-guerrero/ros-bridge/install/carla_ros_scenario_runner/lib/python3.10/site-packages:/home/daniel/code/2025-phd-daniel-guerrero/ros-bridge/install/carla_ros_scenario_runner_types/local/lib/python3.10/dist-packages:/home/daniel/code/2025-phd-daniel-guerrero/ros-bridge/install/carla_ackermann_msgs/local/lib/python3.10/dist-packages:/home/daniel/code/2025-phd-daniel-guerrero/ros-bridge/install/carla_msgs/local/lib/python3.10/dist-packages:/home/daniel/carla-ros-bridge/install/rqt_carla_control/lib/python3.10/site-packages:/home/daniel/carla-ros-bridge/install/carla_waypoint_publisher/lib/python3.10/site-packages:/home/daniel/carla-ros-bridge/install/carla_ackermann_control/lib/python3.10/site-packages:/home/daniel/carla-ros-bridge/install/carla_ros_bridge/lib/python3.10/site-packages:/home/daniel/carla-ros-bridge/install/carla_spawn_objects/lib/python3.10/site-packages:/home/daniel/carla-ros-bridge/install/carla_manual_control/lib/python3.10/site-packages:/home/daniel/carla-ros-bridge/install/carla_ad_agent/lib/python3.10/site-packages:/home/daniel/carla-ros-bridge/install/ros_compatibility/lib/python3.10/site-packages:/home/daniel/carla-ros-bridge/install/carla_waypoint_types/local/lib/python3.10/dist-packages:/home/daniel/carla-ros-bridge/install/carla_walker_agent/lib/python3.10/site-packages:/home/daniel/carla-ros-bridge/install/carla_twist_to_control/lib/python3.10/site-packages:/home/daniel/carla-ros-bridge/install/carla_ros_scenario_runner/lib/python3.10/site-packages:/home/daniel/carla-ros-bridge/install/carla_ros_scenario_runner_types/local/lib/python3.10/dist-packages:/home/daniel/carla-ros-bridge/install/carla_ackermann_msgs/local/lib/python3.10/dist-packages:/home/daniel/carla-ros-bridge/install/carla_msgs/local/lib/python3.10/dist-packages:/home/daniel/carla-ros-bridge/install/carla_common/lib/python3.10/site-packages:/opt/ros/humble/lib/python3.10/site-packages:/opt/ros/humble/local/lib/python3.10/dist-packages /opt/cmake-3.28.3-linux-x86_64/bin/cmake --install /home/daniel/code/2025-phd-daniel-guerrero/ros-bridge/build/pcl_recorder
[34.358s] Level 1:colcon.colcon_core.environment:checking '/home/daniel/code/2025-phd-daniel-guerrero/ros-bridge/install/pcl_recorder' for CMake config files
[34.358s] Level 1:colcon.colcon_core.shell:create_environment_hook('pcl_recorder', 'cmake_prefix_path')
[34.358s] INFO:colcon.colcon_core.shell:Creating environment hook '/home/daniel/code/2025-phd-daniel-guerrero/ros-bridge/install/pcl_recorder/share/pcl_recorder/hook/cmake_prefix_path.ps1'
[34.359s] INFO:colcon.colcon_core.shell:Creating environment descriptor '/home/daniel/code/2025-phd-daniel-guerrero/ros-bridge/install/pcl_recorder/share/pcl_recorder/hook/cmake_prefix_path.dsv'
[34.359s] INFO:colcon.colcon_core.shell:Creating environment hook '/home/daniel/code/2025-phd-daniel-guerrero/ros-bridge/install/pcl_recorder/share/pcl_recorder/hook/cmake_prefix_path.sh'
[34.359s] Level 1:colcon.colcon_core.environment:checking '/home/daniel/code/2025-phd-daniel-guerrero/ros-bridge/install/pcl_recorder/lib'
[34.359s] Level 1:colcon.colcon_core.environment:checking '/home/daniel/code/2025-phd-daniel-guerrero/ros-bridge/install/pcl_recorder/bin'
[34.359s] Level 1:colcon.colcon_core.environment:checking '/home/daniel/code/2025-phd-daniel-guerrero/ros-bridge/install/pcl_recorder/lib/pkgconfig/pcl_recorder.pc'
[34.360s] Level 1:colcon.colcon_core.environment:checking '/home/daniel/code/2025-phd-daniel-guerrero/ros-bridge/install/pcl_recorder/lib/python3.10/site-packages'
[34.360s] Level 1:colcon.colcon_core.environment:checking '/home/daniel/code/2025-phd-daniel-guerrero/ros-bridge/install/pcl_recorder/bin'
[34.360s] INFO:colcon.colcon_core.shell:Creating package script '/home/daniel/code/2025-phd-daniel-guerrero/ros-bridge/install/pcl_recorder/share/pcl_recorder/package.ps1'
[34.360s] INFO:colcon.colcon_core.shell:Creating package descriptor '/home/daniel/code/2025-phd-daniel-guerrero/ros-bridge/install/pcl_recorder/share/pcl_recorder/package.dsv'
[34.361s] INFO:colcon.colcon_core.shell:Creating package script '/home/daniel/code/2025-phd-daniel-guerrero/ros-bridge/install/pcl_recorder/share/pcl_recorder/package.sh'
[34.361s] INFO:colcon.colcon_core.shell:Creating package script '/home/daniel/code/2025-phd-daniel-guerrero/ros-bridge/install/pcl_recorder/share/pcl_recorder/package.bash'
[34.361s] INFO:colcon.colcon_core.shell:Creating package script '/home/daniel/code/2025-phd-daniel-guerrero/ros-bridge/install/pcl_recorder/share/pcl_recorder/package.zsh'
[34.362s] Level 1:colcon.colcon_core.environment:create_file_with_runtime_dependencies(/home/daniel/code/2025-phd-daniel-guerrero/ros-bridge/install/pcl_recorder/share/colcon-core/packages/pcl_recorder)
[34.362s] Level 1:colcon.colcon_core.environment:create_environment_scripts_only(pcl_recorder)
[34.362s] Level 1:colcon.colcon_core.environment:checking '/home/daniel/code/2025-phd-daniel-guerrero/ros-bridge/install/pcl_recorder' for CMake module files
[34.363s] Level 1:colcon.colcon_core.environment:checking '/home/daniel/code/2025-phd-daniel-guerrero/ros-bridge/install/pcl_recorder' for CMake config files
[34.363s] Level 1:colcon.colcon_core.shell:create_environment_hook('pcl_recorder', 'cmake_prefix_path')
[34.363s] INFO:colcon.colcon_core.shell:Creating environment hook '/home/daniel/code/2025-phd-daniel-guerrero/ros-bridge/install/pcl_recorder/share/pcl_recorder/hook/cmake_prefix_path.ps1'
[34.363s] INFO:colcon.colcon_core.shell:Creating environment descriptor '/home/daniel/code/2025-phd-daniel-guerrero/ros-bridge/install/pcl_recorder/share/pcl_recorder/hook/cmake_prefix_path.dsv'
[34.364s] INFO:colcon.colcon_core.shell:Creating environment hook '/home/daniel/code/2025-phd-daniel-guerrero/ros-bridge/install/pcl_recorder/share/pcl_recorder/hook/cmake_prefix_path.sh'
[34.364s] Level 1:colcon.colcon_core.environment:checking '/home/daniel/code/2025-phd-daniel-guerrero/ros-bridge/install/pcl_recorder/lib'
[34.364s] Level 1:colcon.colcon_core.environment:checking '/home/daniel/code/2025-phd-daniel-guerrero/ros-bridge/install/pcl_recorder/bin'
[34.364s] Level 1:colcon.colcon_core.environment:checking '/home/daniel/code/2025-phd-daniel-guerrero/ros-bridge/install/pcl_recorder/lib/pkgconfig/pcl_recorder.pc'
[34.364s] Level 1:colcon.colcon_core.environment:checking '/home/daniel/code/2025-phd-daniel-guerrero/ros-bridge/install/pcl_recorder/lib/python3.10/site-packages'
[34.364s] Level 1:colcon.colcon_core.environment:checking '/home/daniel/code/2025-phd-daniel-guerrero/ros-bridge/install/pcl_recorder/bin'
[34.365s] INFO:colcon.colcon_core.shell:Creating package script '/home/daniel/code/2025-phd-daniel-guerrero/ros-bridge/install/pcl_recorder/share/pcl_recorder/package.ps1'
[34.365s] INFO:colcon.colcon_core.shell:Creating package descriptor '/home/daniel/code/2025-phd-daniel-guerrero/ros-bridge/install/pcl_recorder/share/pcl_recorder/package.dsv'
[34.365s] INFO:colcon.colcon_core.shell:Creating package script '/home/daniel/code/2025-phd-daniel-guerrero/ros-bridge/install/pcl_recorder/share/pcl_recorder/package.sh'
[34.366s] INFO:colcon.colcon_core.shell:Creating package script '/home/daniel/code/2025-phd-daniel-guerrero/ros-bridge/install/pcl_recorder/share/pcl_recorder/package.bash'
[34.366s] INFO:colcon.colcon_core.shell:Creating package script '/home/daniel/code/2025-phd-daniel-guerrero/ros-bridge/install/pcl_recorder/share/pcl_recorder/package.zsh'
[34.366s] Level 1:colcon.colcon_core.environment:create_file_with_runtime_dependencies(/home/daniel/code/2025-phd-daniel-guerrero/ros-bridge/install/pcl_recorder/share/colcon-core/packages/pcl_recorder)
[38.355s] DEBUG:colcon.colcon_core.event_handler.log_command:Invoked command in '/home/daniel/code/2025-phd-daniel-guerrero/ros-bridge/build/rviz_carla_plugin' returned '0': CMAKE_PREFIX_PATH=/home/daniel/code/2025-phd-daniel-guerrero/ros-bridge/install/carla_ros_scenario_runner_types:/home/daniel/code/2025-phd-daniel-guerrero/ros-bridge/install/carla_msgs:/home/daniel/code/2025-phd-daniel-guerrero/ros-bridge/install/carla_ad_demo:/home/daniel/code/2025-phd-daniel-guerrero/ros-bridge/install/rviz_carla_plugin:/home/daniel/code/2025-phd-daniel-guerrero/ros-bridge/install/pcl_recorder:/home/daniel/code/2025-phd-daniel-guerrero/ros-bridge/install/carla_waypoint_types:/home/daniel/code/2025-phd-daniel-guerrero/ros-bridge/install/carla_ackermann_msgs:/home/daniel/carla-ros-bridge/install/carla_waypoint_types:/home/daniel/carla-ros-bridge/install/carla_ros_scenario_runner_types:/home/daniel/carla-ros-bridge/install/carla_ackermann_msgs:/home/daniel/carla-ros-bridge/install/carla_msgs:/home/daniel/code/2025-phd-daniel-guerrero/ros-bridge/install/rqt_carla_control:/home/daniel/code/2025-phd-daniel-guerrero/ros-bridge/install/carla_waypoint_publisher:/home/daniel/code/2025-phd-daniel-guerrero/ros-bridge/install/carla_ackermann_control:/home/daniel/code/2025-phd-daniel-guerrero/ros-bridge/install/carla_ros_bridge:/home/daniel/code/2025-phd-daniel-guerrero/ros-bridge/install/carla_spawn_objects:/home/daniel/code/2025-phd-daniel-guerrero/ros-bridge/install/carla_manual_control:/home/daniel/code/2025-phd-daniel-guerrero/ros-bridge/install/carla_ad_agent:/home/daniel/code/2025-phd-daniel-guerrero/ros-bridge/install/ros_compatibility:/home/daniel/code/2025-phd-daniel-guerrero/ros-bridge/install/carla_walker_agent:/home/daniel/code/2025-phd-daniel-guerrero/ros-bridge/install/carla_twist_to_control:/home/daniel/code/2025-phd-daniel-guerrero/ros-bridge/install/carla_ros_scenario_runner:/home/daniel/code/2025-phd-daniel-guerrero/ros-bridge/install/carla_common:/home/daniel/carla-ros-bridge/install/rqt_carla_control:/home/daniel/carla-ros-bridge/install/carla_waypoint_publisher:/home/daniel/carla-ros-bridge/install/carla_ackermann_control:/home/daniel/carla-ros-bridge/install/carla_ros_bridge:/home/daniel/carla-ros-bridge/install/carla_spawn_objects:/home/daniel/carla-ros-bridge/install/carla_manual_control:/home/daniel/carla-ros-bridge/install/carla_ad_agent:/home/daniel/carla-ros-bridge/install/ros_compatibility:/home/daniel/carla-ros-bridge/install/carla_walker_agent:/home/daniel/carla-ros-bridge/install/carla_twist_to_control:/home/daniel/carla-ros-bridge/install/carla_ros_scenario_runner:/home/daniel/carla-ros-bridge/install/carla_common:/opt/ros/humble LD_LIBRARY_PATH=/home/daniel/code/2025-phd-daniel-guerrero/ros-bridge/install/carla_ros_scenario_runner_types/lib:/home/daniel/code/2025-phd-daniel-guerrero/ros-bridge/install/carla_msgs/lib:/home/daniel/code/2025-phd-daniel-guerrero/ros-bridge/install/rviz_carla_plugin/lib:/home/daniel/code/2025-phd-daniel-guerrero/ros-bridge/install/carla_waypoint_types/lib:/home/daniel/code/2025-phd-daniel-guerrero/ros-bridge/install/carla_ackermann_msgs/lib:/home/daniel/carla-ros-bridge/install/carla_waypoint_types/lib:/home/daniel/carla-ros-bridge/install/carla_ros_scenario_runner_types/lib:/home/daniel/carla-ros-bridge/install/carla_ackermann_msgs/lib:/home/daniel/carla-ros-bridge/install/carla_msgs/lib:/opt/ros/humble/opt/rviz_ogre_vendor/lib:/opt/ros/humble/lib/x86_64-linux-gnu:/opt/ros/humble/lib /opt/cmake-3.28.3-linux-x86_64/bin/cmake --build /home/daniel/code/2025-phd-daniel-guerrero/ros-bridge/build/rviz_carla_plugin -- -j12 -l12
[38.356s] DEBUG:colcon.colcon_core.event_handler.log_command:Invoking command in '/home/daniel/code/2025-phd-daniel-guerrero/ros-bridge/build/rviz_carla_plugin': CMAKE_PREFIX_PATH=/home/daniel/code/2025-phd-daniel-guerrero/ros-bridge/install/carla_ros_scenario_runner_types:/home/daniel/code/2025-phd-daniel-guerrero/ros-bridge/install/carla_msgs:/home/daniel/code/2025-phd-daniel-guerrero/ros-bridge/install/carla_ad_demo:/home/daniel/code/2025-phd-daniel-guerrero/ros-bridge/install/rviz_carla_plugin:/home/daniel/code/2025-phd-daniel-guerrero/ros-bridge/install/pcl_recorder:/home/daniel/code/2025-phd-daniel-guerrero/ros-bridge/install/carla_waypoint_types:/home/daniel/code/2025-phd-daniel-guerrero/ros-bridge/install/carla_ackermann_msgs:/home/daniel/carla-ros-bridge/install/carla_waypoint_types:/home/daniel/carla-ros-bridge/install/carla_ros_scenario_runner_types:/home/daniel/carla-ros-bridge/install/carla_ackermann_msgs:/home/daniel/carla-ros-bridge/install/carla_msgs:/home/daniel/code/2025-phd-daniel-guerrero/ros-bridge/install/rqt_carla_control:/home/daniel/code/2025-phd-daniel-guerrero/ros-bridge/install/carla_waypoint_publisher:/home/daniel/code/2025-phd-daniel-guerrero/ros-bridge/install/carla_ackermann_control:/home/daniel/code/2025-phd-daniel-guerrero/ros-bridge/install/carla_ros_bridge:/home/daniel/code/2025-phd-daniel-guerrero/ros-bridge/install/carla_spawn_objects:/home/daniel/code/2025-phd-daniel-guerrero/ros-bridge/install/carla_manual_control:/home/daniel/code/2025-phd-daniel-guerrero/ros-bridge/install/carla_ad_agent:/home/daniel/code/2025-phd-daniel-guerrero/ros-bridge/install/ros_compatibility:/home/daniel/code/2025-phd-daniel-guerrero/ros-bridge/install/carla_walker_agent:/home/daniel/code/2025-phd-daniel-guerrero/ros-bridge/install/carla_twist_to_control:/home/daniel/code/2025-phd-daniel-guerrero/ros-bridge/install/carla_ros_scenario_runner:/home/daniel/code/2025-phd-daniel-guerrero/ros-bridge/install/carla_common:/home/daniel/carla-ros-bridge/install/rqt_carla_control:/home/daniel/carla-ros-bridge/install/carla_waypoint_publisher:/home/daniel/carla-ros-bridge/install/carla_ackermann_control:/home/daniel/carla-ros-bridge/install/carla_ros_bridge:/home/daniel/carla-ros-bridge/install/carla_spawn_objects:/home/daniel/carla-ros-bridge/install/carla_manual_control:/home/daniel/carla-ros-bridge/install/carla_ad_agent:/home/daniel/carla-ros-bridge/install/ros_compatibility:/home/daniel/carla-ros-bridge/install/carla_walker_agent:/home/daniel/carla-ros-bridge/install/carla_twist_to_control:/home/daniel/carla-ros-bridge/install/carla_ros_scenario_runner:/home/daniel/carla-ros-bridge/install/carla_common:/opt/ros/humble LD_LIBRARY_PATH=/home/daniel/code/2025-phd-daniel-guerrero/ros-bridge/install/carla_ros_scenario_runner_types/lib:/home/daniel/code/2025-phd-daniel-guerrero/ros-bridge/install/carla_msgs/lib:/home/daniel/code/2025-phd-daniel-guerrero/ros-bridge/install/rviz_carla_plugin/lib:/home/daniel/code/2025-phd-daniel-guerrero/ros-bridge/install/carla_waypoint_types/lib:/home/daniel/code/2025-phd-daniel-guerrero/ros-bridge/install/carla_ackermann_msgs/lib:/home/daniel/carla-ros-bridge/install/carla_waypoint_types/lib:/home/daniel/carla-ros-bridge/install/carla_ros_scenario_runner_types/lib:/home/daniel/carla-ros-bridge/install/carla_ackermann_msgs/lib:/home/daniel/carla-ros-bridge/install/carla_msgs/lib:/opt/ros/humble/opt/rviz_ogre_vendor/lib:/opt/ros/humble/lib/x86_64-linux-gnu:/opt/ros/humble/lib /opt/cmake-3.28.3-linux-x86_64/bin/cmake --install /home/daniel/code/2025-phd-daniel-guerrero/ros-bridge/build/rviz_carla_plugin
[38.437s] Level 1:colcon.colcon_core.environment:create_environment_scripts_only(rviz_carla_plugin)
[38.437s] Level 1:colcon.colcon_core.environment:checking '/home/daniel/code/2025-phd-daniel-guerrero/ros-bridge/install/rviz_carla_plugin' for CMake module files
[38.438s] DEBUG:colcon.colcon_core.event_handler.log_command:Invoked command in '/home/daniel/code/2025-phd-daniel-guerrero/ros-bridge/build/rviz_carla_plugin' returned '0': CMAKE_PREFIX_PATH=/home/daniel/code/2025-phd-daniel-guerrero/ros-bridge/install/carla_ros_scenario_runner_types:/home/daniel/code/2025-phd-daniel-guerrero/ros-bridge/install/carla_msgs:/home/daniel/code/2025-phd-daniel-guerrero/ros-bridge/install/carla_ad_demo:/home/daniel/code/2025-phd-daniel-guerrero/ros-bridge/install/rviz_carla_plugin:/home/daniel/code/2025-phd-daniel-guerrero/ros-bridge/install/pcl_recorder:/home/daniel/code/2025-phd-daniel-guerrero/ros-bridge/install/carla_waypoint_types:/home/daniel/code/2025-phd-daniel-guerrero/ros-bridge/install/carla_ackermann_msgs:/home/daniel/carla-ros-bridge/install/carla_waypoint_types:/home/daniel/carla-ros-bridge/install/carla_ros_scenario_runner_types:/home/daniel/carla-ros-bridge/install/carla_ackermann_msgs:/home/daniel/carla-ros-bridge/install/carla_msgs:/home/daniel/code/2025-phd-daniel-guerrero/ros-bridge/install/rqt_carla_control:/home/daniel/code/2025-phd-daniel-guerrero/ros-bridge/install/carla_waypoint_publisher:/home/daniel/code/2025-phd-daniel-guerrero/ros-bridge/install/carla_ackermann_control:/home/daniel/code/2025-phd-daniel-guerrero/ros-bridge/install/carla_ros_bridge:/home/daniel/code/2025-phd-daniel-guerrero/ros-bridge/install/carla_spawn_objects:/home/daniel/code/2025-phd-daniel-guerrero/ros-bridge/install/carla_manual_control:/home/daniel/code/2025-phd-daniel-guerrero/ros-bridge/install/carla_ad_agent:/home/daniel/code/2025-phd-daniel-guerrero/ros-bridge/install/ros_compatibility:/home/daniel/code/2025-phd-daniel-guerrero/ros-bridge/install/carla_walker_agent:/home/daniel/code/2025-phd-daniel-guerrero/ros-bridge/install/carla_twist_to_control:/home/daniel/code/2025-phd-daniel-guerrero/ros-bridge/install/carla_ros_scenario_runner:/home/daniel/code/2025-phd-daniel-guerrero/ros-bridge/install/carla_common:/home/daniel/carla-ros-bridge/install/rqt_carla_control:/home/daniel/carla-ros-bridge/install/carla_waypoint_publisher:/home/daniel/carla-ros-bridge/install/carla_ackermann_control:/home/daniel/carla-ros-bridge/install/carla_ros_bridge:/home/daniel/carla-ros-bridge/install/carla_spawn_objects:/home/daniel/carla-ros-bridge/install/carla_manual_control:/home/daniel/carla-ros-bridge/install/carla_ad_agent:/home/daniel/carla-ros-bridge/install/ros_compatibility:/home/daniel/carla-ros-bridge/install/carla_walker_agent:/home/daniel/carla-ros-bridge/install/carla_twist_to_control:/home/daniel/carla-ros-bridge/install/carla_ros_scenario_runner:/home/daniel/carla-ros-bridge/install/carla_common:/opt/ros/humble LD_LIBRARY_PATH=/home/daniel/code/2025-phd-daniel-guerrero/ros-bridge/install/carla_ros_scenario_runner_types/lib:/home/daniel/code/2025-phd-daniel-guerrero/ros-bridge/install/carla_msgs/lib:/home/daniel/code/2025-phd-daniel-guerrero/ros-bridge/install/rviz_carla_plugin/lib:/home/daniel/code/2025-phd-daniel-guerrero/ros-bridge/install/carla_waypoint_types/lib:/home/daniel/code/2025-phd-daniel-guerrero/ros-bridge/install/carla_ackermann_msgs/lib:/home/daniel/carla-ros-bridge/install/carla_waypoint_types/lib:/home/daniel/carla-ros-bridge/install/carla_ros_scenario_runner_types/lib:/home/daniel/carla-ros-bridge/install/carla_ackermann_msgs/lib:/home/daniel/carla-ros-bridge/install/carla_msgs/lib:/opt/ros/humble/opt/rviz_ogre_vendor/lib:/opt/ros/humble/lib/x86_64-linux-gnu:/opt/ros/humble/lib /opt/cmake-3.28.3-linux-x86_64/bin/cmake --install /home/daniel/code/2025-phd-daniel-guerrero/ros-bridge/build/rviz_carla_plugin
[38.439s] Level 1:colcon.colcon_core.environment:checking '/home/daniel/code/2025-phd-daniel-guerrero/ros-bridge/install/rviz_carla_plugin' for CMake config files
[38.439s] Level 1:colcon.colcon_core.shell:create_environment_hook('rviz_carla_plugin', 'cmake_prefix_path')
[38.439s] INFO:colcon.colcon_core.shell:Creating environment hook '/home/daniel/code/2025-phd-daniel-guerrero/ros-bridge/install/rviz_carla_plugin/share/rviz_carla_plugin/hook/cmake_prefix_path.ps1'
[38.440s] INFO:colcon.colcon_core.shell:Creating environment descriptor '/home/daniel/code/2025-phd-daniel-guerrero/ros-bridge/install/rviz_carla_plugin/share/rviz_carla_plugin/hook/cmake_prefix_path.dsv'
[38.440s] INFO:colcon.colcon_core.shell:Creating environment hook '/home/daniel/code/2025-phd-daniel-guerrero/ros-bridge/install/rviz_carla_plugin/share/rviz_carla_plugin/hook/cmake_prefix_path.sh'
[38.441s] Level 1:colcon.colcon_core.environment:checking '/home/daniel/code/2025-phd-daniel-guerrero/ros-bridge/install/rviz_carla_plugin/lib'
[38.441s] Level 1:colcon.colcon_core.shell:create_environment_hook('rviz_carla_plugin', 'ld_library_path_lib')
[38.441s] INFO:colcon.colcon_core.shell:Creating environment hook '/home/daniel/code/2025-phd-daniel-guerrero/ros-bridge/install/rviz_carla_plugin/share/rviz_carla_plugin/hook/ld_library_path_lib.ps1'
[38.442s] INFO:colcon.colcon_core.shell:Creating environment descriptor '/home/daniel/code/2025-phd-daniel-guerrero/ros-bridge/install/rviz_carla_plugin/share/rviz_carla_plugin/hook/ld_library_path_lib.dsv'
[38.442s] INFO:colcon.colcon_core.shell:Creating environment hook '/home/daniel/code/2025-phd-daniel-guerrero/ros-bridge/install/rviz_carla_plugin/share/rviz_carla_plugin/hook/ld_library_path_lib.sh'
[38.443s] Level 1:colcon.colcon_core.environment:checking '/home/daniel/code/2025-phd-daniel-guerrero/ros-bridge/install/rviz_carla_plugin/bin'
[38.443s] Level 1:colcon.colcon_core.environment:checking '/home/daniel/code/2025-phd-daniel-guerrero/ros-bridge/install/rviz_carla_plugin/lib/pkgconfig/rviz_carla_plugin.pc'
[38.443s] Level 1:colcon.colcon_core.environment:checking '/home/daniel/code/2025-phd-daniel-guerrero/ros-bridge/install/rviz_carla_plugin/lib/python3.10/site-packages'
[38.443s] Level 1:colcon.colcon_core.environment:checking '/home/daniel/code/2025-phd-daniel-guerrero/ros-bridge/install/rviz_carla_plugin/bin'
[38.444s] INFO:colcon.colcon_core.shell:Creating package script '/home/daniel/code/2025-phd-daniel-guerrero/ros-bridge/install/rviz_carla_plugin/share/rviz_carla_plugin/package.ps1'
[38.444s] INFO:colcon.colcon_core.shell:Creating package descriptor '/home/daniel/code/2025-phd-daniel-guerrero/ros-bridge/install/rviz_carla_plugin/share/rviz_carla_plugin/package.dsv'
[38.445s] INFO:colcon.colcon_core.shell:Creating package script '/home/daniel/code/2025-phd-daniel-guerrero/ros-bridge/install/rviz_carla_plugin/share/rviz_carla_plugin/package.sh'
[38.445s] INFO:colcon.colcon_core.shell:Creating package script '/home/daniel/code/2025-phd-daniel-guerrero/ros-bridge/install/rviz_carla_plugin/share/rviz_carla_plugin/package.bash'
[38.446s] INFO:colcon.colcon_core.shell:Creating package script '/home/daniel/code/2025-phd-daniel-guerrero/ros-bridge/install/rviz_carla_plugin/share/rviz_carla_plugin/package.zsh'
[38.446s] Level 1:colcon.colcon_core.environment:create_file_with_runtime_dependencies(/home/daniel/code/2025-phd-daniel-guerrero/ros-bridge/install/rviz_carla_plugin/share/colcon-core/packages/rviz_carla_plugin)
[38.447s] Level 1:colcon.colcon_core.environment:create_environment_scripts_only(rviz_carla_plugin)
[38.447s] Level 1:colcon.colcon_core.environment:checking '/home/daniel/code/2025-phd-daniel-guerrero/ros-bridge/install/rviz_carla_plugin' for CMake module files
[38.448s] Level 1:colcon.colcon_core.environment:checking '/home/daniel/code/2025-phd-daniel-guerrero/ros-bridge/install/rviz_carla_plugin' for CMake config files
[38.448s] Level 1:colcon.colcon_core.shell:create_environment_hook('rviz_carla_plugin', 'cmake_prefix_path')
[38.448s] INFO:colcon.colcon_core.shell:Creating environment hook '/home/daniel/code/2025-phd-daniel-guerrero/ros-bridge/install/rviz_carla_plugin/share/rviz_carla_plugin/hook/cmake_prefix_path.ps1'
[38.449s] INFO:colcon.colcon_core.shell:Creating environment descriptor '/home/daniel/code/2025-phd-daniel-guerrero/ros-bridge/install/rviz_carla_plugin/share/rviz_carla_plugin/hook/cmake_prefix_path.dsv'
[38.449s] INFO:colcon.colcon_core.shell:Creating environment hook '/home/daniel/code/2025-phd-daniel-guerrero/ros-bridge/install/rviz_carla_plugin/share/rviz_carla_plugin/hook/cmake_prefix_path.sh'
[38.450s] Level 1:colcon.colcon_core.environment:checking '/home/daniel/code/2025-phd-daniel-guerrero/ros-bridge/install/rviz_carla_plugin/lib'
[38.450s] Level 1:colcon.colcon_core.shell:create_environment_hook('rviz_carla_plugin', 'ld_library_path_lib')
[38.450s] INFO:colcon.colcon_core.shell:Creating environment hook '/home/daniel/code/2025-phd-daniel-guerrero/ros-bridge/install/rviz_carla_plugin/share/rviz_carla_plugin/hook/ld_library_path_lib.ps1'
[38.451s] INFO:colcon.colcon_core.shell:Creating environment descriptor '/home/daniel/code/2025-phd-daniel-guerrero/ros-bridge/install/rviz_carla_plugin/share/rviz_carla_plugin/hook/ld_library_path_lib.dsv'
[38.451s] INFO:colcon.colcon_core.shell:Creating environment hook '/home/daniel/code/2025-phd-daniel-guerrero/ros-bridge/install/rviz_carla_plugin/share/rviz_carla_plugin/hook/ld_library_path_lib.sh'
[38.452s] Level 1:colcon.colcon_core.environment:checking '/home/daniel/code/2025-phd-daniel-guerrero/ros-bridge/install/rviz_carla_plugin/bin'
[38.452s] Level 1:colcon.colcon_core.environment:checking '/home/daniel/code/2025-phd-daniel-guerrero/ros-bridge/install/rviz_carla_plugin/lib/pkgconfig/rviz_carla_plugin.pc'
[38.452s] Level 1:colcon.colcon_core.environment:checking '/home/daniel/code/2025-phd-daniel-guerrero/ros-bridge/install/rviz_carla_plugin/lib/python3.10/site-packages'
[38.452s] Level 1:colcon.colcon_core.environment:checking '/home/daniel/code/2025-phd-daniel-guerrero/ros-bridge/install/rviz_carla_plugin/bin'
[38.453s] INFO:colcon.colcon_core.shell:Creating package script '/home/daniel/code/2025-phd-daniel-guerrero/ros-bridge/install/rviz_carla_plugin/share/rviz_carla_plugin/package.ps1'
[38.453s] INFO:colcon.colcon_core.shell:Creating package descriptor '/home/daniel/code/2025-phd-daniel-guerrero/ros-bridge/install/rviz_carla_plugin/share/rviz_carla_plugin/package.dsv'
[38.454s] INFO:colcon.colcon_core.shell:Creating package script '/home/daniel/code/2025-phd-daniel-guerrero/ros-bridge/install/rviz_carla_plugin/share/rviz_carla_plugin/package.sh'
[38.454s] INFO:colcon.colcon_core.shell:Creating package script '/home/daniel/code/2025-phd-daniel-guerrero/ros-bridge/install/rviz_carla_plugin/share/rviz_carla_plugin/package.bash'
[38.455s] INFO:colcon.colcon_core.shell:Creating package script '/home/daniel/code/2025-phd-daniel-guerrero/ros-bridge/install/rviz_carla_plugin/share/rviz_carla_plugin/package.zsh'
[38.455s] Level 1:colcon.colcon_core.environment:create_file_with_runtime_dependencies(/home/daniel/code/2025-phd-daniel-guerrero/ros-bridge/install/rviz_carla_plugin/share/colcon-core/packages/rviz_carla_plugin)
[38.456s] INFO:colcon.colcon_ros.task.ament_cmake.build:Building ROS package in '/home/daniel/code/2025-phd-daniel-guerrero/ros-bridge/src/carla_ad_demo' with build type 'ament_cmake'
[38.456s] INFO:colcon.colcon_cmake.task.cmake.build:Building CMake package in '/home/daniel/code/2025-phd-daniel-guerrero/ros-bridge/src/carla_ad_demo'
[38.456s] INFO:colcon.colcon_core.shell:Skip shell extension 'powershell' for command environment: Not usable outside of PowerShell
[38.456s] DEBUG:colcon.colcon_core.shell:Skip shell extension 'dsv' for command environment
[38.495s] DEBUG:colcon.colcon_core.event_handler.log_command:Invoking command in '/home/daniel/code/2025-phd-daniel-guerrero/ros-bridge/build/carla_ad_demo': AMENT_PREFIX_PATH=/home/daniel/code/2025-phd-daniel-guerrero/ros-bridge/install/carla_ros_bridge:/home/daniel/code/2025-phd-daniel-guerrero/ros-bridge/install/carla_waypoint_publisher:/home/daniel/code/2025-phd-daniel-guerrero/ros-bridge/install/carla_spawn_objects:/home/daniel/code/2025-phd-daniel-guerrero/ros-bridge/install/carla_ros_scenario_runner:/home/daniel/code/2025-phd-daniel-guerrero/ros-bridge/install/carla_manual_control:/home/daniel/code/2025-phd-daniel-guerrero/ros-bridge/install/carla_ad_agent:/home/daniel/code/2025-phd-daniel-guerrero/ros-bridge/install/ros_compatibility:/home/daniel/code/2025-phd-daniel-guerrero/ros-bridge/install/carla_twist_to_control:/home/daniel/code/2025-phd-daniel-guerrero/ros-bridge/install/carla_common:/home/daniel/code/2025-phd-daniel-guerrero/ros-bridge/install/carla_ad_demo:/home/daniel/code/2025-phd-daniel-guerrero/ros-bridge/install/rviz_carla_plugin:/home/daniel/code/2025-phd-daniel-guerrero/ros-bridge/install/rqt_carla_control:/home/daniel/code/2025-phd-daniel-guerrero/ros-bridge/install/pcl_recorder:/home/daniel/code/2025-phd-daniel-guerrero/ros-bridge/install/carla_ackermann_control:/home/daniel/code/2025-phd-daniel-guerrero/ros-bridge/install/carla_waypoint_types:/home/daniel/code/2025-phd-daniel-guerrero/ros-bridge/install/carla_walker_agent:/home/daniel/code/2025-phd-daniel-guerrero/ros-bridge/install/carla_ros_scenario_runner_types:/home/daniel/code/2025-phd-daniel-guerrero/ros-bridge/install/carla_ackermann_msgs:/home/daniel/code/2025-phd-daniel-guerrero/ros-bridge/install/carla_msgs:/home/daniel/carla-ros-bridge/install/rqt_carla_control:/home/daniel/carla-ros-bridge/install/carla_waypoint_publisher:/home/daniel/carla-ros-bridge/install/carla_ackermann_control:/home/daniel/carla-ros-bridge/install/carla_ros_bridge:/home/daniel/carla-ros-bridge/install/carla_spawn_objects:/home/daniel/carla-ros-bridge/install/carla_manual_control:/home/daniel/carla-ros-bridge/install/carla_ad_agent:/home/daniel/carla-ros-bridge/install/ros_compatibility:/home/daniel/carla-ros-bridge/install/carla_waypoint_types:/home/daniel/carla-ros-bridge/install/carla_walker_agent:/home/daniel/carla-ros-bridge/install/carla_twist_to_control:/home/daniel/carla-ros-bridge/install/carla_ros_scenario_runner:/home/daniel/carla-ros-bridge/install/carla_ros_scenario_runner_types:/home/daniel/carla-ros-bridge/install/carla_ackermann_msgs:/home/daniel/carla-ros-bridge/install/carla_msgs:/home/daniel/carla-ros-bridge/install/carla_common:/opt/ros/humble CMAKE_PREFIX_PATH=/home/daniel/code/2025-phd-daniel-guerrero/ros-bridge/install/rviz_carla_plugin:/home/daniel/code/2025-phd-daniel-guerrero/ros-bridge/install/carla_waypoint_types:/home/daniel/code/2025-phd-daniel-guerrero/ros-bridge/install/carla_ros_scenario_runner_types:/home/daniel/code/2025-phd-daniel-guerrero/ros-bridge/install/carla_msgs:/home/daniel/code/2025-phd-daniel-guerrero/ros-bridge/install/carla_ad_demo:/home/daniel/code/2025-phd-daniel-guerrero/ros-bridge/install/pcl_recorder:/home/daniel/code/2025-phd-daniel-guerrero/ros-bridge/install/carla_ackermann_msgs:/home/daniel/carla-ros-bridge/install/carla_waypoint_types:/home/daniel/carla-ros-bridge/install/carla_ros_scenario_runner_types:/home/daniel/carla-ros-bridge/install/carla_ackermann_msgs:/home/daniel/carla-ros-bridge/install/carla_msgs:/home/daniel/code/2025-phd-daniel-guerrero/ros-bridge/install/rqt_carla_control:/home/daniel/code/2025-phd-daniel-guerrero/ros-bridge/install/carla_waypoint_publisher:/home/daniel/code/2025-phd-daniel-guerrero/ros-bridge/install/carla_ackermann_control:/home/daniel/code/2025-phd-daniel-guerrero/ros-bridge/install/carla_ros_bridge:/home/daniel/code/2025-phd-daniel-guerrero/ros-bridge/install/carla_spawn_objects:/home/daniel/code/2025-phd-daniel-guerrero/ros-bridge/install/carla_manual_control:/home/daniel/code/2025-phd-daniel-guerrero/ros-bridge/install/carla_ad_agent:/home/daniel/code/2025-phd-daniel-guerrero/ros-bridge/install/ros_compatibility:/home/daniel/code/2025-phd-daniel-guerrero/ros-bridge/install/carla_walker_agent:/home/daniel/code/2025-phd-daniel-guerrero/ros-bridge/install/carla_twist_to_control:/home/daniel/code/2025-phd-daniel-guerrero/ros-bridge/install/carla_ros_scenario_runner:/home/daniel/code/2025-phd-daniel-guerrero/ros-bridge/install/carla_common:/home/daniel/carla-ros-bridge/install/rqt_carla_control:/home/daniel/carla-ros-bridge/install/carla_waypoint_publisher:/home/daniel/carla-ros-bridge/install/carla_ackermann_control:/home/daniel/carla-ros-bridge/install/carla_ros_bridge:/home/daniel/carla-ros-bridge/install/carla_spawn_objects:/home/daniel/carla-ros-bridge/install/carla_manual_control:/home/daniel/carla-ros-bridge/install/carla_ad_agent:/home/daniel/carla-ros-bridge/install/ros_compatibility:/home/daniel/carla-ros-bridge/install/carla_walker_agent:/home/daniel/carla-ros-bridge/install/carla_twist_to_control:/home/daniel/carla-ros-bridge/install/carla_ros_scenario_runner:/home/daniel/carla-ros-bridge/install/carla_common:/opt/ros/humble LD_LIBRARY_PATH=/home/daniel/code/2025-phd-daniel-guerrero/ros-bridge/install/rviz_carla_plugin/lib:/home/daniel/code/2025-phd-daniel-guerrero/ros-bridge/install/carla_waypoint_types/lib:/home/daniel/code/2025-phd-daniel-guerrero/ros-bridge/install/carla_ros_scenario_runner_types/lib:/home/daniel/code/2025-phd-daniel-guerrero/ros-bridge/install/carla_msgs/lib:/home/daniel/code/2025-phd-daniel-guerrero/ros-bridge/install/carla_ackermann_msgs/lib:/home/daniel/carla-ros-bridge/install/carla_waypoint_types/lib:/home/daniel/carla-ros-bridge/install/carla_ros_scenario_runner_types/lib:/home/daniel/carla-ros-bridge/install/carla_ackermann_msgs/lib:/home/daniel/carla-ros-bridge/install/carla_msgs/lib:/opt/ros/humble/opt/rviz_ogre_vendor/lib:/opt/ros/humble/lib/x86_64-linux-gnu:/opt/ros/humble/lib PYTHONPATH=/home/daniel/code/2025-phd-daniel-guerrero/ros-bridge/build/carla_ros_bridge/src:/home/daniel/code/2025-phd-daniel-guerrero/ros-bridge/install/carla_ros_bridge/lib/python3.10/site-packages:/home/daniel/code/2025-phd-daniel-guerrero/ros-bridge/build/carla_waypoint_publisher/src:/home/daniel/code/2025-phd-daniel-guerrero/ros-bridge/install/carla_waypoint_publisher/lib/python3.10/site-packages:/home/daniel/code/2025-phd-daniel-guerrero/ros-bridge/build/carla_spawn_objects:/home/daniel/code/2025-phd-daniel-guerrero/ros-bridge/install/carla_spawn_objects/lib/python3.10/site-packages:/home/daniel/code/2025-phd-daniel-guerrero/ros-bridge/build/carla_ros_scenario_runner/src:/home/daniel/code/2025-phd-daniel-guerrero/ros-bridge/install/carla_ros_scenario_runner/lib/python3.10/site-packages:/home/daniel/code/2025-phd-daniel-guerrero/ros-bridge/build/carla_manual_control/src:/home/daniel/code/2025-phd-daniel-guerrero/ros-bridge/install/carla_manual_control/lib/python3.10/site-packages:/home/daniel/code/2025-phd-daniel-guerrero/ros-bridge/build/carla_ad_agent/src:/home/daniel/code/2025-phd-daniel-guerrero/ros-bridge/install/carla_ad_agent/lib/python3.10/site-packages:/home/daniel/code/2025-phd-daniel-guerrero/ros-bridge/build/ros_compatibility/src:/home/daniel/code/2025-phd-daniel-guerrero/ros-bridge/install/ros_compatibility/lib/python3.10/site-packages:/home/daniel/code/2025-phd-daniel-guerrero/ros-bridge/build/carla_twist_to_control/src:/home/daniel/code/2025-phd-daniel-guerrero/ros-bridge/install/carla_twist_to_control/lib/python3.10/site-packages:/home/daniel/code/2025-phd-daniel-guerrero/ros-bridge/build/carla_common/src:/home/daniel/code/2025-phd-daniel-guerrero/ros-bridge/install/carla_common/lib/python3.10/site-packages:/home/daniel/code/2025-phd-daniel-guerrero/ros-bridge/install/rqt_carla_control/lib/python3.10/site-packages:/home/daniel/code/2025-phd-daniel-guerrero/ros-bridge/install/carla_ackermann_control/lib/python3.10/site-packages:/home/daniel/code/2025-phd-daniel-guerrero/ros-bridge/install/carla_waypoint_types/local/lib/python3.10/dist-packages:/home/daniel/code/2025-phd-daniel-guerrero/ros-bridge/install/carla_walker_agent/lib/python3.10/site-packages:/home/daniel/code/2025-phd-daniel-guerrero/ros-bridge/install/carla_ros_scenario_runner_types/local/lib/python3.10/dist-packages:/home/daniel/code/2025-phd-daniel-guerrero/ros-bridge/install/carla_ackermann_msgs/local/lib/python3.10/dist-packages:/home/daniel/code/2025-phd-daniel-guerrero/ros-bridge/install/carla_msgs/local/lib/python3.10/dist-packages:/home/daniel/carla-ros-bridge/install/rqt_carla_control/lib/python3.10/site-packages:/home/daniel/carla-ros-bridge/install/carla_waypoint_publisher/lib/python3.10/site-packages:/home/daniel/carla-ros-bridge/install/carla_ackermann_control/lib/python3.10/site-packages:/home/daniel/carla-ros-bridge/install/carla_ros_bridge/lib/python3.10/site-packages:/home/daniel/carla-ros-bridge/install/carla_spawn_objects/lib/python3.10/site-packages:/home/daniel/carla-ros-bridge/install/carla_manual_control/lib/python3.10/site-packages:/home/daniel/carla-ros-bridge/install/carla_ad_agent/lib/python3.10/site-packages:/home/daniel/carla-ros-bridge/install/ros_compatibility/lib/python3.10/site-packages:/home/daniel/carla-ros-bridge/install/carla_waypoint_types/local/lib/python3.10/dist-packages:/home/daniel/carla-ros-bridge/install/carla_walker_agent/lib/python3.10/site-packages:/home/daniel/carla-ros-bridge/install/carla_twist_to_control/lib/python3.10/site-packages:/home/daniel/carla-ros-bridge/install/carla_ros_scenario_runner/lib/python3.10/site-packages:/home/daniel/carla-ros-bridge/install/carla_ros_scenario_runner_types/local/lib/python3.10/dist-packages:/home/daniel/carla-ros-bridge/install/carla_ackermann_msgs/local/lib/python3.10/dist-packages:/home/daniel/carla-ros-bridge/install/carla_msgs/local/lib/python3.10/dist-packages:/home/daniel/carla-ros-bridge/install/carla_common/lib/python3.10/site-packages:/opt/ros/humble/lib/python3.10/site-packages:/opt/ros/humble/local/lib/python3.10/dist-packages /opt/cmake-3.28.3-linux-x86_64/bin/cmake /home/daniel/code/2025-phd-daniel-guerrero/ros-bridge/src/carla_ad_demo -DAMENT_CMAKE_SYMLINK_INSTALL=1 -DCMAKE_INSTALL_PREFIX=/home/daniel/code/2025-phd-daniel-guerrero/ros-bridge/install/carla_ad_demo
[39.208s] DEBUG:colcon.colcon_core.event_handler.log_command:Invoked command in '/home/daniel/code/2025-phd-daniel-guerrero/ros-bridge/build/carla_ad_demo' returned '0': AMENT_PREFIX_PATH=/home/daniel/code/2025-phd-daniel-guerrero/ros-bridge/install/carla_ros_bridge:/home/daniel/code/2025-phd-daniel-guerrero/ros-bridge/install/carla_waypoint_publisher:/home/daniel/code/2025-phd-daniel-guerrero/ros-bridge/install/carla_spawn_objects:/home/daniel/code/2025-phd-daniel-guerrero/ros-bridge/install/carla_ros_scenario_runner:/home/daniel/code/2025-phd-daniel-guerrero/ros-bridge/install/carla_manual_control:/home/daniel/code/2025-phd-daniel-guerrero/ros-bridge/install/carla_ad_agent:/home/daniel/code/2025-phd-daniel-guerrero/ros-bridge/install/ros_compatibility:/home/daniel/code/2025-phd-daniel-guerrero/ros-bridge/install/carla_twist_to_control:/home/daniel/code/2025-phd-daniel-guerrero/ros-bridge/install/carla_common:/home/daniel/code/2025-phd-daniel-guerrero/ros-bridge/install/carla_ad_demo:/home/daniel/code/2025-phd-daniel-guerrero/ros-bridge/install/rviz_carla_plugin:/home/daniel/code/2025-phd-daniel-guerrero/ros-bridge/install/rqt_carla_control:/home/daniel/code/2025-phd-daniel-guerrero/ros-bridge/install/pcl_recorder:/home/daniel/code/2025-phd-daniel-guerrero/ros-bridge/install/carla_ackermann_control:/home/daniel/code/2025-phd-daniel-guerrero/ros-bridge/install/carla_waypoint_types:/home/daniel/code/2025-phd-daniel-guerrero/ros-bridge/install/carla_walker_agent:/home/daniel/code/2025-phd-daniel-guerrero/ros-bridge/install/carla_ros_scenario_runner_types:/home/daniel/code/2025-phd-daniel-guerrero/ros-bridge/install/carla_ackermann_msgs:/home/daniel/code/2025-phd-daniel-guerrero/ros-bridge/install/carla_msgs:/home/daniel/carla-ros-bridge/install/rqt_carla_control:/home/daniel/carla-ros-bridge/install/carla_waypoint_publisher:/home/daniel/carla-ros-bridge/install/carla_ackermann_control:/home/daniel/carla-ros-bridge/install/carla_ros_bridge:/home/daniel/carla-ros-bridge/install/carla_spawn_objects:/home/daniel/carla-ros-bridge/install/carla_manual_control:/home/daniel/carla-ros-bridge/install/carla_ad_agent:/home/daniel/carla-ros-bridge/install/ros_compatibility:/home/daniel/carla-ros-bridge/install/carla_waypoint_types:/home/daniel/carla-ros-bridge/install/carla_walker_agent:/home/daniel/carla-ros-bridge/install/carla_twist_to_control:/home/daniel/carla-ros-bridge/install/carla_ros_scenario_runner:/home/daniel/carla-ros-bridge/install/carla_ros_scenario_runner_types:/home/daniel/carla-ros-bridge/install/carla_ackermann_msgs:/home/daniel/carla-ros-bridge/install/carla_msgs:/home/daniel/carla-ros-bridge/install/carla_common:/opt/ros/humble CMAKE_PREFIX_PATH=/home/daniel/code/2025-phd-daniel-guerrero/ros-bridge/install/rviz_carla_plugin:/home/daniel/code/2025-phd-daniel-guerrero/ros-bridge/install/carla_waypoint_types:/home/daniel/code/2025-phd-daniel-guerrero/ros-bridge/install/carla_ros_scenario_runner_types:/home/daniel/code/2025-phd-daniel-guerrero/ros-bridge/install/carla_msgs:/home/daniel/code/2025-phd-daniel-guerrero/ros-bridge/install/carla_ad_demo:/home/daniel/code/2025-phd-daniel-guerrero/ros-bridge/install/pcl_recorder:/home/daniel/code/2025-phd-daniel-guerrero/ros-bridge/install/carla_ackermann_msgs:/home/daniel/carla-ros-bridge/install/carla_waypoint_types:/home/daniel/carla-ros-bridge/install/carla_ros_scenario_runner_types:/home/daniel/carla-ros-bridge/install/carla_ackermann_msgs:/home/daniel/carla-ros-bridge/install/carla_msgs:/home/daniel/code/2025-phd-daniel-guerrero/ros-bridge/install/rqt_carla_control:/home/daniel/code/2025-phd-daniel-guerrero/ros-bridge/install/carla_waypoint_publisher:/home/daniel/code/2025-phd-daniel-guerrero/ros-bridge/install/carla_ackermann_control:/home/daniel/code/2025-phd-daniel-guerrero/ros-bridge/install/carla_ros_bridge:/home/daniel/code/2025-phd-daniel-guerrero/ros-bridge/install/carla_spawn_objects:/home/daniel/code/2025-phd-daniel-guerrero/ros-bridge/install/carla_manual_control:/home/daniel/code/2025-phd-daniel-guerrero/ros-bridge/install/carla_ad_agent:/home/daniel/code/2025-phd-daniel-guerrero/ros-bridge/install/ros_compatibility:/home/daniel/code/2025-phd-daniel-guerrero/ros-bridge/install/carla_walker_agent:/home/daniel/code/2025-phd-daniel-guerrero/ros-bridge/install/carla_twist_to_control:/home/daniel/code/2025-phd-daniel-guerrero/ros-bridge/install/carla_ros_scenario_runner:/home/daniel/code/2025-phd-daniel-guerrero/ros-bridge/install/carla_common:/home/daniel/carla-ros-bridge/install/rqt_carla_control:/home/daniel/carla-ros-bridge/install/carla_waypoint_publisher:/home/daniel/carla-ros-bridge/install/carla_ackermann_control:/home/daniel/carla-ros-bridge/install/carla_ros_bridge:/home/daniel/carla-ros-bridge/install/carla_spawn_objects:/home/daniel/carla-ros-bridge/install/carla_manual_control:/home/daniel/carla-ros-bridge/install/carla_ad_agent:/home/daniel/carla-ros-bridge/install/ros_compatibility:/home/daniel/carla-ros-bridge/install/carla_walker_agent:/home/daniel/carla-ros-bridge/install/carla_twist_to_control:/home/daniel/carla-ros-bridge/install/carla_ros_scenario_runner:/home/daniel/carla-ros-bridge/install/carla_common:/opt/ros/humble LD_LIBRARY_PATH=/home/daniel/code/2025-phd-daniel-guerrero/ros-bridge/install/rviz_carla_plugin/lib:/home/daniel/code/2025-phd-daniel-guerrero/ros-bridge/install/carla_waypoint_types/lib:/home/daniel/code/2025-phd-daniel-guerrero/ros-bridge/install/carla_ros_scenario_runner_types/lib:/home/daniel/code/2025-phd-daniel-guerrero/ros-bridge/install/carla_msgs/lib:/home/daniel/code/2025-phd-daniel-guerrero/ros-bridge/install/carla_ackermann_msgs/lib:/home/daniel/carla-ros-bridge/install/carla_waypoint_types/lib:/home/daniel/carla-ros-bridge/install/carla_ros_scenario_runner_types/lib:/home/daniel/carla-ros-bridge/install/carla_ackermann_msgs/lib:/home/daniel/carla-ros-bridge/install/carla_msgs/lib:/opt/ros/humble/opt/rviz_ogre_vendor/lib:/opt/ros/humble/lib/x86_64-linux-gnu:/opt/ros/humble/lib PYTHONPATH=/home/daniel/code/2025-phd-daniel-guerrero/ros-bridge/build/carla_ros_bridge/src:/home/daniel/code/2025-phd-daniel-guerrero/ros-bridge/install/carla_ros_bridge/lib/python3.10/site-packages:/home/daniel/code/2025-phd-daniel-guerrero/ros-bridge/build/carla_waypoint_publisher/src:/home/daniel/code/2025-phd-daniel-guerrero/ros-bridge/install/carla_waypoint_publisher/lib/python3.10/site-packages:/home/daniel/code/2025-phd-daniel-guerrero/ros-bridge/build/carla_spawn_objects:/home/daniel/code/2025-phd-daniel-guerrero/ros-bridge/install/carla_spawn_objects/lib/python3.10/site-packages:/home/daniel/code/2025-phd-daniel-guerrero/ros-bridge/build/carla_ros_scenario_runner/src:/home/daniel/code/2025-phd-daniel-guerrero/ros-bridge/install/carla_ros_scenario_runner/lib/python3.10/site-packages:/home/daniel/code/2025-phd-daniel-guerrero/ros-bridge/build/carla_manual_control/src:/home/daniel/code/2025-phd-daniel-guerrero/ros-bridge/install/carla_manual_control/lib/python3.10/site-packages:/home/daniel/code/2025-phd-daniel-guerrero/ros-bridge/build/carla_ad_agent/src:/home/daniel/code/2025-phd-daniel-guerrero/ros-bridge/install/carla_ad_agent/lib/python3.10/site-packages:/home/daniel/code/2025-phd-daniel-guerrero/ros-bridge/build/ros_compatibility/src:/home/daniel/code/2025-phd-daniel-guerrero/ros-bridge/install/ros_compatibility/lib/python3.10/site-packages:/home/daniel/code/2025-phd-daniel-guerrero/ros-bridge/build/carla_twist_to_control/src:/home/daniel/code/2025-phd-daniel-guerrero/ros-bridge/install/carla_twist_to_control/lib/python3.10/site-packages:/home/daniel/code/2025-phd-daniel-guerrero/ros-bridge/build/carla_common/src:/home/daniel/code/2025-phd-daniel-guerrero/ros-bridge/install/carla_common/lib/python3.10/site-packages:/home/daniel/code/2025-phd-daniel-guerrero/ros-bridge/install/rqt_carla_control/lib/python3.10/site-packages:/home/daniel/code/2025-phd-daniel-guerrero/ros-bridge/install/carla_ackermann_control/lib/python3.10/site-packages:/home/daniel/code/2025-phd-daniel-guerrero/ros-bridge/install/carla_waypoint_types/local/lib/python3.10/dist-packages:/home/daniel/code/2025-phd-daniel-guerrero/ros-bridge/install/carla_walker_agent/lib/python3.10/site-packages:/home/daniel/code/2025-phd-daniel-guerrero/ros-bridge/install/carla_ros_scenario_runner_types/local/lib/python3.10/dist-packages:/home/daniel/code/2025-phd-daniel-guerrero/ros-bridge/install/carla_ackermann_msgs/local/lib/python3.10/dist-packages:/home/daniel/code/2025-phd-daniel-guerrero/ros-bridge/install/carla_msgs/local/lib/python3.10/dist-packages:/home/daniel/carla-ros-bridge/install/rqt_carla_control/lib/python3.10/site-packages:/home/daniel/carla-ros-bridge/install/carla_waypoint_publisher/lib/python3.10/site-packages:/home/daniel/carla-ros-bridge/install/carla_ackermann_control/lib/python3.10/site-packages:/home/daniel/carla-ros-bridge/install/carla_ros_bridge/lib/python3.10/site-packages:/home/daniel/carla-ros-bridge/install/carla_spawn_objects/lib/python3.10/site-packages:/home/daniel/carla-ros-bridge/install/carla_manual_control/lib/python3.10/site-packages:/home/daniel/carla-ros-bridge/install/carla_ad_agent/lib/python3.10/site-packages:/home/daniel/carla-ros-bridge/install/ros_compatibility/lib/python3.10/site-packages:/home/daniel/carla-ros-bridge/install/carla_waypoint_types/local/lib/python3.10/dist-packages:/home/daniel/carla-ros-bridge/install/carla_walker_agent/lib/python3.10/site-packages:/home/daniel/carla-ros-bridge/install/carla_twist_to_control/lib/python3.10/site-packages:/home/daniel/carla-ros-bridge/install/carla_ros_scenario_runner/lib/python3.10/site-packages:/home/daniel/carla-ros-bridge/install/carla_ros_scenario_runner_types/local/lib/python3.10/dist-packages:/home/daniel/carla-ros-bridge/install/carla_ackermann_msgs/local/lib/python3.10/dist-packages:/home/daniel/carla-ros-bridge/install/carla_msgs/local/lib/python3.10/dist-packages:/home/daniel/carla-ros-bridge/install/carla_common/lib/python3.10/site-packages:/opt/ros/humble/lib/python3.10/site-packages:/opt/ros/humble/local/lib/python3.10/dist-packages /opt/cmake-3.28.3-linux-x86_64/bin/cmake /home/daniel/code/2025-phd-daniel-guerrero/ros-bridge/src/carla_ad_demo -DAMENT_CMAKE_SYMLINK_INSTALL=1 -DCMAKE_INSTALL_PREFIX=/home/daniel/code/2025-phd-daniel-guerrero/ros-bridge/install/carla_ad_demo
[39.210s] DEBUG:colcon.colcon_core.event_handler.log_command:Invoking command in '/home/daniel/code/2025-phd-daniel-guerrero/ros-bridge/build/carla_ad_demo': AMENT_PREFIX_PATH=/home/daniel/code/2025-phd-daniel-guerrero/ros-bridge/install/carla_ros_bridge:/home/daniel/code/2025-phd-daniel-guerrero/ros-bridge/install/carla_waypoint_publisher:/home/daniel/code/2025-phd-daniel-guerrero/ros-bridge/install/carla_spawn_objects:/home/daniel/code/2025-phd-daniel-guerrero/ros-bridge/install/carla_ros_scenario_runner:/home/daniel/code/2025-phd-daniel-guerrero/ros-bridge/install/carla_manual_control:/home/daniel/code/2025-phd-daniel-guerrero/ros-bridge/install/carla_ad_agent:/home/daniel/code/2025-phd-daniel-guerrero/ros-bridge/install/ros_compatibility:/home/daniel/code/2025-phd-daniel-guerrero/ros-bridge/install/carla_twist_to_control:/home/daniel/code/2025-phd-daniel-guerrero/ros-bridge/install/carla_common:/home/daniel/code/2025-phd-daniel-guerrero/ros-bridge/install/carla_ad_demo:/home/daniel/code/2025-phd-daniel-guerrero/ros-bridge/install/rviz_carla_plugin:/home/daniel/code/2025-phd-daniel-guerrero/ros-bridge/install/rqt_carla_control:/home/daniel/code/2025-phd-daniel-guerrero/ros-bridge/install/pcl_recorder:/home/daniel/code/2025-phd-daniel-guerrero/ros-bridge/install/carla_ackermann_control:/home/daniel/code/2025-phd-daniel-guerrero/ros-bridge/install/carla_waypoint_types:/home/daniel/code/2025-phd-daniel-guerrero/ros-bridge/install/carla_walker_agent:/home/daniel/code/2025-phd-daniel-guerrero/ros-bridge/install/carla_ros_scenario_runner_types:/home/daniel/code/2025-phd-daniel-guerrero/ros-bridge/install/carla_ackermann_msgs:/home/daniel/code/2025-phd-daniel-guerrero/ros-bridge/install/carla_msgs:/home/daniel/carla-ros-bridge/install/rqt_carla_control:/home/daniel/carla-ros-bridge/install/carla_waypoint_publisher:/home/daniel/carla-ros-bridge/install/carla_ackermann_control:/home/daniel/carla-ros-bridge/install/carla_ros_bridge:/home/daniel/carla-ros-bridge/install/carla_spawn_objects:/home/daniel/carla-ros-bridge/install/carla_manual_control:/home/daniel/carla-ros-bridge/install/carla_ad_agent:/home/daniel/carla-ros-bridge/install/ros_compatibility:/home/daniel/carla-ros-bridge/install/carla_waypoint_types:/home/daniel/carla-ros-bridge/install/carla_walker_agent:/home/daniel/carla-ros-bridge/install/carla_twist_to_control:/home/daniel/carla-ros-bridge/install/carla_ros_scenario_runner:/home/daniel/carla-ros-bridge/install/carla_ros_scenario_runner_types:/home/daniel/carla-ros-bridge/install/carla_ackermann_msgs:/home/daniel/carla-ros-bridge/install/carla_msgs:/home/daniel/carla-ros-bridge/install/carla_common:/opt/ros/humble CMAKE_PREFIX_PATH=/home/daniel/code/2025-phd-daniel-guerrero/ros-bridge/install/rviz_carla_plugin:/home/daniel/code/2025-phd-daniel-guerrero/ros-bridge/install/carla_waypoint_types:/home/daniel/code/2025-phd-daniel-guerrero/ros-bridge/install/carla_ros_scenario_runner_types:/home/daniel/code/2025-phd-daniel-guerrero/ros-bridge/install/carla_msgs:/home/daniel/code/2025-phd-daniel-guerrero/ros-bridge/install/carla_ad_demo:/home/daniel/code/2025-phd-daniel-guerrero/ros-bridge/install/pcl_recorder:/home/daniel/code/2025-phd-daniel-guerrero/ros-bridge/install/carla_ackermann_msgs:/home/daniel/carla-ros-bridge/install/carla_waypoint_types:/home/daniel/carla-ros-bridge/install/carla_ros_scenario_runner_types:/home/daniel/carla-ros-bridge/install/carla_ackermann_msgs:/home/daniel/carla-ros-bridge/install/carla_msgs:/home/daniel/code/2025-phd-daniel-guerrero/ros-bridge/install/rqt_carla_control:/home/daniel/code/2025-phd-daniel-guerrero/ros-bridge/install/carla_waypoint_publisher:/home/daniel/code/2025-phd-daniel-guerrero/ros-bridge/install/carla_ackermann_control:/home/daniel/code/2025-phd-daniel-guerrero/ros-bridge/install/carla_ros_bridge:/home/daniel/code/2025-phd-daniel-guerrero/ros-bridge/install/carla_spawn_objects:/home/daniel/code/2025-phd-daniel-guerrero/ros-bridge/install/carla_manual_control:/home/daniel/code/2025-phd-daniel-guerrero/ros-bridge/install/carla_ad_agent:/home/daniel/code/2025-phd-daniel-guerrero/ros-bridge/install/ros_compatibility:/home/daniel/code/2025-phd-daniel-guerrero/ros-bridge/install/carla_walker_agent:/home/daniel/code/2025-phd-daniel-guerrero/ros-bridge/install/carla_twist_to_control:/home/daniel/code/2025-phd-daniel-guerrero/ros-bridge/install/carla_ros_scenario_runner:/home/daniel/code/2025-phd-daniel-guerrero/ros-bridge/install/carla_common:/home/daniel/carla-ros-bridge/install/rqt_carla_control:/home/daniel/carla-ros-bridge/install/carla_waypoint_publisher:/home/daniel/carla-ros-bridge/install/carla_ackermann_control:/home/daniel/carla-ros-bridge/install/carla_ros_bridge:/home/daniel/carla-ros-bridge/install/carla_spawn_objects:/home/daniel/carla-ros-bridge/install/carla_manual_control:/home/daniel/carla-ros-bridge/install/carla_ad_agent:/home/daniel/carla-ros-bridge/install/ros_compatibility:/home/daniel/carla-ros-bridge/install/carla_walker_agent:/home/daniel/carla-ros-bridge/install/carla_twist_to_control:/home/daniel/carla-ros-bridge/install/carla_ros_scenario_runner:/home/daniel/carla-ros-bridge/install/carla_common:/opt/ros/humble LD_LIBRARY_PATH=/home/daniel/code/2025-phd-daniel-guerrero/ros-bridge/install/rviz_carla_plugin/lib:/home/daniel/code/2025-phd-daniel-guerrero/ros-bridge/install/carla_waypoint_types/lib:/home/daniel/code/2025-phd-daniel-guerrero/ros-bridge/install/carla_ros_scenario_runner_types/lib:/home/daniel/code/2025-phd-daniel-guerrero/ros-bridge/install/carla_msgs/lib:/home/daniel/code/2025-phd-daniel-guerrero/ros-bridge/install/carla_ackermann_msgs/lib:/home/daniel/carla-ros-bridge/install/carla_waypoint_types/lib:/home/daniel/carla-ros-bridge/install/carla_ros_scenario_runner_types/lib:/home/daniel/carla-ros-bridge/install/carla_ackermann_msgs/lib:/home/daniel/carla-ros-bridge/install/carla_msgs/lib:/opt/ros/humble/opt/rviz_ogre_vendor/lib:/opt/ros/humble/lib/x86_64-linux-gnu:/opt/ros/humble/lib PYTHONPATH=/home/daniel/code/2025-phd-daniel-guerrero/ros-bridge/build/carla_ros_bridge/src:/home/daniel/code/2025-phd-daniel-guerrero/ros-bridge/install/carla_ros_bridge/lib/python3.10/site-packages:/home/daniel/code/2025-phd-daniel-guerrero/ros-bridge/build/carla_waypoint_publisher/src:/home/daniel/code/2025-phd-daniel-guerrero/ros-bridge/install/carla_waypoint_publisher/lib/python3.10/site-packages:/home/daniel/code/2025-phd-daniel-guerrero/ros-bridge/build/carla_spawn_objects:/home/daniel/code/2025-phd-daniel-guerrero/ros-bridge/install/carla_spawn_objects/lib/python3.10/site-packages:/home/daniel/code/2025-phd-daniel-guerrero/ros-bridge/build/carla_ros_scenario_runner/src:/home/daniel/code/2025-phd-daniel-guerrero/ros-bridge/install/carla_ros_scenario_runner/lib/python3.10/site-packages:/home/daniel/code/2025-phd-daniel-guerrero/ros-bridge/build/carla_manual_control/src:/home/daniel/code/2025-phd-daniel-guerrero/ros-bridge/install/carla_manual_control/lib/python3.10/site-packages:/home/daniel/code/2025-phd-daniel-guerrero/ros-bridge/build/carla_ad_agent/src:/home/daniel/code/2025-phd-daniel-guerrero/ros-bridge/install/carla_ad_agent/lib/python3.10/site-packages:/home/daniel/code/2025-phd-daniel-guerrero/ros-bridge/build/ros_compatibility/src:/home/daniel/code/2025-phd-daniel-guerrero/ros-bridge/install/ros_compatibility/lib/python3.10/site-packages:/home/daniel/code/2025-phd-daniel-guerrero/ros-bridge/build/carla_twist_to_control/src:/home/daniel/code/2025-phd-daniel-guerrero/ros-bridge/install/carla_twist_to_control/lib/python3.10/site-packages:/home/daniel/code/2025-phd-daniel-guerrero/ros-bridge/build/carla_common/src:/home/daniel/code/2025-phd-daniel-guerrero/ros-bridge/install/carla_common/lib/python3.10/site-packages:/home/daniel/code/2025-phd-daniel-guerrero/ros-bridge/install/rqt_carla_control/lib/python3.10/site-packages:/home/daniel/code/2025-phd-daniel-guerrero/ros-bridge/install/carla_ackermann_control/lib/python3.10/site-packages:/home/daniel/code/2025-phd-daniel-guerrero/ros-bridge/install/carla_waypoint_types/local/lib/python3.10/dist-packages:/home/daniel/code/2025-phd-daniel-guerrero/ros-bridge/install/carla_walker_agent/lib/python3.10/site-packages:/home/daniel/code/2025-phd-daniel-guerrero/ros-bridge/install/carla_ros_scenario_runner_types/local/lib/python3.10/dist-packages:/home/daniel/code/2025-phd-daniel-guerrero/ros-bridge/install/carla_ackermann_msgs/local/lib/python3.10/dist-packages:/home/daniel/code/2025-phd-daniel-guerrero/ros-bridge/install/carla_msgs/local/lib/python3.10/dist-packages:/home/daniel/carla-ros-bridge/install/rqt_carla_control/lib/python3.10/site-packages:/home/daniel/carla-ros-bridge/install/carla_waypoint_publisher/lib/python3.10/site-packages:/home/daniel/carla-ros-bridge/install/carla_ackermann_control/lib/python3.10/site-packages:/home/daniel/carla-ros-bridge/install/carla_ros_bridge/lib/python3.10/site-packages:/home/daniel/carla-ros-bridge/install/carla_spawn_objects/lib/python3.10/site-packages:/home/daniel/carla-ros-bridge/install/carla_manual_control/lib/python3.10/site-packages:/home/daniel/carla-ros-bridge/install/carla_ad_agent/lib/python3.10/site-packages:/home/daniel/carla-ros-bridge/install/ros_compatibility/lib/python3.10/site-packages:/home/daniel/carla-ros-bridge/install/carla_waypoint_types/local/lib/python3.10/dist-packages:/home/daniel/carla-ros-bridge/install/carla_walker_agent/lib/python3.10/site-packages:/home/daniel/carla-ros-bridge/install/carla_twist_to_control/lib/python3.10/site-packages:/home/daniel/carla-ros-bridge/install/carla_ros_scenario_runner/lib/python3.10/site-packages:/home/daniel/carla-ros-bridge/install/carla_ros_scenario_runner_types/local/lib/python3.10/dist-packages:/home/daniel/carla-ros-bridge/install/carla_ackermann_msgs/local/lib/python3.10/dist-packages:/home/daniel/carla-ros-bridge/install/carla_msgs/local/lib/python3.10/dist-packages:/home/daniel/carla-ros-bridge/install/carla_common/lib/python3.10/site-packages:/opt/ros/humble/lib/python3.10/site-packages:/opt/ros/humble/local/lib/python3.10/dist-packages /opt/cmake-3.28.3-linux-x86_64/bin/cmake --build /home/daniel/code/2025-phd-daniel-guerrero/ros-bridge/build/carla_ad_demo -- -j12 -l12
[39.226s] DEBUG:colcon.colcon_core.event_handler.log_command:Invoked command in '/home/daniel/code/2025-phd-daniel-guerrero/ros-bridge/build/carla_ad_demo' returned '0': AMENT_PREFIX_PATH=/home/daniel/code/2025-phd-daniel-guerrero/ros-bridge/install/carla_ros_bridge:/home/daniel/code/2025-phd-daniel-guerrero/ros-bridge/install/carla_waypoint_publisher:/home/daniel/code/2025-phd-daniel-guerrero/ros-bridge/install/carla_spawn_objects:/home/daniel/code/2025-phd-daniel-guerrero/ros-bridge/install/carla_ros_scenario_runner:/home/daniel/code/2025-phd-daniel-guerrero/ros-bridge/install/carla_manual_control:/home/daniel/code/2025-phd-daniel-guerrero/ros-bridge/install/carla_ad_agent:/home/daniel/code/2025-phd-daniel-guerrero/ros-bridge/install/ros_compatibility:/home/daniel/code/2025-phd-daniel-guerrero/ros-bridge/install/carla_twist_to_control:/home/daniel/code/2025-phd-daniel-guerrero/ros-bridge/install/carla_common:/home/daniel/code/2025-phd-daniel-guerrero/ros-bridge/install/carla_ad_demo:/home/daniel/code/2025-phd-daniel-guerrero/ros-bridge/install/rviz_carla_plugin:/home/daniel/code/2025-phd-daniel-guerrero/ros-bridge/install/rqt_carla_control:/home/daniel/code/2025-phd-daniel-guerrero/ros-bridge/install/pcl_recorder:/home/daniel/code/2025-phd-daniel-guerrero/ros-bridge/install/carla_ackermann_control:/home/daniel/code/2025-phd-daniel-guerrero/ros-bridge/install/carla_waypoint_types:/home/daniel/code/2025-phd-daniel-guerrero/ros-bridge/install/carla_walker_agent:/home/daniel/code/2025-phd-daniel-guerrero/ros-bridge/install/carla_ros_scenario_runner_types:/home/daniel/code/2025-phd-daniel-guerrero/ros-bridge/install/carla_ackermann_msgs:/home/daniel/code/2025-phd-daniel-guerrero/ros-bridge/install/carla_msgs:/home/daniel/carla-ros-bridge/install/rqt_carla_control:/home/daniel/carla-ros-bridge/install/carla_waypoint_publisher:/home/daniel/carla-ros-bridge/install/carla_ackermann_control:/home/daniel/carla-ros-bridge/install/carla_ros_bridge:/home/daniel/carla-ros-bridge/install/carla_spawn_objects:/home/daniel/carla-ros-bridge/install/carla_manual_control:/home/daniel/carla-ros-bridge/install/carla_ad_agent:/home/daniel/carla-ros-bridge/install/ros_compatibility:/home/daniel/carla-ros-bridge/install/carla_waypoint_types:/home/daniel/carla-ros-bridge/install/carla_walker_agent:/home/daniel/carla-ros-bridge/install/carla_twist_to_control:/home/daniel/carla-ros-bridge/install/carla_ros_scenario_runner:/home/daniel/carla-ros-bridge/install/carla_ros_scenario_runner_types:/home/daniel/carla-ros-bridge/install/carla_ackermann_msgs:/home/daniel/carla-ros-bridge/install/carla_msgs:/home/daniel/carla-ros-bridge/install/carla_common:/opt/ros/humble CMAKE_PREFIX_PATH=/home/daniel/code/2025-phd-daniel-guerrero/ros-bridge/install/rviz_carla_plugin:/home/daniel/code/2025-phd-daniel-guerrero/ros-bridge/install/carla_waypoint_types:/home/daniel/code/2025-phd-daniel-guerrero/ros-bridge/install/carla_ros_scenario_runner_types:/home/daniel/code/2025-phd-daniel-guerrero/ros-bridge/install/carla_msgs:/home/daniel/code/2025-phd-daniel-guerrero/ros-bridge/install/carla_ad_demo:/home/daniel/code/2025-phd-daniel-guerrero/ros-bridge/install/pcl_recorder:/home/daniel/code/2025-phd-daniel-guerrero/ros-bridge/install/carla_ackermann_msgs:/home/daniel/carla-ros-bridge/install/carla_waypoint_types:/home/daniel/carla-ros-bridge/install/carla_ros_scenario_runner_types:/home/daniel/carla-ros-bridge/install/carla_ackermann_msgs:/home/daniel/carla-ros-bridge/install/carla_msgs:/home/daniel/code/2025-phd-daniel-guerrero/ros-bridge/install/rqt_carla_control:/home/daniel/code/2025-phd-daniel-guerrero/ros-bridge/install/carla_waypoint_publisher:/home/daniel/code/2025-phd-daniel-guerrero/ros-bridge/install/carla_ackermann_control:/home/daniel/code/2025-phd-daniel-guerrero/ros-bridge/install/carla_ros_bridge:/home/daniel/code/2025-phd-daniel-guerrero/ros-bridge/install/carla_spawn_objects:/home/daniel/code/2025-phd-daniel-guerrero/ros-bridge/install/carla_manual_control:/home/daniel/code/2025-phd-daniel-guerrero/ros-bridge/install/carla_ad_agent:/home/daniel/code/2025-phd-daniel-guerrero/ros-bridge/install/ros_compatibility:/home/daniel/code/2025-phd-daniel-guerrero/ros-bridge/install/carla_walker_agent:/home/daniel/code/2025-phd-daniel-guerrero/ros-bridge/install/carla_twist_to_control:/home/daniel/code/2025-phd-daniel-guerrero/ros-bridge/install/carla_ros_scenario_runner:/home/daniel/code/2025-phd-daniel-guerrero/ros-bridge/install/carla_common:/home/daniel/carla-ros-bridge/install/rqt_carla_control:/home/daniel/carla-ros-bridge/install/carla_waypoint_publisher:/home/daniel/carla-ros-bridge/install/carla_ackermann_control:/home/daniel/carla-ros-bridge/install/carla_ros_bridge:/home/daniel/carla-ros-bridge/install/carla_spawn_objects:/home/daniel/carla-ros-bridge/install/carla_manual_control:/home/daniel/carla-ros-bridge/install/carla_ad_agent:/home/daniel/carla-ros-bridge/install/ros_compatibility:/home/daniel/carla-ros-bridge/install/carla_walker_agent:/home/daniel/carla-ros-bridge/install/carla_twist_to_control:/home/daniel/carla-ros-bridge/install/carla_ros_scenario_runner:/home/daniel/carla-ros-bridge/install/carla_common:/opt/ros/humble LD_LIBRARY_PATH=/home/daniel/code/2025-phd-daniel-guerrero/ros-bridge/install/rviz_carla_plugin/lib:/home/daniel/code/2025-phd-daniel-guerrero/ros-bridge/install/carla_waypoint_types/lib:/home/daniel/code/2025-phd-daniel-guerrero/ros-bridge/install/carla_ros_scenario_runner_types/lib:/home/daniel/code/2025-phd-daniel-guerrero/ros-bridge/install/carla_msgs/lib:/home/daniel/code/2025-phd-daniel-guerrero/ros-bridge/install/carla_ackermann_msgs/lib:/home/daniel/carla-ros-bridge/install/carla_waypoint_types/lib:/home/daniel/carla-ros-bridge/install/carla_ros_scenario_runner_types/lib:/home/daniel/carla-ros-bridge/install/carla_ackermann_msgs/lib:/home/daniel/carla-ros-bridge/install/carla_msgs/lib:/opt/ros/humble/opt/rviz_ogre_vendor/lib:/opt/ros/humble/lib/x86_64-linux-gnu:/opt/ros/humble/lib PYTHONPATH=/home/daniel/code/2025-phd-daniel-guerrero/ros-bridge/build/carla_ros_bridge/src:/home/daniel/code/2025-phd-daniel-guerrero/ros-bridge/install/carla_ros_bridge/lib/python3.10/site-packages:/home/daniel/code/2025-phd-daniel-guerrero/ros-bridge/build/carla_waypoint_publisher/src:/home/daniel/code/2025-phd-daniel-guerrero/ros-bridge/install/carla_waypoint_publisher/lib/python3.10/site-packages:/home/daniel/code/2025-phd-daniel-guerrero/ros-bridge/build/carla_spawn_objects:/home/daniel/code/2025-phd-daniel-guerrero/ros-bridge/install/carla_spawn_objects/lib/python3.10/site-packages:/home/daniel/code/2025-phd-daniel-guerrero/ros-bridge/build/carla_ros_scenario_runner/src:/home/daniel/code/2025-phd-daniel-guerrero/ros-bridge/install/carla_ros_scenario_runner/lib/python3.10/site-packages:/home/daniel/code/2025-phd-daniel-guerrero/ros-bridge/build/carla_manual_control/src:/home/daniel/code/2025-phd-daniel-guerrero/ros-bridge/install/carla_manual_control/lib/python3.10/site-packages:/home/daniel/code/2025-phd-daniel-guerrero/ros-bridge/build/carla_ad_agent/src:/home/daniel/code/2025-phd-daniel-guerrero/ros-bridge/install/carla_ad_agent/lib/python3.10/site-packages:/home/daniel/code/2025-phd-daniel-guerrero/ros-bridge/build/ros_compatibility/src:/home/daniel/code/2025-phd-daniel-guerrero/ros-bridge/install/ros_compatibility/lib/python3.10/site-packages:/home/daniel/code/2025-phd-daniel-guerrero/ros-bridge/build/carla_twist_to_control/src:/home/daniel/code/2025-phd-daniel-guerrero/ros-bridge/install/carla_twist_to_control/lib/python3.10/site-packages:/home/daniel/code/2025-phd-daniel-guerrero/ros-bridge/build/carla_common/src:/home/daniel/code/2025-phd-daniel-guerrero/ros-bridge/install/carla_common/lib/python3.10/site-packages:/home/daniel/code/2025-phd-daniel-guerrero/ros-bridge/install/rqt_carla_control/lib/python3.10/site-packages:/home/daniel/code/2025-phd-daniel-guerrero/ros-bridge/install/carla_ackermann_control/lib/python3.10/site-packages:/home/daniel/code/2025-phd-daniel-guerrero/ros-bridge/install/carla_waypoint_types/local/lib/python3.10/dist-packages:/home/daniel/code/2025-phd-daniel-guerrero/ros-bridge/install/carla_walker_agent/lib/python3.10/site-packages:/home/daniel/code/2025-phd-daniel-guerrero/ros-bridge/install/carla_ros_scenario_runner_types/local/lib/python3.10/dist-packages:/home/daniel/code/2025-phd-daniel-guerrero/ros-bridge/install/carla_ackermann_msgs/local/lib/python3.10/dist-packages:/home/daniel/code/2025-phd-daniel-guerrero/ros-bridge/install/carla_msgs/local/lib/python3.10/dist-packages:/home/daniel/carla-ros-bridge/install/rqt_carla_control/lib/python3.10/site-packages:/home/daniel/carla-ros-bridge/install/carla_waypoint_publisher/lib/python3.10/site-packages:/home/daniel/carla-ros-bridge/install/carla_ackermann_control/lib/python3.10/site-packages:/home/daniel/carla-ros-bridge/install/carla_ros_bridge/lib/python3.10/site-packages:/home/daniel/carla-ros-bridge/install/carla_spawn_objects/lib/python3.10/site-packages:/home/daniel/carla-ros-bridge/install/carla_manual_control/lib/python3.10/site-packages:/home/daniel/carla-ros-bridge/install/carla_ad_agent/lib/python3.10/site-packages:/home/daniel/carla-ros-bridge/install/ros_compatibility/lib/python3.10/site-packages:/home/daniel/carla-ros-bridge/install/carla_waypoint_types/local/lib/python3.10/dist-packages:/home/daniel/carla-ros-bridge/install/carla_walker_agent/lib/python3.10/site-packages:/home/daniel/carla-ros-bridge/install/carla_twist_to_control/lib/python3.10/site-packages:/home/daniel/carla-ros-bridge/install/carla_ros_scenario_runner/lib/python3.10/site-packages:/home/daniel/carla-ros-bridge/install/carla_ros_scenario_runner_types/local/lib/python3.10/dist-packages:/home/daniel/carla-ros-bridge/install/carla_ackermann_msgs/local/lib/python3.10/dist-packages:/home/daniel/carla-ros-bridge/install/carla_msgs/local/lib/python3.10/dist-packages:/home/daniel/carla-ros-bridge/install/carla_common/lib/python3.10/site-packages:/opt/ros/humble/lib/python3.10/site-packages:/opt/ros/humble/local/lib/python3.10/dist-packages /opt/cmake-3.28.3-linux-x86_64/bin/cmake --build /home/daniel/code/2025-phd-daniel-guerrero/ros-bridge/build/carla_ad_demo -- -j12 -l12
[39.227s] DEBUG:colcon.colcon_core.event_handler.log_command:Invoking command in '/home/daniel/code/2025-phd-daniel-guerrero/ros-bridge/build/carla_ad_demo': AMENT_PREFIX_PATH=/home/daniel/code/2025-phd-daniel-guerrero/ros-bridge/install/carla_ros_bridge:/home/daniel/code/2025-phd-daniel-guerrero/ros-bridge/install/carla_waypoint_publisher:/home/daniel/code/2025-phd-daniel-guerrero/ros-bridge/install/carla_spawn_objects:/home/daniel/code/2025-phd-daniel-guerrero/ros-bridge/install/carla_ros_scenario_runner:/home/daniel/code/2025-phd-daniel-guerrero/ros-bridge/install/carla_manual_control:/home/daniel/code/2025-phd-daniel-guerrero/ros-bridge/install/carla_ad_agent:/home/daniel/code/2025-phd-daniel-guerrero/ros-bridge/install/ros_compatibility:/home/daniel/code/2025-phd-daniel-guerrero/ros-bridge/install/carla_twist_to_control:/home/daniel/code/2025-phd-daniel-guerrero/ros-bridge/install/carla_common:/home/daniel/code/2025-phd-daniel-guerrero/ros-bridge/install/carla_ad_demo:/home/daniel/code/2025-phd-daniel-guerrero/ros-bridge/install/rviz_carla_plugin:/home/daniel/code/2025-phd-daniel-guerrero/ros-bridge/install/rqt_carla_control:/home/daniel/code/2025-phd-daniel-guerrero/ros-bridge/install/pcl_recorder:/home/daniel/code/2025-phd-daniel-guerrero/ros-bridge/install/carla_ackermann_control:/home/daniel/code/2025-phd-daniel-guerrero/ros-bridge/install/carla_waypoint_types:/home/daniel/code/2025-phd-daniel-guerrero/ros-bridge/install/carla_walker_agent:/home/daniel/code/2025-phd-daniel-guerrero/ros-bridge/install/carla_ros_scenario_runner_types:/home/daniel/code/2025-phd-daniel-guerrero/ros-bridge/install/carla_ackermann_msgs:/home/daniel/code/2025-phd-daniel-guerrero/ros-bridge/install/carla_msgs:/home/daniel/carla-ros-bridge/install/rqt_carla_control:/home/daniel/carla-ros-bridge/install/carla_waypoint_publisher:/home/daniel/carla-ros-bridge/install/carla_ackermann_control:/home/daniel/carla-ros-bridge/install/carla_ros_bridge:/home/daniel/carla-ros-bridge/install/carla_spawn_objects:/home/daniel/carla-ros-bridge/install/carla_manual_control:/home/daniel/carla-ros-bridge/install/carla_ad_agent:/home/daniel/carla-ros-bridge/install/ros_compatibility:/home/daniel/carla-ros-bridge/install/carla_waypoint_types:/home/daniel/carla-ros-bridge/install/carla_walker_agent:/home/daniel/carla-ros-bridge/install/carla_twist_to_control:/home/daniel/carla-ros-bridge/install/carla_ros_scenario_runner:/home/daniel/carla-ros-bridge/install/carla_ros_scenario_runner_types:/home/daniel/carla-ros-bridge/install/carla_ackermann_msgs:/home/daniel/carla-ros-bridge/install/carla_msgs:/home/daniel/carla-ros-bridge/install/carla_common:/opt/ros/humble CMAKE_PREFIX_PATH=/home/daniel/code/2025-phd-daniel-guerrero/ros-bridge/install/rviz_carla_plugin:/home/daniel/code/2025-phd-daniel-guerrero/ros-bridge/install/carla_waypoint_types:/home/daniel/code/2025-phd-daniel-guerrero/ros-bridge/install/carla_ros_scenario_runner_types:/home/daniel/code/2025-phd-daniel-guerrero/ros-bridge/install/carla_msgs:/home/daniel/code/2025-phd-daniel-guerrero/ros-bridge/install/carla_ad_demo:/home/daniel/code/2025-phd-daniel-guerrero/ros-bridge/install/pcl_recorder:/home/daniel/code/2025-phd-daniel-guerrero/ros-bridge/install/carla_ackermann_msgs:/home/daniel/carla-ros-bridge/install/carla_waypoint_types:/home/daniel/carla-ros-bridge/install/carla_ros_scenario_runner_types:/home/daniel/carla-ros-bridge/install/carla_ackermann_msgs:/home/daniel/carla-ros-bridge/install/carla_msgs:/home/daniel/code/2025-phd-daniel-guerrero/ros-bridge/install/rqt_carla_control:/home/daniel/code/2025-phd-daniel-guerrero/ros-bridge/install/carla_waypoint_publisher:/home/daniel/code/2025-phd-daniel-guerrero/ros-bridge/install/carla_ackermann_control:/home/daniel/code/2025-phd-daniel-guerrero/ros-bridge/install/carla_ros_bridge:/home/daniel/code/2025-phd-daniel-guerrero/ros-bridge/install/carla_spawn_objects:/home/daniel/code/2025-phd-daniel-guerrero/ros-bridge/install/carla_manual_control:/home/daniel/code/2025-phd-daniel-guerrero/ros-bridge/install/carla_ad_agent:/home/daniel/code/2025-phd-daniel-guerrero/ros-bridge/install/ros_compatibility:/home/daniel/code/2025-phd-daniel-guerrero/ros-bridge/install/carla_walker_agent:/home/daniel/code/2025-phd-daniel-guerrero/ros-bridge/install/carla_twist_to_control:/home/daniel/code/2025-phd-daniel-guerrero/ros-bridge/install/carla_ros_scenario_runner:/home/daniel/code/2025-phd-daniel-guerrero/ros-bridge/install/carla_common:/home/daniel/carla-ros-bridge/install/rqt_carla_control:/home/daniel/carla-ros-bridge/install/carla_waypoint_publisher:/home/daniel/carla-ros-bridge/install/carla_ackermann_control:/home/daniel/carla-ros-bridge/install/carla_ros_bridge:/home/daniel/carla-ros-bridge/install/carla_spawn_objects:/home/daniel/carla-ros-bridge/install/carla_manual_control:/home/daniel/carla-ros-bridge/install/carla_ad_agent:/home/daniel/carla-ros-bridge/install/ros_compatibility:/home/daniel/carla-ros-bridge/install/carla_walker_agent:/home/daniel/carla-ros-bridge/install/carla_twist_to_control:/home/daniel/carla-ros-bridge/install/carla_ros_scenario_runner:/home/daniel/carla-ros-bridge/install/carla_common:/opt/ros/humble LD_LIBRARY_PATH=/home/daniel/code/2025-phd-daniel-guerrero/ros-bridge/install/rviz_carla_plugin/lib:/home/daniel/code/2025-phd-daniel-guerrero/ros-bridge/install/carla_waypoint_types/lib:/home/daniel/code/2025-phd-daniel-guerrero/ros-bridge/install/carla_ros_scenario_runner_types/lib:/home/daniel/code/2025-phd-daniel-guerrero/ros-bridge/install/carla_msgs/lib:/home/daniel/code/2025-phd-daniel-guerrero/ros-bridge/install/carla_ackermann_msgs/lib:/home/daniel/carla-ros-bridge/install/carla_waypoint_types/lib:/home/daniel/carla-ros-bridge/install/carla_ros_scenario_runner_types/lib:/home/daniel/carla-ros-bridge/install/carla_ackermann_msgs/lib:/home/daniel/carla-ros-bridge/install/carla_msgs/lib:/opt/ros/humble/opt/rviz_ogre_vendor/lib:/opt/ros/humble/lib/x86_64-linux-gnu:/opt/ros/humble/lib PYTHONPATH=/home/daniel/code/2025-phd-daniel-guerrero/ros-bridge/build/carla_ros_bridge/src:/home/daniel/code/2025-phd-daniel-guerrero/ros-bridge/install/carla_ros_bridge/lib/python3.10/site-packages:/home/daniel/code/2025-phd-daniel-guerrero/ros-bridge/build/carla_waypoint_publisher/src:/home/daniel/code/2025-phd-daniel-guerrero/ros-bridge/install/carla_waypoint_publisher/lib/python3.10/site-packages:/home/daniel/code/2025-phd-daniel-guerrero/ros-bridge/build/carla_spawn_objects:/home/daniel/code/2025-phd-daniel-guerrero/ros-bridge/install/carla_spawn_objects/lib/python3.10/site-packages:/home/daniel/code/2025-phd-daniel-guerrero/ros-bridge/build/carla_ros_scenario_runner/src:/home/daniel/code/2025-phd-daniel-guerrero/ros-bridge/install/carla_ros_scenario_runner/lib/python3.10/site-packages:/home/daniel/code/2025-phd-daniel-guerrero/ros-bridge/build/carla_manual_control/src:/home/daniel/code/2025-phd-daniel-guerrero/ros-bridge/install/carla_manual_control/lib/python3.10/site-packages:/home/daniel/code/2025-phd-daniel-guerrero/ros-bridge/build/carla_ad_agent/src:/home/daniel/code/2025-phd-daniel-guerrero/ros-bridge/install/carla_ad_agent/lib/python3.10/site-packages:/home/daniel/code/2025-phd-daniel-guerrero/ros-bridge/build/ros_compatibility/src:/home/daniel/code/2025-phd-daniel-guerrero/ros-bridge/install/ros_compatibility/lib/python3.10/site-packages:/home/daniel/code/2025-phd-daniel-guerrero/ros-bridge/build/carla_twist_to_control/src:/home/daniel/code/2025-phd-daniel-guerrero/ros-bridge/install/carla_twist_to_control/lib/python3.10/site-packages:/home/daniel/code/2025-phd-daniel-guerrero/ros-bridge/build/carla_common/src:/home/daniel/code/2025-phd-daniel-guerrero/ros-bridge/install/carla_common/lib/python3.10/site-packages:/home/daniel/code/2025-phd-daniel-guerrero/ros-bridge/install/rqt_carla_control/lib/python3.10/site-packages:/home/daniel/code/2025-phd-daniel-guerrero/ros-bridge/install/carla_ackermann_control/lib/python3.10/site-packages:/home/daniel/code/2025-phd-daniel-guerrero/ros-bridge/install/carla_waypoint_types/local/lib/python3.10/dist-packages:/home/daniel/code/2025-phd-daniel-guerrero/ros-bridge/install/carla_walker_agent/lib/python3.10/site-packages:/home/daniel/code/2025-phd-daniel-guerrero/ros-bridge/install/carla_ros_scenario_runner_types/local/lib/python3.10/dist-packages:/home/daniel/code/2025-phd-daniel-guerrero/ros-bridge/install/carla_ackermann_msgs/local/lib/python3.10/dist-packages:/home/daniel/code/2025-phd-daniel-guerrero/ros-bridge/install/carla_msgs/local/lib/python3.10/dist-packages:/home/daniel/carla-ros-bridge/install/rqt_carla_control/lib/python3.10/site-packages:/home/daniel/carla-ros-bridge/install/carla_waypoint_publisher/lib/python3.10/site-packages:/home/daniel/carla-ros-bridge/install/carla_ackermann_control/lib/python3.10/site-packages:/home/daniel/carla-ros-bridge/install/carla_ros_bridge/lib/python3.10/site-packages:/home/daniel/carla-ros-bridge/install/carla_spawn_objects/lib/python3.10/site-packages:/home/daniel/carla-ros-bridge/install/carla_manual_control/lib/python3.10/site-packages:/home/daniel/carla-ros-bridge/install/carla_ad_agent/lib/python3.10/site-packages:/home/daniel/carla-ros-bridge/install/ros_compatibility/lib/python3.10/site-packages:/home/daniel/carla-ros-bridge/install/carla_waypoint_types/local/lib/python3.10/dist-packages:/home/daniel/carla-ros-bridge/install/carla_walker_agent/lib/python3.10/site-packages:/home/daniel/carla-ros-bridge/install/carla_twist_to_control/lib/python3.10/site-packages:/home/daniel/carla-ros-bridge/install/carla_ros_scenario_runner/lib/python3.10/site-packages:/home/daniel/carla-ros-bridge/install/carla_ros_scenario_runner_types/local/lib/python3.10/dist-packages:/home/daniel/carla-ros-bridge/install/carla_ackermann_msgs/local/lib/python3.10/dist-packages:/home/daniel/carla-ros-bridge/install/carla_msgs/local/lib/python3.10/dist-packages:/home/daniel/carla-ros-bridge/install/carla_common/lib/python3.10/site-packages:/opt/ros/humble/lib/python3.10/site-packages:/opt/ros/humble/local/lib/python3.10/dist-packages /opt/cmake-3.28.3-linux-x86_64/bin/cmake --install /home/daniel/code/2025-phd-daniel-guerrero/ros-bridge/build/carla_ad_demo
[39.290s] Level 1:colcon.colcon_core.environment:create_environment_scripts_only(carla_ad_demo)
[39.290s] Level 1:colcon.colcon_core.environment:checking '/home/daniel/code/2025-phd-daniel-guerrero/ros-bridge/install/carla_ad_demo' for CMake module files
[39.291s] DEBUG:colcon.colcon_core.event_handler.log_command:Invoked command in '/home/daniel/code/2025-phd-daniel-guerrero/ros-bridge/build/carla_ad_demo' returned '0': AMENT_PREFIX_PATH=/home/daniel/code/2025-phd-daniel-guerrero/ros-bridge/install/carla_ros_bridge:/home/daniel/code/2025-phd-daniel-guerrero/ros-bridge/install/carla_waypoint_publisher:/home/daniel/code/2025-phd-daniel-guerrero/ros-bridge/install/carla_spawn_objects:/home/daniel/code/2025-phd-daniel-guerrero/ros-bridge/install/carla_ros_scenario_runner:/home/daniel/code/2025-phd-daniel-guerrero/ros-bridge/install/carla_manual_control:/home/daniel/code/2025-phd-daniel-guerrero/ros-bridge/install/carla_ad_agent:/home/daniel/code/2025-phd-daniel-guerrero/ros-bridge/install/ros_compatibility:/home/daniel/code/2025-phd-daniel-guerrero/ros-bridge/install/carla_twist_to_control:/home/daniel/code/2025-phd-daniel-guerrero/ros-bridge/install/carla_common:/home/daniel/code/2025-phd-daniel-guerrero/ros-bridge/install/carla_ad_demo:/home/daniel/code/2025-phd-daniel-guerrero/ros-bridge/install/rviz_carla_plugin:/home/daniel/code/2025-phd-daniel-guerrero/ros-bridge/install/rqt_carla_control:/home/daniel/code/2025-phd-daniel-guerrero/ros-bridge/install/pcl_recorder:/home/daniel/code/2025-phd-daniel-guerrero/ros-bridge/install/carla_ackermann_control:/home/daniel/code/2025-phd-daniel-guerrero/ros-bridge/install/carla_waypoint_types:/home/daniel/code/2025-phd-daniel-guerrero/ros-bridge/install/carla_walker_agent:/home/daniel/code/2025-phd-daniel-guerrero/ros-bridge/install/carla_ros_scenario_runner_types:/home/daniel/code/2025-phd-daniel-guerrero/ros-bridge/install/carla_ackermann_msgs:/home/daniel/code/2025-phd-daniel-guerrero/ros-bridge/install/carla_msgs:/home/daniel/carla-ros-bridge/install/rqt_carla_control:/home/daniel/carla-ros-bridge/install/carla_waypoint_publisher:/home/daniel/carla-ros-bridge/install/carla_ackermann_control:/home/daniel/carla-ros-bridge/install/carla_ros_bridge:/home/daniel/carla-ros-bridge/install/carla_spawn_objects:/home/daniel/carla-ros-bridge/install/carla_manual_control:/home/daniel/carla-ros-bridge/install/carla_ad_agent:/home/daniel/carla-ros-bridge/install/ros_compatibility:/home/daniel/carla-ros-bridge/install/carla_waypoint_types:/home/daniel/carla-ros-bridge/install/carla_walker_agent:/home/daniel/carla-ros-bridge/install/carla_twist_to_control:/home/daniel/carla-ros-bridge/install/carla_ros_scenario_runner:/home/daniel/carla-ros-bridge/install/carla_ros_scenario_runner_types:/home/daniel/carla-ros-bridge/install/carla_ackermann_msgs:/home/daniel/carla-ros-bridge/install/carla_msgs:/home/daniel/carla-ros-bridge/install/carla_common:/opt/ros/humble CMAKE_PREFIX_PATH=/home/daniel/code/2025-phd-daniel-guerrero/ros-bridge/install/rviz_carla_plugin:/home/daniel/code/2025-phd-daniel-guerrero/ros-bridge/install/carla_waypoint_types:/home/daniel/code/2025-phd-daniel-guerrero/ros-bridge/install/carla_ros_scenario_runner_types:/home/daniel/code/2025-phd-daniel-guerrero/ros-bridge/install/carla_msgs:/home/daniel/code/2025-phd-daniel-guerrero/ros-bridge/install/carla_ad_demo:/home/daniel/code/2025-phd-daniel-guerrero/ros-bridge/install/pcl_recorder:/home/daniel/code/2025-phd-daniel-guerrero/ros-bridge/install/carla_ackermann_msgs:/home/daniel/carla-ros-bridge/install/carla_waypoint_types:/home/daniel/carla-ros-bridge/install/carla_ros_scenario_runner_types:/home/daniel/carla-ros-bridge/install/carla_ackermann_msgs:/home/daniel/carla-ros-bridge/install/carla_msgs:/home/daniel/code/2025-phd-daniel-guerrero/ros-bridge/install/rqt_carla_control:/home/daniel/code/2025-phd-daniel-guerrero/ros-bridge/install/carla_waypoint_publisher:/home/daniel/code/2025-phd-daniel-guerrero/ros-bridge/install/carla_ackermann_control:/home/daniel/code/2025-phd-daniel-guerrero/ros-bridge/install/carla_ros_bridge:/home/daniel/code/2025-phd-daniel-guerrero/ros-bridge/install/carla_spawn_objects:/home/daniel/code/2025-phd-daniel-guerrero/ros-bridge/install/carla_manual_control:/home/daniel/code/2025-phd-daniel-guerrero/ros-bridge/install/carla_ad_agent:/home/daniel/code/2025-phd-daniel-guerrero/ros-bridge/install/ros_compatibility:/home/daniel/code/2025-phd-daniel-guerrero/ros-bridge/install/carla_walker_agent:/home/daniel/code/2025-phd-daniel-guerrero/ros-bridge/install/carla_twist_to_control:/home/daniel/code/2025-phd-daniel-guerrero/ros-bridge/install/carla_ros_scenario_runner:/home/daniel/code/2025-phd-daniel-guerrero/ros-bridge/install/carla_common:/home/daniel/carla-ros-bridge/install/rqt_carla_control:/home/daniel/carla-ros-bridge/install/carla_waypoint_publisher:/home/daniel/carla-ros-bridge/install/carla_ackermann_control:/home/daniel/carla-ros-bridge/install/carla_ros_bridge:/home/daniel/carla-ros-bridge/install/carla_spawn_objects:/home/daniel/carla-ros-bridge/install/carla_manual_control:/home/daniel/carla-ros-bridge/install/carla_ad_agent:/home/daniel/carla-ros-bridge/install/ros_compatibility:/home/daniel/carla-ros-bridge/install/carla_walker_agent:/home/daniel/carla-ros-bridge/install/carla_twist_to_control:/home/daniel/carla-ros-bridge/install/carla_ros_scenario_runner:/home/daniel/carla-ros-bridge/install/carla_common:/opt/ros/humble LD_LIBRARY_PATH=/home/daniel/code/2025-phd-daniel-guerrero/ros-bridge/install/rviz_carla_plugin/lib:/home/daniel/code/2025-phd-daniel-guerrero/ros-bridge/install/carla_waypoint_types/lib:/home/daniel/code/2025-phd-daniel-guerrero/ros-bridge/install/carla_ros_scenario_runner_types/lib:/home/daniel/code/2025-phd-daniel-guerrero/ros-bridge/install/carla_msgs/lib:/home/daniel/code/2025-phd-daniel-guerrero/ros-bridge/install/carla_ackermann_msgs/lib:/home/daniel/carla-ros-bridge/install/carla_waypoint_types/lib:/home/daniel/carla-ros-bridge/install/carla_ros_scenario_runner_types/lib:/home/daniel/carla-ros-bridge/install/carla_ackermann_msgs/lib:/home/daniel/carla-ros-bridge/install/carla_msgs/lib:/opt/ros/humble/opt/rviz_ogre_vendor/lib:/opt/ros/humble/lib/x86_64-linux-gnu:/opt/ros/humble/lib PYTHONPATH=/home/daniel/code/2025-phd-daniel-guerrero/ros-bridge/build/carla_ros_bridge/src:/home/daniel/code/2025-phd-daniel-guerrero/ros-bridge/install/carla_ros_bridge/lib/python3.10/site-packages:/home/daniel/code/2025-phd-daniel-guerrero/ros-bridge/build/carla_waypoint_publisher/src:/home/daniel/code/2025-phd-daniel-guerrero/ros-bridge/install/carla_waypoint_publisher/lib/python3.10/site-packages:/home/daniel/code/2025-phd-daniel-guerrero/ros-bridge/build/carla_spawn_objects:/home/daniel/code/2025-phd-daniel-guerrero/ros-bridge/install/carla_spawn_objects/lib/python3.10/site-packages:/home/daniel/code/2025-phd-daniel-guerrero/ros-bridge/build/carla_ros_scenario_runner/src:/home/daniel/code/2025-phd-daniel-guerrero/ros-bridge/install/carla_ros_scenario_runner/lib/python3.10/site-packages:/home/daniel/code/2025-phd-daniel-guerrero/ros-bridge/build/carla_manual_control/src:/home/daniel/code/2025-phd-daniel-guerrero/ros-bridge/install/carla_manual_control/lib/python3.10/site-packages:/home/daniel/code/2025-phd-daniel-guerrero/ros-bridge/build/carla_ad_agent/src:/home/daniel/code/2025-phd-daniel-guerrero/ros-bridge/install/carla_ad_agent/lib/python3.10/site-packages:/home/daniel/code/2025-phd-daniel-guerrero/ros-bridge/build/ros_compatibility/src:/home/daniel/code/2025-phd-daniel-guerrero/ros-bridge/install/ros_compatibility/lib/python3.10/site-packages:/home/daniel/code/2025-phd-daniel-guerrero/ros-bridge/build/carla_twist_to_control/src:/home/daniel/code/2025-phd-daniel-guerrero/ros-bridge/install/carla_twist_to_control/lib/python3.10/site-packages:/home/daniel/code/2025-phd-daniel-guerrero/ros-bridge/build/carla_common/src:/home/daniel/code/2025-phd-daniel-guerrero/ros-bridge/install/carla_common/lib/python3.10/site-packages:/home/daniel/code/2025-phd-daniel-guerrero/ros-bridge/install/rqt_carla_control/lib/python3.10/site-packages:/home/daniel/code/2025-phd-daniel-guerrero/ros-bridge/install/carla_ackermann_control/lib/python3.10/site-packages:/home/daniel/code/2025-phd-daniel-guerrero/ros-bridge/install/carla_waypoint_types/local/lib/python3.10/dist-packages:/home/daniel/code/2025-phd-daniel-guerrero/ros-bridge/install/carla_walker_agent/lib/python3.10/site-packages:/home/daniel/code/2025-phd-daniel-guerrero/ros-bridge/install/carla_ros_scenario_runner_types/local/lib/python3.10/dist-packages:/home/daniel/code/2025-phd-daniel-guerrero/ros-bridge/install/carla_ackermann_msgs/local/lib/python3.10/dist-packages:/home/daniel/code/2025-phd-daniel-guerrero/ros-bridge/install/carla_msgs/local/lib/python3.10/dist-packages:/home/daniel/carla-ros-bridge/install/rqt_carla_control/lib/python3.10/site-packages:/home/daniel/carla-ros-bridge/install/carla_waypoint_publisher/lib/python3.10/site-packages:/home/daniel/carla-ros-bridge/install/carla_ackermann_control/lib/python3.10/site-packages:/home/daniel/carla-ros-bridge/install/carla_ros_bridge/lib/python3.10/site-packages:/home/daniel/carla-ros-bridge/install/carla_spawn_objects/lib/python3.10/site-packages:/home/daniel/carla-ros-bridge/install/carla_manual_control/lib/python3.10/site-packages:/home/daniel/carla-ros-bridge/install/carla_ad_agent/lib/python3.10/site-packages:/home/daniel/carla-ros-bridge/install/ros_compatibility/lib/python3.10/site-packages:/home/daniel/carla-ros-bridge/install/carla_waypoint_types/local/lib/python3.10/dist-packages:/home/daniel/carla-ros-bridge/install/carla_walker_agent/lib/python3.10/site-packages:/home/daniel/carla-ros-bridge/install/carla_twist_to_control/lib/python3.10/site-packages:/home/daniel/carla-ros-bridge/install/carla_ros_scenario_runner/lib/python3.10/site-packages:/home/daniel/carla-ros-bridge/install/carla_ros_scenario_runner_types/local/lib/python3.10/dist-packages:/home/daniel/carla-ros-bridge/install/carla_ackermann_msgs/local/lib/python3.10/dist-packages:/home/daniel/carla-ros-bridge/install/carla_msgs/local/lib/python3.10/dist-packages:/home/daniel/carla-ros-bridge/install/carla_common/lib/python3.10/site-packages:/opt/ros/humble/lib/python3.10/site-packages:/opt/ros/humble/local/lib/python3.10/dist-packages /opt/cmake-3.28.3-linux-x86_64/bin/cmake --install /home/daniel/code/2025-phd-daniel-guerrero/ros-bridge/build/carla_ad_demo
[39.291s] Level 1:colcon.colcon_core.environment:checking '/home/daniel/code/2025-phd-daniel-guerrero/ros-bridge/install/carla_ad_demo' for CMake config files
[39.292s] Level 1:colcon.colcon_core.shell:create_environment_hook('carla_ad_demo', 'cmake_prefix_path')
[39.292s] INFO:colcon.colcon_core.shell:Creating environment hook '/home/daniel/code/2025-phd-daniel-guerrero/ros-bridge/install/carla_ad_demo/share/carla_ad_demo/hook/cmake_prefix_path.ps1'
[39.293s] INFO:colcon.colcon_core.shell:Creating environment descriptor '/home/daniel/code/2025-phd-daniel-guerrero/ros-bridge/install/carla_ad_demo/share/carla_ad_demo/hook/cmake_prefix_path.dsv'
[39.293s] INFO:colcon.colcon_core.shell:Creating environment hook '/home/daniel/code/2025-phd-daniel-guerrero/ros-bridge/install/carla_ad_demo/share/carla_ad_demo/hook/cmake_prefix_path.sh'
[39.294s] Level 1:colcon.colcon_core.environment:checking '/home/daniel/code/2025-phd-daniel-guerrero/ros-bridge/install/carla_ad_demo/bin'
[39.294s] Level 1:colcon.colcon_core.environment:checking '/home/daniel/code/2025-phd-daniel-guerrero/ros-bridge/install/carla_ad_demo/lib/pkgconfig/carla_ad_demo.pc'
[39.294s] Level 1:colcon.colcon_core.environment:checking '/home/daniel/code/2025-phd-daniel-guerrero/ros-bridge/install/carla_ad_demo/lib/python3.10/site-packages'
[39.294s] Level 1:colcon.colcon_core.environment:checking '/home/daniel/code/2025-phd-daniel-guerrero/ros-bridge/install/carla_ad_demo/bin'
[39.295s] INFO:colcon.colcon_core.shell:Creating package script '/home/daniel/code/2025-phd-daniel-guerrero/ros-bridge/install/carla_ad_demo/share/carla_ad_demo/package.ps1'
[39.295s] INFO:colcon.colcon_core.shell:Creating package descriptor '/home/daniel/code/2025-phd-daniel-guerrero/ros-bridge/install/carla_ad_demo/share/carla_ad_demo/package.dsv'
[39.296s] INFO:colcon.colcon_core.shell:Creating package script '/home/daniel/code/2025-phd-daniel-guerrero/ros-bridge/install/carla_ad_demo/share/carla_ad_demo/package.sh'
[39.296s] INFO:colcon.colcon_core.shell:Creating package script '/home/daniel/code/2025-phd-daniel-guerrero/ros-bridge/install/carla_ad_demo/share/carla_ad_demo/package.bash'
[39.297s] INFO:colcon.colcon_core.shell:Creating package script '/home/daniel/code/2025-phd-daniel-guerrero/ros-bridge/install/carla_ad_demo/share/carla_ad_demo/package.zsh'
[39.297s] Level 1:colcon.colcon_core.environment:create_file_with_runtime_dependencies(/home/daniel/code/2025-phd-daniel-guerrero/ros-bridge/install/carla_ad_demo/share/colcon-core/packages/carla_ad_demo)
[39.298s] Level 1:colcon.colcon_core.environment:create_environment_scripts_only(carla_ad_demo)
[39.298s] Level 1:colcon.colcon_core.environment:checking '/home/daniel/code/2025-phd-daniel-guerrero/ros-bridge/install/carla_ad_demo' for CMake module files
[39.299s] Level 1:colcon.colcon_core.environment:checking '/home/daniel/code/2025-phd-daniel-guerrero/ros-bridge/install/carla_ad_demo' for CMake config files
[39.300s] Level 1:colcon.colcon_core.shell:create_environment_hook('carla_ad_demo', 'cmake_prefix_path')
[39.300s] INFO:colcon.colcon_core.shell:Creating environment hook '/home/daniel/code/2025-phd-daniel-guerrero/ros-bridge/install/carla_ad_demo/share/carla_ad_demo/hook/cmake_prefix_path.ps1'
[39.300s] INFO:colcon.colcon_core.shell:Creating environment descriptor '/home/daniel/code/2025-phd-daniel-guerrero/ros-bridge/install/carla_ad_demo/share/carla_ad_demo/hook/cmake_prefix_path.dsv'
[39.301s] INFO:colcon.colcon_core.shell:Creating environment hook '/home/daniel/code/2025-phd-daniel-guerrero/ros-bridge/install/carla_ad_demo/share/carla_ad_demo/hook/cmake_prefix_path.sh'
[39.301s] Level 1:colcon.colcon_core.environment:checking '/home/daniel/code/2025-phd-daniel-guerrero/ros-bridge/install/carla_ad_demo/bin'
[39.302s] Level 1:colcon.colcon_core.environment:checking '/home/daniel/code/2025-phd-daniel-guerrero/ros-bridge/install/carla_ad_demo/lib/pkgconfig/carla_ad_demo.pc'
[39.302s] Level 1:colcon.colcon_core.environment:checking '/home/daniel/code/2025-phd-daniel-guerrero/ros-bridge/install/carla_ad_demo/lib/python3.10/site-packages'
[39.302s] Level 1:colcon.colcon_core.environment:checking '/home/daniel/code/2025-phd-daniel-guerrero/ros-bridge/install/carla_ad_demo/bin'
[39.302s] INFO:colcon.colcon_core.shell:Creating package script '/home/daniel/code/2025-phd-daniel-guerrero/ros-bridge/install/carla_ad_demo/share/carla_ad_demo/package.ps1'
[39.303s] INFO:colcon.colcon_core.shell:Creating package descriptor '/home/daniel/code/2025-phd-daniel-guerrero/ros-bridge/install/carla_ad_demo/share/carla_ad_demo/package.dsv'
[39.304s] INFO:colcon.colcon_core.shell:Creating package script '/home/daniel/code/2025-phd-daniel-guerrero/ros-bridge/install/carla_ad_demo/share/carla_ad_demo/package.sh'
[39.304s] INFO:colcon.colcon_core.shell:Creating package script '/home/daniel/code/2025-phd-daniel-guerrero/ros-bridge/install/carla_ad_demo/share/carla_ad_demo/package.bash'
[39.305s] INFO:colcon.colcon_core.shell:Creating package script '/home/daniel/code/2025-phd-daniel-guerrero/ros-bridge/install/carla_ad_demo/share/carla_ad_demo/package.zsh'
[39.305s] Level 1:colcon.colcon_core.environment:create_file_with_runtime_dependencies(/home/daniel/code/2025-phd-daniel-guerrero/ros-bridge/install/carla_ad_demo/share/colcon-core/packages/carla_ad_demo)
[39.305s] DEBUG:colcon.colcon_parallel_executor.executor.parallel:closing loop
[39.306s] DEBUG:colcon.colcon_parallel_executor.executor.parallel:loop closed
[39.306s] DEBUG:colcon.colcon_parallel_executor.executor.parallel:run_until_complete finished with '0'
[39.306s] DEBUG:colcon.colcon_core.event_reactor:joining thread
[39.314s] INFO:colcon.colcon_core.plugin_system:Skipping extension 'colcon_notification.desktop_notification.terminal_notifier': Not used on non-Darwin systems
[39.314s] INFO:colcon.colcon_core.plugin_system:Skipping extension 'colcon_notification.desktop_notification.win32': Not used on non-Windows systems
[39.314s] INFO:colcon.colcon_notification.desktop_notification:Sending desktop notification using 'notify2'
[39.328s] DEBUG:colcon.colcon_core.event_reactor:joined thread
[39.329s] INFO:colcon.colcon_core.shell:Creating prefix script '/home/daniel/code/2025-phd-daniel-guerrero/ros-bridge/install/local_setup.ps1'
[39.330s] INFO:colcon.colcon_core.shell:Creating prefix util module '/home/daniel/code/2025-phd-daniel-guerrero/ros-bridge/install/_local_setup_util_ps1.py'
[39.332s] INFO:colcon.colcon_core.shell:Creating prefix chain script '/home/daniel/code/2025-phd-daniel-guerrero/ros-bridge/install/setup.ps1'
[39.335s] INFO:colcon.colcon_core.shell:Creating prefix script '/home/daniel/code/2025-phd-daniel-guerrero/ros-bridge/install/local_setup.sh'
[39.336s] INFO:colcon.colcon_core.shell:Creating prefix util module '/home/daniel/code/2025-phd-daniel-guerrero/ros-bridge/install/_local_setup_util_sh.py'
[39.336s] INFO:colcon.colcon_core.shell:Creating prefix chain script '/home/daniel/code/2025-phd-daniel-guerrero/ros-bridge/install/setup.sh'
[39.339s] INFO:colcon.colcon_core.shell:Creating prefix script '/home/daniel/code/2025-phd-daniel-guerrero/ros-bridge/install/local_setup.bash'
[39.340s] INFO:colcon.colcon_core.shell:Creating prefix chain script '/home/daniel/code/2025-phd-daniel-guerrero/ros-bridge/install/setup.bash'
[39.343s] INFO:colcon.colcon_core.shell:Creating prefix script '/home/daniel/code/2025-phd-daniel-guerrero/ros-bridge/install/local_setup.zsh'
[39.344s] INFO:colcon.colcon_core.shell:Creating prefix chain script '/home/daniel/code/2025-phd-daniel-guerrero/ros-bridge/install/setup.zsh'
