frame,image_path,steer,throttle,brake
30492,rgb/030492.jpg,0.00011,0.29459,0.0
21940,rgb/021940.jpg,0.18269,0.21178,0.0
30267,rgb/030267.jpg,0.28481,0.23138,0.0
32673,rgb/032673.jpg,-0.05095,0.34119,0.0
8114,rgb/008114.jpg,0.04499,0.36864,0.0
2402,rgb/002402.jpg,-0.11557,0.0979,0.0
25933,rgb/025933.jpg,0.04637,0.37646,0.0
34342,rgb/034342.jpg,-0.0,0.29413,0.0
44252,rgb/044252.jpg,0.18105,0.27452,0.0
8502,rgb/008502.jpg,-0.13145,0.33334,0.0
7065,rgb/007065.jpg,0.12075,0.14119,0.0
18004,rgb/018004.jpg,0.08053,0.38824,0.0
7980,rgb/007980.jpg,0.0,0.36472,0.0
32596,rgb/032596.jpg,-0.09243,0.34119,0.0
21950,rgb/021950.jpg,0.15116,0.21178,0.0
15215,rgb/015215.jpg,-0.04339,0.35675,0.0
36639,rgb/036639.jpg,0.07723,0.33727,0.0
28223,rgb/028223.jpg,0.0,0.35295,0.0
42014,rgb/042014.jpg,0.1375,0.13358,0.0
28334,rgb/028334.jpg,0.11697,0.15873,0.0
43292,rgb/043292.jpg,0.02717,0.22354,0.0
15646,rgb/015646.jpg,-0.23731,0.34119,0.0
40339,rgb/040339.jpg,0.26973,0.29021,0.0
12754,rgb/012754.jpg,0.0,0.38824,0.0
5354,rgb/005354.jpg,0.1244,0.32138,0.0
30257,rgb/030257.jpg,0.26297,0.23138,0.0
30242,rgb/030242.jpg,0.167,0.23138,0.0
17967,rgb/017967.jpg,0.1221,0.38824,0.0
43301,rgb/043301.jpg,-0.08798,0.22354,0.0
15632,rgb/015632.jpg,-0.25206,0.34119,0.0
37551,rgb/037551.jpg,-0.21533,0.09021,0.0
25412,rgb/025412.jpg,0.08017,0.14119,0.0
31301,rgb/031301.jpg,-0.10557,0.37648,0.0
43528,rgb/043528.jpg,-0.19933,0.22354,0.0
39770,rgb/039770.jpg,-0.13731,0.31371,0.0
14034,rgb/014034.jpg,-0.07075,0.38824,0.0
41807,rgb/041807.jpg,-1e-05,0.44315,0.0
9093,rgb/009093.jpg,-0.10718,0.33727,0.0
31328,rgb/031328.jpg,-0.08982,0.15833,0.0
35726,rgb/035726.jpg,0.14721,0.31304,0.0
16205,rgb/016205.jpg,0.0638,0.37648,0.0
14005,rgb/014005.jpg,-0.08291,0.38821,0.0
42767,rgb/042767.jpg,-0.00193,0.20393,0.0
34436,rgb/034436.jpg,-0.1963,0.3019,0.0
3670,rgb/003670.jpg,0.08556,0.43138,0.0
44270,rgb/044270.jpg,0.19344,0.27452,0.0
43358,rgb/043358.jpg,-0.21357,0.22354,0.0
7137,rgb/007137.jpg,0.25369,0.22559,0.0
25300,rgb/025300.jpg,0.15241,0.14119,0.0
16603,rgb/016603.jpg,0.05399,0.45472,0.0
7145,rgb/007145.jpg,0.24998,0.22728,0.0
27845,rgb/027845.jpg,0.25972,0.33873,0.0
15769,rgb/015769.jpg,-0.11895,0.34119,0.0
39413,rgb/039413.jpg,-0.0298,0.22354,0.0
24449,rgb/024449.jpg,-0.049,0.34119,0.0
2636,rgb/002636.jpg,0.21858,0.13351,0.0
21251,rgb/021251.jpg,0.2097,0.22354,0.0
44550,rgb/044550.jpg,0.04399,0.27452,0.0
10206,rgb/010206.jpg,-0.06082,0.38432,0.0
7876,rgb/007876.jpg,-3e-05,0.34899,0.0
44851,rgb/044851.jpg,-0.0,0.27452,0.0
21248,rgb/021248.jpg,0.23006,0.22354,0.0
28342,rgb/028342.jpg,0.17658,0.14647,0.0
24897,rgb/024897.jpg,0.21485,0.36864,0.0
1875,rgb/001875.jpg,-0.00047,0.38432,0.0
28757,rgb/028757.jpg,-4e-05,0.35859,0.0
27100,rgb/027100.jpg,0.09262,0.29805,0.0
15596,rgb/015596.jpg,-0.17746,0.34119,0.0
37837,rgb/037837.jpg,0.13143,0.23669,0.0
38864,rgb/038864.jpg,-0.08147,0.27452,0.0
16178,rgb/016178.jpg,0.1642,0.36901,0.0
31260,rgb/031260.jpg,-0.08515,0.37648,0.0
7658,rgb/007658.jpg,0.19839,0.08237,0.0
1520,rgb/001520.jpg,0.08383,0.29021,0.0
31870,rgb/031870.jpg,-0.02333,0.32158,0.0
8479,rgb/008479.jpg,-0.19458,0.33332,0.0
34465,rgb/034465.jpg,-0.08051,0.30197,0.0
30439,rgb/030439.jpg,-1e-05,0.23138,0.0
44541,rgb/044541.jpg,0.06243,0.27452,0.0
29266,rgb/029266.jpg,-0.03833,0.02095,0.0
40307,rgb/040307.jpg,0.08998,0.29021,0.0
20237,rgb/020237.jpg,0.2351,0.05173,0.0
9050,rgb/009050.jpg,-0.11009,0.33727,0.0
30337,rgb/030337.jpg,0.09723,0.23138,0.0
43337,rgb/043337.jpg,-0.25085,0.22354,0.0
38798,rgb/038798.jpg,0.27012,0.30566,0.0
2651,rgb/002651.jpg,0.17303,0.13335,0.0
33829,rgb/033829.jpg,-0.0539,0.34119,0.0
10663,rgb/010663.jpg,-0.03166,0.38432,0.0
43330,rgb/043330.jpg,-0.25455,0.22354,0.0
36678,rgb/036678.jpg,0.06487,0.33727,0.0
8400,rgb/008400.jpg,-0.09523,0.00786,0.0
7071,rgb/007071.jpg,0.13512,0.14119,0.0
45975,rgb/045975.jpg,0.09224,0.27452,0.0
15163,rgb/015163.jpg,-0.08301,0.34897,0.0
43257,rgb/043257.jpg,0.1645,0.21957,0.0
30975,rgb/030975.jpg,-0.04582,0.29413,0.0
15609,rgb/015609.jpg,-0.25075,0.34119,0.0
21218,rgb/021218.jpg,0.2991,0.22354,0.0
45593,rgb/045593.jpg,-0.03467,0.27452,0.0
32768,rgb/032768.jpg,-0.0661,0.34119,0.0
39907,rgb/039907.jpg,-0.05033,0.29021,0.0
42083,rgb/042083.jpg,0.25758,0.21172,0.0
1614,rgb/001614.jpg,0.09276,0.38432,0.0
30296,rgb/030296.jpg,0.20454,0.23138,0.0
1177,rgb/001177.jpg,0.15767,0.2699,0.0
31245,rgb/031245.jpg,-0.14019,0.37648,0.0
10923,rgb/010923.jpg,-0.04397,0.38432,0.0
15701,rgb/015701.jpg,-0.21103,0.34119,0.0
39807,rgb/039807.jpg,-0.05554,0.30785,0.0
11947,rgb/011947.jpg,-0.04236,0.38432,0.0
19125,rgb/019125.jpg,0.20575,0.26668,0.0
31224,rgb/031224.jpg,-0.11541,0.37648,0.0
12937,rgb/012937.jpg,-0.10914,0.31374,0.0
34179,rgb/034179.jpg,-0.12797,0.28626,0.0
1153,rgb/001153.jpg,0.40437,0.26654,0.0
40336,rgb/040336.jpg,0.25518,0.29021,0.0
42652,rgb/042652.jpg,0.13572,0.20001,0.0
27283,rgb/027283.jpg,0.04855,0.29805,0.0
7763,rgb/007763.jpg,0.10992,0.26668,0.0
1629,rgb/001629.jpg,0.09287,0.38432,0.0
5353,rgb/005353.jpg,0.1244,0.32132,0.0
40760,rgb/040760.jpg,0.12039,0.29021,0.0
20507,rgb/020507.jpg,-0.04031,0.36689,0.0
7848,rgb/007848.jpg,-0.04361,0.34217,0.0
2503,rgb/002503.jpg,-0.19456,0.30981,0.0
10350,rgb/010350.jpg,-0.09374,0.38432,0.0
21232,rgb/021232.jpg,0.31155,0.22354,0.0
38004,rgb/038004.jpg,0.09966,0.30197,0.0
27905,rgb/027905.jpg,0.06478,0.34119,0.0
37583,rgb/037583.jpg,-0.26264,0.15586,0.0
5055,rgb/005055.jpg,0.0,0.38824,0.0
28409,rgb/028409.jpg,0.1874,0.33725,0.0
38817,rgb/038817.jpg,0.16012,0.27863,0.0
12880,rgb/012880.jpg,-0.05694,0.35873,0.0
38791,rgb/038791.jpg,0.27231,0.30414,0.0
207,rgb/000207.jpg,0.043,0.0,0.0
29395,rgb/029395.jpg,0.26587,0.31374,0.0
39756,rgb/039756.jpg,-0.26994,0.31252,0.0
20257,rgb/020257.jpg,0.26588,0.19733,0.0
2565,rgb/002565.jpg,0.09258,0.289,0.0
30741,rgb/030741.jpg,-0.25588,0.28184,0.0
43716,rgb/043716.jpg,-0.04785,0.38432,0.0
44068,rgb/044068.jpg,-0.0,0.27452,0.0
34857,rgb/034857.jpg,-0.05721,0.31766,0.0
37859,rgb/037859.jpg,0.04293,0.30149,0.0
39683,rgb/039683.jpg,0.13891,0.24315,0.0
26534,rgb/026534.jpg,0.09006,0.0,0.0
3933,rgb/003933.jpg,0.03869,0.43138,0.0
29432,rgb/029432.jpg,0.16363,0.31374,0.0
24895,rgb/024895.jpg,0.22432,0.36864,0.0
39666,rgb/039666.jpg,0.20977,0.24315,0.0
25458,rgb/025458.jpg,0.05686,0.14119,0.0
7119,rgb/007119.jpg,0.24379,0.19406,0.0
44469,rgb/044469.jpg,0.10918,0.27452,0.0
15680,rgb/015680.jpg,-0.21298,0.34119,0.0
15723,rgb/015723.jpg,-0.21103,0.34119,0.0
15657,rgb/015657.jpg,-0.2135,0.34119,0.0
32652,rgb/032652.jpg,-0.05594,0.34119,0.0
20259,rgb/020259.jpg,0.2668,0.20193,0.0
27557,rgb/027557.jpg,-0.06988,0.29805,0.0
25410,rgb/025410.jpg,0.0776,0.14119,0.0
16407,rgb/016407.jpg,0.04446,0.4157,0.0
11762,rgb/011762.jpg,-0.01598,0.38432,0.0
230,rgb/000230.jpg,0.03684,0.07295,0.0
19148,rgb/019148.jpg,0.1633,0.26668,0.0
7156,rgb/007156.jpg,0.20834,0.23121,0.0
27793,rgb/027793.jpg,0.07784,0.11462,0.0
43647,rgb/043647.jpg,0.11577,0.38432,0.0
7502,rgb/007502.jpg,1e-05,0.34903,0.0
37229,rgb/037229.jpg,-0.03228,0.38384,0.0
34599,rgb/034599.jpg,0.11459,0.30197,0.0
20675,rgb/020675.jpg,0.05415,0.37256,0.0
30311,rgb/030311.jpg,0.11305,0.23138,0.0
17926,rgb/017926.jpg,0.09924,0.38824,0.0
43374,rgb/043374.jpg,-0.16402,0.22354,0.0
45281,rgb/045281.jpg,-0.0,0.27452,0.0
22779,rgb/022779.jpg,0.30505,0.19217,0.0
27086,rgb/027086.jpg,0.0907,0.29805,0.0
37052,rgb/037052.jpg,0.0,0.33727,0.0
25353,rgb/025353.jpg,0.27593,0.14119,0.0
3424,rgb/003424.jpg,-0.01186,0.41177,0.0
38780,rgb/038780.jpg,0.26727,0.26561,0.0
27146,rgb/027146.jpg,0.08382,0.29805,0.0
8405,rgb/008405.jpg,-0.11276,0.00786,0.0
2433,rgb/002433.jpg,-0.1828,0.30282,0.0
23696,rgb/023696.jpg,0.10844,0.16082,0.0
31414,rgb/031414.jpg,-0.0,0.31368,0.0
9097,rgb/009097.jpg,-0.09779,0.33727,0.0
2490,rgb/002490.jpg,-0.24855,0.30981,0.0
6759,rgb/006759.jpg,0.0,0.32158,0.0
43581,rgb/043581.jpg,-0.09875,0.22354,0.0
3176,rgb/003176.jpg,-0.0,0.41177,0.0
32563,rgb/032563.jpg,-0.08648,0.34119,0.0
40348,rgb/040348.jpg,0.28805,0.29021,0.0
1660,rgb/001660.jpg,0.06827,0.38432,0.0
2642,rgb/002642.jpg,0.20819,0.13337,0.0
7743,rgb/007743.jpg,0.27865,0.26667,0.0
38050,rgb/038050.jpg,0.10511,0.30197,0.0
30711,rgb/030711.jpg,-0.22925,0.24752,0.0
35679,rgb/035679.jpg,0.12636,0.2141,0.0
23796,rgb/023796.jpg,0.12388,0.21961,0.0
37608,rgb/037608.jpg,-0.25069,0.21552,0.0
3654,rgb/003654.jpg,0.09192,0.43138,0.0
30017,rgb/030017.jpg,0.28623,0.21962,0.0
32716,rgb/032716.jpg,-0.08612,0.34119,0.0
30727,rgb/030727.jpg,-0.26039,0.27264,0.0
3904,rgb/003904.jpg,-0.0013,0.43138,0.0
19601,rgb/019601.jpg,0.13213,0.3004,0.0
42626,rgb/042626.jpg,0.14302,0.20001,0.0
29371,rgb/029371.jpg,0.2041,0.31372,0.0
42097,rgb/042097.jpg,0.17754,0.21178,0.0
29127,rgb/029127.jpg,0.22945,0.30568,0.0
14371,rgb/014371.jpg,-3e-05,0.40001,0.0
44509,rgb/044509.jpg,0.07258,0.27452,0.0
23161,rgb/023161.jpg,0.22189,0.0,0.0
4580,rgb/004580.jpg,-0.00217,0.38824,0.0
24827,rgb/024827.jpg,0.16032,0.07357,0.0
19615,rgb/019615.jpg,0.22823,0.29809,0.0
10596,rgb/010596.jpg,-0.01237,0.38432,0.0
43554,rgb/043554.jpg,-0.1145,0.22354,0.0
34581,rgb/034581.jpg,0.11412,0.30197,0.0
37545,rgb/037545.jpg,-0.19421,0.09021,0.0
29973,rgb/029973.jpg,0.28176,0.21962,0.0
39667,rgb/039667.jpg,0.20879,0.24315,0.0
23838,rgb/023838.jpg,0.04395,0.23043,0.0
9095,rgb/009095.jpg,-0.10342,0.33727,0.0
34855,rgb/034855.jpg,-0.06054,0.31766,0.0
30287,rgb/030287.jpg,0.25163,0.23138,0.0
15101,rgb/015101.jpg,-0.15612,0.27053,0.0
9967,rgb/009967.jpg,0.0,0.3804,0.0
16795,rgb/016795.jpg,-0.02417,0.45491,0.0
34393,rgb/034393.jpg,-0.12292,0.23818,0.0
15731,rgb/015731.jpg,-0.21103,0.34119,0.0
21914,rgb/021914.jpg,0.11079,0.21199,0.0
34653,rgb/034653.jpg,0.05634,0.30197,0.0
4680,rgb/004680.jpg,0.0,0.38824,0.0
31333,rgb/031333.jpg,-0.08047,0.15423,0.0
28360,rgb/028360.jpg,0.24637,0.15198,0.0
29076,rgb/029076.jpg,0.26726,0.00011,0.0
15125,rgb/015125.jpg,-0.13819,0.27795,0.0
29099,rgb/029099.jpg,0.31761,0.09301,0.0
12013,rgb/012013.jpg,-0.04074,0.38432,0.0
29064,rgb/029064.jpg,0.15981,0.00348,0.0
37808,rgb/037808.jpg,0.21774,0.21172,0.0
40469,rgb/040469.jpg,-0.05668,0.29021,0.0
32578,rgb/032578.jpg,-0.098,0.34119,0.0
37539,rgb/037539.jpg,-0.17721,0.09021,0.0
12272,rgb/012272.jpg,0.0,0.34903,0.0
4381,rgb/004381.jpg,0.10167,0.38824,0.0
5313,rgb/005313.jpg,0.09534,0.19885,0.0
399,rgb/000399.jpg,0.0,0.14511,0.0
16312,rgb/016312.jpg,0.0,0.41177,0.0
15069,rgb/015069.jpg,-0.13949,0.25158,0.0
29360,rgb/029360.jpg,0.15857,0.31343,0.0
38895,rgb/038895.jpg,-0.06915,0.27452,0.0
5338,rgb/005338.jpg,0.11639,0.31188,0.0
32636,rgb/032636.jpg,-0.05217,0.34119,0.0
11127,rgb/011127.jpg,-0.04709,0.21976,0.0
40366,rgb/040366.jpg,0.1969,0.29021,0.0
22340,rgb/022340.jpg,0.22668,0.18531,0.0
7693,rgb/007693.jpg,0.25223,0.25353,0.0
26882,rgb/026882.jpg,-0.0423,0.29805,0.0
7234,rgb/007234.jpg,-0.02284,0.33472,0.0
39716,rgb/039716.jpg,-0.22624,0.24315,0.0
30716,rgb/030716.jpg,-0.23797,0.26512,0.0
2518,rgb/002518.jpg,-0.09658,0.30981,0.0
12886,rgb/012886.jpg,-0.08489,0.35398,0.0
46007,rgb/046007.jpg,0.1171,0.27452,0.0
46202,rgb/046202.jpg,-0.0,0.27452,0.0
3690,rgb/003690.jpg,0.05153,0.43138,0.0
38792,rgb/038792.jpg,0.27233,0.30458,0.0
39709,rgb/039709.jpg,-0.15146,0.24315,0.0
42544,rgb/042544.jpg,0.18603,0.10917,0.0
8442,rgb/008442.jpg,-0.1738,0.28599,0.0
29152,rgb/029152.jpg,0.12041,0.32548,0.0
29137,rgb/029137.jpg,0.18376,0.32408,0.0
32585,rgb/032585.jpg,-0.09814,0.34119,0.0
35671,rgb/035671.jpg,0.1253,0.16251,0.0
40377,rgb/040377.jpg,0.05873,0.29021,0.0
29091,rgb/029091.jpg,0.31706,0.00589,0.0
10325,rgb/010325.jpg,-0.09977,0.38432,0.0
15750,rgb/015750.jpg,-0.21103,0.34119,0.0
24281,rgb/024281.jpg,0.25617,0.25489,0.0
11089,rgb/011089.jpg,-0.09082,0.38432,0.0
25807,rgb/025807.jpg,0.26076,0.17648,0.0
34181,rgb/034181.jpg,-0.12518,0.28627,0.0
23132,rgb/023132.jpg,0.16691,0.00269,0.0
39616,rgb/039616.jpg,0.04397,0.24315,0.0
6122,rgb/006122.jpg,0.0,0.30589,0.0
1139,rgb/001139.jpg,0.25553,0.25901,0.0
37528,rgb/037528.jpg,-0.11113,0.09031,0.0
25868,rgb/025868.jpg,0.20341,0.17648,0.0
22339,rgb/022339.jpg,0.22652,0.17648,0.0
9907,rgb/009907.jpg,0.0,0.3804,0.0
37576,rgb/037576.jpg,-0.25026,0.12883,0.0
21214,rgb/021214.jpg,0.27223,0.22354,0.0
8432,rgb/008432.jpg,-0.13896,0.23709,0.0
43389,rgb/043389.jpg,-0.10162,0.22354,0.0
43505,rgb/043505.jpg,-0.18732,0.22354,0.0
2836,rgb/002836.jpg,0.1209,0.41177,0.0
15749,rgb/015749.jpg,-0.21103,0.34119,0.0
24846,rgb/024846.jpg,0.23196,0.21239,0.0
35872,rgb/035872.jpg,-0.0011,0.32158,0.0
29080,rgb/029080.jpg,0.28797,3e-05,0.0
35680,rgb/035680.jpg,0.12638,0.22626,0.0
30263,rgb/030263.jpg,0.2799,0.23138,0.0
26557,rgb/026557.jpg,0.22185,0.0,0.0
8480,rgb/008480.jpg,-0.19513,0.33332,0.0
34233,rgb/034233.jpg,-0.08073,0.29018,0.0
18690,rgb/018690.jpg,0.07497,0.38824,0.0
30967,rgb/030967.jpg,-0.03388,0.29413,0.0
19115,rgb/019115.jpg,0.20566,0.26668,0.0
25861,rgb/025861.jpg,0.25445,0.17648,0.0
9045,rgb/009045.jpg,-0.11415,0.33727,0.0
29478,rgb/029478.jpg,-0.04524,0.31374,0.0
29109,rgb/029109.jpg,0.30607,0.20875,0.0
10322,rgb/010322.jpg,-0.10034,0.38432,0.0
16150,rgb/016150.jpg,0.2877,0.16474,0.0
2195,rgb/002195.jpg,0.0,0.38432,0.0
34206,rgb/034206.jpg,-0.09837,0.28629,0.0
40415,rgb/040415.jpg,0.05485,0.29021,0.0
23764,rgb/023764.jpg,0.12726,0.1866,0.0
20718,rgb/020718.jpg,0.13633,0.37256,0.0
20238,rgb/020238.jpg,0.23921,0.05841,0.0
22036,rgb/022036.jpg,0.05563,0.2706,0.0
19137,rgb/019137.jpg,0.19592,0.26668,0.0
21239,rgb/021239.jpg,0.27888,0.22354,0.0
19139,rgb/019139.jpg,0.18983,0.26668,0.0
21925,rgb/021925.jpg,0.17097,0.21179,0.0
2425,rgb/002425.jpg,-0.16043,0.2933,0.0
15648,rgb/015648.jpg,-0.22948,0.34119,0.0
31069,rgb/031069.jpg,-0.02665,0.37648,0.0
42628,rgb/042628.jpg,0.14652,0.20001,0.0
40325,rgb/040325.jpg,0.18454,0.29021,0.0
20766,rgb/020766.jpg,0.04387,0.37256,0.0
40365,rgb/040365.jpg,0.21386,0.29021,0.0
14636,rgb/014636.jpg,-0.05063,0.40001,0.0
37537,rgb/037537.jpg,-0.16991,0.09022,0.0
32110,rgb/032110.jpg,-0.02618,0.32158,0.0
20235,rgb/020235.jpg,0.22469,0.03835,0.0
22768,rgb/022768.jpg,0.27369,0.19217,0.0
15601,rgb/015601.jpg,-0.23254,0.34119,0.0
21201,rgb/021201.jpg,0.17945,0.22354,0.0
15092,rgb/015092.jpg,-0.14447,0.26964,0.0
42033,rgb/042033.jpg,0.27181,0.05916,0.0
1508,rgb/001508.jpg,0.0932,0.29021,0.0
26551,rgb/026551.jpg,0.1946,0.0,0.0
25289,rgb/025289.jpg,0.08618,0.14113,0.0
791,rgb/000791.jpg,0.07826,0.33379,0.0
34158,rgb/034158.jpg,-0.13662,0.28235,0.0
22350,rgb/022350.jpg,0.22699,0.26726,0.0
29934,rgb/029934.jpg,0.12742,0.19645,0.0
37786,rgb/037786.jpg,0.20742,0.19849,0.0
43377,rgb/043377.jpg,-0.14972,0.22354,0.0
28352,rgb/028352.jpg,0.22621,0.14519,0.0
9419,rgb/009419.jpg,-1e-05,0.33727,0.0
22356,rgb/022356.jpg,0.23721,0.29653,0.0
20484,rgb/020484.jpg,-0.02997,0.3303,0.0
10331,rgb/010331.jpg,-0.09659,0.38432,0.0
27805,rgb/027805.jpg,0.1759,0.11377,0.0
37791,rgb/037791.jpg,0.21632,0.20563,0.0
9122,rgb/009122.jpg,-0.05478,0.33727,0.0
23752,rgb/023752.jpg,0.15661,0.1608,0.0
27128,rgb/027128.jpg,0.09435,0.29805,0.0
44800,rgb/044800.jpg,-0.00363,0.27452,0.0
36750,rgb/036750.jpg,0.06896,0.33727,0.0
41255,rgb/041255.jpg,0.0,0.29021,0.0
22027,rgb/022027.jpg,0.05339,0.2706,0.0
26994,rgb/026994.jpg,0.04177,0.29805,0.0
17752,rgb/017752.jpg,0.0,0.38824,0.0
36613,rgb/036613.jpg,0.1389,0.33727,0.0
45169,rgb/045169.jpg,-0.0,0.27452,0.0
29075,rgb/029075.jpg,0.2608,0.00015,0.0
30706,rgb/030706.jpg,-0.22831,0.19468,0.0
9617,rgb/009617.jpg,-0.03451,0.34119,0.0
39436,rgb/039436.jpg,-0.0005,0.22354,0.0
29984,rgb/029984.jpg,0.28519,0.21962,0.0
21258,rgb/021258.jpg,0.1157,0.28292,0.0
35094,rgb/035094.jpg,-0.05021,0.32894,0.0
28826,rgb/028826.jpg,-0.00927,0.36079,0.0
25349,rgb/025349.jpg,0.2766,0.14119,0.0
34214,rgb/034214.jpg,-0.0983,0.28629,0.0
29078,rgb/029078.jpg,0.27834,6e-05,0.0
13497,rgb/013497.jpg,-0.0,0.36079,0.0
37966,rgb/037966.jpg,0.04002,0.30197,0.0
31212,rgb/031212.jpg,-0.09796,0.37648,0.0
7657,rgb/007657.jpg,0.1932,0.08237,0.0
24256,rgb/024256.jpg,0.18339,0.25099,0.0
35708,rgb/035708.jpg,0.14074,0.30957,0.0
30273,rgb/030273.jpg,0.28545,0.23138,0.0
23867,rgb/023867.jpg,0.04225,0.23628,0.0
18698,rgb/018698.jpg,0.07442,0.39051,0.0
7695,rgb/007695.jpg,0.25745,0.25683,0.0
29135,rgb/029135.jpg,0.19342,0.32298,0.0
35745,rgb/035745.jpg,0.14639,0.316,0.0
37799,rgb/037799.jpg,0.21771,0.21103,0.0
39620,rgb/039620.jpg,0.06523,0.24315,0.0
4891,rgb/004891.jpg,0.02126,0.38824,0.0
26601,rgb/026601.jpg,0.25852,0.17939,0.0
26642,rgb/026642.jpg,0.19506,0.2627,0.0
30274,rgb/030274.jpg,0.28493,0.23138,0.0
692,rgb/000692.jpg,0.13607,0.30981,0.0
46051,rgb/046051.jpg,0.12076,0.27452,0.0
38079,rgb/038079.jpg,0.06512,0.30197,0.0
43503,rgb/043503.jpg,-0.1867,0.22354,0.0
2393,rgb/002393.jpg,-0.1023,0.09599,0.0
20287,rgb/020287.jpg,0.15249,0.21177,0.0
33741,rgb/033741.jpg,-0.05103,0.34119,0.0
22793,rgb/022793.jpg,0.25473,0.28028,0.0
30288,rgb/030288.jpg,0.24761,0.23138,0.0
34481,rgb/034481.jpg,-0.12164,0.30197,0.0
7154,rgb/007154.jpg,0.21492,0.23108,0.0
4364,rgb/004364.jpg,0.06224,0.38824,0.0
15106,rgb/015106.jpg,-0.1564,0.27326,0.0
11102,rgb/011102.jpg,-0.08823,0.31711,0.0
39575,rgb/039575.jpg,0.0,0.24315,0.0
19296,rgb/019296.jpg,-0.0222,0.33697,0.0
31220,rgb/031220.jpg,-0.10993,0.37648,0.0
34108,rgb/034108.jpg,-0.06641,0.27286,0.0
9498,rgb/009498.jpg,-0.00707,0.33727,0.0
2619,rgb/002619.jpg,0.15053,0.15315,0.0
42057,rgb/042057.jpg,0.28766,0.14159,0.0
30684,rgb/030684.jpg,-0.1715,0.03531,0.0
979,rgb/000979.jpg,-0.00106,0.35295,0.0
8622,rgb/008622.jpg,-0.05108,0.33334,0.0
15752,rgb/015752.jpg,-0.21103,0.34119,0.0
24873,rgb/024873.jpg,0.25463,0.36796,0.0
22321,rgb/022321.jpg,0.12505,0.17674,0.0
22833,rgb/022833.jpg,0.07551,0.32354,0.0
15675,rgb/015675.jpg,-0.21298,0.34119,0.0
3877,rgb/003877.jpg,-0.03589,0.43138,0.0
24841,rgb/024841.jpg,0.20982,0.20066,0.0
30728,rgb/030728.jpg,-0.26053,0.27311,0.0
29124,rgb/029124.jpg,0.23329,0.29363,0.0
34177,rgb/034177.jpg,-0.13087,0.28625,0.0
37531,rgb/037531.jpg,-0.1347,0.09025,0.0
23834,rgb/023834.jpg,0.04395,0.22836,0.0
30672,rgb/030672.jpg,-0.12135,0.03543,0.0
36623,rgb/036623.jpg,0.134,0.33727,0.0
29439,rgb/029439.jpg,0.10531,0.31374,0.0
43624,rgb/043624.jpg,0.03079,0.38321,0.0
16189,rgb/016189.jpg,0.12505,0.37616,0.0
11900,rgb/011900.jpg,-0.02489,0.38432,0.0
34112,rgb/034112.jpg,-0.07233,0.27668,0.0
15182,rgb/015182.jpg,-0.0884,0.34903,0.0
22787,rgb/022787.jpg,0.29589,0.27067,0.0
30024,rgb/030024.jpg,0.20599,0.21962,0.0
34417,rgb/034417.jpg,-0.19808,0.28717,0.0
30026,rgb/030026.jpg,0.18023,0.21962,0.0
41276,rgb/041276.jpg,-0.0208,0.29021,0.0
35725,rgb/035725.jpg,0.14716,0.3128,0.0
7708,rgb/007708.jpg,0.26636,0.26262,0.0
708,rgb/000708.jpg,0.087,0.30981,0.0
13880,rgb/013880.jpg,-0.0722,0.16864,0.0
1134,rgb/001134.jpg,0.21622,0.23567,0.0
25309,rgb/025309.jpg,0.19098,0.14119,0.0
30397,rgb/030397.jpg,-0.04388,0.23138,0.0
27166,rgb/027166.jpg,0.08371,0.29805,0.0
44287,rgb/044287.jpg,0.19345,0.27452,0.0
39702,rgb/039702.jpg,-0.09684,0.24315,0.0
43582,rgb/043582.jpg,-0.09799,0.22354,0.0
32674,rgb/032674.jpg,-0.05177,0.34119,0.0
15689,rgb/015689.jpg,-0.21133,0.34119,0.0
7749,rgb/007749.jpg,0.26737,0.26668,0.0
37838,rgb/037838.jpg,0.12773,0.24419,0.0
26898,rgb/026898.jpg,-0.00011,0.29805,0.0
16135,rgb/016135.jpg,0.2445,0.16641,0.0
45583,rgb/045583.jpg,-0.05092,0.27452,0.0
30715,rgb/030715.jpg,-0.23519,0.2633,0.0
4418,rgb/004418.jpg,0.07863,0.38824,0.0
2653,rgb/002653.jpg,0.1601,0.13335,0.0
27866,rgb/027866.jpg,0.17541,0.34118,0.0
29955,rgb/029955.jpg,0.21469,0.21952,0.0
44447,rgb/044447.jpg,0.09692,0.27452,0.0
33570,rgb/033570.jpg,-0.04626,0.34119,0.0
9441,rgb/009441.jpg,-0.0,0.33727,0.0
23708,rgb/023708.jpg,0.13508,0.1608,0.0
35251,rgb/035251.jpg,-0.0,0.33334,0.0
13916,rgb/013916.jpg,-0.04007,0.36054,0.0
29486,rgb/029486.jpg,-0.04531,0.31374,0.0
815,rgb/000815.jpg,0.08612,0.35291,0.0
39861,rgb/039861.jpg,0.18717,0.29021,0.0
23220,rgb/023220.jpg,0.09863,0.20758,0.0
24376,rgb/024376.jpg,-0.04046,0.32886,0.0
38112,rgb/038112.jpg,0.0538,0.30197,0.0
25794,rgb/025794.jpg,0.22571,0.17648,0.0
7849,rgb/007849.jpg,-0.04361,0.3429,0.0
22386,rgb/022386.jpg,0.22831,0.34943,0.0
25008,rgb/025008.jpg,-0.00247,0.31809,0.0
21811,rgb/021811.jpg,-0.0,0.36864,0.0
29980,rgb/029980.jpg,0.28397,0.21962,0.0
191,rgb/000191.jpg,0.043,0.0,0.0
25834,rgb/025834.jpg,0.31125,0.17648,0.0
10226,rgb/010226.jpg,-0.10797,0.38432,0.0
28196,rgb/028196.jpg,0.0,0.35294,0.0
7115,rgb/007115.jpg,0.23441,0.16729,0.0
39774,rgb/039774.jpg,-0.10991,0.31373,0.0
16125,rgb/016125.jpg,0.15024,0.19031,0.0
25953,rgb/025953.jpg,3e-05,0.37648,0.0
30336,rgb/030336.jpg,0.10086,0.23138,0.0
29101,rgb/029101.jpg,0.31757,0.11188,0.0
26581,rgb/026581.jpg,0.2397,0.08432,0.0
24404,rgb/024404.jpg,-0.06414,0.33709,0.0
37562,rgb/037562.jpg,-0.24084,0.09021,0.0
8415,rgb/008415.jpg,-0.13094,0.01374,0.0
24362,rgb/024362.jpg,-0.01205,0.31622,0.0
34424,rgb/034424.jpg,-0.19807,0.29959,0.0
46357,rgb/046357.jpg,-0.02377,0.27452,0.0
43328,rgb/043328.jpg,-0.25364,0.22354,0.0
20514,rgb/020514.jpg,-0.05889,0.3684,0.0
42623,rgb/042623.jpg,0.13629,0.20001,0.0
38805,rgb/038805.jpg,0.25073,0.30586,0.0
46067,rgb/046067.jpg,0.12076,0.27452,0.0
25361,rgb/025361.jpg,0.25519,0.14119,0.0
2811,rgb/002811.jpg,0.04637,0.41177,0.0
45960,rgb/045960.jpg,0.06771,0.27452,0.0
34627,rgb/034627.jpg,0.06536,0.30197,0.0
37803,rgb/037803.jpg,0.21774,0.21154,0.0
44482,rgb/044482.jpg,0.115,0.27452,0.0
2877,rgb/002877.jpg,0.09091,0.41177,0.0
6397,rgb/006397.jpg,0.10417,0.32158,0.0
30006,rgb/030006.jpg,0.31432,0.21962,0.0
26568,rgb/026568.jpg,0.23499,0.0,0.0
20273,rgb/020273.jpg,0.25865,0.21115,0.0
9075,rgb/009075.jpg,-0.10982,0.33727,0.0
42537,rgb/042537.jpg,0.17579,0.05541,0.0
15137,rgb/015137.jpg,-0.06663,0.3243,0.0
25519,rgb/025519.jpg,0.0,0.14119,0.0
37783,rgb/037783.jpg,0.19875,0.19104,0.0
43957,rgb/043957.jpg,-2e-05,0.27452,0.0
8090,rgb/008090.jpg,-0.0,0.36864,0.0
21256,rgb/021256.jpg,0.13625,0.26331,0.0
42622,rgb/042622.jpg,0.1337,0.20001,0.0
32909,rgb/032909.jpg,-0.02561,0.34119,0.0
25803,rgb/025803.jpg,0.24994,0.17648,0.0
9258,rgb/009258.jpg,-0.03342,0.33727,0.0
44260,rgb/044260.jpg,0.19283,0.27452,0.0
38117,rgb/038117.jpg,0.05065,0.30197,0.0
38816,rgb/038816.jpg,0.16557,0.28001,0.0
42543,rgb/042543.jpg,0.18546,0.09981,0.0
2474,rgb/002474.jpg,-0.24889,0.30981,0.0
23743,rgb/023743.jpg,0.1605,0.1608,0.0
39837,rgb/039837.jpg,0.09058,0.29021,0.0
27846,rgb/027846.jpg,0.25642,0.33934,0.0
11779,rgb/011779.jpg,-0.02648,0.38432,0.0
7711,rgb/007711.jpg,0.27036,0.2627,0.0
19127,rgb/019127.jpg,0.20575,0.26668,0.0
7635,rgb/007635.jpg,0.04878,0.08249,0.0
23692,rgb/023692.jpg,0.09854,0.16086,0.0
29510,rgb/029510.jpg,-0.00571,0.31374,0.0
42069,rgb/042069.jpg,0.28584,0.20885,0.0
40789,rgb/040789.jpg,0.08661,0.29021,0.0
9092,rgb/009092.jpg,-0.10851,0.33727,0.0
19617,rgb/019617.jpg,0.23895,0.29807,0.0
16450,rgb/016450.jpg,0.09823,0.4157,0.0
38879,rgb/038879.jpg,-0.06845,0.27452,0.0
30279,rgb/030279.jpg,0.27749,0.23138,0.0
9008,rgb/009008.jpg,-0.11636,0.33727,0.0
23151,rgb/023151.jpg,0.25648,1e-05,0.0
43629,rgb/043629.jpg,0.04769,0.38406,0.0
15122,rgb/015122.jpg,-0.15472,0.27451,0.0
10348,rgb/010348.jpg,-0.09502,0.38432,0.0
7668,rgb/007668.jpg,0.21448,0.1289,0.0
39967,rgb/039967.jpg,0.05131,0.29021,0.0
2445,rgb/002445.jpg,-0.19013,0.30942,0.0
5401,rgb/005401.jpg,0.10866,0.3255,0.0
37565,rgb/037565.jpg,-0.2416,0.09021,0.0
27306,rgb/027306.jpg,0.04855,0.29805,0.0
40419,rgb/040419.jpg,0.06177,0.29021,0.0
44487,rgb/044487.jpg,0.11133,0.27452,0.0
39677,rgb/039677.jpg,0.17625,0.24315,0.0
12915,rgb/012915.jpg,-0.11435,0.31377,0.0
43238,rgb/043238.jpg,0.16138,0.2098,0.0
39745,rgb/039745.jpg,-0.40138,0.28629,0.0
15350,rgb/015350.jpg,-4e-05,0.36861,0.0
12931,rgb/012931.jpg,-0.11435,0.31374,0.0
7129,rgb/007129.jpg,0.25349,0.21725,0.0
38948,rgb/038948.jpg,0.04119,0.27452,0.0
16252,rgb/016252.jpg,-0.06607,0.41174,0.0
2784,rgb/002784.jpg,0.0,0.41177,0.0
1142,rgb/001142.jpg,0.28354,0.26344,0.0
8473,rgb/008473.jpg,-0.189,0.3332,0.0
23715,rgb/023715.jpg,0.14888,0.1608,0.0
7696,rgb/007696.jpg,0.25954,0.25831,0.0
43411,rgb/043411.jpg,-0.06899,0.22354,0.0
32217,rgb/032217.jpg,-0.02438,0.32158,0.0
7742,rgb/007742.jpg,0.27959,0.26667,0.0
40324,rgb/040324.jpg,0.1792,0.29021,0.0
17305,rgb/017305.jpg,-0.0,0.38824,0.0
7914,rgb/007914.jpg,-0.00328,0.36076,0.0
42031,rgb/042031.jpg,0.26427,0.05941,0.0
2460,rgb/002460.jpg,-0.20362,0.30981,0.0
7713,rgb/007713.jpg,0.27355,0.26272,0.0
30748,rgb/030748.jpg,-0.23373,0.28229,0.0
19603,rgb/019603.jpg,0.15286,0.29937,0.0
39851,rgb/039851.jpg,0.17432,0.29021,0.0
38904,rgb/038904.jpg,-0.06423,0.27452,0.0
15625,rgb/015625.jpg,-0.25616,0.34119,0.0
25781,rgb/025781.jpg,0.19833,0.17648,0.0
36620,rgb/036620.jpg,0.14033,0.33727,0.0
35728,rgb/035728.jpg,0.14727,0.31334,0.0
9039,rgb/009039.jpg,-0.13085,0.33727,0.0
21227,rgb/021227.jpg,0.31784,0.22354,0.0
15738,rgb/015738.jpg,-0.21103,0.34119,0.0
35683,rgb/035683.jpg,0.1264,0.25674,0.0
9080,rgb/009080.jpg,-0.10988,0.33727,0.0
24857,rgb/024857.jpg,0.25432,0.31847,0.0
38037,rgb/038037.jpg,0.11897,0.30197,0.0
42624,rgb/042624.jpg,0.13878,0.20001,0.0
8886,rgb/008886.jpg,-0.02272,0.30981,0.0
24890,rgb/024890.jpg,0.23893,0.36863,0.0
38876,rgb/038876.jpg,-0.06853,0.27452,0.0
29998,rgb/029998.jpg,0.31611,0.21962,0.0
30452,rgb/030452.jpg,-0.0,0.23138,0.0
22781,rgb/022781.jpg,0.30542,0.21668,0.0
30426,rgb/030426.jpg,-0.00295,0.23138,0.0
29094,rgb/029094.jpg,0.31747,0.04177,0.0
42549,rgb/042549.jpg,0.18515,0.15315,0.0
45301,rgb/045301.jpg,-0.0,0.27452,0.0
23196,rgb/023196.jpg,0.15259,0.13798,0.0
21244,rgb/021244.jpg,0.24634,0.22354,0.0
44235,rgb/044235.jpg,0.12559,0.27452,0.0
38789,rgb/038789.jpg,0.27222,0.30277,0.0
40330,rgb/040330.jpg,0.21531,0.29021,0.0
31255,rgb/031255.jpg,-0.1184,0.37648,0.0
43322,rgb/043322.jpg,-0.23361,0.22354,0.0
16201,rgb/016201.jpg,0.06593,0.37647,0.0
25432,rgb/025432.jpg,0.09066,0.14119,0.0
1140,rgb/001140.jpg,0.26469,0.26093,0.0
19122,rgb/019122.jpg,0.20577,0.26668,0.0
42566,rgb/042566.jpg,0.16201,0.19345,0.0
1316,rgb/001316.jpg,-0.0002,0.37163,0.0
42504,rgb/042504.jpg,0.11065,0.0,0.0
18815,rgb/018815.jpg,-0.03134,0.39556,0.0
34051,rgb/034051.jpg,0.0,0.23424,0.0
42388,rgb/042388.jpg,-0.0,0.25883,0.0
44001,rgb/044001.jpg,-0.0,0.27452,0.0
34211,rgb/034211.jpg,-0.09831,0.28629,0.0
21191,rgb/021191.jpg,0.13102,0.22354,0.0
27837,rgb/027837.jpg,0.28791,0.32509,0.0
14720,rgb/014720.jpg,-0.04984,0.40001,0.0
16159,rgb/016159.jpg,0.20881,0.16472,0.0
19604,rgb/019604.jpg,0.1626,0.29904,0.0
45233,rgb/045233.jpg,-0.0,0.27452,0.0
15669,rgb/015669.jpg,-0.21299,0.34119,0.0
29944,rgb/029944.jpg,0.15769,0.21736,0.0
18762,rgb/018762.jpg,0.04468,0.39217,0.0
29972,rgb/029972.jpg,0.2806,0.21962,0.0
5932,rgb/005932.jpg,0.0,0.16661,0.0
43241,rgb/043241.jpg,0.16365,0.21493,0.0
32539,rgb/032539.jpg,-0.05954,0.34119,0.0
23164,rgb/023164.jpg,0.19139,0.00196,0.0
24347,rgb/024347.jpg,0.05482,0.27577,0.0
4387,rgb/004387.jpg,0.11184,0.38824,0.0
34738,rgb/034738.jpg,0.09058,0.30888,0.0
39094,rgb/039094.jpg,0.0,0.27452,0.0
12917,rgb/012917.jpg,-0.11435,0.31376,0.0
11664,rgb/011664.jpg,0.0,0.38432,0.0
29085,rgb/029085.jpg,0.31022,1e-05,0.0
24546,rgb/024546.jpg,0.04322,0.46666,0.0
40304,rgb/040304.jpg,0.08249,0.29021,0.0
2435,rgb/002435.jpg,-0.18631,0.30416,0.0
37558,rgb/037558.jpg,-0.23622,0.09021,0.0
30621,rgb/030621.jpg,0.0,0.30981,0.0
10724,rgb/010724.jpg,-0.0,0.38432,0.0
3395,rgb/003395.jpg,0.00068,0.41177,0.0
7734,rgb/007734.jpg,0.28282,0.26658,0.0
8450,rgb/008450.jpg,-0.17993,0.3073,0.0
9042,rgb/009042.jpg,-0.1221,0.33727,0.0
25297,rgb/025297.jpg,0.13622,0.14118,0.0
18683,rgb/018683.jpg,0.08614,0.38824,0.0
43339,rgb/043339.jpg,-0.24882,0.22354,0.0
35754,rgb/035754.jpg,0.13735,0.31753,0.0
21228,rgb/021228.jpg,0.31754,0.22354,0.0
17563,rgb/017563.jpg,-1e-05,0.38824,0.0
4492,rgb/004492.jpg,0.06078,0.38824,0.0
2430,rgb/002430.jpg,-0.17556,0.29991,0.0
27902,rgb/027902.jpg,0.05474,0.34119,0.0
13054,rgb/013054.jpg,-0.03248,0.36079,0.0
6576,rgb/006576.jpg,0.02725,0.32158,0.0
25867,rgb/025867.jpg,0.21036,0.17648,0.0
2498,rgb/002498.jpg,-0.22325,0.30981,0.0
5329,rgb/005329.jpg,0.11099,0.29438,0.0
9934,rgb/009934.jpg,0.0,0.3804,0.0
43319,rgb/043319.jpg,-0.21368,0.22354,0.0
15698,rgb/015698.jpg,-0.21104,0.34119,0.0
37621,rgb/037621.jpg,-0.15738,0.21569,0.0
2887,rgb/002887.jpg,0.07466,0.41177,0.0
32709,rgb/032709.jpg,-0.08312,0.34119,0.0
19509,rgb/019509.jpg,-0.0031,0.33727,0.0
30009,rgb/030009.jpg,0.31224,0.21962,0.0
26640,rgb/026640.jpg,0.20057,0.2596,0.0
43532,rgb/043532.jpg,-0.19999,0.22354,0.0
10217,rgb/010217.jpg,-0.09692,0.38432,0.0
29344,rgb/029344.jpg,0.11482,0.3015,0.0
38868,rgb/038868.jpg,-0.07273,0.27452,0.0
28397,rgb/028397.jpg,0.29046,0.33681,0.0
38027,rgb/038027.jpg,0.13046,0.30197,0.0
29399,rgb/029399.jpg,0.27353,0.31374,0.0
29962,rgb/029962.jpg,0.24923,0.21961,0.0
21236,rgb/021236.jpg,0.29725,0.22354,0.0
25354,rgb/025354.jpg,0.27515,0.14119,0.0
29416,rgb/029416.jpg,0.2691,0.31374,0.0
16136,rgb/016136.jpg,0.25294,0.16598,0.0
17317,rgb/017317.jpg,-0.0,0.38824,0.0
24320,rgb/024320.jpg,0.17495,0.25491,0.0
15108,rgb/015108.jpg,-0.15642,0.27381,0.0
15195,rgb/015195.jpg,-0.08834,0.35286,0.0
40470,rgb/040470.jpg,-0.05324,0.29021,0.0
31246,rgb/031246.jpg,-0.13933,0.37648,0.0
1500,rgb/001500.jpg,0.08598,0.29024,0.0
39765,rgb/039765.jpg,-0.17895,0.31364,0.0
27096,rgb/027096.jpg,0.09272,0.29805,0.0
8446,rgb/008446.jpg,-0.17892,0.30186,0.0
38804,rgb/038804.jpg,0.25618,0.30585,0.0
23762,rgb/023762.jpg,0.13208,0.18184,0.0
28390,rgb/028390.jpg,0.29097,0.33388,0.0
34184,rgb/034184.jpg,-0.12156,0.28628,0.0
16138,rgb/016138.jpg,0.2678,0.16543,0.0
21593,rgb/021593.jpg,-0.02348,0.34903,0.0
9077,rgb/009077.jpg,-0.10986,0.33727,0.0
7721,rgb/007721.jpg,0.28222,0.26275,0.0
26593,rgb/026593.jpg,0.25641,0.11694,0.0
42115,rgb/042115.jpg,0.10589,0.21517,0.0
45967,rgb/045967.jpg,0.07949,0.27452,0.0
21198,rgb/021198.jpg,0.16273,0.22354,0.0
34688,rgb/034688.jpg,0.04135,0.30197,0.0
24317,rgb/024317.jpg,0.20879,0.25491,0.0
7090,rgb/007090.jpg,0.1928,0.14119,0.0
20296,rgb/020296.jpg,0.06132,0.21178,0.0
32786,rgb/032786.jpg,-0.06135,0.34119,0.0
20256,rgb/020256.jpg,0.26534,0.19382,0.0
43310,rgb/043310.jpg,-0.17121,0.22354,0.0
44259,rgb/044259.jpg,0.1925,0.27452,0.0
29092,rgb/029092.jpg,0.31726,0.01716,0.0
31254,rgb/031254.jpg,-0.12357,0.37648,0.0
15713,rgb/015713.jpg,-0.21103,0.34119,0.0
30256,rgb/030256.jpg,0.25898,0.23138,0.0
26861,rgb/026861.jpg,-0.05917,0.29805,0.0
38767,rgb/038767.jpg,0.23999,0.19221,0.0
45295,rgb/045295.jpg,-0.0,0.27452,0.0
46071,rgb/046071.jpg,0.12026,0.27452,0.0
40364,rgb/040364.jpg,0.2296,0.29021,0.0
42076,rgb/042076.jpg,0.27894,0.21139,0.0
7754,rgb/007754.jpg,0.23983,0.26668,0.0
34034,rgb/034034.jpg,0.0,0.30589,0.0
34636,rgb/034636.jpg,0.06092,0.30197,0.0
16251,rgb/016251.jpg,-0.06584,0.41173,0.0
42044,rgb/042044.jpg,0.28738,0.05885,0.0
46077,rgb/046077.jpg,0.10771,0.27452,0.0
29490,rgb/029490.jpg,-0.04962,0.31374,0.0
14023,rgb/014023.jpg,-0.06078,0.38824,0.0
46044,rgb/046044.jpg,0.12076,0.27452,0.0
46065,rgb/046065.jpg,0.12076,0.27452,0.0
43399,rgb/043399.jpg,-0.09773,0.22354,0.0
43373,rgb/043373.jpg,-0.16772,0.22354,0.0
39875,rgb/039875.jpg,0.13524,0.29021,0.0
42901,rgb/042901.jpg,-0.0,0.20786,0.0
23846,rgb/023846.jpg,0.04395,0.23227,0.0
43541,rgb/043541.jpg,-0.1771,0.22354,0.0
30292,rgb/030292.jpg,0.22957,0.23138,0.0
46455,rgb/046455.jpg,-0.02339,0.27452,0.0
42697,rgb/042697.jpg,0.05214,0.20371,0.0
1550,rgb/001550.jpg,0.05008,0.36918,0.0
42525,rgb/042525.jpg,0.15294,0.0,0.0
17946,rgb/017946.jpg,0.14821,0.38824,0.0
43314,rgb/043314.jpg,-0.18756,0.22354,0.0
32586,rgb/032586.jpg,-0.09814,0.34119,0.0
37807,rgb/037807.jpg,0.21774,0.2117,0.0
42438,rgb/042438.jpg,0.0016,0.25883,0.0
30031,rgb/030031.jpg,0.12261,0.21962,0.0
24290,rgb/024290.jpg,0.28186,0.25491,0.0
696,rgb/000696.jpg,0.13473,0.30981,0.0
34155,rgb/034155.jpg,-0.13659,0.28233,0.0
9061,rgb/009061.jpg,-0.10956,0.33727,0.0
46027,rgb/046027.jpg,0.12044,0.27452,0.0
44436,rgb/044436.jpg,0.08782,0.27452,0.0
30759,rgb/030759.jpg,-0.11808,0.28558,0.0
24674,rgb/024674.jpg,-0.03108,0.37293,0.0
15615,rgb/015615.jpg,-0.25566,0.34119,0.0
25359,rgb/025359.jpg,0.26418,0.14119,0.0
40381,rgb/040381.jpg,0.05053,0.29021,0.0
11985,rgb/011985.jpg,-0.03668,0.38432,0.0
7759,rgb/007759.jpg,0.1769,0.26668,0.0
8375,rgb/008375.jpg,-0.04055,0.00883,0.0
39720,rgb/039720.jpg,-0.2862,0.24315,0.0
15551,rgb/015551.jpg,0.1175,0.34132,0.0
29117,rgb/029117.jpg,0.25942,0.27435,0.0
39703,rgb/039703.jpg,-0.10781,0.24315,0.0
31936,rgb/031936.jpg,-0.02927,0.32158,0.0
37749,rgb/037749.jpg,0.08451,0.08665,0.0
15580,rgb/015580.jpg,-0.03696,0.34119,0.0
10940,rgb/010940.jpg,-0.04394,0.38432,0.0
10246,rgb/010246.jpg,-0.10775,0.38432,0.0
28407,rgb/028407.jpg,0.21596,0.33724,0.0
43856,rgb/043856.jpg,-0.00026,0.27452,0.0
42516,rgb/042516.jpg,0.12747,0.0,0.0
16170,rgb/016170.jpg,0.15571,0.30184,0.0
23742,rgb/023742.jpg,0.16052,0.1608,0.0
9657,rgb/009657.jpg,-2e-05,0.34119,0.0
15658,rgb/015658.jpg,-0.21332,0.34119,0.0
34140,rgb/034140.jpg,-0.12651,0.28016,0.0
34490,rgb/034490.jpg,-0.12163,0.30197,0.0
29393,rgb/029393.jpg,0.25748,0.31374,0.0
24380,rgb/024380.jpg,-0.04212,0.32925,0.0
22762,rgb/022762.jpg,0.21669,0.19218,0.0
8052,rgb/008052.jpg,-0.03719,0.36854,0.0
23130,rgb/023130.jpg,0.15293,0.00478,0.0
22746,rgb/022746.jpg,0.07091,0.19293,0.0
22763,rgb/022763.jpg,0.22693,0.19217,0.0
38638,rgb/038638.jpg,-0.0,0.30197,0.0
13591,rgb/013591.jpg,0.0,0.522,0.0
44185,rgb/044185.jpg,0.0,0.27452,0.0
10492,rgb/010492.jpg,-0.00039,0.38432,0.0
37616,rgb/037616.jpg,-0.19839,0.21568,0.0
39753,rgb/039753.jpg,-0.30732,0.31086,0.0
33800,rgb/033800.jpg,-0.01042,0.34119,0.0
2865,rgb/002865.jpg,0.08857,0.41177,0.0
7124,rgb/007124.jpg,0.25195,0.20855,0.0
35531,rgb/035531.jpg,-0.0,0.33334,0.0
39866,rgb/039866.jpg,0.18367,0.29021,0.0
7698,rgb/007698.jpg,0.26239,0.26026,0.0
34194,rgb/034194.jpg,-0.10721,0.28629,0.0
4360,rgb/004360.jpg,0.05596,0.38824,0.0
15140,rgb/015140.jpg,-0.0655,0.33277,0.0
40326,rgb/040326.jpg,0.18988,0.29021,0.0
17227,rgb/017227.jpg,-0.03146,0.38824,0.0
42039,rgb/042039.jpg,0.28569,0.0589,0.0
35716,rgb/035716.jpg,0.14319,0.30979,0.0
15902,rgb/015902.jpg,-0.05125,0.40785,0.0
37757,rgb/037757.jpg,0.12269,0.08632,0.0
16129,rgb/016129.jpg,0.1875,0.1742,0.0
684,rgb/000684.jpg,0.13504,0.30981,0.0
12054,rgb/012054.jpg,-0.06862,0.38432,0.0
34153,rgb/034153.jpg,-0.13653,0.28231,0.0
25331,rgb/025331.jpg,0.24444,0.14119,0.0
42632,rgb/042632.jpg,0.15182,0.20001,0.0
19147,rgb/019147.jpg,0.16725,0.26668,0.0
39933,rgb/039933.jpg,0.07276,0.29021,0.0
41166,rgb/041166.jpg,-0.02919,0.29021,0.0
43774,rgb/043774.jpg,-0.01144,0.38432,0.0
26566,rgb/026566.jpg,0.2342,0.0,0.0
31316,rgb/031316.jpg,-0.11616,0.25532,0.0
15074,rgb/015074.jpg,-0.14006,0.26109,0.0
2479,rgb/002479.jpg,-0.25003,0.30981,0.0
13988,rgb/013988.jpg,-0.07401,0.38432,0.0
7681,rgb/007681.jpg,0.21902,0.22673,0.0
40890,rgb/040890.jpg,0.07122,0.29021,0.0
21211,rgb/021211.jpg,0.24846,0.22354,0.0
16149,rgb/016149.jpg,0.28971,0.16475,0.0
35722,rgb/035722.jpg,0.14676,0.31153,0.0
1137,rgb/001137.jpg,0.23863,0.25305,0.0
37596,rgb/037596.jpg,-0.2637,0.21018,0.0
39863,rgb/039863.jpg,0.1866,0.29021,0.0
4319,rgb/004319.jpg,1e-05,0.38824,0.0
20243,rgb/020243.jpg,0.25436,0.10928,0.0
18448,rgb/018448.jpg,0.0,0.38824,0.0
24844,rgb/024844.jpg,0.22282,0.20807,0.0
25785,rgb/025785.jpg,0.20475,0.17648,0.0
2635,rgb/002635.jpg,0.21898,0.13356,0.0
42071,rgb/042071.jpg,0.2845,0.21013,0.0
18522,rgb/018522.jpg,-0.0,0.38824,0.0
37589,rgb/037589.jpg,-0.26362,0.18717,0.0
29434,rgb/029434.jpg,0.14435,0.31374,0.0
39844,rgb/039844.jpg,0.13825,0.29021,0.0
15605,rgb/015605.jpg,-0.24724,0.34119,0.0
37987,rgb/037987.jpg,0.0715,0.30197,0.0
14062,rgb/014062.jpg,-0.05292,0.39214,0.0
43248,rgb/043248.jpg,0.16454,0.21899,0.0
42067,rgb/042067.jpg,0.28685,0.20657,0.0
14844,rgb/014844.jpg,-0.04052,0.32942,0.0
32583,rgb/032583.jpg,-0.09813,0.34119,0.0
15168,rgb/015168.jpg,-0.08393,0.34902,0.0
34243,rgb/034243.jpg,-0.04857,0.29021,0.0
31303,rgb/031303.jpg,-0.11186,0.37648,0.0
44511,rgb/044511.jpg,0.07238,0.27452,0.0
38208,rgb/038208.jpg,0.05048,0.30197,0.0
27682,rgb/027682.jpg,-0.06368,0.34096,0.0
24816,rgb/024816.jpg,0.0993,0.0314,0.0
22342,rgb/022342.jpg,0.22686,0.20816,0.0
24864,rgb/024864.jpg,0.25468,0.35968,0.0
44295,rgb/044295.jpg,0.19333,0.27452,0.0
38788,rgb/038788.jpg,0.27215,0.30173,0.0
19094,rgb/019094.jpg,0.14472,0.2667,0.0
22368,rgb/022368.jpg,0.34083,0.31948,0.0
32594,rgb/032594.jpg,-0.09675,0.34119,0.0
42634,rgb/042634.jpg,0.15349,0.20001,0.0
11285,rgb/011285.jpg,-0.00463,0.38432,0.0
31855,rgb/031855.jpg,-0.01571,0.32158,0.0
2818,rgb/002818.jpg,0.05543,0.41177,0.0
794,rgb/000794.jpg,0.07916,0.34076,0.0
27392,rgb/027392.jpg,0.0,0.29805,0.0
46069,rgb/046069.jpg,0.12076,0.27452,0.0
27843,rgb/027843.jpg,0.26802,0.33681,0.0
15751,rgb/015751.jpg,-0.21103,0.34119,0.0
34486,rgb/034486.jpg,-0.12197,0.30197,0.0
3848,rgb/003848.jpg,0.03309,0.43138,0.0
27097,rgb/027097.jpg,0.09273,0.29805,0.0
32250,rgb/032250.jpg,-0.00078,0.32158,0.0
20749,rgb/020749.jpg,0.10791,0.37256,0.0
39707,rgb/039707.jpg,-0.13906,0.24315,0.0
4491,rgb/004491.jpg,0.06074,0.38824,0.0
24309,rgb/024309.jpg,0.29703,0.25491,0.0
34407,rgb/034407.jpg,-0.19508,0.22583,0.0
29272,rgb/029272.jpg,-0.03846,0.01019,0.0
28348,rgb/028348.jpg,0.21008,0.14535,0.0
43054,rgb/043054.jpg,0.02447,0.21178,0.0
34439,rgb/034439.jpg,-0.19616,0.30194,0.0
30754,rgb/030754.jpg,-0.1769,0.28333,0.0
22770,rgb/022770.jpg,0.28604,0.19217,0.0
22028,rgb/022028.jpg,0.05421,0.2706,0.0
37725,rgb/037725.jpg,0.04901,0.13441,0.0
2845,rgb/002845.jpg,0.11632,0.41177,0.0
1112,rgb/001112.jpg,0.01004,0.21577,0.0
14815,rgb/014815.jpg,-0.0517,0.32942,0.0
15595,rgb/015595.jpg,-0.16505,0.34119,0.0
24534,rgb/024534.jpg,0.04292,0.46616,0.0
13945,rgb/013945.jpg,-0.0299,0.37403,0.0
39672,rgb/039672.jpg,0.19709,0.24315,0.0
27847,rgb/027847.jpg,0.25384,0.3398,0.0
15683,rgb/015683.jpg,-0.21297,0.34119,0.0
28386,rgb/028386.jpg,0.29063,0.33195,0.0
19103,rgb/019103.jpg,0.19373,0.26668,0.0
34396,rgb/034396.jpg,-0.14108,0.22745,0.0
37561,rgb/037561.jpg,-0.24028,0.09021,0.0
34448,rgb/034448.jpg,-0.17512,0.30197,0.0
42101,rgb/042101.jpg,0.15578,0.21178,0.0
5347,rgb/005347.jpg,0.12411,0.32012,0.0
35298,rgb/035298.jpg,-0.0285,0.33334,0.0
27327,rgb/027327.jpg,0.04167,0.29805,0.0
8988,rgb/008988.jpg,-0.06452,0.33726,0.0
43343,rgb/043343.jpg,-0.24048,0.22354,0.0
20741,rgb/020741.jpg,0.10394,0.37256,0.0
27131,rgb/027131.jpg,0.09522,0.29805,0.0
31315,rgb/031315.jpg,-0.11616,0.26984,0.0
9811,rgb/009811.jpg,0.0,0.34119,0.0
2639,rgb/002639.jpg,0.21466,0.13341,0.0
21945,rgb/021945.jpg,0.17135,0.21178,0.0
699,rgb/000699.jpg,0.13398,0.30981,0.0
15119,rgb/015119.jpg,-0.15921,0.27449,0.0
43500,rgb/043500.jpg,-0.18206,0.22354,0.0
14704,rgb/014704.jpg,-0.04358,0.40001,0.0
32474,rgb/032474.jpg,0.0445,0.34119,0.0
30253,rgb/030253.jpg,0.24511,0.23138,0.0
24903,rgb/024903.jpg,0.17214,0.34597,0.0
42100,rgb/042100.jpg,0.16054,0.21178,0.0
19367,rgb/019367.jpg,-0.03713,0.33727,0.0
26260,rgb/026260.jpg,0.0,0.35687,0.0
19606,rgb/019606.jpg,0.17912,0.29861,0.0
39848,rgb/039848.jpg,0.16084,0.29021,0.0
34440,rgb/034440.jpg,-0.19612,0.30195,0.0
39986,rgb/039986.jpg,3e-05,0.29021,0.0
12869,rgb/012869.jpg,-0.03975,0.38824,0.0
20742,rgb/020742.jpg,0.1067,0.37256,0.0
42572,rgb/042572.jpg,0.16009,0.19562,0.0
15091,rgb/015091.jpg,-0.14228,0.26932,0.0
29320,rgb/029320.jpg,0.097,0.09459,0.0
7760,rgb/007760.jpg,0.15937,0.26668,0.0
12584,rgb/012584.jpg,0.0,0.34903,0.0
26635,rgb/026635.jpg,0.20963,0.24791,0.0
39857,rgb/039857.jpg,0.18665,0.29021,0.0
7113,rgb/007113.jpg,0.22982,0.14707,0.0
13065,rgb/013065.jpg,-0.02286,0.36079,0.0
45987,rgb/045987.jpg,0.11653,0.27452,0.0
22664,rgb/022664.jpg,0.04554,0.45099,0.0
25336,rgb/025336.jpg,0.25509,0.14119,0.0
24689,rgb/024689.jpg,-0.00025,0.37256,0.0
24300,rgb/024300.jpg,0.31122,0.25491,0.0
40316,rgb/040316.jpg,0.13477,0.29021,0.0
29948,rgb/029948.jpg,0.17717,0.2189,0.0
1989,rgb/001989.jpg,-0.02141,0.38432,0.0
15742,rgb/015742.jpg,-0.21103,0.34119,0.0
32584,rgb/032584.jpg,-0.09813,0.34119,0.0
6326,rgb/006326.jpg,0.06818,0.32158,0.0
31310,rgb/031310.jpg,-0.1161,0.33802,0.0
25870,rgb/025870.jpg,0.18892,0.17648,0.0
43336,rgb/043336.jpg,-0.25158,0.22354,0.0
29370,rgb/029370.jpg,0.19987,0.31372,0.0
7135,rgb/007135.jpg,0.25368,0.22414,0.0
45502,rgb/045502.jpg,0.0,0.27452,0.0
37611,rgb/037611.jpg,-0.23341,0.21562,0.0
2687,rgb/002687.jpg,0.0907,0.22949,0.0
39719,rgb/039719.jpg,-0.27098,0.24315,0.0
20282,rgb/020282.jpg,0.20142,0.21173,0.0
15604,rgb/015604.jpg,-0.2455,0.34119,0.0
7748,rgb/007748.jpg,0.2704,0.26668,0.0
29419,rgb/029419.jpg,0.25938,0.31374,0.0
39773,rgb/039773.jpg,-0.11616,0.31373,0.0
15057,rgb/015057.jpg,-0.11845,0.22845,0.0
2536,rgb/002536.jpg,-0.02106,0.30981,0.0
32579,rgb/032579.jpg,-0.09805,0.34119,0.0
26591,rgb/026591.jpg,0.25272,0.11289,0.0
21335,rgb/021335.jpg,0.04233,0.34511,0.0
7654,rgb/007654.jpg,0.17398,0.08237,0.0
16588,rgb/016588.jpg,0.05959,0.44046,0.0
2468,rgb/002468.jpg,-0.23682,0.30981,0.0
8540,rgb/008540.jpg,0.04206,0.33334,0.0
34391,rgb/034391.jpg,-0.1113,0.25131,0.0
26570,rgb/026570.jpg,0.23622,0.0,0.0
7706,rgb/007706.jpg,0.26508,0.26251,0.0
7690,rgb/007690.jpg,0.24274,0.2493,0.0
22513,rgb/022513.jpg,0.04311,0.45099,0.0
37546,rgb/037546.jpg,-0.19709,0.09021,0.0
38781,rgb/038781.jpg,0.26853,0.2747,0.0
32669,rgb/032669.jpg,-0.04991,0.34119,0.0
42081,rgb/042081.jpg,0.26597,0.21168,0.0
17048,rgb/017048.jpg,0.07923,0.38824,0.0
46643,rgb/046643.jpg,0.0,0.27452,0.0
15660,rgb/015660.jpg,-0.21312,0.34119,0.0
27829,rgb/027829.jpg,0.28537,0.28168,0.0
33646,rgb/033646.jpg,-0.0071,0.34119,0.0
29379,rgb/029379.jpg,0.22441,0.31373,0.0
46061,rgb/046061.jpg,0.12076,0.27452,0.0
7134,rgb/007134.jpg,0.25367,0.22303,0.0
29938,rgb/029938.jpg,0.13731,0.20823,0.0
7694,rgb/007694.jpg,0.25498,0.25485,0.0
29352,rgb/029352.jpg,0.13722,0.3107,0.0
37818,rgb/037818.jpg,0.20263,0.21177,0.0
29916,rgb/029916.jpg,0.0916,0.12739,0.0
14059,rgb/014059.jpg,-0.06435,0.3921,0.0
43486,rgb/043486.jpg,-0.15235,0.22354,0.0
40328,rgb/040328.jpg,0.20154,0.29021,0.0
10327,rgb/010327.jpg,-0.09882,0.38432,0.0
1465,rgb/001465.jpg,0.05112,0.36766,0.0
20044,rgb/020044.jpg,-0.03477,0.3804,0.0
19101,rgb/019101.jpg,0.18771,0.26668,0.0
29903,rgb/029903.jpg,0.08289,0.01765,0.0
36466,rgb/036466.jpg,0.04131,0.33727,0.0
9020,rgb/009020.jpg,-0.14225,0.33727,0.0
34130,rgb/034130.jpg,-0.10628,0.27843,0.0
23201,rgb/023201.jpg,0.11937,0.15151,0.0
30277,rgb/030277.jpg,0.28161,0.23138,0.0
16110,rgb/016110.jpg,0.04776,0.33753,0.0
37819,rgb/037819.jpg,0.20263,0.21177,0.0
34384,rgb/034384.jpg,-0.08175,0.29413,0.0
40360,rgb/040360.jpg,0.27192,0.29021,0.0
39936,rgb/039936.jpg,0.08311,0.29021,0.0
10909,rgb/010909.jpg,-0.04124,0.38432,0.0
43239,rgb/043239.jpg,0.16238,0.21128,0.0
15136,rgb/015136.jpg,-0.06752,0.31998,0.0
15181,rgb/015181.jpg,-0.08838,0.34903,0.0
42063,rgb/042063.jpg,0.28769,0.19531,0.0
21927,rgb/021927.jpg,0.17759,0.21178,0.0
8439,rgb/008439.jpg,-0.16516,0.27151,0.0
30301,rgb/030301.jpg,0.16761,0.23138,0.0
21231,rgb/021231.jpg,0.31381,0.22354,0.0
27207,rgb/027207.jpg,0.05076,0.29805,0.0
2459,rgb/002459.jpg,-0.2003,0.30981,0.0
22680,rgb/022680.jpg,-0.00676,0.45099,0.0
10221,rgb/010221.jpg,-0.10544,0.38432,0.0
27703,rgb/027703.jpg,-0.00245,0.34119,0.0
24308,rgb/024308.jpg,0.30203,0.25491,0.0
22282,rgb/022282.jpg,0.0,0.34895,0.0
15071,rgb/015071.jpg,-0.13986,0.25647,0.0
4395,rgb/004395.jpg,0.10338,0.38824,0.0
23137,rgb/023137.jpg,0.2006,0.00064,0.0
38755,rgb/038755.jpg,0.20742,0.19333,0.0
26034,rgb/026034.jpg,-1e-05,0.35688,0.0
34175,rgb/034175.jpg,-0.13349,0.28622,0.0
38808,rgb/038808.jpg,0.2305,0.30588,0.0
10785,rgb/010785.jpg,-0.01528,0.38432,0.0
7157,rgb/007157.jpg,0.20646,0.23125,0.0
1852,rgb/001852.jpg,-0.02172,0.38432,0.0
12107,rgb/012107.jpg,-0.06946,0.38432,0.0
15748,rgb/015748.jpg,-0.21103,0.34119,0.0
8777,rgb/008777.jpg,-0.02941,0.30981,0.0
29361,rgb/029361.jpg,0.16201,0.31351,0.0
43340,rgb/043340.jpg,-0.24739,0.22354,0.0
32681,rgb/032681.jpg,-0.06058,0.34119,0.0
43299,rgb/043299.jpg,-0.06067,0.22354,0.0
30681,rgb/030681.jpg,-0.16082,0.03532,0.0
19110,rgb/019110.jpg,0.20455,0.26668,0.0
15185,rgb/015185.jpg,-0.08843,0.3513,0.0
11017,rgb/011017.jpg,-0.06242,0.38432,0.0
15620,rgb/015620.jpg,-0.25611,0.34119,0.0
32725,rgb/032725.jpg,-0.08445,0.34119,0.0
16162,rgb/016162.jpg,0.17875,0.16472,0.0
35766,rgb/035766.jpg,0.10882,0.31765,0.0
4362,rgb/004362.jpg,0.05865,0.38824,0.0
34420,rgb/034420.jpg,-0.19811,0.29444,0.0
22773,rgb/022773.jpg,0.29741,0.19217,0.0
12914,rgb/012914.jpg,-0.11435,0.31378,0.0
23141,rgb/023141.jpg,0.22348,0.0002,0.0
2201,rgb/002201.jpg,0.0,0.38432,0.0
32001,rgb/032001.jpg,-0.01507,0.32158,0.0
10786,rgb/010786.jpg,-0.00993,0.38432,0.0
38795,rgb/038795.jpg,0.27203,0.30534,0.0
26644,rgb/026644.jpg,0.18853,0.26616,0.0
11969,rgb/011969.jpg,-0.04641,0.38432,0.0
44759,rgb/044759.jpg,-0.01677,0.27452,0.0
20440,rgb/020440.jpg,0.0,0.31036,0.0
21209,rgb/021209.jpg,0.23366,0.22354,0.0
22755,rgb/022755.jpg,0.14654,0.19223,0.0
32180,rgb/032180.jpg,-0.0,0.32158,0.0
28410,rgb/028410.jpg,0.17214,0.33725,0.0
15640,rgb/015640.jpg,-0.25038,0.34119,0.0
42026,rgb/042026.jpg,0.23638,0.06125,0.0
27806,rgb/027806.jpg,0.18185,0.11376,0.0
30581,rgb/030581.jpg,0.01753,0.30981,0.0
38823,rgb/038823.jpg,0.1339,0.27525,0.0
35752,rgb/035752.jpg,0.14132,0.31744,0.0
8421,rgb/008421.jpg,-0.1316,0.11415,0.0
27863,rgb/027863.jpg,0.19501,0.34117,0.0
23739,rgb/023739.jpg,0.16066,0.1608,0.0
15162,rgb/015162.jpg,-0.08245,0.34896,0.0
44305,rgb/044305.jpg,0.16829,0.27452,0.0
44239,rgb/044239.jpg,0.13362,0.27452,0.0
21200,rgb/021200.jpg,0.1733,0.22354,0.0
43275,rgb/043275.jpg,0.1429,0.22325,0.0
14877,rgb/014877.jpg,-0.02145,0.32942,0.0
34131,rgb/034131.jpg,-0.10856,0.27843,0.0
18024,rgb/018024.jpg,-0.0325,0.38824,0.0
14085,rgb/014085.jpg,-0.04144,0.39592,0.0
14649,rgb/014649.jpg,-0.05078,0.40001,0.0
11559,rgb/011559.jpg,-0.0169,0.38432,0.0
19635,rgb/019635.jpg,0.25326,0.29805,0.0
26546,rgb/026546.jpg,0.16776,0.0,0.0
10363,rgb/010363.jpg,-0.04972,0.38432,0.0
30969,rgb/030969.jpg,-0.04034,0.29413,0.0
22344,rgb/022344.jpg,0.22693,0.22371,0.0
43408,rgb/043408.jpg,-0.08271,0.22354,0.0
42683,rgb/042683.jpg,0.11815,0.20001,0.0
34846,rgb/034846.jpg,-0.0612,0.31766,0.0
43414,rgb/043414.jpg,-0.05893,0.22354,0.0
13969,rgb/013969.jpg,-0.05324,0.38427,0.0
23747,rgb/023747.jpg,0.16046,0.1608,0.0
9006,rgb/009006.jpg,-0.11538,0.33727,0.0
29314,rgb/029314.jpg,0.09637,0.03414,0.0
7122,rgb/007122.jpg,0.24963,0.2043,0.0
20508,rgb/020508.jpg,-0.04453,0.36733,0.0
40332,rgb/040332.jpg,0.22944,0.29021,0.0
28357,rgb/028357.jpg,0.24076,0.14513,0.0
33754,rgb/033754.jpg,-0.06319,0.34119,0.0
39664,rgb/039664.jpg,0.21092,0.24315,0.0
27168,rgb/027168.jpg,0.08371,0.29805,0.0
25388,rgb/025388.jpg,0.0659,0.14119,0.0
7679,rgb/007679.jpg,0.21578,0.21396,0.0
43237,rgb/043237.jpg,0.16017,0.20784,0.0
27867,rgb/027867.jpg,0.16588,0.34118,0.0
24304,rgb/024304.jpg,0.31096,0.25491,0.0
23684,rgb/023684.jpg,0.07835,0.16144,0.0
7926,rgb/007926.jpg,0.04027,0.36455,0.0
7720,rgb/007720.jpg,0.28186,0.26275,0.0
43550,rgb/043550.jpg,-0.13501,0.22354,0.0
11100,rgb/011100.jpg,-0.08944,0.34587,0.0
35747,rgb/035747.jpg,0.14626,0.31673,0.0
25330,rgb/025330.jpg,0.24238,0.14119,0.0
15656,rgb/015656.jpg,-0.21378,0.34119,0.0
31244,rgb/031244.jpg,-0.14073,0.37648,0.0
22353,rgb/022353.jpg,0.22799,0.28139,0.0
10354,rgb/010354.jpg,-0.08028,0.38432,0.0
45276,rgb/045276.jpg,-0.0,0.27452,0.0
26648,rgb/026648.jpg,0.16955,0.26919,0.0
21934,rgb/021934.jpg,0.18433,0.21178,0.0
30299,rgb/030299.jpg,0.18277,0.23138,0.0
27546,rgb/027546.jpg,-0.0754,0.29805,0.0
15761,rgb/015761.jpg,-0.20098,0.34119,0.0
10753,rgb/010753.jpg,-0.0,0.38432,0.0
37772,rgb/037772.jpg,0.17346,0.10758,0.0
24270,rgb/024270.jpg,0.22596,0.25439,0.0
24244,rgb/024244.jpg,0.07771,0.25099,0.0
25812,rgb/025812.jpg,0.273,0.17648,0.0
43639,rgb/043639.jpg,0.08983,0.38431,0.0
42486,rgb/042486.jpg,0.10699,1e-05,0.0
32776,rgb/032776.jpg,-0.07156,0.34119,0.0
15666,rgb/015666.jpg,-0.21299,0.34119,0.0
43517,rgb/043517.jpg,-0.19057,0.22354,0.0
35509,rgb/035509.jpg,-0.0,0.33334,0.0
44248,rgb/044248.jpg,0.1662,0.27452,0.0
26576,rgb/026576.jpg,0.23932,0.03877,0.0
2823,rgb/002823.jpg,0.07712,0.41177,0.0
27065,rgb/027065.jpg,0.06269,0.29805,0.0
26612,rgb/026612.jpg,0.23206,0.20834,0.0
7176,rgb/007176.jpg,0.15396,0.23138,0.0
25850,rgb/025850.jpg,0.30444,0.17648,0.0
24326,rgb/024326.jpg,0.13757,0.25491,0.0
2511,rgb/002511.jpg,-0.13615,0.30981,0.0
2416,rgb/002416.jpg,-0.13257,0.23253,0.0
22323,rgb/022323.jpg,0.14649,0.17663,0.0
15626,rgb/015626.jpg,-0.25611,0.34119,0.0
19632,rgb/019632.jpg,0.25324,0.29805,0.0
19064,rgb/019064.jpg,0.02008,0.31884,0.0
15166,rgb/015166.jpg,-0.08376,0.34901,0.0
33540,rgb/033540.jpg,0.0,0.34119,0.0
10089,rgb/010089.jpg,-0.0,0.38432,0.0
29084,rgb/029084.jpg,0.30665,1e-05,0.0
29946,rgb/029946.jpg,0.16709,0.21835,0.0
25764,rgb/025764.jpg,0.14549,0.17666,0.0
8481,rgb/008481.jpg,-0.1955,0.33333,0.0
30112,rgb/030112.jpg,0.0,0.23138,0.0
13955,rgb/013955.jpg,-0.0316,0.38146,0.0
32723,rgb/032723.jpg,-0.08633,0.34119,0.0
15607,rgb/015607.jpg,-0.2491,0.34119,0.0
7060,rgb/007060.jpg,0.10303,0.14119,0.0
24863,rgb/024863.jpg,0.25467,0.35669,0.0
43509,rgb/043509.jpg,-0.18834,0.22354,0.0
25369,rgb/025369.jpg,0.18672,0.14119,0.0
15676,rgb/015676.jpg,-0.21298,0.34119,0.0
18032,rgb/018032.jpg,-0.02928,0.38824,0.0
7155,rgb/007155.jpg,0.21113,0.23115,0.0
31311,rgb/031311.jpg,-0.11613,0.32509,0.0
13867,rgb/013867.jpg,-0.07198,0.16866,0.0
40345,rgb/040345.jpg,0.28449,0.29021,0.0
21966,rgb/021966.jpg,0.11306,0.24162,0.0
1130,rgb/001130.jpg,0.18549,0.2157,0.0
29413,rgb/029413.jpg,0.274,0.31374,0.0
13023,rgb/013023.jpg,-0.02843,0.36079,0.0
21257,rgb/021257.jpg,0.12448,0.27395,0.0
25841,rgb/025841.jpg,0.31194,0.17648,0.0
6376,rgb/006376.jpg,0.13531,0.32158,0.0
21930,rgb/021930.jpg,0.18271,0.21178,0.0
21253,rgb/021253.jpg,0.18354,0.23138,0.0
42089,rgb/042089.jpg,0.22469,0.21177,0.0
20268,rgb/020268.jpg,0.26739,0.20913,0.0
12922,rgb/012922.jpg,-0.11435,0.31374,0.0
32550,rgb/032550.jpg,-0.08463,0.34119,0.0
19662,rgb/019662.jpg,0.16422,0.29805,0.0
37768,rgb/037768.jpg,0.15547,0.08629,0.0
15759,rgb/015759.jpg,-0.20696,0.34119,0.0
39968,rgb/039968.jpg,0.04488,0.29021,0.0
43524,rgb/043524.jpg,-0.19696,0.22354,0.0
12343,rgb/012343.jpg,-0.00078,0.34903,0.0
23744,rgb/023744.jpg,0.16048,0.1608,0.0
25844,rgb/025844.jpg,0.31112,0.17648,0.0
19136,rgb/019136.jpg,0.19895,0.26668,0.0
2450,rgb/002450.jpg,-0.19018,0.30972,0.0
803,rgb/000803.jpg,0.08546,0.35181,0.0
273,rgb/000273.jpg,0.03345,0.15402,0.0
26559,rgb/026559.jpg,0.22756,0.0,0.0
42093,rgb/042093.jpg,0.20209,0.21177,0.0
46284,rgb/046284.jpg,-0.0,0.27452,0.0
28236,rgb/028236.jpg,-0.03217,0.35295,0.0
34216,rgb/034216.jpg,-0.0983,0.28727,0.0
34493,rgb/034493.jpg,-0.12142,0.30197,0.0
31252,rgb/031252.jpg,-0.13038,0.37648,0.0
21730,rgb/021730.jpg,-5e-05,0.36864,0.0
40378,rgb/040378.jpg,0.05519,0.29021,0.0
19664,rgb/019664.jpg,0.14761,0.29805,0.0
26993,rgb/026993.jpg,0.04239,0.29805,0.0
39937,rgb/039937.jpg,0.08559,0.29021,0.0
44440,rgb/044440.jpg,0.09446,0.27452,0.0
25988,rgb/025988.jpg,-0.05786,0.37648,0.0
25761,rgb/025761.jpg,0.13151,0.17689,0.0
24262,rgb/024262.jpg,0.20633,0.25099,0.0
26589,rgb/026589.jpg,0.24736,0.11049,0.0
40358,rgb/040358.jpg,0.28264,0.29021,0.0
38830,rgb/038830.jpg,0.08038,0.27462,0.0
29945,rgb/029945.jpg,0.16229,0.21792,0.0
31362,rgb/031362.jpg,-1e-05,0.2997,0.0
29997,rgb/029997.jpg,0.31539,0.21962,0.0
2643,rgb/002643.jpg,0.20577,0.13337,0.0
34433,rgb/034433.jpg,-0.19681,0.30179,0.0
39741,rgb/039741.jpg,-0.43413,0.25349,0.0
21221,rgb/021221.jpg,0.31183,0.22354,0.0
31692,rgb/031692.jpg,-0.0,0.31766,0.0
16183,rgb/016183.jpg,0.16288,0.37471,0.0
7168,rgb/007168.jpg,0.1964,0.23138,0.0
29069,rgb/029069.jpg,0.21034,0.00083,0.0
44472,rgb/044472.jpg,0.11386,0.27452,0.0
42558,rgb/042558.jpg,0.17026,0.18779,0.0
10304,rgb/010304.jpg,-0.08067,0.38432,0.0
10214,rgb/010214.jpg,-0.08853,0.38432,0.0
36689,rgb/036689.jpg,0.0732,0.33727,0.0
37538,rgb/037538.jpg,-0.17356,0.09022,0.0
21939,rgb/021939.jpg,0.18358,0.21178,0.0
34858,rgb/034858.jpg,-0.05494,0.31766,0.0
19121,rgb/019121.jpg,0.20578,0.26668,0.0
23732,rgb/023732.jpg,0.16216,0.1608,0.0
2520,rgb/002520.jpg,-0.08877,0.30981,0.0
3338,rgb/003338.jpg,-0.01798,0.41177,0.0
29939,rgb/029939.jpg,0.14,0.2101,0.0
26932,rgb/026932.jpg,0.0481,0.29805,0.0
30709,rgb/030709.jpg,-0.22879,0.23263,0.0
40350,rgb/040350.jpg,0.28915,0.29021,0.0
2392,rgb/002392.jpg,-0.0986,0.0953,0.0
11088,rgb/011088.jpg,-0.0904,0.38432,0.0
43687,rgb/043687.jpg,0.10482,0.38432,0.0
25072,rgb/025072.jpg,-0.0,0.35074,0.0
34429,rgb/034429.jpg,-0.1979,0.30141,0.0
42559,rgb/042559.jpg,0.16841,0.18889,0.0
9013,rgb/009013.jpg,-0.12216,0.33727,0.0
20630,rgb/020630.jpg,1e-05,0.37256,0.0
39111,rgb/039111.jpg,-0.02383,0.27452,0.0
6717,rgb/006717.jpg,0.0,0.32158,0.0
43510,rgb/043510.jpg,-0.18839,0.22354,0.0
12871,rgb/012871.jpg,-0.04171,0.38824,0.0
43318,rgb/043318.jpg,-0.20749,0.22354,0.0
8461,rgb/008461.jpg,-0.18014,0.3289,0.0
10212,rgb/010212.jpg,-0.08324,0.38432,0.0
39671,rgb/039671.jpg,0.20058,0.24315,0.0
2396,rgb/002396.jpg,-0.10966,0.09718,0.0
42982,rgb/042982.jpg,-0.0,0.21178,0.0
4389,rgb/004389.jpg,0.11227,0.38824,0.0
19853,rgb/019853.jpg,0.0,0.3804,0.0
13228,rgb/013228.jpg,-0.0,0.36079,0.0
18573,rgb/018573.jpg,-0.0,0.38824,0.0
38052,rgb/038052.jpg,0.09951,0.30197,0.0
38022,rgb/038022.jpg,0.13062,0.30197,0.0
37518,rgb/037518.jpg,-0.08623,0.09206,0.0
15606,rgb/015606.jpg,-0.24837,0.34119,0.0
11517,rgb/011517.jpg,0.0,0.38432,0.0
38790,rgb/038790.jpg,0.27227,0.30355,0.0
34474,rgb/034474.jpg,-0.11476,0.30197,0.0
24242,rgb/024242.jpg,0.05865,0.25099,0.0
27414,rgb/027414.jpg,-0.04782,0.29805,0.0
43535,rgb/043535.jpg,-0.1982,0.22354,0.0
43455,rgb/043455.jpg,-0.04213,0.22354,0.0
10211,rgb/010211.jpg,-0.08038,0.38432,0.0
19118,rgb/019118.jpg,0.20577,0.26668,0.0
46035,rgb/046035.jpg,0.12075,0.27452,0.0
7637,rgb/007637.jpg,0.06024,0.08243,0.0
45586,rgb/045586.jpg,-0.04876,0.27452,0.0
1474,rgb/001474.jpg,0.05132,0.33326,0.0
43493,rgb/043493.jpg,-0.17135,0.22354,0.0
579,rgb/000579.jpg,-0.0,0.30603,0.0
28380,rgb/028380.jpg,0.28558,0.32549,0.0
24884,rgb/024884.jpg,0.24724,0.36861,0.0
23701,rgb/023701.jpg,0.11969,0.1608,0.0
24856,rgb/024856.jpg,0.25381,0.29731,0.0
34193,rgb/034193.jpg,-0.10932,0.28629,0.0
34753,rgb/034753.jpg,0.09605,0.3098,0.0
14848,rgb/014848.jpg,-0.04045,0.32942,0.0
29435,rgb/029435.jpg,0.13531,0.31374,0.0
37557,rgb/037557.jpg,-0.23384,0.09021,0.0
30001,rgb/030001.jpg,0.31652,0.21962,0.0
22447,rgb/022447.jpg,-0.04631,0.45099,0.0
17941,rgb/017941.jpg,0.14264,0.38824,0.0
29978,rgb/029978.jpg,0.28382,0.21962,0.0
27683,rgb/027683.jpg,-0.06404,0.34101,0.0
26723,rgb/026723.jpg,0.0,0.2932,0.0
20725,rgb/020725.jpg,0.1306,0.37256,0.0
43353,rgb/043353.jpg,-0.21667,0.22354,0.0
11482,rgb/011482.jpg,0.0,0.38432,0.0
4384,rgb/004384.jpg,0.10884,0.38824,0.0
8637,rgb/008637.jpg,-0.04717,0.3106,0.0
33849,rgb/033849.jpg,-0.04163,0.14677,0.0
34469,rgb/034469.jpg,-0.09412,0.30197,0.0
19671,rgb/019671.jpg,0.10291,0.29805,0.0
32711,rgb/032711.jpg,-0.08387,0.34119,0.0
30841,rgb/030841.jpg,0.06141,0.29413,0.0
22345,rgb/022345.jpg,0.22695,0.23151,0.0
26574,rgb/026574.jpg,0.23873,0.02185,0.0
20281,rgb/020281.jpg,0.20999,0.21171,0.0
43361,rgb/043361.jpg,-0.207,0.22354,0.0
9062,rgb/009062.jpg,-0.10956,0.33727,0.0
34135,rgb/034135.jpg,-0.11713,0.27844,0.0
22314,rgb/022314.jpg,0.05774,0.17839,0.0
25776,rgb/025776.jpg,0.18974,0.17649,0.0
37606,rgb/037606.jpg,-0.25869,0.21539,0.0
42077,rgb/042077.jpg,0.27715,0.21148,0.0
17951,rgb/017951.jpg,0.14288,0.38824,0.0
44524,rgb/044524.jpg,0.07224,0.27452,0.0
44216,rgb/044216.jpg,0.08229,0.27452,0.0
43304,rgb/043304.jpg,-0.12505,0.22354,0.0
43858,rgb/043858.jpg,-0.00011,0.27452,0.0
43812,rgb/043812.jpg,0.04271,0.30363,0.0
30662,rgb/030662.jpg,-0.07143,0.03749,0.0
33803,rgb/033803.jpg,-0.00286,0.34119,0.0
17992,rgb/017992.jpg,0.1013,0.38824,0.0
8926,rgb/008926.jpg,-6e-05,0.30981,0.0
34215,rgb/034215.jpg,-0.0983,0.28629,0.0
44247,rgb/044247.jpg,0.1617,0.27452,0.0
7064,rgb/007064.jpg,0.11662,0.14119,0.0
29633,rgb/029633.jpg,0.05304,0.44311,0.0
3883,rgb/003883.jpg,-0.04094,0.43138,0.0
46000,rgb/046000.jpg,0.11709,0.27452,0.0
22617,rgb/022617.jpg,-0.00022,0.45099,0.0
39162,rgb/039162.jpg,0.00719,0.27452,0.0
18252,rgb/018252.jpg,-0.00752,0.38824,0.0
46554,rgb/046554.jpg,0.0,0.27452,0.0
29145,rgb/029145.jpg,0.1689,0.32536,0.0
15131,rgb/015131.jpg,-0.08602,0.29521,0.0
291,rgb/000291.jpg,0.04277,0.16854,0.0
37240,rgb/037240.jpg,-0.0284,0.3843,0.0
32335,rgb/032335.jpg,-1e-05,0.32158,0.0
34237,rgb/034237.jpg,-0.06399,0.2902,0.0
31219,rgb/031219.jpg,-0.10895,0.37648,0.0
29065,rgb/029065.jpg,0.17033,0.00261,0.0
22330,rgb/022330.jpg,0.20824,0.1765,0.0
2384,rgb/002384.jpg,-0.05998,0.07188,0.0
44258,rgb/044258.jpg,0.19199,0.27452,0.0
25311,rgb/025311.jpg,0.19681,0.14119,0.0
26634,rgb/026634.jpg,0.21084,0.24688,0.0
40386,rgb/040386.jpg,0.05185,0.29021,0.0
11957,rgb/011957.jpg,-0.04371,0.38432,0.0
9014,rgb/009014.jpg,-0.12453,0.33727,0.0
25816,rgb/025816.jpg,0.28254,0.17648,0.0
42627,rgb/042627.jpg,0.14483,0.20001,0.0
24296,rgb/024296.jpg,0.30473,0.25491,0.0
2959,rgb/002959.jpg,0.04649,0.41177,0.0
46016,rgb/046016.jpg,0.11717,0.27452,0.0
15063,rgb/015063.jpg,-0.1328,0.24329,0.0
29368,rgb/029368.jpg,0.19128,0.31371,0.0
29987,rgb/029987.jpg,0.28954,0.21962,0.0
35775,rgb/035775.jpg,0.06648,0.31766,0.0
1873,rgb/001873.jpg,-0.00112,0.38432,0.0
1966,rgb/001966.jpg,-0.01157,0.38432,0.0
7107,rgb/007107.jpg,0.22214,0.14119,0.0
15714,rgb/015714.jpg,-0.21103,0.34119,0.0
30239,rgb/030239.jpg,0.14001,0.23138,0.0
29372,rgb/029372.jpg,0.20805,0.31373,0.0
37834,rgb/037834.jpg,0.1384,0.21942,0.0
34451,rgb/034451.jpg,-0.15306,0.30197,0.0
30012,rgb/030012.jpg,0.30845,0.21962,0.0
7648,rgb/007648.jpg,0.12757,0.08237,0.0
30280,rgb/030280.jpg,0.27475,0.23138,0.0
30019,rgb/030019.jpg,0.26826,0.21962,0.0
15100,rgb/015100.jpg,-0.15595,0.2705,0.0
19550,rgb/019550.jpg,-0.0,0.33727,0.0
2667,rgb/002667.jpg,0.08348,0.16364,0.0
6343,rgb/006343.jpg,0.10257,0.32158,0.0
25306,rgb/025306.jpg,0.18021,0.14119,0.0
33608,rgb/033608.jpg,-0.00221,0.34119,0.0
39757,rgb/039757.jpg,-0.25904,0.31283,0.0
6388,rgb/006388.jpg,0.12969,0.32158,0.0
41788,rgb/041788.jpg,-0.02748,0.44315,0.0
16137,rgb/016137.jpg,0.26077,0.16567,0.0
20270,rgb/020270.jpg,0.26544,0.21029,0.0
29408,rgb/029408.jpg,0.27508,0.31374,0.0
27854,rgb/027854.jpg,0.23289,0.341,0.0
32623,rgb/032623.jpg,-0.00025,0.34119,0.0
35682,rgb/035682.jpg,0.12639,0.24689,0.0
10194,rgb/010194.jpg,-0.00704,0.38432,0.0
15829,rgb/015829.jpg,0.08768,0.40733,0.0
40532,rgb/040532.jpg,-0.0,0.29021,0.0
16179,rgb/016179.jpg,0.16544,0.37088,0.0
36034,rgb/036034.jpg,0.0,0.32158,0.0
25782,rgb/025782.jpg,0.19986,0.17648,0.0
2409,rgb/002409.jpg,-0.12583,0.12178,0.0
28439,rgb/028439.jpg,0.00012,0.34215,0.0
9023,rgb/009023.jpg,-0.14437,0.33727,0.0
24272,rgb/024272.jpg,0.23013,0.25462,0.0
38754,rgb/038754.jpg,0.20224,0.19372,0.0
13120,rgb/013120.jpg,-0.0,0.36079,0.0
2492,rgb/002492.jpg,-0.24545,0.30981,0.0
11577,rgb/011577.jpg,-0.03171,0.38432,0.0
30269,rgb/030269.jpg,0.28557,0.23138,0.0
24240,rgb/024240.jpg,0.0412,0.25099,0.0
23830,rgb/023830.jpg,0.04399,0.22488,0.0
42631,rgb/042631.jpg,0.15073,0.20001,0.0
37519,rgb/037519.jpg,-0.08831,0.0916,0.0
7166,rgb/007166.jpg,0.19846,0.23137,0.0
7680,rgb/007680.jpg,0.21765,0.22256,0.0
11182,rgb/011182.jpg,-0.03551,0.2706,0.0
26614,rgb/026614.jpg,0.22663,0.21327,0.0
11094,rgb/011094.jpg,-0.09146,0.38432,0.0
11091,rgb/011091.jpg,-0.09128,0.38432,0.0
38779,rgb/038779.jpg,0.26581,0.2561,0.0
2469,rgb/002469.jpg,-0.24025,0.30981,0.0
29338,rgb/029338.jpg,0.10261,0.27999,0.0
43379,rgb/043379.jpg,-0.13816,0.22354,0.0
7738,rgb/007738.jpg,0.28257,0.26664,0.0
29159,rgb/029159.jpg,0.07079,0.3255,0.0
36756,rgb/036756.jpg,0.06,0.33727,0.0
15130,rgb/015130.jpg,-0.09447,0.29166,0.0
25318,rgb/025318.jpg,0.21555,0.14119,0.0
21220,rgb/021220.jpg,0.30845,0.22354,0.0
31221,rgb/031221.jpg,-0.11094,0.37648,0.0
817,rgb/000817.jpg,0.08502,0.35293,0.0
1067,rgb/001067.jpg,-0.00028,0.35295,0.0
39996,rgb/039996.jpg,0.0,0.29021,0.0
26558,rgb/026558.jpg,0.22499,0.0,0.0
39632,rgb/039632.jpg,0.1447,0.24315,0.0
42561,rgb/042561.jpg,0.16535,0.19032,0.0
32588,rgb/032588.jpg,-0.09814,0.34119,0.0
9076,rgb/009076.jpg,-0.10984,0.33727,0.0
29989,rgb/029989.jpg,0.29467,0.21962,0.0
16577,rgb/016577.jpg,0.05197,0.4157,0.0
7123,rgb/007123.jpg,0.25102,0.20617,0.0
6366,rgb/006366.jpg,0.13456,0.32158,0.0
15762,rgb/015762.jpg,-0.19559,0.34119,0.0
24814,rgb/024814.jpg,0.08591,0.03142,0.0
14562,rgb/014562.jpg,-0.0,0.40001,0.0
45993,rgb/045993.jpg,0.11705,0.27452,0.0
42746,rgb/042746.jpg,-0.03967,0.20393,0.0
37765,rgb/037765.jpg,0.14456,0.08629,0.0
5339,rgb/005339.jpg,0.11777,0.31234,0.0
29994,rgb/029994.jpg,0.31028,0.21962,0.0
44276,rgb/044276.jpg,0.19345,0.27452,0.0
6308,rgb/006308.jpg,0.04621,0.32158,0.0
11963,rgb/011963.jpg,-0.04383,0.38432,0.0
42075,rgb/042075.jpg,0.28047,0.21126,0.0
26535,rgb/026535.jpg,0.09664,0.0,0.0
9019,rgb/009019.jpg,-0.14062,0.33727,0.0
11073,rgb/011073.jpg,-0.04566,0.38432,0.0
43269,rgb/043269.jpg,0.16097,0.22189,0.0
27515,rgb/027515.jpg,0.04563,0.29805,0.0
36629,rgb/036629.jpg,0.10653,0.33727,0.0
41332,rgb/041332.jpg,-0.0,0.29021,0.0
30779,rgb/030779.jpg,-0.05356,0.28628,0.0
7112,rgb/007112.jpg,0.22774,0.14119,0.0
43388,rgb/043388.jpg,-0.10243,0.22354,0.0
24285,rgb/024285.jpg,0.26805,0.25491,0.0
25789,rgb/025789.jpg,0.21394,0.17648,0.0
37570,rgb/037570.jpg,-0.24188,0.10148,0.0
23243,rgb/023243.jpg,0.01298,0.21569,0.0
7172,rgb/007172.jpg,0.18076,0.23138,0.0
40712,rgb/040712.jpg,0.04475,0.29021,0.0
2437,rgb/002437.jpg,-0.1885,0.3059,0.0
26924,rgb/026924.jpg,0.04609,0.29805,0.0
23720,rgb/023720.jpg,0.15501,0.1608,0.0
11850,rgb/011850.jpg,0.0,0.38432,0.0
15697,rgb/015697.jpg,-0.21104,0.34119,0.0
23813,rgb/023813.jpg,0.08696,0.21962,0.0
30678,rgb/030678.jpg,-0.14656,0.03533,0.0
34423,rgb/034423.jpg,-0.19807,0.29879,0.0
39736,rgb/039736.jpg,-0.45274,0.24315,0.0
43367,rgb/043367.jpg,-0.18743,0.22354,0.0
11098,rgb/011098.jpg,-0.09075,0.37305,0.0
34082,rgb/034082.jpg,-0.06556,0.1655,0.0
30244,rgb/030244.jpg,0.18411,0.23138,0.0
31435,rgb/031435.jpg,-0.0,0.31374,0.0
32565,rgb/032565.jpg,-0.08778,0.34119,0.0
22438,rgb/022438.jpg,-0.0486,0.45099,0.0
2443,rgb/002443.jpg,-0.19006,0.30912,0.0
17974,rgb/017974.jpg,0.12204,0.38824,0.0
3434,rgb/003434.jpg,-0.00016,0.41177,0.0
7169,rgb/007169.jpg,0.19391,0.23138,0.0
5358,rgb/005358.jpg,0.12442,0.32152,0.0
7088,rgb/007088.jpg,0.18585,0.14119,0.0
1648,rgb/001648.jpg,0.07928,0.38432,0.0
39854,rgb/039854.jpg,0.18328,0.29021,0.0
43893,rgb/043893.jpg,-0.0,0.27452,0.0
29680,rgb/029680.jpg,-0.03173,0.4118,0.0
15712,rgb/015712.jpg,-0.21103,0.34119,0.0
2485,rgb/002485.jpg,-0.25017,0.30981,0.0
23719,rgb/023719.jpg,0.15409,0.1608,0.0
25853,rgb/025853.jpg,0.29626,0.17648,0.0
10232,rgb/010232.jpg,-0.10898,0.38432,0.0
44209,rgb/044209.jpg,0.05377,0.27452,0.0
25852,rgb/025852.jpg,0.29937,0.17648,0.0
34390,rgb/034390.jpg,-0.10567,0.26057,0.0
39662,rgb/039662.jpg,0.21123,0.24315,0.0
44285,rgb/044285.jpg,0.19345,0.27452,0.0
42529,rgb/042529.jpg,0.16034,0.00196,0.0
14072,rgb/014072.jpg,-0.03256,0.39216,0.0
24379,rgb/024379.jpg,-0.04193,0.32919,0.0
42047,rgb/042047.jpg,0.28751,0.05884,0.0
27824,rgb/027824.jpg,0.26742,0.23413,0.0
706,rgb/000706.jpg,0.10371,0.30981,0.0
31223,rgb/031223.jpg,-0.11359,0.37648,0.0
2626,rgb/002626.jpg,0.19741,0.13617,0.0
15053,rgb/015053.jpg,-0.10769,0.21722,0.0
9119,rgb/009119.jpg,-0.0548,0.33727,0.0
38793,rgb/038793.jpg,0.27234,0.3049,0.0
20247,rgb/020247.jpg,0.26162,0.14345,0.0
46712,rgb/046712.jpg,0.0,0.27452,0.0
28329,rgb/028329.jpg,0.07436,0.20249,0.0
42011,rgb/042011.jpg,0.11163,0.17588,0.0
30014,rgb/030014.jpg,0.30229,0.21962,0.0
2472,rgb/002472.jpg,-0.24711,0.30981,0.0
31240,rgb/031240.jpg,-0.13982,0.37648,0.0
38719,rgb/038719.jpg,0.02083,0.30197,0.0
35882,rgb/035882.jpg,-1e-05,0.32158,0.0
4369,rgb/004369.jpg,0.07132,0.38824,0.0
38807,rgb/038807.jpg,0.23776,0.30588,0.0
6346,rgb/006346.jpg,0.10454,0.32158,0.0
8494,rgb/008494.jpg,-0.18215,0.33334,0.0
15048,rgb/015048.jpg,-0.09519,0.20359,0.0
43533,rgb/043533.jpg,-0.19984,0.22354,0.0
30743,rgb/030743.jpg,-0.25229,0.28207,0.0
31216,rgb/031216.jpg,-0.10569,0.37648,0.0
39718,rgb/039718.jpg,-0.25557,0.24315,0.0
21230,rgb/021230.jpg,0.31558,0.22354,0.0
43488,rgb/043488.jpg,-0.15918,0.22354,0.0
23828,rgb/023828.jpg,0.04406,0.22287,0.0
38102,rgb/038102.jpg,0.05393,0.30197,0.0
36520,rgb/036520.jpg,0.02082,0.33727,0.0
2641,rgb/002641.jpg,0.21045,0.13338,0.0
35693,rgb/035693.jpg,0.1264,0.30029,0.0
44266,rgb/044266.jpg,0.1934,0.27452,0.0
34139,rgb/034139.jpg,-0.12471,0.27942,0.0
39358,rgb/039358.jpg,0.0,0.22354,0.0
8501,rgb/008501.jpg,-0.13928,0.33334,0.0
10683,rgb/010683.jpg,-1e-05,0.38432,0.0
29142,rgb/029142.jpg,0.17473,0.32516,0.0
37618,rgb/037618.jpg,-0.18227,0.21569,0.0
44231,rgb/044231.jpg,0.1132,0.27452,0.0
32765,rgb/032765.jpg,-0.06266,0.34119,0.0
43039,rgb/043039.jpg,0.02334,0.21178,0.0
21949,rgb/021949.jpg,0.15489,0.21178,0.0
24687,rgb/024687.jpg,-0.00059,0.37257,0.0
37604,rgb/037604.jpg,-0.26267,0.21515,0.0
30731,rgb/030731.jpg,-0.26077,0.27619,0.0
24337,rgb/024337.jpg,0.12606,0.25589,0.0
27288,rgb/027288.jpg,0.04855,0.29805,0.0
43329,rgb/043329.jpg,-0.25421,0.22354,0.0
21245,rgb/021245.jpg,0.24149,0.22354,0.0
40952,rgb/040952.jpg,0.06062,0.29021,0.0
34134,rgb/034134.jpg,-0.11515,0.27844,0.0
10994,rgb/010994.jpg,-0.03749,0.38432,0.0
18634,rgb/018634.jpg,0.04576,0.38824,0.0
12088,rgb/012088.jpg,-0.06946,0.38432,0.0
34256,rgb/034256.jpg,-0.04664,0.29383,0.0
29996,rgb/029996.jpg,0.31428,0.21962,0.0
12347,rgb/012347.jpg,-0.00014,0.34903,0.0
39656,rgb/039656.jpg,0.21124,0.24315,0.0
15758,rgb/015758.jpg,-0.20857,0.34119,0.0
39655,rgb/039655.jpg,0.21123,0.24315,0.0
2262,rgb/002262.jpg,-6e-05,0.38432,0.0
44345,rgb/044345.jpg,0.00026,0.27452,0.0
12940,rgb/012940.jpg,-0.08899,0.31374,0.0
2464,rgb/002464.jpg,-0.21974,0.30981,0.0
15921,rgb/015921.jpg,-0.03194,0.40785,0.0
45577,rgb/045577.jpg,-0.05016,0.27452,0.0
22364,rgb/022364.jpg,0.30725,0.31496,0.0
25348,rgb/025348.jpg,0.27637,0.14119,0.0
34955,rgb/034955.jpg,0.0,0.32158,0.0
24898,rgb/024898.jpg,0.20958,0.36864,0.0
43300,rgb/043300.jpg,-0.0743,0.22354,0.0
40341,rgb/040341.jpg,0.27629,0.29021,0.0
28405,rgb/028405.jpg,0.24169,0.33722,0.0
30687,rgb/030687.jpg,-0.17748,0.03531,0.0
8449,rgb/008449.jpg,-0.17981,0.30646,0.0
16062,rgb/016062.jpg,-0.04361,0.40785,0.0
43498,rgb/043498.jpg,-0.1805,0.22354,0.0
42629,rgb/042629.jpg,0.14809,0.20001,0.0
13963,rgb/013963.jpg,-0.04342,0.38404,0.0
15617,rgb/015617.jpg,-0.25595,0.34119,0.0
28330,rgb/028330.jpg,0.08324,0.18815,0.0
43228,rgb/043228.jpg,0.1351,0.19217,0.0
23160,rgb/023160.jpg,0.23117,0.0,0.0
45048,rgb/045048.jpg,-0.0243,0.27452,0.0
28335,rgb/028335.jpg,0.12519,0.15532,0.0
30931,rgb/030931.jpg,0.04136,0.29413,0.0
41137,rgb/041137.jpg,-0.01272,0.29021,0.0
26588,rgb/026588.jpg,0.24467,0.1094,0.0
6779,rgb/006779.jpg,0.0,0.32158,0.0
34225,rgb/034225.jpg,-0.09806,0.28999,0.0
24532,rgb/024532.jpg,0.0419,0.46575,0.0
25836,rgb/025836.jpg,0.31174,0.17648,0.0
30262,rgb/030262.jpg,0.27791,0.23138,0.0
39721,rgb/039721.jpg,-0.30102,0.24315,0.0
8419,rgb/008419.jpg,-0.13153,0.08049,0.0
9101,rgb/009101.jpg,-0.08002,0.33727,0.0
23219,rgb/023219.jpg,0.09847,0.20488,0.0
38622,rgb/038622.jpg,-0.0,0.30197,0.0
44037,rgb/044037.jpg,-0.0,0.27452,0.0
36037,rgb/036037.jpg,0.0,0.32158,0.0
42079,rgb/042079.jpg,0.27246,0.21161,0.0
33853,rgb/033853.jpg,-0.03254,0.11079,0.0
22369,rgb/022369.jpg,0.34483,0.32001,0.0
16144,rgb/016144.jpg,0.29024,0.16485,0.0
23194,rgb/023194.jpg,0.15824,0.13549,0.0
21254,rgb/021254.jpg,0.16757,0.24021,0.0
43540,rgb/043540.jpg,-0.18221,0.22354,0.0
34178,rgb/034178.jpg,-0.12945,0.28626,0.0
12346,rgb/012346.jpg,-0.00021,0.34903,0.0
15120,rgb/015120.jpg,-0.15868,0.2745,0.0
30202,rgb/030202.jpg,-0.02732,0.23138,0.0
38602,rgb/038602.jpg,-0.0,0.30197,0.0
43387,rgb/043387.jpg,-0.10367,0.22354,0.0
19144,rgb/019144.jpg,0.17702,0.26668,0.0
7705,rgb/007705.jpg,0.26478,0.26242,0.0
15813,rgb/015813.jpg,0.06465,0.4039,0.0
43398,rgb/043398.jpg,-0.09817,0.22354,0.0
1138,rgb/001138.jpg,0.24686,0.25645,0.0
16589,rgb/016589.jpg,0.05962,0.44407,0.0
11954,rgb/011954.jpg,-0.04365,0.38432,0.0
23138,rgb/023138.jpg,0.20692,0.00048,0.0
26596,rgb/026596.jpg,0.25841,0.1437,0.0
14545,rgb/014545.jpg,-9e-05,0.40001,0.0
2438,rgb/002438.jpg,-0.18909,0.30688,0.0
35753,rgb/035753.jpg,0.13945,0.31749,0.0
44570,rgb/044570.jpg,0.04039,0.27452,0.0
10227,rgb/010227.jpg,-0.10809,0.38432,0.0
14594,rgb/014594.jpg,-0.02788,0.40001,0.0
17108,rgb/017108.jpg,0.01776,0.38824,0.0
34576,rgb/034576.jpg,0.11065,0.30197,0.0
15167,rgb/015167.jpg,-0.08386,0.34901,0.0
7048,rgb/007048.jpg,0.0709,0.14119,0.0
29328,rgb/029328.jpg,0.09704,0.20585,0.0
38857,rgb/038857.jpg,-0.08558,0.27452,0.0
29365,rgb/029365.jpg,0.17814,0.31366,0.0
30029,rgb/030029.jpg,0.14394,0.21962,0.0
8475,rgb/008475.jpg,-0.1913,0.33326,0.0
43478,rgb/043478.jpg,-0.12737,0.22354,0.0
37998,rgb/037998.jpg,0.09601,0.30197,0.0
26569,rgb/026569.jpg,0.2356,0.0,0.0
27828,rgb/027828.jpg,0.28316,0.27361,0.0
37585,rgb/037585.jpg,-0.26326,0.16684,0.0
28406,rgb/028406.jpg,0.22918,0.33723,0.0
3681,rgb/003681.jpg,0.08131,0.43138,0.0
35866,rgb/035866.jpg,-0.01461,0.32158,0.0
11103,rgb/011103.jpg,-0.08781,0.30744,0.0
7379,rgb/007379.jpg,-0.02517,0.34903,0.0
11083,rgb/011083.jpg,-0.08343,0.38432,0.0
43360,rgb/043360.jpg,-0.20944,0.22354,0.0
39798,rgb/039798.jpg,-0.05557,0.31374,0.0
34197,rgb/034197.jpg,-0.10161,0.28629,0.0
30568,rgb/030568.jpg,0.0,0.30981,0.0
5466,rgb/005466.jpg,0.05621,0.35177,0.0
21981,rgb/021981.jpg,0.08874,0.26391,0.0
16175,rgb/016175.jpg,0.15837,0.35877,0.0
32978,rgb/032978.jpg,-0.0,0.34119,0.0
42012,rgb/042012.jpg,0.11977,0.16426,0.0
37540,rgb/037540.jpg,-0.18062,0.09021,0.0
29079,rgb/029079.jpg,0.2833,5e-05,0.0
39869,rgb/039869.jpg,0.17582,0.29021,0.0
43667,rgb/043667.jpg,0.10722,0.38432,0.0
13037,rgb/013037.jpg,-0.04082,0.36079,0.0
45553,rgb/045553.jpg,0.0,0.27452,0.0
25334,rgb/025334.jpg,0.25053,0.14119,0.0
15679,rgb/015679.jpg,-0.21298,0.34119,0.0
24772,rgb/024772.jpg,0.0,0.17268,0.0
38955,rgb/038955.jpg,0.05042,0.27452,0.0
34435,rgb/034435.jpg,-0.1964,0.30187,0.0
15739,rgb/015739.jpg,-0.21103,0.34119,0.0
15728,rgb/015728.jpg,-0.21103,0.34119,0.0
32717,rgb/032717.jpg,-0.08631,0.34119,0.0
1509,rgb/001509.jpg,0.09395,0.29021,0.0
30343,rgb/030343.jpg,0.06616,0.23138,0.0
27171,rgb/027171.jpg,0.08371,0.29805,0.0
20528,rgb/020528.jpg,-0.01045,0.36863,0.0
20519,rgb/020519.jpg,-0.04651,0.36858,0.0
8053,rgb/008053.jpg,-0.03811,0.36857,0.0
14057,rgb/014057.jpg,-0.07063,0.39204,0.0
39760,rgb/039760.jpg,-0.22702,0.31335,0.0
4593,rgb/004593.jpg,-1e-05,0.38824,0.0
23730,rgb/023730.jpg,0.16187,0.1608,0.0
43350,rgb/043350.jpg,-0.21989,0.22354,0.0
35485,rgb/035485.jpg,-0.0247,0.33334,0.0
43497,rgb/043497.jpg,-0.17886,0.22354,0.0
15673,rgb/015673.jpg,-0.21298,0.34119,0.0
45992,rgb/045992.jpg,0.11703,0.27452,0.0
10343,rgb/010343.jpg,-0.09589,0.38432,0.0
43327,rgb/043327.jpg,-0.25268,0.22354,0.0
39722,rgb/039722.jpg,-0.31559,0.24315,0.0
37225,rgb/037225.jpg,-0.03126,0.38279,0.0
36573,rgb/036573.jpg,0.04961,0.33727,0.0
31264,rgb/031264.jpg,-0.06667,0.37648,0.0
19658,rgb/019658.jpg,0.2002,0.29805,0.0
6361,rgb/006361.jpg,0.12957,0.32158,0.0
19652,rgb/019652.jpg,0.24052,0.29805,0.0
17973,rgb/017973.jpg,0.12204,0.38824,0.0
29165,rgb/029165.jpg,0.04462,0.3255,0.0
39641,rgb/039641.jpg,0.19936,0.24315,0.0
34172,rgb/034172.jpg,-0.13601,0.28612,0.0
2292,rgb/002292.jpg,-0.0,0.38432,0.0
37816,rgb/037816.jpg,0.20942,0.21177,0.0
7757,rgb/007757.jpg,0.20914,0.26668,0.0
32634,rgb/032634.jpg,-0.04777,0.34119,0.0
27060,rgb/027060.jpg,0.05092,0.29805,0.0
6580,rgb/006580.jpg,0.02725,0.32158,0.0
29910,rgb/029910.jpg,0.09004,0.08641,0.0
1646,rgb/001646.jpg,0.08489,0.38432,0.0
22790,rgb/022790.jpg,0.27944,0.27743,0.0
24206,rgb/024206.jpg,-0.02358,0.25099,0.0
39880,rgb/039880.jpg,0.08257,0.29021,0.0
16168,rgb/016168.jpg,0.15669,0.24509,0.0
15745,rgb/015745.jpg,-0.21103,0.34119,0.0
8186,rgb/008186.jpg,-0.03018,0.36864,0.0
42748,rgb/042748.jpg,-0.03969,0.20393,0.0
45064,rgb/045064.jpg,-0.00387,0.27452,0.0
46055,rgb/046055.jpg,0.12076,0.27452,0.0
14774,rgb/014774.jpg,-0.06529,0.32942,0.0
2461,rgb/002461.jpg,-0.2073,0.30981,0.0
19626,rgb/019626.jpg,0.25294,0.29805,0.0
42977,rgb/042977.jpg,-0.0,0.21178,0.0
39392,rgb/039392.jpg,0.0,0.22354,0.0
32595,rgb/032595.jpg,-0.09503,0.34119,0.0
27554,rgb/027554.jpg,-0.07808,0.29805,0.0
25303,rgb/025303.jpg,0.16667,0.14119,0.0
39865,rgb/039865.jpg,0.18502,0.29021,0.0
34491,rgb/034491.jpg,-0.12153,0.30197,0.0
10316,rgb/010316.jpg,-0.10115,0.38432,0.0
40575,rgb/040575.jpg,0.0,0.29021,0.0
26619,rgb/026619.jpg,0.21698,0.22435,0.0
16596,rgb/016596.jpg,0.05845,0.45346,0.0
15930,rgb/015930.jpg,-0.00066,0.40785,0.0
19661,rgb/019661.jpg,0.17314,0.29805,0.0
16143,rgb/016143.jpg,0.28882,0.16489,0.0
9059,rgb/009059.jpg,-0.10957,0.33727,0.0
15822,rgb/015822.jpg,0.0681,0.40393,0.0
42536,rgb/042536.jpg,0.17369,0.04773,0.0
18641,rgb/018641.jpg,0.08301,0.38824,0.0
11093,rgb/011093.jpg,-0.09142,0.38432,0.0
30978,rgb/030978.jpg,-0.04614,0.29413,0.0
42013,rgb/042013.jpg,0.12837,0.15065,0.0
40819,rgb/040819.jpg,0.03203,0.29021,0.0
43536,rgb/043536.jpg,-0.19648,0.22354,0.0
38853,rgb/038853.jpg,-0.0786,0.27452,0.0
19222,rgb/019222.jpg,-0.03445,0.26668,0.0
27333,rgb/027333.jpg,0.04165,0.29805,0.0
17019,rgb/017019.jpg,0.12069,0.38824,0.0
15109,rgb/015109.jpg,-0.15642,0.27399,0.0
31075,rgb/031075.jpg,-0.0364,0.37648,0.0
14042,rgb/014042.jpg,-0.07287,0.38824,0.0
37812,rgb/037812.jpg,0.21649,0.21176,0.0
7666,rgb/007666.jpg,0.2141,0.10234,0.0
2608,rgb/002608.jpg,0.10062,0.16083,0.0
45050,rgb/045050.jpg,-0.02431,0.27452,0.0
23799,rgb/023799.jpg,0.12142,0.21961,0.0
9017,rgb/009017.jpg,-0.13494,0.33727,0.0
24097,rgb/024097.jpg,0.02737,0.24315,0.0
7120,rgb/007120.jpg,0.24599,0.19849,0.0
42541,rgb/042541.jpg,0.18331,0.08375,0.0
37439,rgb/037439.jpg,-0.0,0.4706,0.0
12204,rgb/012204.jpg,0.02854,0.38432,0.0
38821,rgb/038821.jpg,0.14384,0.27582,0.0
25919,rgb/025919.jpg,0.11689,0.37543,0.0
7744,rgb/007744.jpg,0.2776,0.26667,0.0
32557,rgb/032557.jpg,-0.08611,0.34119,0.0
26608,rgb/026608.jpg,0.24579,0.19912,0.0
18673,rgb/018673.jpg,0.11038,0.38824,0.0
40318,rgb/040318.jpg,0.14559,0.29021,0.0
36400,rgb/036400.jpg,0.0,0.33725,0.0
19659,rgb/019659.jpg,0.19113,0.29805,0.0
39871,rgb/039871.jpg,0.16648,0.29021,0.0
23738,rgb/023738.jpg,0.16076,0.1608,0.0
14368,rgb/014368.jpg,-0.0001,0.40001,0.0
34121,rgb/034121.jpg,-0.0917,0.27831,0.0
7741,rgb/007741.jpg,0.28048,0.26667,0.0
2419,rgb/002419.jpg,-0.14052,0.26067,0.0
7739,rgb/007739.jpg,0.28228,0.26665,0.0
17230,rgb/017230.jpg,-0.02623,0.38824,0.0
19596,rgb/019596.jpg,0.08688,0.30794,0.0
15075,rgb/015075.jpg,-0.14009,0.26248,0.0
46470,rgb/046470.jpg,-0.00255,0.27452,0.0
42879,rgb/042879.jpg,-0.0,0.20786,0.0
13890,rgb/013890.jpg,-0.07217,0.27054,0.0
42625,rgb/042625.jpg,0.141,0.20001,0.0
14007,rgb/014007.jpg,-0.08131,0.38822,0.0
8496,rgb/008496.jpg,-0.17182,0.33334,0.0
43279,rgb/043279.jpg,0.12231,0.22345,0.0
19106,rgb/019106.jpg,0.19989,0.26668,0.0
26603,rgb/026603.jpg,0.25741,0.1867,0.0
40472,rgb/040472.jpg,-0.0439,0.29021,0.0
32501,rgb/032501.jpg,0.00035,0.34119,0.0
30252,rgb/030252.jpg,0.23993,0.23138,0.0
41578,rgb/041578.jpg,0.0,0.29021,0.0
29131,rgb/029131.jpg,0.2178,0.31753,0.0
39144,rgb/039144.jpg,-0.00049,0.27452,0.0
34220,rgb/034220.jpg,-0.0983,0.28928,0.0
7164,rgb/007164.jpg,0.19988,0.23137,0.0
21216,rgb/021216.jpg,0.28681,0.22354,0.0
1659,rgb/001659.jpg,0.06834,0.38432,0.0
15083,rgb/015083.jpg,-0.14014,0.26626,0.0
42562,rgb/042562.jpg,0.1642,0.19078,0.0
40411,rgb/040411.jpg,0.05239,0.29021,0.0
44233,rgb/044233.jpg,0.12028,0.27452,0.0
1166,rgb/001166.jpg,0.38081,0.26667,0.0
12133,rgb/012133.jpg,-0.04714,0.38432,0.0
44888,rgb/044888.jpg,0.02465,0.27452,0.0
25820,rgb/025820.jpg,0.29126,0.17648,0.0
29961,rgb/029961.jpg,0.2448,0.2196,0.0
20612,rgb/020612.jpg,0.02069,0.37256,0.0
26579,rgb/026579.jpg,0.23963,0.0671,0.0
15719,rgb/015719.jpg,-0.21103,0.34119,0.0
46021,rgb/046021.jpg,0.11855,0.27452,0.0
17788,rgb/017788.jpg,0.0,0.38824,0.0
7140,rgb/007140.jpg,0.25369,0.22667,0.0
24899,rgb/024899.jpg,0.20362,0.36864,0.0
30689,rgb/030689.jpg,-0.18082,0.03531,0.0
28394,rgb/028394.jpg,0.29103,0.33619,0.0
42679,rgb/042679.jpg,0.11325,0.20001,0.0
26610,rgb/026610.jpg,0.23853,0.20392,0.0
22370,rgb/022370.jpg,0.34743,0.3204,0.0
39654,rgb/039654.jpg,0.21123,0.24315,0.0
38038,rgb/038038.jpg,0.11782,0.30197,0.0
30700,rgb/030700.jpg,-0.22036,0.106,0.0
29402,rgb/029402.jpg,0.27468,0.31374,0.0
10344,rgb/010344.jpg,-0.09589,0.38432,0.0
29130,rgb/029130.jpg,0.22267,0.31487,0.0
19605,rgb/019605.jpg,0.17158,0.29879,0.0
27286,rgb/027286.jpg,0.04855,0.29805,0.0
40562,rgb/040562.jpg,5e-05,0.29021,0.0
20222,rgb/020222.jpg,0.08205,0.00349,0.0
17015,rgb/017015.jpg,0.12068,0.38824,0.0
29348,rgb/029348.jpg,0.12602,0.30718,0.0
25288,rgb/025288.jpg,0.08014,0.14112,0.0
44836,rgb/044836.jpg,-0.0,0.27452,0.0
17928,rgb/017928.jpg,0.10767,0.38824,0.0
10250,rgb/010250.jpg,-0.10257,0.38432,0.0
43264,rgb/043264.jpg,0.16253,0.21961,0.0
7660,rgb/007660.jpg,0.20638,0.08237,0.0
37645,rgb/037645.jpg,-0.04061,0.2157,0.0
6527,rgb/006527.jpg,0.0424,0.32158,0.0
20786,rgb/020786.jpg,0.00016,0.37256,0.0
25368,rgb/025368.jpg,0.19656,0.14119,0.0
1622,rgb/001622.jpg,0.09283,0.38432,0.0
12018,rgb/012018.jpg,-0.04244,0.38432,0.0
17152,rgb/017152.jpg,0.01535,0.38824,0.0
7117,rgb/007117.jpg,0.23912,0.18332,0.0
20271,rgb/020271.jpg,0.2637,0.21066,0.0
25370,rgb/025370.jpg,0.17653,0.14119,0.0
27807,rgb/027807.jpg,0.18729,0.11375,0.0
37586,rgb/037586.jpg,-0.26341,0.17219,0.0
24842,rgb/024842.jpg,0.21396,0.20344,0.0
3675,rgb/003675.jpg,0.08552,0.43138,0.0
15693,rgb/015693.jpg,-0.21108,0.34119,0.0
22348,rgb/022348.jpg,0.22698,0.25552,0.0
7831,rgb/007831.jpg,-0.04312,0.3411,0.0
15622,rgb/015622.jpg,-0.25614,0.34119,0.0
25013,rgb/025013.jpg,-0.00029,0.33113,0.0
31239,rgb/031239.jpg,-0.1393,0.37648,0.0
15907,rgb/015907.jpg,-0.05154,0.40785,0.0
37605,rgb/037605.jpg,-0.26117,0.21528,0.0
39701,rgb/039701.jpg,-0.08478,0.24315,0.0
19339,rgb/019339.jpg,-0.02232,0.33727,0.0
663,rgb/000663.jpg,0.10062,0.30981,0.0
2491,rgb/002491.jpg,-0.24725,0.30981,0.0
15766,rgb/015766.jpg,-0.15721,0.34119,0.0
33155,rgb/033155.jpg,-0.0,0.34119,0.0
34187,rgb/034187.jpg,-0.11868,0.28628,0.0
5426,rgb/005426.jpg,0.11599,0.3255,0.0
27058,rgb/027058.jpg,0.04402,0.29805,0.0
44245,rgb/044245.jpg,0.15268,0.27452,0.0
14766,rgb/014766.jpg,-0.07408,0.32942,0.0
22318,rgb/022318.jpg,0.09462,0.17709,0.0
24928,rgb/024928.jpg,0.06321,0.14151,0.0
10305,rgb/010305.jpg,-0.08477,0.38432,0.0
778,rgb/000778.jpg,0.05474,0.31349,0.0
28396,rgb/028396.jpg,0.291,0.33666,0.0
35827,rgb/035827.jpg,0.04816,0.31937,0.0
38818,rgb/038818.jpg,0.15572,0.27761,0.0
15049,rgb/015049.jpg,-0.0974,0.20662,0.0
30965,rgb/030965.jpg,-0.0255,0.29413,0.0
15116,rgb/015116.jpg,-0.15853,0.27445,0.0
30329,rgb/030329.jpg,0.10993,0.23138,0.0
2847,rgb/002847.jpg,0.11149,0.41177,0.0
39735,rgb/039735.jpg,-0.45114,0.24315,0.0
20246,rgb/020246.jpg,0.26042,0.13637,0.0
26657,rgb/026657.jpg,0.13767,0.27629,0.0
28470,rgb/028470.jpg,-0.05375,0.34873,0.0
40785,rgb/040785.jpg,0.09103,0.29021,0.0
35758,rgb/035758.jpg,0.12896,0.31762,0.0
38901,rgb/038901.jpg,-0.07119,0.27452,0.0
44620,rgb/044620.jpg,0.04099,0.27452,0.0
43481,rgb/043481.jpg,-0.13511,0.22354,0.0
15678,rgb/015678.jpg,-0.21298,0.34119,0.0
25344,rgb/025344.jpg,0.27339,0.14119,0.0
18661,rgb/018661.jpg,0.11866,0.38824,0.0
19142,rgb/019142.jpg,0.18212,0.26668,0.0
15050,rgb/015050.jpg,-0.09972,0.20987,0.0
33831,rgb/033831.jpg,-0.05795,0.34119,0.0
32597,rgb/032597.jpg,-0.08924,0.34119,0.0
15530,rgb/015530.jpg,0.10111,0.36864,0.0
34068,rgb/034068.jpg,-0.04394,0.09142,0.0
31326,rgb/031326.jpg,-0.09649,0.16251,0.0
10299,rgb/010299.jpg,-0.05372,0.38432,0.0
22367,rgb/022367.jpg,0.33475,0.31878,0.0
16987,rgb/016987.jpg,0.09749,0.38152,0.0
25842,rgb/025842.jpg,0.3118,0.17648,0.0
25837,rgb/025837.jpg,0.31187,0.17648,0.0
5381,rgb/005381.jpg,0.11208,0.32548,0.0
11226,rgb/011226.jpg,-0.0,0.38429,0.0
21906,rgb/021906.jpg,0.06104,0.21387,0.0
2411,rgb/002411.jpg,-0.12636,0.15159,0.0
17454,rgb/017454.jpg,0.00034,0.38824,0.0
27127,rgb/027127.jpg,0.09359,0.29805,0.0
14140,rgb/014140.jpg,0.02875,0.40001,0.0
43542,rgb/043542.jpg,-0.17155,0.22354,0.0
43378,rgb/043378.jpg,-0.14972,0.22354,0.0
25976,rgb/025976.jpg,-0.05239,0.37648,0.0
45864,rgb/045864.jpg,0.0,0.27452,0.0
2449,rgb/002449.jpg,-0.19018,0.30969,0.0
11028,rgb/011028.jpg,-0.06268,0.38432,0.0
39731,rgb/039731.jpg,-0.42872,0.24315,0.0
37554,rgb/037554.jpg,-0.22501,0.09021,0.0
5442,rgb/005442.jpg,0.11312,0.3255,0.0
16259,rgb/016259.jpg,-0.05856,0.41177,0.0
40701,rgb/040701.jpg,0.01721,0.29021,0.0
39440,rgb/039440.jpg,-9e-05,0.22354,0.0
15102,rgb/015102.jpg,-0.15623,0.27055,0.0
30308,rgb/030308.jpg,0.12131,0.23138,0.0
12959,rgb/012959.jpg,-0.0286,0.31374,0.0
22802,rgb/022802.jpg,0.16197,0.28618,0.0
31218,rgb/031218.jpg,-0.10797,0.37648,0.0
36899,rgb/036899.jpg,0.0287,0.33727,0.0
25817,rgb/025817.jpg,0.28488,0.17648,0.0
21881,rgb/021881.jpg,5e-05,0.37256,0.0
12153,rgb/012153.jpg,-0.00264,0.38432,0.0
25797,rgb/025797.jpg,0.23357,0.17648,0.0
42650,rgb/042650.jpg,0.1412,0.20001,0.0
40883,rgb/040883.jpg,0.07108,0.29021,0.0
13993,rgb/013993.jpg,-0.08184,0.387,0.0
5361,rgb/005361.jpg,0.12442,0.32155,0.0
16452,rgb/016452.jpg,0.09469,0.4157,0.0
37614,rgb/037614.jpg,-0.21282,0.21567,0.0
16707,rgb/016707.jpg,-0.0,0.45491,0.0
8447,rgb/008447.jpg,-0.17935,0.30385,0.0
37620,rgb/037620.jpg,-0.16566,0.21569,0.0
37628,rgb/037628.jpg,-0.09423,0.2157,0.0
37770,rgb/037770.jpg,0.16441,0.09756,0.0
38994,rgb/038994.jpg,0.05858,0.27452,0.0
17872,rgb/017872.jpg,0.0,0.38824,0.0
29951,rgb/029951.jpg,0.19293,0.21932,0.0
15118,rgb/015118.jpg,-0.15915,0.27448,0.0
40342,rgb/040342.jpg,0.27885,0.29021,0.0
29991,rgb/029991.jpg,0.30069,0.21962,0.0
1663,rgb/001663.jpg,0.06768,0.38432,0.0
3429,rgb/003429.jpg,-0.00138,0.41177,0.0
15094,rgb/015094.jpg,-0.15005,0.27006,0.0
43537,rgb/043537.jpg,-0.19391,0.22354,0.0
38733,rgb/038733.jpg,0.06371,0.30197,0.0
15086,rgb/015086.jpg,-0.14014,0.2665,0.0
8410,rgb/008410.jpg,-0.12595,0.00786,0.0
28365,rgb/028365.jpg,0.25042,0.2199,0.0
44281,rgb/044281.jpg,0.19345,0.27452,0.0
43380,rgb/043380.jpg,-0.13233,0.22354,0.0
29974,rgb/029974.jpg,0.28256,0.21962,0.0
41615,rgb/041615.jpg,0.0,0.43882,0.0
6286,rgb/006286.jpg,0.03863,0.32158,0.0
38010,rgb/038010.jpg,0.11528,0.30197,0.0
29958,rgb/029958.jpg,0.23047,0.21958,0.0
27509,rgb/027509.jpg,0.04632,0.29805,0.0
14997,rgb/014997.jpg,1e-05,0.32942,0.0
9509,rgb/009509.jpg,-0.02959,0.33727,0.0
13856,rgb/013856.jpg,-0.0548,0.16917,0.0
42564,rgb/042564.jpg,0.16268,0.19139,0.0
3413,rgb/003413.jpg,-0.03628,0.41177,0.0
13998,rgb/013998.jpg,-0.08306,0.38795,0.0
40783,rgb/040783.jpg,0.09109,0.29021,0.0
32568,rgb/032568.jpg,-0.09133,0.34119,0.0
30201,rgb/030201.jpg,-0.02817,0.23138,0.0
7070,rgb/007070.jpg,0.13382,0.14119,0.0
20699,rgb/020699.jpg,0.10335,0.37256,0.0
46034,rgb/046034.jpg,0.12074,0.27452,0.0
28343,rgb/028343.jpg,0.18307,0.14613,0.0
22786,rgb/022786.jpg,0.29954,0.26678,0.0
6373,rgb/006373.jpg,0.13539,0.32158,0.0
46090,rgb/046090.jpg,0.08172,0.27452,0.0
29551,rgb/029551.jpg,0.02626,0.3187,0.0
2510,rgb/002510.jpg,-0.14376,0.30981,0.0
24858,rgb/024858.jpg,0.25446,0.32807,0.0
19154,rgb/019154.jpg,0.13591,0.26668,0.0
4219,rgb/004219.jpg,-0.0,0.38824,0.0
35320,rgb/035320.jpg,-0.00237,0.33334,0.0
20743,rgb/020743.jpg,0.10842,0.37256,0.0
33670,rgb/033670.jpg,-0.03591,0.34119,0.0
30698,rgb/030698.jpg,-0.21238,0.07471,0.0
8500,rgb/008500.jpg,-0.14651,0.33334,0.0
25847,rgb/025847.jpg,0.30895,0.17648,0.0
25890,rgb/025890.jpg,0.15659,0.27964,0.0
43664,rgb/043664.jpg,0.10642,0.38432,0.0
18631,rgb/018631.jpg,0.04209,0.38824,0.0
40892,rgb/040892.jpg,0.07122,0.29021,0.0
13997,rgb/013997.jpg,-0.08297,0.38785,0.0
22398,rgb/022398.jpg,0.08145,0.42717,0.0
43546,rgb/043546.jpg,-0.1528,0.22354,0.0
15938,rgb/015938.jpg,-2e-05,0.40785,0.0
7160,rgb/007160.jpg,0.20388,0.23133,0.0
34133,rgb/034133.jpg,-0.11304,0.27844,0.0
12250,rgb/012250.jpg,0.0,0.35152,0.0
31180,rgb/031180.jpg,-0.0,0.37648,0.0
35704,rgb/035704.jpg,0.13591,0.30905,0.0
10628,rgb/010628.jpg,-0.00069,0.38432,0.0
12416,rgb/012416.jpg,0.0,0.34903,0.0
22358,rgb/022358.jpg,0.24874,0.30234,0.0
20740,rgb/020740.jpg,0.10054,0.37256,0.0
42532,rgb/042532.jpg,0.16552,0.01953,0.0
1484,rgb/001484.jpg,0.06732,0.29325,0.0
7077,rgb/007077.jpg,0.14851,0.14119,0.0
45388,rgb/045388.jpg,0.0,0.27452,0.0
20226,rgb/020226.jpg,0.13292,0.01144,0.0
18039,rgb/018039.jpg,-0.00705,0.38824,0.0
35382,rgb/035382.jpg,-0.02642,0.33334,0.0
38771,rgb/038771.jpg,0.24905,0.19218,0.0
36739,rgb/036739.jpg,0.06897,0.33727,0.0
25347,rgb/025347.jpg,0.27601,0.14119,0.0
43400,rgb/043400.jpg,-0.09729,0.22354,0.0
22794,rgb/022794.jpg,0.24536,0.2808,0.0
39651,rgb/039651.jpg,0.2111,0.24315,0.0
22760,rgb/022760.jpg,0.19654,0.19218,0.0
15135,rgb/015135.jpg,-0.06889,0.31552,0.0
23223,rgb/023223.jpg,0.10056,0.21227,0.0
44465,rgb/044465.jpg,0.10211,0.27452,0.0
43381,rgb/043381.jpg,-0.12668,0.22354,0.0
17482,rgb/017482.jpg,0.0,0.38824,0.0
19616,rgb/019616.jpg,0.23387,0.29808,0.0
31812,rgb/031812.jpg,-0.0,0.31766,0.0
43255,rgb/043255.jpg,0.1645,0.21954,0.0
43345,rgb/043345.jpg,-0.234,0.22354,0.0
10402,rgb/010402.jpg,-0.0,0.38432,0.0
39901,rgb/039901.jpg,-0.05601,0.29021,0.0
12557,rgb/012557.jpg,0.0,0.34903,0.0
43553,rgb/043553.jpg,-0.1202,0.22354,0.0
25799,rgb/025799.jpg,0.23894,0.17648,0.0
3882,rgb/003882.jpg,-0.04071,0.43138,0.0
29350,rgb/029350.jpg,0.13185,0.30833,0.0
27832,rgb/027832.jpg,0.28828,0.30291,0.0
27159,rgb/027159.jpg,0.08371,0.29805,0.0
189,rgb/000189.jpg,0.043,0.0,0.0
12643,rgb/012643.jpg,0.0,0.34903,0.0
44294,rgb/044294.jpg,0.19345,0.27452,0.0
42656,rgb/042656.jpg,0.12288,0.20001,0.0
25310,rgb/025310.jpg,0.19397,0.14119,0.0
26554,rgb/026554.jpg,0.20975,0.0,0.0
34162,rgb/034162.jpg,-0.13663,0.28334,0.0
29363,rgb/029363.jpg,0.16972,0.31361,0.0
22928,rgb/022928.jpg,0.0,0.32942,0.0
30583,rgb/030583.jpg,0.01999,0.30981,0.0
15741,rgb/015741.jpg,-0.21103,0.34119,0.0
35321,rgb/035321.jpg,-0.00154,0.33334,0.0
2465,rgb/002465.jpg,-0.2243,0.30981,0.0
30986,rgb/030986.jpg,-0.04609,0.29413,0.0
3136,rgb/003136.jpg,-0.00018,0.41177,0.0
15536,rgb/015536.jpg,0.11613,0.35084,0.0
2499,rgb/002499.jpg,-0.21835,0.30981,0.0
30755,rgb/030755.jpg,-0.16444,0.28407,0.0
14064,rgb/014064.jpg,-0.04554,0.39215,0.0
10219,rgb/010219.jpg,-0.10196,0.38432,0.0
37788,rgb/037788.jpg,0.21243,0.20259,0.0
2456,rgb/002456.jpg,-0.1937,0.3098,0.0
28065,rgb/028065.jpg,0.0,0.34119,0.0
34708,rgb/034708.jpg,0.06865,0.30585,0.0
29141,rgb/029141.jpg,0.17552,0.32505,0.0
39649,rgb/039649.jpg,0.21082,0.24315,0.0
42104,rgb/042104.jpg,0.14411,0.21178,0.0
25801,rgb/025801.jpg,0.24443,0.17648,0.0
15045,rgb/015045.jpg,-0.08965,0.19441,0.0
43276,rgb/043276.jpg,0.1378,0.22332,0.0
2849,rgb/002849.jpg,0.10864,0.41177,0.0
4431,rgb/004431.jpg,0.04732,0.38824,0.0
23746,rgb/023746.jpg,0.16047,0.1608,0.0
32746,rgb/032746.jpg,-0.04763,0.34119,0.0
3008,rgb/003008.jpg,0.0001,0.41177,0.0
29289,rgb/029289.jpg,-0.00132,0.00788,0.0
29405,rgb/029405.jpg,0.275,0.31374,0.0
44249,rgb/044249.jpg,0.17047,0.27452,0.0
1503,rgb/001503.jpg,0.08928,0.29022,0.0
7139,rgb/007139.jpg,0.25369,0.22641,0.0
43591,rgb/043591.jpg,-0.08422,0.27156,0.0
7167,rgb/007167.jpg,0.19775,0.23138,0.0
34380,rgb/034380.jpg,-0.06449,0.29413,0.0
44274,rgb/044274.jpg,0.19345,0.27452,0.0
8486,rgb/008486.jpg,-0.196,0.33334,0.0
7911,rgb/007911.jpg,-0.01193,0.36071,0.0
27031,rgb/027031.jpg,0.0,0.29805,0.0
31209,rgb/031209.jpg,-0.08767,0.37648,0.0
43365,rgb/043365.jpg,-0.19486,0.22354,0.0
18504,rgb/018504.jpg,-0.00257,0.38824,0.0
32722,rgb/032722.jpg,-0.08657,0.34119,0.0
38760,rgb/038760.jpg,0.22697,0.19245,0.0
38461,rgb/038461.jpg,0.0,0.30197,0.0
11114,rgb/011114.jpg,-0.08561,0.22573,0.0
9000,rgb/009000.jpg,-0.11175,0.33727,0.0
9030,rgb/009030.jpg,-0.14483,0.33727,0.0
24414,rgb/024414.jpg,-0.06427,0.33726,0.0
22520,rgb/022520.jpg,0.04659,0.45099,0.0
19295,rgb/019295.jpg,-0.02022,0.33687,0.0
22450,rgb/022450.jpg,-0.04066,0.45099,0.0
11988,rgb/011988.jpg,-0.03137,0.38432,0.0
7086,rgb/007086.jpg,0.17876,0.14119,0.0
23821,rgb/023821.jpg,0.04835,0.21962,0.0
13909,rgb/013909.jpg,-0.06323,0.3589,0.0
38228,rgb/038228.jpg,0.02467,0.30197,0.0
43522,rgb/043522.jpg,-0.1953,0.22354,0.0
34163,rgb/034163.jpg,-0.13663,0.28408,0.0
12876,rgb/012876.jpg,-0.0465,0.37121,0.0
37610,rgb/037610.jpg,-0.2396,0.2156,0.0
19485,rgb/019485.jpg,-0.01314,0.33727,0.0
42059,rgb/042059.jpg,0.28767,0.16642,0.0
26628,rgb/026628.jpg,0.21329,0.2405,0.0
41978,rgb/041978.jpg,0.01713,0.24315,0.0
43270,rgb/043270.jpg,0.15974,0.2223,0.0
7755,rgb/007755.jpg,0.23154,0.26668,0.0
28110,rgb/028110.jpg,0.0,0.3451,0.0
29095,rgb/029095.jpg,0.31753,0.05486,0.0
24324,rgb/024324.jpg,0.1444,0.25491,0.0
9058,rgb/009058.jpg,-0.10958,0.33727,0.0
16988,rgb/016988.jpg,0.09864,0.38222,0.0
7294,rgb/007294.jpg,0.04022,0.34903,0.0
9546,rgb/009546.jpg,-2e-05,0.33953,0.0
37592,rgb/037592.jpg,-0.26368,0.19956,0.0
7136,rgb/007136.jpg,0.25368,0.22497,0.0
25750,rgb/025750.jpg,0.08056,0.18315,0.0
28376,rgb/028376.jpg,0.26969,0.31391,0.0
27796,rgb/027796.jpg,0.10552,0.11411,0.0
2002,rgb/002002.jpg,-0.0209,0.38432,0.0
34389,rgb/034389.jpg,-0.10044,0.27029,0.0
44449,rgb/044449.jpg,0.09699,0.27452,0.0
14708,rgb/014708.jpg,-0.04858,0.40001,0.0
35478,rgb/035478.jpg,-0.02811,0.33334,0.0
15111,rgb/015111.jpg,-0.15643,0.27422,0.0
9056,rgb/009056.jpg,-0.1096,0.33727,0.0
34501,rgb/034501.jpg,-0.11503,0.30197,0.0
32832,rgb/032832.jpg,0.02488,0.34119,0.0
37600,rgb/037600.jpg,-0.2637,0.21395,0.0
23142,rgb/023142.jpg,0.22826,0.00015,0.0
27838,rgb/027838.jpg,0.28642,0.32813,0.0
8414,rgb/008414.jpg,-0.12996,0.00786,0.0
8549,rgb/008549.jpg,0.04205,0.33334,0.0
5484,rgb/005484.jpg,-0.00831,0.3598,0.0
46272,rgb/046272.jpg,-0.0,0.27452,0.0
29396,rgb/029396.jpg,0.26909,0.31374,0.0
17238,rgb/017238.jpg,-0.00084,0.38824,0.0
29410,rgb/029410.jpg,0.27507,0.31374,0.0
37833,rgb/037833.jpg,0.13956,0.21674,0.0
34925,rgb/034925.jpg,0.0,0.32156,0.0
31227,rgb/031227.jpg,-0.12327,0.37648,0.0
35689,rgb/035689.jpg,0.1264,0.29122,0.0
25202,rgb/025202.jpg,0.0,0.00017,0.0
5350,rgb/005350.jpg,0.12433,0.32096,0.0
15062,rgb/015062.jpg,-0.13055,0.24203,0.0
36601,rgb/036601.jpg,0.10244,0.33727,0.0
30751,rgb/030751.jpg,-0.21039,0.28233,0.0
30034,rgb/030034.jpg,0.09698,0.21962,0.0
23718,rgb/023718.jpg,0.15305,0.1608,0.0
19093,rgb/019093.jpg,0.13943,0.26671,0.0
1373,rgb/001373.jpg,-0.00032,0.37256,0.0
36608,rgb/036608.jpg,0.12813,0.33727,0.0
15335,rgb/015335.jpg,-0.02301,0.36643,0.0
25760,rgb/025760.jpg,0.12679,0.17703,0.0
43084,rgb/043084.jpg,1e-05,0.21178,0.0
34210,rgb/034210.jpg,-0.09831,0.28629,0.0
36706,rgb/036706.jpg,0.07012,0.33727,0.0
43303,rgb/043303.jpg,-0.11384,0.22354,0.0
14764,rgb/014764.jpg,-0.0741,0.32942,0.0
26609,rgb/026609.jpg,0.2421,0.2013,0.0
14622,rgb/014622.jpg,-0.04034,0.40001,0.0
38929,rgb/038929.jpg,-2e-05,0.27452,0.0
23157,rgb/023157.jpg,0.25149,0.0,0.0
8224,rgb/008224.jpg,-4e-05,0.36864,0.0
38046,rgb/038046.jpg,0.11331,0.30197,0.0
1502,rgb/001502.jpg,0.0886,0.29022,0.0
9038,rgb/009038.jpg,-0.13343,0.33727,0.0
15651,rgb/015651.jpg,-0.21973,0.34119,0.0
7054,rgb/007054.jpg,0.08859,0.14119,0.0
32152,rgb/032152.jpg,-1e-05,0.32158,0.0
19099,rgb/019099.jpg,0.17686,0.26668,0.0
29100,rgb/029100.jpg,0.31762,0.10211,0.0
25407,rgb/025407.jpg,0.07445,0.14119,0.0
16181,rgb/016181.jpg,0.16635,0.37333,0.0
7165,rgb/007165.jpg,0.19904,0.23137,0.0
38813,rgb/038813.jpg,0.18838,0.28752,0.0
37567,rgb/037567.jpg,-0.24176,0.09021,0.0
30827,rgb/030827.jpg,0.04779,0.29404,0.0
39846,rgb/039846.jpg,0.14996,0.29021,0.0
22139,rgb/022139.jpg,0.04052,0.38402,0.0
44289,rgb/044289.jpg,0.19345,0.27452,0.0
7752,rgb/007752.jpg,0.25361,0.26668,0.0
23464,rgb/023464.jpg,0.0,0.2772,0.0
30011,rgb/030011.jpg,0.3101,0.21962,0.0
21944,rgb/021944.jpg,0.17465,0.21178,0.0
7722,rgb/007722.jpg,0.28246,0.26373,0.0
43243,rgb/043243.jpg,0.16419,0.21698,0.0
8058,rgb/008058.jpg,-0.03781,0.36862,0.0
27563,rgb/027563.jpg,-0.03265,0.29805,0.0
43531,rgb/043531.jpg,-0.19991,0.22354,0.0
22819,rgb/022819.jpg,0.10178,0.30886,0.0
24276,rgb/024276.jpg,0.24022,0.25482,0.0
17009,rgb/017009.jpg,0.12045,0.38822,0.0
13866,rgb/013866.jpg,-0.07183,0.16867,0.0
24575,rgb/024575.jpg,0.0,0.46667,0.0
4425,rgb/004425.jpg,0.07328,0.38824,0.0
30679,rgb/030679.jpg,-0.15144,0.03533,0.0
36619,rgb/036619.jpg,0.14104,0.33727,0.0
10205,rgb/010205.jpg,-0.05595,0.38432,0.0
24847,rgb/024847.jpg,0.23632,0.21517,0.0
19171,rgb/019171.jpg,0.09771,0.26668,0.0
24225,rgb/024225.jpg,-1e-05,0.25099,0.0
22395,rgb/022395.jpg,0.11416,0.40964,0.0
44296,rgb/044296.jpg,0.19308,0.27452,0.0
406,rgb/000406.jpg,-0.01982,0.14511,0.0
30847,rgb/030847.jpg,0.05974,0.29413,0.0
21107,rgb/021107.jpg,0.0,0.37256,0.0
22428,rgb/022428.jpg,-0.041,0.45098,0.0
37800,rgb/037800.jpg,0.21772,0.21122,0.0
2751,rgb/002751.jpg,0.03409,0.40785,0.0
39847,rgb/039847.jpg,0.15562,0.29021,0.0
42507,rgb/042507.jpg,0.11158,0.0,0.0
7127,rgb/007127.jpg,0.25296,0.21168,0.0
30760,rgb/030760.jpg,-0.10811,0.28576,0.0
2515,rgb/002515.jpg,-0.10906,0.30981,0.0
10352,rgb/010352.jpg,-0.08629,0.38432,0.0
21308,rgb/021308.jpg,-0.00201,0.34119,0.0
15677,rgb/015677.jpg,-0.21298,0.34119,0.0
19077,rgb/019077.jpg,0.04654,0.26969,0.0
24892,rgb/024892.jpg,0.23458,0.36863,0.0
26005,rgb/026005.jpg,-0.06515,0.37256,0.0
11977,rgb/011977.jpg,-0.04701,0.38432,0.0
39744,rgb/039744.jpg,-0.40952,0.27845,0.0
44504,rgb/044504.jpg,0.07554,0.27452,0.0
2481,rgb/002481.jpg,-0.25012,0.30981,0.0
13050,rgb/013050.jpg,-0.0439,0.36079,0.0
39637,rgb/039637.jpg,0.18013,0.24315,0.0
18957,rgb/018957.jpg,-0.0,0.39609,0.0
39669,rgb/039669.jpg,0.2057,0.24315,0.0
8490,rgb/008490.jpg,-0.19374,0.33334,0.0
15855,rgb/015855.jpg,0.04969,0.40785,0.0
42019,rgb/042019.jpg,0.18346,0.07689,0.0
15104,rgb/015104.jpg,-0.15635,0.27228,0.0
11072,rgb/011072.jpg,-0.04091,0.38432,0.0
17970,rgb/017970.jpg,0.12206,0.38824,0.0
46094,rgb/046094.jpg,0.07304,0.27452,0.0
15915,rgb/015915.jpg,-0.04804,0.40785,0.0
44513,rgb/044513.jpg,0.0723,0.27452,0.0
35667,rgb/035667.jpg,0.1232,0.15295,0.0
22995,rgb/022995.jpg,-2e-05,0.32942,0.0
37801,rgb/037801.jpg,0.21772,0.21122,0.0
4138,rgb/004138.jpg,0.0,0.38206,0.0
24305,rgb/024305.jpg,0.30994,0.25491,0.0
15850,rgb/015850.jpg,0.06517,0.40785,0.0
17987,rgb/017987.jpg,0.11889,0.38824,0.0
26567,rgb/026567.jpg,0.2345,0.0,0.0
43559,rgb/043559.jpg,-0.09273,0.22354,0.0
27862,rgb/027862.jpg,0.19828,0.34117,0.0
43557,rgb/043557.jpg,-0.09928,0.22354,0.0
26616,rgb/026616.jpg,0.22235,0.21777,0.0
24267,rgb/024267.jpg,0.21965,0.25367,0.0
42550,rgb/042550.jpg,0.18412,0.15996,0.0
5356,rgb/005356.jpg,0.12441,0.32147,0.0
32486,rgb/032486.jpg,0.04067,0.34119,0.0
22336,rgb/022336.jpg,0.22527,0.17649,0.0
22780,rgb/022780.jpg,0.30528,0.20001,0.0
37487,rgb/037487.jpg,-0.0,0.1529,0.0
42051,rgb/042051.jpg,0.28763,0.08346,0.0
12887,rgb/012887.jpg,-0.09,0.35274,0.0
15115,rgb/015115.jpg,-0.15795,0.27443,0.0
12909,rgb/012909.jpg,-0.11435,0.31394,0.0
29088,rgb/029088.jpg,0.31557,0.0,0.0
15681,rgb/015681.jpg,-0.21298,0.34119,0.0
26647,rgb/026647.jpg,0.17498,0.26872,0.0
34443,rgb/034443.jpg,-0.19449,0.30196,0.0
34317,rgb/034317.jpg,-0.0,0.29413,0.0
10317,rgb/010317.jpg,-0.10122,0.38432,0.0
37556,rgb/037556.jpg,-0.23107,0.09021,0.0
14341,rgb/014341.jpg,-0.03159,0.40001,0.0
39676,rgb/039676.jpg,0.18071,0.24315,0.0
1647,rgb/001647.jpg,0.08198,0.38432,0.0
5006,rgb/005006.jpg,0.0,0.38824,0.0
10765,rgb/010765.jpg,-0.02596,0.38432,0.0
9079,rgb/009079.jpg,-0.10988,0.33727,0.0
23158,rgb/023158.jpg,0.24617,0.0,0.0
2482,rgb/002482.jpg,-0.25014,0.30981,0.0
21976,rgb/021976.jpg,0.09117,0.25808,0.0
30479,rgb/030479.jpg,0.03013,0.23138,0.0
42601,rgb/042601.jpg,0.08794,0.19949,0.0
39828,rgb/039828.jpg,0.03667,0.29025,0.0
27821,rgb/027821.jpg,0.25477,0.19286,0.0
35713,rgb/035713.jpg,0.14269,0.30976,0.0
24822,rgb/024822.jpg,0.13399,0.03139,0.0
22766,rgb/022766.jpg,0.25699,0.19217,0.0
46046,rgb/046046.jpg,0.12076,0.27452,0.0
40797,rgb/040797.jpg,0.06466,0.29021,0.0
19620,rgb/019620.jpg,0.24894,0.29806,0.0
19645,rgb/019645.jpg,0.25284,0.29805,0.0
42694,rgb/042694.jpg,0.07688,0.20341,0.0
10247,rgb/010247.jpg,-0.1068,0.38432,0.0
35822,rgb/035822.jpg,0.03951,0.31766,0.0
29073,rgb/029073.jpg,0.24569,0.00026,0.0
29150,rgb/029150.jpg,0.13821,0.32547,0.0
20039,rgb/020039.jpg,-0.03127,0.3804,0.0
20721,rgb/020721.jpg,0.13592,0.37256,0.0
30994,rgb/030994.jpg,-0.04608,0.29413,0.0
34373,rgb/034373.jpg,-0.02517,0.29413,0.0
23145,rgb/023145.jpg,0.24029,6e-05,0.0
20250,rgb/020250.jpg,0.26344,0.16298,0.0
43391,rgb/043391.jpg,-0.10076,0.22354,0.0
43483,rgb/043483.jpg,-0.14153,0.22354,0.0
23198,rgb/023198.jpg,0.14138,0.1411,0.0
37118,rgb/037118.jpg,0.06342,0.34051,0.0
9091,rgb/009091.jpg,-0.10937,0.33727,0.0
34209,rgb/034209.jpg,-0.09832,0.28629,0.0
42530,rgb/042530.jpg,0.16197,0.00638,0.0
40216,rgb/040216.jpg,-0.0,0.29021,0.0
35724,rgb/035724.jpg,0.14708,0.31249,0.0
7709,rgb/007709.jpg,0.26741,0.26265,0.0
4457,rgb/004457.jpg,0.03754,0.38824,0.0
6403,rgb/006403.jpg,0.07174,0.32158,0.0
7728,rgb/007728.jpg,0.28286,0.26615,0.0
32784,rgb/032784.jpg,-0.06607,0.34119,0.0
24301,rgb/024301.jpg,0.31161,0.25491,0.0
31231,rgb/031231.jpg,-0.1342,0.37648,0.0
888,rgb/000888.jpg,-0.03682,0.35295,0.0
6340,rgb/006340.jpg,0.09745,0.32158,0.0
15198,rgb/015198.jpg,-0.08681,0.35291,0.0
27282,rgb/027282.jpg,0.04855,0.29805,0.0
27691,rgb/027691.jpg,-0.06126,0.34117,0.0
968,rgb/000968.jpg,-0.02524,0.35295,0.0
24826,rgb/024826.jpg,0.15556,0.05627,0.0
25958,rgb/025958.jpg,0.0,0.37648,0.0
38734,rgb/038734.jpg,0.06765,0.30197,0.0
27861,rgb/027861.jpg,0.20086,0.34116,0.0
42620,rgb/042620.jpg,0.12802,0.20001,0.0
1160,rgb/001160.jpg,0.44194,0.26666,0.0
30722,rgb/030722.jpg,-0.25721,0.26962,0.0
8484,rgb/008484.jpg,-0.19598,0.33334,0.0
37789,rgb/037789.jpg,0.21426,0.20391,0.0
43047,rgb/043047.jpg,0.02453,0.21178,0.0
43390,rgb/043390.jpg,-0.1011,0.22354,0.0
30668,rgb/030668.jpg,-0.10475,0.0357,0.0
8485,rgb/008485.jpg,-0.19605,0.33334,0.0
29110,rgb/029110.jpg,0.30165,0.22225,0.0
33845,rgb/033845.jpg,-0.0523,0.23131,0.0
42498,rgb/042498.jpg,0.11063,0.0,0.0
29409,rgb/029409.jpg,0.27508,0.31374,0.0
44326,rgb/044326.jpg,0.07377,0.27452,0.0
18291,rgb/018291.jpg,-9e-05,0.38824,0.0
29923,rgb/029923.jpg,0.10272,0.15799,0.0
27700,rgb/027700.jpg,-0.00894,0.34119,0.0
38023,rgb/038023.jpg,0.13067,0.30197,0.0
35727,rgb/035727.jpg,0.14724,0.31321,0.0
19636,rgb/019636.jpg,0.25326,0.29805,0.0
13051,rgb/013051.jpg,-0.04166,0.36079,0.0
1953,rgb/001953.jpg,0.0006,0.38432,0.0
25774,rgb/025774.jpg,0.18481,0.17649,0.0
31946,rgb/031946.jpg,-0.02911,0.32158,0.0
13007,rgb/013007.jpg,-0.0533,0.36078,0.0
34449,rgb/034449.jpg,-0.16872,0.30197,0.0
37601,rgb/037601.jpg,-0.2637,0.21439,0.0
33584,rgb/033584.jpg,-0.06477,0.34119,0.0
34132,rgb/034132.jpg,-0.11085,0.27844,0.0
15627,rgb/015627.jpg,-0.25583,0.34119,0.0
29426,rgb/029426.jpg,0.21975,0.31374,0.0
26794,rgb/026794.jpg,0.0,0.29802,0.0
19316,rgb/019316.jpg,-0.01554,0.33726,0.0
7968,rgb/007968.jpg,0.0,0.36472,0.0
29122,rgb/029122.jpg,0.23804,0.2867,0.0
29090,rgb/029090.jpg,0.31676,0.0,0.0
42557,rgb/042557.jpg,0.17223,0.18633,0.0
43561,rgb/043561.jpg,-0.08974,0.22354,0.0
43467,rgb/043467.jpg,-0.08556,0.22354,0.0
36758,rgb/036758.jpg,0.05193,0.33727,0.0
2506,rgb/002506.jpg,-0.17296,0.30981,0.0
30783,rgb/030783.jpg,-0.04829,0.28628,0.0
30271,rgb/030271.jpg,0.28577,0.23138,0.0
20726,rgb/020726.jpg,0.12395,0.37256,0.0
34411,rgb/034411.jpg,-0.19758,0.25619,0.0
7687,rgb/007687.jpg,0.23236,0.24292,0.0
39810,rgb/039810.jpg,-0.05296,0.29765,0.0
24922,rgb/024922.jpg,0.06007,0.14301,0.0
26969,rgb/026969.jpg,0.0,0.29805,0.0
16513,rgb/016513.jpg,0.05389,0.4157,0.0
24436,rgb/024436.jpg,-0.06427,0.34118,0.0
35681,rgb/035681.jpg,0.12639,0.23637,0.0
24417,rgb/024417.jpg,-0.06427,0.33898,0.0
10674,rgb/010674.jpg,-0.00039,0.38432,0.0
37792,rgb/037792.jpg,0.21685,0.20619,0.0
24298,rgb/024298.jpg,0.30927,0.25491,0.0
37233,rgb/037233.jpg,-0.03249,0.38417,0.0
42046,rgb/042046.jpg,0.28749,0.05885,0.0
29081,rgb/029081.jpg,0.28797,3e-05,0.0
36535,rgb/036535.jpg,0.03564,0.33727,0.0
28411,rgb/028411.jpg,0.15717,0.33726,0.0
15196,rgb/015196.jpg,-0.08804,0.35288,0.0
15058,rgb/015058.jpg,-0.12092,0.23114,0.0
25173,rgb/025173.jpg,0.00129,0.22838,0.0
15682,rgb/015682.jpg,-0.21298,0.34119,0.0
22894,rgb/022894.jpg,0.0,0.32942,0.0
38794,rgb/038794.jpg,0.27226,0.30515,0.0
44453,rgb/044453.jpg,0.09704,0.27452,0.0
43822,rgb/043822.jpg,0.04218,0.27641,0.0
2663,rgb/002663.jpg,0.09732,0.151,0.0
38862,rgb/038862.jpg,-0.08445,0.27452,0.0
22359,rgb/022359.jpg,0.25653,0.30519,0.0
20285,rgb/020285.jpg,0.17266,0.21176,0.0
30284,rgb/030284.jpg,0.26206,0.23138,0.0
22840,rgb/022840.jpg,0.04272,0.32524,0.0
38730,rgb/038730.jpg,0.04989,0.30197,0.0
6365,rgb/006365.jpg,0.13409,0.32158,0.0
25855,rgb/025855.jpg,0.28903,0.17648,0.0
22382,rgb/022382.jpg,0.28113,0.33045,0.0
37535,rgb/037535.jpg,-0.16213,0.09022,0.0
40367,rgb/040367.jpg,0.17908,0.29021,0.0
15619,rgb/015619.jpg,-0.25607,0.34119,0.0
25371,rgb/025371.jpg,0.16655,0.14119,0.0
35292,rgb/035292.jpg,-0.03772,0.33334,0.0
29129,rgb/029129.jpg,0.22614,0.31264,0.0
29403,rgb/029403.jpg,0.27483,0.31374,0.0
34726,rgb/034726.jpg,0.08705,0.30589,0.0
27859,rgb/027859.jpg,0.20674,0.34114,0.0
30039,rgb/030039.jpg,0.07314,0.21962,0.0
9033,rgb/009033.jpg,-0.14271,0.33727,0.0
29136,rgb/029136.jpg,0.1881,0.32361,0.0
23802,rgb/023802.jpg,0.11732,0.21962,0.0
43262,rgb/043262.jpg,0.16352,0.21961,0.0
30048,rgb/030048.jpg,0.0648,0.21962,0.0
37560,rgb/037560.jpg,-0.23941,0.09021,0.0
17818,rgb/017818.jpg,0.0,0.38824,0.0
22388,rgb/022388.jpg,0.20082,0.36225,0.0
44291,rgb/044291.jpg,0.19345,0.27452,0.0
30476,rgb/030476.jpg,0.04172,0.23138,0.0
9100,rgb/009100.jpg,-0.08502,0.33727,0.0
14457,rgb/014457.jpg,0.0,0.40001,0.0
20722,rgb/020722.jpg,0.13486,0.37256,0.0
10254,rgb/010254.jpg,-0.09323,0.38432,0.0
40331,rgb/040331.jpg,0.22234,0.29021,0.0
6383,rgb/006383.jpg,0.13255,0.32158,0.0
27826,rgb/027826.jpg,0.276,0.25548,0.0
1127,rgb/001127.jpg,0.15939,0.2157,0.0
18767,rgb/018767.jpg,0.04506,0.39217,0.0
27148,rgb/027148.jpg,0.08376,0.29805,0.0
24867,rgb/024867.jpg,0.25469,0.36486,0.0
21943,rgb/021943.jpg,0.17745,0.21178,0.0
28403,rgb/028403.jpg,0.26285,0.33718,0.0
8533,rgb/008533.jpg,0.04208,0.33334,0.0
14357,rgb/014357.jpg,-0.01119,0.40001,0.0
2915,rgb/002915.jpg,0.05013,0.41177,0.0
39763,rgb/039763.jpg,-0.19761,0.31357,0.0
9386,rgb/009386.jpg,-0.04102,0.33727,0.0
41314,rgb/041314.jpg,-0.0,0.29021,0.0
3290,rgb/003290.jpg,0.00986,0.41177,0.0
28949,rgb/028949.jpg,-0.0,2e-05,0.0
43630,rgb/043630.jpg,0.05167,0.38412,0.0
8394,rgb/008394.jpg,-0.07234,0.00786,0.0
23861,rgb/023861.jpg,0.04099,0.23527,0.0
34217,rgb/034217.jpg,-0.0983,0.288,0.0
35763,rgb/035763.jpg,0.11745,0.31765,0.0
20816,rgb/020816.jpg,0.06151,0.37256,0.0
24859,rgb/024859.jpg,0.25454,0.33625,0.0
648,rgb/000648.jpg,0.07641,0.30981,0.0
43258,rgb/043258.jpg,0.16449,0.21958,0.0
24852,rgb/024852.jpg,0.25146,0.25796,0.0
31319,rgb/031319.jpg,-0.11501,0.21483,0.0
26869,rgb/026869.jpg,-0.056,0.29805,0.0
24291,rgb/024291.jpg,0.28539,0.25491,0.0
32562,rgb/032562.jpg,-0.08623,0.34119,0.0
5580,rgb/005580.jpg,0.00726,0.36079,0.0
38888,rgb/038888.jpg,-0.06842,0.27452,0.0
38878,rgb/038878.jpg,-0.06847,0.27452,0.0
37625,rgb/037625.jpg,-0.11958,0.2157,0.0
30316,rgb/030316.jpg,0.11023,0.23138,0.0
37534,rgb/037534.jpg,-0.15695,0.09023,0.0
29096,rgb/029096.jpg,0.31756,0.06664,0.0
9011,rgb/009011.jpg,-0.11884,0.33727,0.0
15624,rgb/015624.jpg,-0.25615,0.34119,0.0
34405,rgb/034405.jpg,-0.19097,0.22021,0.0
2473,rgb/002473.jpg,-0.24819,0.30981,0.0
1634,rgb/001634.jpg,0.09361,0.38432,0.0
23184,rgb/023184.jpg,0.14104,0.11299,0.0
37814,rgb/037814.jpg,0.21388,0.21177,0.0
37541,rgb/037541.jpg,-0.18374,0.09021,0.0
45999,rgb/045999.jpg,0.11709,0.27452,0.0
8462,rgb/008462.jpg,-0.18014,0.33001,0.0
32743,rgb/032743.jpg,-0.04794,0.34119,0.0
42054,rgb/042054.jpg,0.28765,0.10758,0.0
33746,rgb/033746.jpg,-0.05366,0.34119,0.0
24843,rgb/024843.jpg,0.21828,0.20552,0.0
21260,rgb/021260.jpg,0.10429,0.29567,0.0
14851,rgb/014851.jpg,-0.04039,0.32942,0.0
34418,rgb/034418.jpg,-0.19809,0.28989,0.0
16994,rgb/016994.jpg,0.10067,0.38622,0.0
19133,rgb/019133.jpg,0.20494,0.26668,0.0
30266,rgb/030266.jpg,0.28409,0.23138,0.0
25875,rgb/025875.jpg,0.16223,0.1985,0.0
39708,rgb/039708.jpg,-0.14482,0.24315,0.0
21274,rgb/021274.jpg,-0.02031,0.33333,0.0
4668,rgb/004668.jpg,0.0,0.38824,0.0
39849,rgb/039849.jpg,0.16084,0.29021,0.0
17045,rgb/017045.jpg,0.08518,0.38824,0.0
7171,rgb/007171.jpg,0.18584,0.23138,0.0
27141,rgb/027141.jpg,0.08519,0.29805,0.0
31809,rgb/031809.jpg,-1e-05,0.31766,0.0
25827,rgb/025827.jpg,0.30375,0.17648,0.0
43496,rgb/043496.jpg,-0.17708,0.22354,0.0
8476,rgb/008476.jpg,-0.19222,0.33328,0.0
40002,rgb/040002.jpg,0.0,0.29021,0.0
20291,rgb/020291.jpg,0.10958,0.21177,0.0
30985,rgb/030985.jpg,-0.0461,0.29413,0.0
24888,rgb/024888.jpg,0.24226,0.36863,0.0
34710,rgb/034710.jpg,0.06926,0.30587,0.0
40855,rgb/040855.jpg,0.04687,0.29021,0.0
439,rgb/000439.jpg,-0.00642,0.14511,0.0
11958,rgb/011958.jpg,-0.04372,0.38432,0.0
43863,rgb/043863.jpg,-1e-05,0.27452,0.0
11084,rgb/011084.jpg,-0.08555,0.38432,0.0
22132,rgb/022132.jpg,0.04588,0.38206,0.0
12079,rgb/012079.jpg,-0.06946,0.38432,0.0
8837,rgb/008837.jpg,-2e-05,0.30981,0.0
19116,rgb/019116.jpg,0.20572,0.26668,0.0
10231,rgb/010231.jpg,-0.10852,0.38432,0.0
29068,rgb/029068.jpg,0.2008,0.0011,0.0
1598,rgb/001598.jpg,0.07299,0.38432,0.0
4581,rgb/004581.jpg,-0.00141,0.38824,0.0
39705,rgb/039705.jpg,-0.12621,0.24315,0.0
15114,rgb/015114.jpg,-0.15726,0.27439,0.0
1141,rgb/001141.jpg,0.27404,0.26236,0.0
34397,rgb/034397.jpg,-0.14751,0.22549,0.0
17222,rgb/017222.jpg,-0.03248,0.38824,0.0
11158,rgb/011158.jpg,-0.03392,0.27043,0.0
5364,rgb/005364.jpg,0.12442,0.32255,0.0
37599,rgb/037599.jpg,-0.2637,0.21337,0.0
24266,rgb/024266.jpg,0.21726,0.25326,0.0
43466,rgb/043466.jpg,-0.08153,0.22354,0.0
29429,rgb/029429.jpg,0.1936,0.31374,0.0
1123,rgb/001123.jpg,0.12423,0.2157,0.0
11329,rgb/011329.jpg,-0.0,0.38432,0.0
32990,rgb/032990.jpg,-0.0,0.34119,0.0
34460,rgb/034460.jpg,-0.08399,0.30197,0.0
30756,rgb/030756.jpg,-0.1521,0.28462,0.0
14060,rgb/014060.jpg,-0.06035,0.39211,0.0
33758,rgb/033758.jpg,-0.0642,0.34119,0.0
40354,rgb/040354.jpg,0.28944,0.29021,0.0
6073,rgb/006073.jpg,0.0,0.30589,0.0
26577,rgb/026577.jpg,0.23947,0.04869,0.0
9137,rgb/009137.jpg,-0.0376,0.33727,0.0
29406,rgb/029406.jpg,0.27504,0.31374,0.0
8412,rgb/008412.jpg,-0.12905,0.00786,0.0
33875,rgb/033875.jpg,-0.03754,0.1396,0.0
36330,rgb/036330.jpg,0.0173,0.33334,0.0
7723,rgb/007723.jpg,0.28261,0.26447,0.0
24648,rgb/024648.jpg,0.0,0.43139,0.0
34485,rgb/034485.jpg,-0.12194,0.30197,0.0
11012,rgb/011012.jpg,-0.05839,0.38432,0.0
40915,rgb/040915.jpg,0.06852,0.29021,0.0
21217,rgb/021217.jpg,0.29332,0.22354,0.0
15903,rgb/015903.jpg,-0.05136,0.40785,0.0
10310,rgb/010310.jpg,-0.09799,0.38432,0.0
29346,rgb/029346.jpg,0.12023,0.30514,0.0
1478,rgb/001478.jpg,0.05685,0.30732,0.0
6354,rgb/006354.jpg,0.11054,0.32158,0.0
2749,rgb/002749.jpg,0.03209,0.40785,0.0
25860,rgb/025860.jpg,0.26151,0.17648,0.0
22718,rgb/022718.jpg,-1e-05,0.28656,0.0
7653,rgb/007653.jpg,0.16699,0.08237,0.0
24459,rgb/024459.jpg,-0.00224,0.34119,0.0
12901,rgb/012901.jpg,-0.11435,0.31573,0.0
28354,rgb/028354.jpg,0.23288,0.14515,0.0
38782,rgb/038782.jpg,0.26959,0.2825,0.0
43393,rgb/043393.jpg,-0.10027,0.22354,0.0
34188,rgb/034188.jpg,-0.1176,0.28628,0.0
15845,rgb/015845.jpg,0.08887,0.40785,0.0
24887,rgb/024887.jpg,0.24366,0.36863,0.0
30850,rgb/030850.jpg,0.05292,0.29413,0.0
25057,rgb/025057.jpg,-0.0,0.349,0.0
29114,rgb/029114.jpg,0.27782,0.2593,0.0
8492,rgb/008492.jpg,-0.18937,0.33334,0.0
16260,rgb/016260.jpg,-0.05401,0.41177,0.0
30027,rgb/030027.jpg,0.16803,0.21962,0.0
39631,rgb/039631.jpg,0.13689,0.24315,0.0
29407,rgb/029407.jpg,0.27507,0.31374,0.0
22655,rgb/022655.jpg,0.0392,0.45099,0.0
19126,rgb/019126.jpg,0.20575,0.26668,0.0
28367,rgb/028367.jpg,0.25074,0.24992,0.0
25305,rgb/025305.jpg,0.1758,0.14119,0.0
43758,rgb/043758.jpg,-0.04176,0.38432,0.0
35710,rgb/035710.jpg,0.142,0.30968,0.0
43409,rgb/043409.jpg,-0.07837,0.22354,0.0
23717,rgb/023717.jpg,0.15183,0.1608,0.0
9647,rgb/009647.jpg,-0.00119,0.34119,0.0
30764,rgb/030764.jpg,-0.08136,0.28612,0.0
8430,rgb/008430.jpg,-0.13475,0.22453,0.0
31299,rgb/031299.jpg,-0.09568,0.37648,0.0
5423,rgb/005423.jpg,0.11599,0.3255,0.0
40349,rgb/040349.jpg,0.28872,0.29021,0.0
15056,rgb/015056.jpg,-0.11587,0.22486,0.0
1167,rgb/001167.jpg,0.36296,0.26668,0.0
31226,rgb/031226.jpg,-0.12036,0.37648,0.0
40321,rgb/040321.jpg,0.162,0.29021,0.0
36605,rgb/036605.jpg,0.11845,0.33727,0.0
22387,rgb/022387.jpg,0.21432,0.35619,0.0
33698,rgb/033698.jpg,-0.00022,0.34119,0.0
37974,rgb/037974.jpg,0.04251,0.30197,0.0
27544,rgb/027544.jpg,-0.07145,0.29805,0.0
25991,rgb/025991.jpg,-0.05794,0.37648,0.0
44318,rgb/044318.jpg,0.09394,0.27452,0.0
7084,rgb/007084.jpg,0.17204,0.14119,0.0
46454,rgb/046454.jpg,-0.02334,0.27452,0.0
13174,rgb/013174.jpg,-0.0,0.36079,0.0
10323,rgb/010323.jpg,-0.10019,0.38432,0.0
13534,rgb/013534.jpg,0.02257,0.36079,0.0
31222,rgb/031222.jpg,-0.11209,0.37648,0.0
3135,rgb/003135.jpg,-0.00028,0.41177,0.0
42552,rgb/042552.jpg,0.18156,0.17062,0.0
7699,rgb/007699.jpg,0.26321,0.26088,0.0
15732,rgb/015732.jpg,-0.21103,0.34119,0.0
36709,rgb/036709.jpg,0.06929,0.33727,0.0
43515,rgb/043515.jpg,-0.18925,0.22354,0.0
38806,rgb/038806.jpg,0.2446,0.30587,0.0
8503,rgb/008503.jpg,-0.12265,0.33334,0.0
30677,rgb/030677.jpg,-0.14191,0.03534,0.0
25828,rgb/025828.jpg,0.3052,0.17648,0.0
42510,rgb/042510.jpg,0.11422,0.0,0.0
2509,rgb/002509.jpg,-0.15116,0.30981,0.0
15597,rgb/015597.jpg,-0.18986,0.34119,0.0
12899,rgb/012899.jpg,-0.11419,0.31728,0.0
27850,rgb/027850.jpg,0.24827,0.3406,0.0
25804,rgb/025804.jpg,0.25269,0.17648,0.0
34402,rgb/034402.jpg,-0.17841,0.22101,0.0
4440,rgb/004440.jpg,0.03774,0.38824,0.0
25824,rgb/025824.jpg,0.299,0.17648,0.0
19105,rgb/019105.jpg,0.19794,0.26668,0.0
27125,rgb/027125.jpg,0.09131,0.29805,0.0
33635,rgb/033635.jpg,-0.0,0.34119,0.0
22326,rgb/022326.jpg,0.17727,0.17654,0.0
1654,rgb/001654.jpg,0.06979,0.38432,0.0
14817,rgb/014817.jpg,-0.05275,0.32942,0.0
7126,rgb/007126.jpg,0.25296,0.21168,0.0
38021,rgb/038021.jpg,0.13054,0.30197,0.0
43519,rgb/043519.jpg,-0.19246,0.22354,0.0
43489,rgb/043489.jpg,-0.16211,0.22354,0.0
31238,rgb/031238.jpg,-0.13887,0.37648,0.0
43513,rgb/043513.jpg,-0.18857,0.22354,0.0
23825,rgb/023825.jpg,0.04443,0.21962,0.0
30729,rgb/030729.jpg,-0.26063,0.27444,0.0
5799,rgb/005799.jpg,0.00032,0.36079,0.0
37815,rgb/037815.jpg,0.21189,0.21177,0.0
43202,rgb/043202.jpg,0.07602,0.19239,0.0
8733,rgb/008733.jpg,0.0,0.30981,0.0
5336,rgb/005336.jpg,0.11396,0.31044,0.0
21732,rgb/021732.jpg,-2e-05,0.36864,0.0
15076,rgb/015076.jpg,-0.14011,0.26353,0.0
34262,rgb/034262.jpg,-0.04662,0.29408,0.0
43351,rgb/043351.jpg,-0.21833,0.22354,0.0
8416,rgb/008416.jpg,-0.13119,0.02011,0.0
7892,rgb/007892.jpg,-0.01256,0.3513,0.0
15558,rgb/015558.jpg,0.09745,0.3412,0.0
21705,rgb/021705.jpg,-0.02039,0.36864,0.0
43527,rgb/043527.jpg,-0.19889,0.22354,0.0
2427,rgb/002427.jpg,-0.16667,0.29709,0.0
11096,rgb/011096.jpg,-0.09149,0.38432,0.0
38770,rgb/038770.jpg,0.24679,0.19218,0.0
14837,rgb/014837.jpg,-0.04204,0.32942,0.0
10333,rgb/010333.jpg,-0.09618,0.38432,0.0
11267,rgb/011267.jpg,-0.03253,0.38432,0.0
28350,rgb/028350.jpg,0.21873,0.14525,0.0
39517,rgb/039517.jpg,0.00011,0.24315,0.0
19177,rgb/019177.jpg,0.06019,0.26668,0.0
34663,rgb/034663.jpg,0.03443,0.30197,0.0
1628,rgb/001628.jpg,0.09283,0.38432,0.0
43501,rgb/043501.jpg,-0.18476,0.22354,0.0
40747,rgb/040747.jpg,0.09019,0.29021,0.0
20245,rgb/020245.jpg,0.25883,0.12692,0.0
25769,rgb/025769.jpg,0.16743,0.17652,0.0
30984,rgb/030984.jpg,-0.0461,0.29413,0.0
170,rgb/000170.jpg,0.04134,0.0,0.0
9169,rgb/009169.jpg,-0.00015,0.33727,0.0
29388,rgb/029388.jpg,0.23922,0.31374,0.0
16416,rgb/016416.jpg,0.06237,0.4157,0.0
39809,rgb/039809.jpg,-0.05465,0.30013,0.0
34724,rgb/034724.jpg,0.08511,0.30589,0.0
29398,rgb/029398.jpg,0.27262,0.31374,0.0
4940,rgb/004940.jpg,8e-05,0.38824,0.0
32566,rgb/032566.jpg,-0.08877,0.34119,0.0
46047,rgb/046047.jpg,0.12076,0.27452,0.0
10318,rgb/010318.jpg,-0.10122,0.38432,0.0
21929,rgb/021929.jpg,0.18162,0.21178,0.0
37504,rgb/037504.jpg,-0.02282,0.13641,0.0
39635,rgb/039635.jpg,0.16704,0.24315,0.0
29275,rgb/029275.jpg,-0.03781,0.00884,0.0
44297,rgb/044297.jpg,0.19262,0.27452,0.0
46037,rgb/046037.jpg,0.12075,0.27452,0.0
25360,rgb/025360.jpg,0.26037,0.14119,0.0
9252,rgb/009252.jpg,-0.02435,0.33727,0.0
23207,rgb/023207.jpg,0.10225,0.18691,0.0
15126,rgb/015126.jpg,-0.13032,0.27905,0.0
11279,rgb/011279.jpg,-0.02969,0.38432,0.0
13844,rgb/013844.jpg,-0.02815,0.18537,0.0
6381,rgb/006381.jpg,0.13355,0.32158,0.0
23734,rgb/023734.jpg,0.16187,0.1608,0.0
24870,rgb/024870.jpg,0.2547,0.36704,0.0
8441,rgb/008441.jpg,-0.1714,0.28067,0.0
43499,rgb/043499.jpg,-0.18206,0.22354,0.0
13863,rgb/013863.jpg,-0.07068,0.16871,0.0
2508,rgb/002508.jpg,-0.15876,0.30981,0.0
1679,rgb/001679.jpg,0.05174,0.38432,0.0
27844,rgb/027844.jpg,0.26361,0.33791,0.0
19654,rgb/019654.jpg,0.23125,0.29805,0.0
43683,rgb/043683.jpg,0.11233,0.38432,0.0
2415,rgb/002415.jpg,-0.13026,0.22115,0.0
22799,rgb/022799.jpg,0.19278,0.28371,0.0
9005,rgb/009005.jpg,-0.11515,0.33727,0.0
7761,rgb/007761.jpg,0.14258,0.26668,0.0
43359,rgb/043359.jpg,-0.21169,0.22354,0.0
19613,rgb/019613.jpg,0.21658,0.29812,0.0
15650,rgb/015650.jpg,-0.22258,0.34119,0.0
2881,rgb/002881.jpg,0.08892,0.41177,0.0
34174,rgb/034174.jpg,-0.1346,0.28619,0.0
19120,rgb/019120.jpg,0.20579,0.26668,0.0
22612,rgb/022612.jpg,-0.00186,0.45099,0.0
46032,rgb/046032.jpg,0.12072,0.27452,0.0
29134,rgb/029134.jpg,0.19951,0.32214,0.0
8368,rgb/008368.jpg,-0.03065,0.01515,0.0
8763,rgb/008763.jpg,-0.01268,0.30981,0.0
34116,rgb/034116.jpg,-0.08248,0.27788,0.0
25294,rgb/025294.jpg,0.11823,0.14118,0.0
10934,rgb/010934.jpg,-0.04398,0.38432,0.0
22378,rgb/022378.jpg,0.32617,0.32414,0.0
36710,rgb/036710.jpg,0.06918,0.33727,0.0
30718,rgb/030718.jpg,-0.24493,0.26752,0.0
9088,rgb/009088.jpg,-0.10989,0.33727,0.0
2466,rgb/002466.jpg,-0.22881,0.30981,0.0
42105,rgb/042105.jpg,0.14051,0.21178,0.0
34123,rgb/034123.jpg,-0.09415,0.27837,0.0
26630,rgb/026630.jpg,0.21322,0.24338,0.0
2644,rgb/002644.jpg,0.20316,0.13336,0.0
7458,rgb/007458.jpg,0.01248,0.34903,0.0
15630,rgb/015630.jpg,-0.25308,0.34119,0.0
23727,rgb/023727.jpg,0.16013,0.1608,0.0
7069,rgb/007069.jpg,0.13242,0.14119,0.0
34401,rgb/034401.jpg,-0.17269,0.22148,0.0
41413,rgb/041413.jpg,-0.0,0.29021,0.0
13914,rgb/013914.jpg,-0.04516,0.36034,0.0
41790,rgb/041790.jpg,-0.01664,0.44315,0.0
7275,rgb/007275.jpg,0.01475,0.34903,0.0
25876,rgb/025876.jpg,0.16008,0.20182,0.0
15061,rgb/015061.jpg,-0.12818,0.24035,0.0
26685,rgb/026685.jpg,0.04117,0.28994,0.0
15636,rgb/015636.jpg,-0.25145,0.34119,0.0
39081,rgb/039081.jpg,0.0,0.27452,0.0
673,rgb/000673.jpg,0.11177,0.30981,0.0
37821,rgb/037821.jpg,0.18726,0.21178,0.0
28399,rgb/028399.jpg,0.28641,0.33701,0.0
38872,rgb/038872.jpg,-0.06911,0.27452,0.0
7753,rgb/007753.jpg,0.24717,0.26668,0.0
37548,rgb/037548.jpg,-0.20418,0.09021,0.0
30005,rgb/030005.jpg,0.31489,0.21962,0.0
9015,rgb/009015.jpg,-0.12754,0.33727,0.0
7745,rgb/007745.jpg,0.27636,0.26667,0.0
12752,rgb/012752.jpg,0.0,0.38824,0.0
30304,rgb/030304.jpg,0.14444,0.23138,0.0
21947,rgb/021947.jpg,0.16322,0.21178,0.0
7671,rgb/007671.jpg,0.21468,0.16615,0.0
26611,rgb/026611.jpg,0.23515,0.20589,0.0
20056,rgb/020056.jpg,-0.00213,0.3804,0.0
38822,rgb/038822.jpg,0.13917,0.2755,0.0
27874,rgb/027874.jpg,0.07616,0.34119,0.0
32720,rgb/032720.jpg,-0.08657,0.34119,0.0
12040,rgb/012040.jpg,-0.06254,0.38432,0.0
19134,rgb/019134.jpg,0.20362,0.26668,0.0
34419,rgb/034419.jpg,-0.1981,0.29193,0.0
30532,rgb/030532.jpg,0.0,0.30981,0.0
31095,rgb/031095.jpg,-0.00038,0.37648,0.0
2918,rgb/002918.jpg,0.03702,0.41177,0.0
10446,rgb/010446.jpg,0.00012,0.38432,0.0
1497,rgb/001497.jpg,0.0785,0.29028,0.0
38374,rgb/038374.jpg,-5e-05,0.30197,0.0
30247,rgb/030247.jpg,0.20765,0.23138,0.0
22394,rgb/022394.jpg,0.12562,0.4024,0.0
44916,rgb/044916.jpg,0.00071,0.27452,0.0
22385,rgb/022385.jpg,0.24229,0.34303,0.0
24292,rgb/024292.jpg,0.28916,0.25491,0.0
5082,rgb/005082.jpg,0.0,0.38824,0.0
10378,rgb/010378.jpg,-0.00041,0.38432,0.0
32572,rgb/032572.jpg,-0.09629,0.34119,0.0
44967,rgb/044967.jpg,0.0,0.27452,0.0
26859,rgb/026859.jpg,-0.05812,0.29805,0.0
34415,rgb/034415.jpg,-0.19802,0.28001,0.0
15180,rgb/015180.jpg,-0.08834,0.34903,0.0
18663,rgb/018663.jpg,0.1192,0.38824,0.0
43684,rgb/043684.jpg,0.11149,0.38432,0.0
15700,rgb/015700.jpg,-0.21103,0.34119,0.0
37569,rgb/037569.jpg,-0.24183,0.09609,0.0
29362,rgb/029362.jpg,0.16576,0.31356,0.0
5468,rgb/005468.jpg,0.05226,0.35229,0.0
11794,rgb/011794.jpg,-9e-05,0.38432,0.0
30712,rgb/030712.jpg,-0.22994,0.25329,0.0
38089,rgb/038089.jpg,0.06041,0.30197,0.0
2516,rgb/002516.jpg,-0.10438,0.30981,0.0
25857,rgb/025857.jpg,0.27983,0.17648,0.0
43507,rgb/043507.jpg,-0.18816,0.22354,0.0
23200,rgb/023200.jpg,0.12665,0.1458,0.0
39852,rgb/039852.jpg,0.17784,0.29021,0.0
45983,rgb/045983.jpg,0.11392,0.27452,0.0
44219,rgb/044219.jpg,0.09252,0.27452,0.0
19703,rgb/019703.jpg,-0.0406,0.29805,0.0
22759,rgb/022759.jpg,0.1865,0.19219,0.0
14765,rgb/014765.jpg,-0.07409,0.32942,0.0
30003,rgb/030003.jpg,0.31591,0.21962,0.0
38824,rgb/038824.jpg,0.1282,0.27507,0.0
45224,rgb/045224.jpg,-0.0,0.27452,0.0
37595,rgb/037595.jpg,-0.2637,0.20834,0.0
25460,rgb/025460.jpg,0.05251,0.14119,0.0
1826,rgb/001826.jpg,0.00315,0.38432,0.0
5334,rgb/005334.jpg,0.11247,0.30787,0.0
38777,rgb/038777.jpg,0.26218,0.23393,0.0
30264,rgb/030264.jpg,0.28162,0.23138,0.0
40352,rgb/040352.jpg,0.28961,0.29021,0.0
30015,rgb/030015.jpg,0.29801,0.21962,0.0
9529,rgb/009529.jpg,-0.02536,0.33727,0.0
16468,rgb/016468.jpg,0.07092,0.4157,0.0
29354,rgb/029354.jpg,0.14222,0.31203,0.0
8397,rgb/008397.jpg,-0.08385,0.00786,0.0
21288,rgb/021288.jpg,-0.07585,0.3409,0.0
37798,rgb/037798.jpg,0.21769,0.21078,0.0
14002,rgb/014002.jpg,-0.08319,0.38815,0.0
27931,rgb/027931.jpg,6e-05,0.34119,0.0
2634,rgb/002634.jpg,0.21893,0.13363,0.0
9382,rgb/009382.jpg,-0.04066,0.33727,0.0
38071,rgb/038071.jpg,0.06536,0.30197,0.0
31709,rgb/031709.jpg,-0.0354,0.31766,0.0
2840,rgb/002840.jpg,0.12191,0.41177,0.0
37627,rgb/037627.jpg,-0.10128,0.2157,0.0
32551,rgb/032551.jpg,-0.08517,0.34119,0.0
25845,rgb/025845.jpg,0.31056,0.17648,0.0
20286,rgb/020286.jpg,0.16256,0.21176,0.0
20705,rgb/020705.jpg,0.11501,0.37256,0.0
2446,rgb/002446.jpg,-0.19015,0.30952,0.0
6390,rgb/006390.jpg,0.12713,0.32158,0.0
16116,rgb/016116.jpg,0.08054,0.25279,0.0
35676,rgb/035676.jpg,0.12625,0.18576,0.0
16182,rgb/016182.jpg,0.16527,0.37412,0.0
43200,rgb/043200.jpg,0.06725,0.19256,0.0
23165,rgb/023165.jpg,0.18089,0.00932,0.0
35720,rgb/035720.jpg,0.146,0.30981,0.0
38049,rgb/038049.jpg,0.10761,0.30197,0.0
40327,rgb/040327.jpg,0.19548,0.29021,0.0
14006,rgb/014006.jpg,-0.08234,0.38822,0.0
19109,rgb/019109.jpg,0.20388,0.26668,0.0
43326,rgb/043326.jpg,-0.25102,0.22354,0.0
37559,rgb/037559.jpg,-0.23808,0.09021,0.0
2664,rgb/002664.jpg,0.09284,0.15345,0.0
2452,rgb/002452.jpg,-0.19035,0.30976,0.0
3881,rgb/003881.jpg,-0.04037,0.43138,0.0
24249,rgb/024249.jpg,0.12924,0.25099,0.0
8396,rgb/008396.jpg,-0.08014,0.00786,0.0
15649,rgb/015649.jpg,-0.22584,0.34119,0.0
30018,rgb/030018.jpg,0.27801,0.21962,0.0
2434,rgb/002434.jpg,-0.18469,0.30359,0.0
658,rgb/000658.jpg,0.09763,0.30981,0.0
29964,rgb/029964.jpg,0.25789,0.21961,0.0
33946,rgb/033946.jpg,-0.0,0.29403,0.0
32778,rgb/032778.jpg,-0.07181,0.34119,0.0
10275,rgb/010275.jpg,-0.0014,0.38432,0.0
22427,rgb/022427.jpg,-0.0409,0.45098,0.0
24257,rgb/024257.jpg,0.18832,0.25099,0.0
24315,rgb/024315.jpg,0.23514,0.25491,0.0
25786,rgb/025786.jpg,0.20683,0.17648,0.0
2850,rgb/002850.jpg,0.1079,0.41177,0.0
42495,rgb/042495.jpg,0.1109,0.0,0.0
20252,rgb/020252.jpg,0.26385,0.17501,0.0
37613,rgb/037613.jpg,-0.21989,0.21566,0.0
2493,rgb/002493.jpg,-0.24306,0.30981,0.0
8436,rgb/008436.jpg,-0.15276,0.25692,0.0
43526,rgb/043526.jpg,-0.19834,0.22354,0.0
1121,rgb/001121.jpg,0.10621,0.2157,0.0
42064,rgb/042064.jpg,0.28764,0.19943,0.0
43250,rgb/043250.jpg,0.16456,0.21927,0.0
28339,rgb/028339.jpg,0.15568,0.14834,0.0
23700,rgb/023700.jpg,0.11758,0.1608,0.0
30736,rgb/030736.jpg,-0.26162,0.28018,0.0
40733,rgb/040733.jpg,0.07823,0.29021,0.0
15724,rgb/015724.jpg,-0.21103,0.34119,0.0
42540,rgb/042540.jpg,0.18168,0.07767,0.0
37794,rgb/037794.jpg,0.21742,0.20863,0.0
34997,rgb/034997.jpg,-0.02323,0.32158,0.0
24297,rgb/024297.jpg,0.30745,0.25491,0.0
29082,rgb/029082.jpg,0.29731,2e-05,0.0
16145,rgb/016145.jpg,0.29116,0.16481,0.0
30690,rgb/030690.jpg,-0.1831,0.03531,0.0
30685,rgb/030685.jpg,-0.174,0.03531,0.0
43397,rgb/043397.jpg,-0.09866,0.22354,0.0
22064,rgb/022064.jpg,0.04599,0.2745,0.0
38031,rgb/038031.jpg,0.12694,0.30197,0.0
43429,rgb/043429.jpg,-0.05334,0.22354,0.0
6482,rgb/006482.jpg,0.02813,0.32158,0.0
27842,rgb/027842.jpg,0.27273,0.33536,0.0
25900,rgb/025900.jpg,0.15656,0.31479,0.0
7150,rgb/007150.jpg,0.2343,0.23041,0.0
34017,rgb/034017.jpg,0.0,0.30589,0.0
13190,rgb/013190.jpg,-0.0,0.36079,0.0
10767,rgb/010767.jpg,-0.02709,0.38432,0.0
39663,rgb/039663.jpg,0.21116,0.24315,0.0
16978,rgb/016978.jpg,0.06597,0.35846,0.0
13985,rgb/013985.jpg,-0.06798,0.38432,0.0
2442,rgb/002442.jpg,-0.18999,0.30889,0.0
28248,rgb/028248.jpg,-0.00493,0.35295,0.0
11360,rgb/011360.jpg,-0.0,0.38432,0.0
26575,rgb/026575.jpg,0.23908,0.02816,0.0
40800,rgb/040800.jpg,0.0611,0.29021,0.0
27692,rgb/027692.jpg,-0.05867,0.34117,0.0
29959,rgb/029959.jpg,0.23545,0.21959,0.0
44264,rgb/044264.jpg,0.19334,0.27452,0.0
35702,rgb/035702.jpg,0.13297,0.30846,0.0
22816,rgb/022816.jpg,0.11011,0.30755,0.0
39648,rgb/039648.jpg,0.21056,0.24315,0.0
25840,rgb/025840.jpg,0.312,0.17648,0.0
23188,rgb/023188.jpg,0.1539,0.12479,0.0
43567,rgb/043567.jpg,-0.09104,0.22354,0.0
25431,rgb/025431.jpg,0.09186,0.14119,0.0
35,rgb/000035.jpg,0.0,0.0,0.0
34998,rgb/034998.jpg,-0.02324,0.32158,0.0
8401,rgb/008401.jpg,-0.09902,0.00786,0.0
10248,rgb/010248.jpg,-0.10565,0.38432,0.0
17947,rgb/017947.jpg,0.14827,0.38824,0.0
27211,rgb/027211.jpg,0.04185,0.29805,0.0
46689,rgb/046689.jpg,0.0,0.27452,0.0
34173,rgb/034173.jpg,-0.13543,0.28616,0.0
30735,rgb/030735.jpg,-0.26153,0.27945,0.0
38766,rgb/038766.jpg,0.23776,0.19222,0.0
2617,rgb/002617.jpg,0.138,0.1581,0.0
15337,rgb/015337.jpg,-0.00972,0.3674,0.0
28624,rgb/028624.jpg,0.0,0.35295,0.0
39714,rgb/039714.jpg,-0.20067,0.24315,0.0
39872,rgb/039872.jpg,0.1603,0.29021,0.0
25351,rgb/025351.jpg,0.27669,0.14119,0.0
9041,rgb/009041.jpg,-0.12506,0.33727,0.0
20676,rgb/020676.jpg,0.0562,0.37256,0.0
37822,rgb/037822.jpg,0.18112,0.21178,0.0
8619,rgb/008619.jpg,-0.05129,0.33334,0.0
29477,rgb/029477.jpg,-0.04523,0.31374,0.0
20203,rgb/020203.jpg,0.00725,0.01165,0.0
36618,rgb/036618.jpg,0.14115,0.33727,0.0
43485,rgb/043485.jpg,-0.14859,0.22354,0.0
24295,rgb/024295.jpg,0.30123,0.25491,0.0
27553,rgb/027553.jpg,-0.07839,0.29805,0.0
7152,rgb/007152.jpg,0.22458,0.23084,0.0
42533,rgb/042533.jpg,0.16748,0.02641,0.0
27833,rgb/027833.jpg,0.28864,0.30856,0.0
680,rgb/000680.jpg,0.12606,0.30981,0.0
25874,rgb/025874.jpg,0.16553,0.19407,0.0
25821,rgb/025821.jpg,0.29331,0.17648,0.0
16643,rgb/016643.jpg,0.0,0.45491,0.0
5320,rgb/005320.jpg,0.10361,0.25041,0.0
7100,rgb/007100.jpg,0.21683,0.14119,0.0
44251,rgb/044251.jpg,0.17774,0.27452,0.0
15674,rgb/015674.jpg,-0.21298,0.34119,0.0
30289,rgb/030289.jpg,0.24343,0.23138,0.0
21240,rgb/021240.jpg,0.27176,0.22354,0.0
8498,rgb/008498.jpg,-0.15963,0.33334,0.0
21237,rgb/021237.jpg,0.29185,0.22354,0.0
38772,rgb/038772.jpg,0.25115,0.19218,0.0
34176,rgb/034176.jpg,-0.13223,0.28623,0.0
31234,rgb/031234.jpg,-0.13771,0.37648,0.0
16926,rgb/016926.jpg,-0.00106,0.35819,0.0
7047,rgb/007047.jpg,0.06756,0.14119,0.0
17949,rgb/017949.jpg,0.14686,0.38824,0.0
44292,rgb/044292.jpg,0.19345,0.27452,0.0
12905,rgb/012905.jpg,-0.11437,0.31437,0.0
4399,rgb/004399.jpg,0.09537,0.38824,0.0
38775,rgb/038775.jpg,0.25774,0.20933,0.0
34185,rgb/034185.jpg,-0.12056,0.28628,0.0
39679,rgb/039679.jpg,0.16665,0.24315,0.0
19618,rgb/019618.jpg,0.24325,0.29807,0.0
43306,rgb/043306.jpg,-0.14443,0.22354,0.0
10899,rgb/010899.jpg,-0.03667,0.38432,0.0
43673,rgb/043673.jpg,0.11294,0.38432,0.0
37823,rgb/037823.jpg,0.17502,0.21178,0.0
44420,rgb/044420.jpg,0.05525,0.27452,0.0
1171,rgb/001171.jpg,0.2843,0.26668,0.0
34161,rgb/034161.jpg,-0.13662,0.28236,0.0
42082,rgb/042082.jpg,0.26209,0.21171,0.0
30261,rgb/030261.jpg,0.27557,0.23138,0.0
8629,rgb/008629.jpg,-0.049,0.31767,0.0
39768,rgb/039768.jpg,-0.15296,0.3137,0.0
19363,rgb/019363.jpg,-0.03919,0.33727,0.0
23175,rgb/023175.jpg,0.12893,0.09198,0.0
8104,rgb/008104.jpg,0.02295,0.36864,0.0
32713,rgb/032713.jpg,-0.08487,0.34119,0.0
7650,rgb/007650.jpg,0.14462,0.08237,0.0
36609,rgb/036609.jpg,0.13088,0.33727,0.0
29139,rgb/029139.jpg,0.17804,0.3247,0.0
15643,rgb/015643.jpg,-0.24645,0.34119,0.0
16060,rgb/016060.jpg,-0.0438,0.40785,0.0
14039,rgb/014039.jpg,-0.07268,0.38824,0.0
2470,rgb/002470.jpg,-0.24313,0.30981,0.0
3656,rgb/003656.jpg,0.09192,0.43138,0.0
23134,rgb/023134.jpg,0.18066,0.00151,0.0
43317,rgb/043317.jpg,-0.20174,0.22354,0.0
12927,rgb/012927.jpg,-0.11435,0.31374,0.0
29105,rgb/029105.jpg,0.31523,0.16053,0.0
15193,rgb/015193.jpg,-0.08844,0.35279,0.0
12073,rgb/012073.jpg,-0.06946,0.38432,0.0
40739,rgb/040739.jpg,0.0785,0.29021,0.0
13956,rgb/013956.jpg,-0.03283,0.38217,0.0
20963,rgb/020963.jpg,-0.02284,0.37256,0.0
34499,rgb/034499.jpg,-0.11956,0.30197,0.0
19146,rgb/019146.jpg,0.17088,0.26668,0.0
24747,rgb/024747.jpg,0.00016,0.37256,0.0
894,rgb/000894.jpg,-0.04605,0.35295,0.0
38763,rgb/038763.jpg,0.23172,0.19229,0.0
15598,rgb/015598.jpg,-0.2023,0.34119,0.0
24431,rgb/024431.jpg,-0.06427,0.34115,0.0
35684,rgb/035684.jpg,0.1264,0.2651,0.0
38748,rgb/038748.jpg,0.16702,0.20088,0.0
42571,rgb/042571.jpg,0.16085,0.19546,0.0
687,rgb/000687.jpg,0.139,0.30981,0.0
43584,rgb/043584.jpg,-0.09668,0.22452,0.0
42689,rgb/042689.jpg,0.10908,0.20173,0.0
14759,rgb/014759.jpg,-0.07415,0.32943,0.0
38029,rgb/038029.jpg,0.12929,0.30197,0.0
9368,rgb/009368.jpg,-0.0163,0.33727,0.0
15642,rgb/015642.jpg,-0.24812,0.34119,0.0
21773,rgb/021773.jpg,-0.0,0.36864,0.0
39658,rgb/039658.jpg,0.21124,0.24315,0.0
7692,rgb/007692.jpg,0.24923,0.25176,0.0
21250,rgb/021250.jpg,0.21873,0.22354,0.0
45827,rgb/045827.jpg,0.0,0.27452,0.0
41294,rgb/041294.jpg,-0.00027,0.29021,0.0
10347,rgb/010347.jpg,-0.09569,0.38432,0.0
8906,rgb/008906.jpg,-0.02955,0.30981,0.0
22885,rgb/022885.jpg,0.0,0.32942,0.0
23733,rgb/023733.jpg,0.16209,0.1608,0.0
15099,rgb/015099.jpg,-0.15569,0.27047,0.0
13872,rgb/013872.jpg,-0.07223,0.16865,0.0
19371,rgb/019371.jpg,-0.01797,0.33727,0.0
23791,rgb/023791.jpg,0.12415,0.21957,0.0
44423,rgb/044423.jpg,0.05864,0.27452,0.0
42117,rgb/042117.jpg,0.09986,0.2154,0.0
25338,rgb/025338.jpg,0.26044,0.14119,0.0
16608,rgb/016608.jpg,0.04787,0.45486,0.0
12933,rgb/012933.jpg,-0.11425,0.31374,0.0
20244,rgb/020244.jpg,0.2568,0.11824,0.0
12083,rgb/012083.jpg,-0.06946,0.38432,0.0
10257,rgb/010257.jpg,-0.08218,0.38432,0.0
5372,rgb/005372.jpg,0.12438,0.3252,0.0
29104,rgb/029104.jpg,0.31639,0.14868,0.0
45590,rgb/045590.jpg,-0.04208,0.27452,0.0
30276,rgb/030276.jpg,0.28302,0.23138,0.0
29144,rgb/029144.jpg,0.17163,0.32531,0.0
34454,rgb/034454.jpg,-0.12691,0.30197,0.0
27454,rgb/027454.jpg,-0.0,0.29805,0.0
21212,rgb/021212.jpg,0.2564,0.22354,0.0
2403,rgb/002403.jpg,-0.11758,0.09794,0.0
1144,rgb/001144.jpg,0.30305,0.26486,0.0
44279,rgb/044279.jpg,0.19345,0.27452,0.0
19625,rgb/019625.jpg,0.25276,0.29805,0.0
26928,rgb/026928.jpg,0.04804,0.29805,0.0
19610,rgb/019610.jpg,0.20055,0.29823,0.0
10252,rgb/010252.jpg,-0.09851,0.38432,0.0
15753,rgb/015753.jpg,-0.21103,0.34119,0.0
7096,rgb/007096.jpg,0.21102,0.14119,0.0
10216,rgb/010216.jpg,-0.0941,0.38432,0.0
15066,rgb/015066.jpg,-0.13779,0.24774,0.0
15720,rgb/015720.jpg,-0.21103,0.34119,0.0
2483,rgb/002483.jpg,-0.25016,0.30981,0.0
37760,rgb/037760.jpg,0.13115,0.0863,0.0
30291,rgb/030291.jpg,0.23449,0.23138,0.0
2601,rgb/002601.jpg,0.09677,0.16107,0.0
17036,rgb/017036.jpg,0.11464,0.38824,0.0
23748,rgb/023748.jpg,0.16027,0.1608,0.0
24882,rgb/024882.jpg,0.24917,0.36859,0.0
22808,rgb/022808.jpg,0.12406,0.29389,0.0
37555,rgb/037555.jpg,-0.22809,0.09021,0.0
29927,rgb/029927.jpg,0.11212,0.17333,0.0
39748,rgb/039748.jpg,-0.37169,0.30161,0.0
8418,rgb/008418.jpg,-0.13146,0.05764,0.0
1458,rgb/001458.jpg,0.0495,0.37256,0.0
38776,rgb/038776.jpg,0.26004,0.22171,0.0
2879,rgb/002879.jpg,0.09042,0.41177,0.0
37795,rgb/037795.jpg,0.21754,0.20942,0.0
9012,rgb/009012.jpg,-0.12025,0.33727,0.0
28384,rgb/028384.jpg,0.29007,0.33086,0.0
43347,rgb/043347.jpg,-0.22729,0.22354,0.0
37575,rgb/037575.jpg,-0.24779,0.12471,0.0
5801,rgb/005801.jpg,0.00013,0.36079,0.0
42041,rgb/042041.jpg,0.28683,0.05887,0.0
21946,rgb/021946.jpg,0.16739,0.21178,0.0
30586,rgb/030586.jpg,0.0213,0.30981,0.0
30992,rgb/030992.jpg,-0.04608,0.29413,0.0
43476,rgb/043476.jpg,-0.12308,0.22354,0.0
26936,rgb/026936.jpg,0.04298,0.29805,0.0
34479,rgb/034479.jpg,-0.12113,0.30197,0.0
24346,rgb/024346.jpg,0.0631,0.27357,0.0
43277,rgb/043277.jpg,0.13265,0.22338,0.0
7104,rgb/007104.jpg,0.22109,0.14119,0.0
27822,rgb/027822.jpg,0.25892,0.20837,0.0
23810,rgb/023810.jpg,0.10063,0.21962,0.0
7895,rgb/007895.jpg,-0.02385,0.35397,0.0
40371,rgb/040371.jpg,0.11475,0.29021,0.0
9040,rgb/009040.jpg,-0.1281,0.33727,0.0
38000,rgb/038000.jpg,0.09652,0.30197,0.0
16172,rgb/016172.jpg,0.15554,0.33449,0.0
9153,rgb/009153.jpg,-0.03487,0.33727,0.0
42563,rgb/042563.jpg,0.16329,0.19113,0.0
43551,rgb/043551.jpg,-0.13033,0.22354,0.0
28419,rgb/028419.jpg,0.07424,0.33726,0.0
31699,rgb/031699.jpg,-0.02396,0.31766,0.0
34562,rgb/034562.jpg,0.08334,0.30197,0.0
1597,rgb/001597.jpg,0.07243,0.38432,0.0
20233,rgb/020233.jpg,0.21104,0.02939,0.0
14369,rgb/014369.jpg,-6e-05,0.40001,0.0
31895,rgb/031895.jpg,-1e-05,0.32158,0.0
799,rgb/000799.jpg,0.08242,0.34933,0.0
26617,rgb/026617.jpg,0.22038,0.22019,0.0
34160,rgb/034160.jpg,-0.13662,0.28236,0.0
9071,rgb/009071.jpg,-0.10956,0.33727,0.0
2517,rgb/002517.jpg,-0.10025,0.30981,0.0
29514,rgb/029514.jpg,-0.00102,0.31374,0.0
45857,rgb/045857.jpg,0.0,0.27452,0.0
43555,rgb/043555.jpg,-0.10893,0.22354,0.0
23729,rgb/023729.jpg,0.16149,0.1608,0.0
22329,rgb/022329.jpg,0.20193,0.17651,0.0
25357,rgb/025357.jpg,0.27027,0.14119,0.0
8406,rgb/008406.jpg,-0.11575,0.00786,0.0
39733,rgb/039733.jpg,-0.44309,0.24315,0.0
23528,rgb/023528.jpg,-0.0005,0.26668,0.0
38916,rgb/038916.jpg,-0.00541,0.27452,0.0
27489,rgb/027489.jpg,0.04435,0.29805,0.0
29965,rgb/029965.jpg,0.2619,0.21961,0.0
7716,rgb/007716.jpg,0.27809,0.26274,0.0
16045,rgb/016045.jpg,-0.0074,0.40785,0.0
43570,rgb/043570.jpg,-0.09594,0.22354,0.0
15592,rgb/015592.jpg,-0.13409,0.34119,0.0
16198,rgb/016198.jpg,0.06919,0.37646,0.0
25788,rgb/025788.jpg,0.2115,0.17648,0.0
18478,rgb/018478.jpg,-0.02404,0.38824,0.0
20254,rgb/020254.jpg,0.2644,0.18595,0.0
2630,rgb/002630.jpg,0.21391,0.13424,0.0
25826,rgb/025826.jpg,0.30223,0.17648,0.0
700,rgb/000700.jpg,0.13274,0.30981,0.0
38036,rgb/038036.jpg,0.12025,0.30197,0.0
19612,rgb/019612.jpg,0.21108,0.29815,0.0
46507,rgb/046507.jpg,0.0182,0.27452,0.0
2654,rgb/002654.jpg,0.15319,0.13335,0.0
7110,rgb/007110.jpg,0.22434,0.14119,0.0
10240,rgb/010240.jpg,-0.11112,0.38432,0.0
8887,rgb/008887.jpg,-0.0227,0.30981,0.0
26937,rgb/026937.jpg,0.04069,0.29805,0.0
44298,rgb/044298.jpg,0.19181,0.27452,0.0
10929,rgb/010929.jpg,-0.04398,0.38432,0.0
15171,rgb/015171.jpg,-0.08416,0.34902,0.0
43370,rgb/043370.jpg,-0.17727,0.22354,0.0
40340,rgb/040340.jpg,0.2733,0.29021,0.0
40431,rgb/040431.jpg,0.069,0.29021,0.0
187,rgb/000187.jpg,0.043,0.0,0.0
16993,rgb/016993.jpg,0.10052,0.38554,0.0
1728,rgb/001728.jpg,0.0,0.38432,0.0
23153,rgb/023153.jpg,0.25842,1e-05,0.0
37761,rgb/037761.jpg,0.13369,0.0863,0.0
10866,rgb/010866.jpg,-0.02237,0.38432,0.0
17948,rgb/017948.jpg,0.14786,0.38824,0.0
37547,rgb/037547.jpg,-0.20046,0.09021,0.0
37139,rgb/037139.jpg,0.05765,0.34608,0.0
42103,rgb/042103.jpg,0.14773,0.21178,0.0
22693,rgb/022693.jpg,-0.02169,0.36116,0.0
30025,rgb/030025.jpg,0.19295,0.21962,0.0
34074,rgb/034074.jpg,-0.06218,0.0872,0.0
46026,rgb/046026.jpg,0.12002,0.27452,0.0
37630,rgb/037630.jpg,-0.08532,0.2157,0.0
5246,rgb/005246.jpg,0.00202,0.38824,0.0
22322,rgb/022322.jpg,0.13548,0.17667,0.0
34586,rgb/034586.jpg,0.11454,0.30197,0.0
5380,rgb/005380.jpg,0.11426,0.32547,0.0
24385,rgb/024385.jpg,-0.04244,0.33165,0.0
25340,rgb/025340.jpg,0.26549,0.14119,0.0
20240,rgb/020240.jpg,0.24609,0.07281,0.0
34582,rgb/034582.jpg,0.11428,0.30197,0.0
4199,rgb/004199.jpg,-0.00171,0.38824,0.0
2436,rgb/002436.jpg,-0.1876,0.3046,0.0
40460,rgb/040460.jpg,-0.05229,0.29021,0.0
8429,rgb/008429.jpg,-0.1333,0.21702,0.0
24832,rgb/024832.jpg,0.18012,0.13478,0.0
24275,rgb/024275.jpg,0.23743,0.25479,0.0
26257,rgb/026257.jpg,0.0,0.35687,0.0
19623,rgb/019623.jpg,0.25208,0.29805,0.0
10338,rgb/010338.jpg,-0.09592,0.38432,0.0
20253,rgb/020253.jpg,0.26406,0.18126,0.0
37529,rgb/037529.jpg,-0.11852,0.09029,0.0
765,rgb/000765.jpg,0.04693,0.30981,0.0
16180,rgb/016180.jpg,0.16625,0.37228,0.0
37813,rgb/037813.jpg,0.21547,0.21176,0.0
23208,rgb/023208.jpg,0.10174,0.18921,0.0
32021,rgb/032021.jpg,-0.02112,0.32158,0.0
30007,rgb/030007.jpg,0.31373,0.21962,0.0
34154,rgb/034154.jpg,-0.13656,0.28232,0.0
19166,rgb/019166.jpg,0.11487,0.26668,0.0
35691,rgb/035691.jpg,0.1264,0.29593,0.0
34168,rgb/034168.jpg,-0.13663,0.28576,0.0
24889,rgb/024889.jpg,0.2407,0.36863,0.0
37994,rgb/037994.jpg,0.09239,0.30197,0.0
7636,rgb/007636.jpg,0.05452,0.08246,0.0
43321,rgb/043321.jpg,-0.22704,0.22354,0.0
25322,rgb/025322.jpg,0.22488,0.14119,0.0
17026,rgb/017026.jpg,0.1207,0.38824,0.0
25327,rgb/025327.jpg,0.23617,0.14119,0.0
37612,rgb/037612.jpg,-0.22685,0.21564,0.0
8440,rgb/008440.jpg,-0.16856,0.27618,0.0
10229,rgb/010229.jpg,-0.10822,0.38432,0.0
30767,rgb/030767.jpg,-0.07568,0.28622,0.0
34503,rgb/034503.jpg,-0.10657,0.30197,0.0
8434,rgb/008434.jpg,-0.14494,0.24758,0.0
32214,rgb/032214.jpg,-0.02326,0.32158,0.0
5493,rgb/005493.jpg,-0.02855,0.36072,0.0
26580,rgb/026580.jpg,0.23967,0.07582,0.0
42038,rgb/042038.jpg,0.28463,0.05891,0.0
37564,rgb/037564.jpg,-0.24144,0.09021,0.0
1506,rgb/001506.jpg,0.0913,0.29021,0.0
39787,rgb/039787.jpg,-0.05903,0.31374,0.0
44268,rgb/044268.jpg,0.19343,0.27452,0.0
22352,rgb/022352.jpg,0.22714,0.27583,0.0
30275,rgb/030275.jpg,0.2841,0.23138,0.0
7756,rgb/007756.jpg,0.22165,0.26668,0.0
38344,rgb/038344.jpg,-0.02026,0.30197,0.0
40315,rgb/040315.jpg,0.12917,0.29021,0.0
30671,rgb/030671.jpg,-0.11772,0.03547,0.0
37114,rgb/037114.jpg,0.0532,0.33727,0.0
2835,rgb/002835.jpg,0.1202,0.41177,0.0
2883,rgb/002883.jpg,0.08564,0.41177,0.0
27799,rgb/027799.jpg,0.13208,0.1139,0.0
7832,rgb/007832.jpg,-0.04331,0.34112,0.0
26522,rgb/026522.jpg,0.05393,0.0,0.0
39859,rgb/039859.jpg,0.18722,0.29021,0.0
23116,rgb/023116.jpg,0.06302,0.25885,0.0
42109,rgb/042109.jpg,0.12573,0.21276,0.0
14088,rgb/014088.jpg,-0.04077,0.39602,0.0
43760,rgb/043760.jpg,-0.04256,0.38432,0.0
40334,rgb/040334.jpg,0.24304,0.29021,0.0
44309,rgb/044309.jpg,0.142,0.27452,0.0
19622,rgb/019622.jpg,0.25144,0.29806,0.0
16461,rgb/016461.jpg,0.08328,0.4157,0.0
27841,rgb/027841.jpg,0.27713,0.33341,0.0
29988,rgb/029988.jpg,0.29194,0.21962,0.0
27105,rgb/027105.jpg,0.091,0.29805,0.0
37784,rgb/037784.jpg,0.20167,0.19426,0.0
30260,rgb/030260.jpg,0.27288,0.23138,0.0
29077,rgb/029077.jpg,0.27298,8e-05,0.0
34712,rgb/034712.jpg,0.07076,0.30588,0.0
34421,rgb/034421.jpg,-0.19809,0.29632,0.0
14726,rgb/014726.jpg,-0.05533,0.38702,0.0
38783,rgb/038783.jpg,0.27045,0.28835,0.0
29995,rgb/029995.jpg,0.31258,0.21962,0.0
23895,rgb/023895.jpg,0.04757,0.23923,0.0
38998,rgb/038998.jpg,0.05976,0.27452,0.0
1148,rgb/001148.jpg,0.34548,0.2661,0.0
4403,rgb/004403.jpg,0.09374,0.38824,0.0
39659,rgb/039659.jpg,0.21124,0.24315,0.0
34844,rgb/034844.jpg,-0.05922,0.31766,0.0
43256,rgb/043256.jpg,0.1645,0.21956,0.0
19178,rgb/019178.jpg,0.05424,0.26668,0.0
25835,rgb/025835.jpg,0.31155,0.17648,0.0
15545,rgb/015545.jpg,0.11806,0.34191,0.0
23740,rgb/023740.jpg,0.16059,0.1608,0.0
40313,rgb/040313.jpg,0.11796,0.29021,0.0
29629,rgb/029629.jpg,0.04097,0.44304,0.0
16243,rgb/016243.jpg,-0.04698,0.41131,0.0
15637,rgb/015637.jpg,-0.2514,0.34119,0.0
23317,rgb/023317.jpg,-0.00032,0.2157,0.0
39864,rgb/039864.jpg,0.18595,0.29021,0.0
29008,rgb/029008.jpg,0.0402,0.09078,0.0
34631,rgb/034631.jpg,0.06163,0.30197,0.0
22396,rgb/022396.jpg,0.10287,0.41606,0.0
22354,rgb/022354.jpg,0.22982,0.28751,0.0
16905,rgb/016905.jpg,-0.02181,0.45491,0.0
28379,rgb/028379.jpg,0.28271,0.32288,0.0
26562,rgb/026562.jpg,0.23242,0.0,0.0
7714,rgb/007714.jpg,0.27514,0.26273,0.0
25362,rgb/025362.jpg,0.24839,0.14119,0.0
29106,rgb/029106.jpg,0.31364,0.17236,0.0
2909,rgb/002909.jpg,0.05563,0.41177,0.0
14098,rgb/014098.jpg,-0.00223,0.39608,0.0
25783,rgb/025783.jpg,0.20138,0.17648,0.0
14351,rgb/014351.jpg,-0.03107,0.40001,0.0
24829,rgb/024829.jpg,0.16889,0.10144,0.0
26587,rgb/026587.jpg,0.24244,0.10796,0.0
8425,rgb/008425.jpg,-0.13166,0.17871,0.0
21233,rgb/021233.jpg,0.30888,0.22354,0.0
11953,rgb/011953.jpg,-0.04361,0.38432,0.0
3905,rgb/003905.jpg,-0.00084,0.43138,0.0
17958,rgb/017958.jpg,0.12473,0.38824,0.0
6288,rgb/006288.jpg,0.0396,0.32158,0.0
34111,rgb/034111.jpg,-0.07027,0.27609,0.0
27191,rgb/027191.jpg,0.06608,0.29805,0.0
28337,rgb/028337.jpg,0.14052,0.15086,0.0
39601,rgb/039601.jpg,0.0,0.24315,0.0
23687,rgb/023687.jpg,0.08624,0.16107,0.0
46033,rgb/046033.jpg,0.12073,0.27452,0.0
8495,rgb/008495.jpg,-0.17738,0.33334,0.0
43323,rgb/043323.jpg,-0.23959,0.22354,0.0
39746,rgb/039746.jpg,-0.39256,0.29217,0.0
46049,rgb/046049.jpg,0.12076,0.27452,0.0
19641,rgb/019641.jpg,0.25326,0.29805,0.0
37619,rgb/037619.jpg,-0.17403,0.21569,0.0
28833,rgb/028833.jpg,-0.00045,0.36079,0.0
8460,rgb/008460.jpg,-0.18014,0.32742,0.0
20228,rgb/020228.jpg,0.15941,0.016,0.0
25913,rgb/025913.jpg,0.14958,0.37055,0.0
33593,rgb/033593.jpg,-0.05944,0.34119,0.0
34263,rgb/034263.jpg,-0.04651,0.29409,0.0
34126,rgb/034126.jpg,-0.09829,0.27841,0.0
34482,rgb/034482.jpg,-0.12177,0.30197,0.0
21241,rgb/021241.jpg,0.2649,0.22354,0.0
41238,rgb/041238.jpg,0.00029,0.29021,0.0
28378,rgb/028378.jpg,0.27893,0.3207,0.0
22341,rgb/022341.jpg,0.22679,0.19781,0.0
43369,rgb/043369.jpg,-0.18035,0.22354,0.0
46040,rgb/046040.jpg,0.12076,0.27452,0.0
36580,rgb/036580.jpg,0.05678,0.33727,0.0
2924,rgb/002924.jpg,0.00515,0.41177,0.0
38907,rgb/038907.jpg,-0.05219,0.27452,0.0
30010,rgb/030010.jpg,0.31131,0.21962,0.0
27196,rgb/027196.jpg,0.06599,0.29805,0.0
18837,rgb/018837.jpg,-0.00014,0.39609,0.0
42060,rgb/042060.jpg,0.28768,0.1758,0.0
5325,rgb/005325.jpg,0.10706,0.27615,0.0
30197,rgb/030197.jpg,-0.03088,0.23138,0.0
29931,rgb/029931.jpg,0.12072,0.18751,0.0
193,rgb/000193.jpg,0.043,0.0,0.0
26631,rgb/026631.jpg,0.213,0.2443,0.0
30913,rgb/030913.jpg,0.08457,0.29413,0.0
19656,rgb/019656.jpg,0.21736,0.29805,0.0
43477,rgb/043477.jpg,-0.12531,0.22354,0.0
29668,rgb/029668.jpg,-0.0256,0.41275,0.0
16733,rgb/016733.jpg,0.02893,0.45491,0.0
43813,rgb/043813.jpg,0.0433,0.29831,0.0
42567,rgb/042567.jpg,0.16184,0.19411,0.0
19630,rgb/019630.jpg,0.25321,0.29805,0.0
25358,rgb/025358.jpg,0.26756,0.14119,0.0
37577,rgb/037577.jpg,-0.25295,0.1329,0.0
44240,rgb/044240.jpg,0.13606,0.27452,0.0
31228,rgb/031228.jpg,-0.12627,0.37648,0.0
30405,rgb/030405.jpg,-0.04418,0.23138,0.0
42029,rgb/042029.jpg,0.25462,0.05985,0.0
25880,rgb/025880.jpg,0.15684,0.21725,0.0
17016,rgb/017016.jpg,0.12068,0.38824,0.0
44528,rgb/044528.jpg,0.0722,0.27452,0.0
42568,rgb/042568.jpg,0.16173,0.1946,0.0
34203,rgb/034203.jpg,-0.09855,0.28629,0.0
38961,rgb/038961.jpg,0.04556,0.27452,0.0
43324,rgb/043324.jpg,-0.2446,0.22354,0.0
37787,rgb/037787.jpg,0.21011,0.20083,0.0
19640,rgb/019640.jpg,0.25326,0.29805,0.0
12374,rgb/012374.jpg,0.02488,0.34903,0.0
37587,rgb/037587.jpg,-0.26351,0.17719,0.0
27138,rgb/027138.jpg,0.08717,0.29805,0.0
38014,rgb/038014.jpg,0.12616,0.30197,0.0
26604,rgb/026604.jpg,0.25631,0.19003,0.0
34468,rgb/034468.jpg,-0.08989,0.30197,0.0
13869,rgb/013869.jpg,-0.07215,0.16865,0.0
43244,rgb/043244.jpg,0.16432,0.21764,0.0
3996,rgb/003996.jpg,-0.00034,0.29106,0.0
18279,rgb/018279.jpg,-0.01595,0.38824,0.0
29397,rgb/029397.jpg,0.27123,0.31374,0.0
25825,rgb/025825.jpg,0.30068,0.17648,0.0
40126,rgb/040126.jpg,-0.01668,0.29021,0.0
26986,rgb/026986.jpg,0.04339,0.29805,0.0
25295,rgb/025295.jpg,0.12447,0.14118,0.0
30004,rgb/030004.jpg,0.31543,0.21962,0.0
35748,rgb/035748.jpg,0.14594,0.31696,0.0
19114,rgb/019114.jpg,0.20559,0.26668,0.0
44603,rgb/044603.jpg,0.04104,0.27452,0.0
15046,rgb/015046.jpg,-0.09124,0.19679,0.0
18637,rgb/018637.jpg,0.05828,0.38824,0.0
44438,rgb/044438.jpg,0.09155,0.27452,0.0
25896,rgb/025896.jpg,0.15665,0.30861,0.0
20521,rgb/020521.jpg,-0.0425,0.3686,0.0
16998,rgb/016998.jpg,0.10503,0.3876,0.0
6298,rgb/006298.jpg,0.04033,0.32158,0.0
16147,rgb/016147.jpg,0.2916,0.16477,0.0
6369,rgb/006369.jpg,0.1352,0.32158,0.0
2480,rgb/002480.jpg,-0.25009,0.30981,0.0
27550,rgb/027550.jpg,-0.07811,0.29805,0.0
37973,rgb/037973.jpg,0.04169,0.30197,0.0
25315,rgb/025315.jpg,0.20786,0.14119,0.0
2671,rgb/002671.jpg,0.08011,0.18178,0.0
24437,rgb/024437.jpg,-0.06427,0.34118,0.0
42523,rgb/042523.jpg,0.14815,0.0,0.0
42027,rgb/042027.jpg,0.2428,0.06064,0.0
31229,rgb/031229.jpg,-0.12921,0.37648,0.0
26823,rgb/026823.jpg,0.0,0.29805,0.0
34195,rgb/034195.jpg,-0.10513,0.28629,0.0
2444,rgb/002444.jpg,-0.1901,0.30929,0.0
7103,rgb/007103.jpg,0.22037,0.14119,0.0
8499,rgb/008499.jpg,-0.15323,0.33334,0.0
37375,rgb/037375.jpg,-0.0,0.4706,0.0
44306,rgb/044306.jpg,0.16203,0.27452,0.0
38543,rgb/038543.jpg,-0.0,0.30197,0.0
38952,rgb/038952.jpg,0.04859,0.27452,0.0
21213,rgb/021213.jpg,0.2644,0.22354,0.0
4494,rgb/004494.jpg,0.06082,0.38824,0.0
35108,rgb/035108.jpg,-0.04467,0.32941,0.0
23873,rgb/023873.jpg,0.04238,0.2387,0.0
32705,rgb/032705.jpg,-0.08013,0.34119,0.0
43209,rgb/043209.jpg,0.0985,0.1922,0.0
7691,rgb/007691.jpg,0.24609,0.25071,0.0
27120,rgb/027120.jpg,0.08921,0.29805,0.0
22422,rgb/022422.jpg,-0.03887,0.45096,0.0
9098,rgb/009098.jpg,-0.09408,0.33727,0.0
26009,rgb/026009.jpg,-0.05519,0.36184,0.0
1475,rgb/001475.jpg,0.05173,0.32642,0.0
43421,rgb/043421.jpg,-0.056,0.22354,0.0
5438,rgb/005438.jpg,0.11556,0.3255,0.0
8467,rgb/008467.jpg,-0.18136,0.33255,0.0
29126,rgb/029126.jpg,0.23041,0.30169,0.0
40898,rgb/040898.jpg,0.07123,0.29021,0.0
39713,rgb/039713.jpg,-0.18885,0.24315,0.0
35751,rgb/035751.jpg,0.14299,0.31736,0.0
44299,rgb/044299.jpg,0.1905,0.27452,0.0
4595,rgb/004595.jpg,-0.0,0.38824,0.0
30413,rgb/030413.jpg,-0.04193,0.23138,0.0
52,rgb/000052.jpg,0.04283,0.0,0.0
40347,rgb/040347.jpg,0.2871,0.29021,0.0
19614,rgb/019614.jpg,0.22233,0.29811,0.0
25373,rgb/025373.jpg,0.14766,0.14119,0.0
35658,rgb/035658.jpg,0.10863,0.15296,0.0
25384,rgb/025384.jpg,0.07609,0.14119,0.0
29378,rgb/029378.jpg,0.22322,0.31373,0.0
9126,rgb/009126.jpg,-0.05475,0.33727,0.0
34595,rgb/034595.jpg,0.11459,0.30197,0.0
31249,rgb/031249.jpg,-0.13569,0.37648,0.0
15662,rgb/015662.jpg,-0.21304,0.34119,0.0
23711,rgb/023711.jpg,0.14134,0.1608,0.0
29296,rgb/029296.jpg,0.0353,0.00786,0.0
7702,rgb/007702.jpg,0.26433,0.26197,0.0
46805,rgb/046805.jpg,0.0,9e-05,0.0
23150,rgb/023150.jpg,0.25458,2e-05,0.0
22025,rgb/022025.jpg,0.05042,0.2706,0.0
34508,rgb/034508.jpg,-0.076,0.30197,0.0
30265,rgb/030265.jpg,0.28303,0.23138,0.0
8458,rgb/008458.jpg,-0.18014,0.32412,0.0
9502,rgb/009502.jpg,-0.02073,0.33727,0.0
40907,rgb/040907.jpg,0.06877,0.29021,0.0
24932,rgb/024932.jpg,0.06375,0.14129,0.0
5460,rgb/005460.jpg,0.06065,0.34764,0.0
40842,rgb/040842.jpg,0.04622,0.29021,0.0
6382,rgb/006382.jpg,0.13303,0.32158,0.0
27093,rgb/027093.jpg,0.09264,0.29805,0.0
42092,rgb/042092.jpg,0.2079,0.21177,0.0
39717,rgb/039717.jpg,-0.24038,0.24315,0.0
3605,rgb/003605.jpg,0.0,0.42675,0.0
43516,rgb/043516.jpg,-0.18983,0.22354,0.0
25308,rgb/025308.jpg,0.1877,0.14119,0.0
7740,rgb/007740.jpg,0.28126,0.26666,0.0
32727,rgb/032727.jpg,-0.08063,0.34119,0.0
20708,rgb/020708.jpg,0.12459,0.37256,0.0
486,rgb/000486.jpg,-0.0,0.14511,0.0
29971,rgb/029971.jpg,0.27907,0.21962,0.0
42247,rgb/042247.jpg,-0.0061,0.25883,0.0
35711,rgb/035711.jpg,0.14233,0.30971,0.0
24318,rgb/024318.jpg,0.19651,0.25491,0.0
33290,rgb/033290.jpg,0.00015,0.34119,0.0
20171,rgb/020171.jpg,-0.02112,0.3804,0.0
30008,rgb/030008.jpg,0.31306,0.21962,0.0
43372,rgb/043372.jpg,-0.17104,0.22354,0.0
17925,rgb/017925.jpg,0.09429,0.38824,0.0
24306,rgb/024306.jpg,0.30832,0.25491,0.0
27325,rgb/027325.jpg,0.04168,0.29805,0.0
21992,rgb/021992.jpg,0.08911,0.26978,0.0
16152,rgb/016152.jpg,0.28084,0.16473,0.0
44253,rgb/044253.jpg,0.18398,0.27452,0.0
37580,rgb/037580.jpg,-0.25985,0.14168,0.0
34136,rgb/034136.jpg,-0.11909,0.27844,0.0
28387,rgb/028387.jpg,0.29078,0.3323,0.0
8508,rgb/008508.jpg,-0.06996,0.33334,0.0
13049,rgb/013049.jpg,-0.04532,0.36079,0.0
40804,rgb/040804.jpg,0.05562,0.29021,0.0
40353,rgb/040353.jpg,0.28964,0.29021,0.0
23181,rgb/023181.jpg,0.13164,0.10557,0.0
18694,rgb/018694.jpg,0.0745,0.38824,0.0
36460,rgb/036460.jpg,0.04511,0.33727,0.0
8795,rgb/008795.jpg,-0.02954,0.30981,0.0
44451,rgb/044451.jpg,0.09702,0.27452,0.0
11173,rgb/011173.jpg,-0.03784,0.2706,0.0
19112,rgb/019112.jpg,0.20528,0.26668,0.0
9064,rgb/009064.jpg,-0.10956,0.33727,0.0
12597,rgb/012597.jpg,0.0,0.34903,0.0
38765,rgb/038765.jpg,0.23563,0.19223,0.0
24690,rgb/024690.jpg,-0.00016,0.37256,0.0
2455,rgb/002455.jpg,-0.19249,0.30979,0.0
37530,rgb/037530.jpg,-0.12652,0.09027,0.0
34492,rgb/034492.jpg,-0.12146,0.30197,0.0
15764,rgb/015764.jpg,-0.17925,0.34119,0.0
16141,rgb/016141.jpg,0.28347,0.16502,0.0
30740,rgb/030740.jpg,-0.25788,0.28167,0.0
42090,rgb/042090.jpg,0.21899,0.21177,0.0
42554,rgb/042554.jpg,0.17814,0.17833,0.0
10335,rgb/010335.jpg,-0.09601,0.38432,0.0
21933,rgb/021933.jpg,0.18417,0.21178,0.0
19999,rgb/019999.jpg,-0.00091,0.3804,0.0
30680,rgb/030680.jpg,-0.15628,0.03532,0.0
39850,rgb/039850.jpg,0.17036,0.29021,0.0
29060,rgb/029060.jpg,0.11395,0.01099,0.0
15715,rgb/015715.jpg,-0.21103,0.34119,0.0
31313,rgb/031313.jpg,-0.11616,0.29757,0.0
29072,rgb/029072.jpg,0.23745,0.00035,0.0
807,rgb/000807.jpg,0.08711,0.35259,0.0
9136,rgb/009136.jpg,-0.03855,0.33727,0.0
24885,rgb/024885.jpg,0.24615,0.36862,0.0
42640,rgb/042640.jpg,0.155,0.20001,0.0
38211,rgb/038211.jpg,0.04756,0.30197,0.0
2513,rgb/002513.jpg,-0.12107,0.30981,0.0
26571,rgb/026571.jpg,0.23687,0.00196,0.0
1133,rgb/001133.jpg,0.20902,0.22795,0.0
43424,rgb/043424.jpg,-0.05589,0.22354,0.0
15831,rgb/015831.jpg,0.09465,0.40756,0.0
14611,rgb/014611.jpg,-0.03965,0.40001,0.0
34425,rgb/034425.jpg,-0.19806,0.30018,0.0
9037,rgb/009037.jpg,-0.13584,0.33727,0.0
26848,rgb/026848.jpg,-0.04322,0.29805,0.0
43356,rgb/043356.jpg,-0.21565,0.22354,0.0
20744,rgb/020744.jpg,0.1093,0.37256,0.0
30757,rgb/030757.jpg,-0.14021,0.28504,0.0
28341,rgb/028341.jpg,0.16977,0.14693,0.0
34073,rgb/034073.jpg,-0.06029,0.08751,0.0
22822,rgb/022822.jpg,0.08701,0.31113,0.0
16992,rgb/016992.jpg,0.10039,0.38464,0.0
29920,rgb/029920.jpg,0.09657,0.14543,0.0
10943,rgb/010943.jpg,-0.04288,0.38432,0.0
22334,rgb/022334.jpg,0.22292,0.17649,0.0
44273,rgb/044273.jpg,0.19345,0.27452,0.0
17008,rgb/017008.jpg,0.12031,0.38821,0.0
22202,rgb/022202.jpg,0.0,0.38432,0.0
32764,rgb/032764.jpg,-0.06132,0.34119,0.0
22042,rgb/022042.jpg,0.05564,0.2706,0.0
42555,rgb/042555.jpg,0.17621,0.18179,0.0
10969,rgb/010969.jpg,-0.00073,0.38432,0.0
20239,rgb/020239.jpg,0.24286,0.0644,0.0
17954,rgb/017954.jpg,0.13426,0.38824,0.0
12145,rgb/012145.jpg,-0.02524,0.38432,0.0
23163,rgb/023163.jpg,0.20174,0.0,0.0
46768,rgb/046768.jpg,0.0,0.27452,0.0
29125,rgb/029125.jpg,0.2316,0.29767,0.0
43240,rgb/043240.jpg,0.16314,0.21336,0.0
5384,rgb/005384.jpg,0.10621,0.32549,0.0
43335,rgb/043335.jpg,-0.25225,0.22354,0.0
25815,rgb/025815.jpg,0.28013,0.17648,0.0
21204,rgb/021204.jpg,0.20036,0.22354,0.0
15734,rgb/015734.jpg,-0.21103,0.34119,0.0
15192,rgb/015192.jpg,-0.08844,0.35273,0.0
15716,rgb/015716.jpg,-0.21103,0.34119,0.0
40395,rgb/040395.jpg,0.0496,0.29021,0.0
30326,rgb/030326.jpg,0.10998,0.23138,0.0
8608,rgb/008608.jpg,-0.05278,0.33334,0.0
8765,rgb/008765.jpg,-0.01976,0.30981,0.0
24287,rgb/024287.jpg,0.27322,0.25491,0.0
7663,rgb/007663.jpg,0.21237,0.08237,0.0
22360,rgb/022360.jpg,0.26534,0.30733,0.0
44283,rgb/044283.jpg,0.19345,0.27452,0.0
13087,rgb/013087.jpg,-0.0,0.36079,0.0
24911,rgb/024911.jpg,0.08314,0.18425,0.0
34847,rgb/034847.jpg,-0.06171,0.31766,0.0
26592,rgb/026592.jpg,0.25489,0.11408,0.0
29515,rgb/029515.jpg,-0.00066,0.31374,0.0
2486,rgb/002486.jpg,-0.25014,0.30981,0.0
30270,rgb/030270.jpg,0.28574,0.23138,0.0
26636,rgb/026636.jpg,0.20828,0.24868,0.0
24854,rgb/024854.jpg,0.25333,0.2853,0.0
30723,rgb/030723.jpg,-0.25847,0.26987,0.0
15695,rgb/015695.jpg,-0.21105,0.34119,0.0
30676,rgb/030676.jpg,-0.13735,0.03535,0.0
800,rgb/000800.jpg,0.08321,0.35024,0.0
12125,rgb/012125.jpg,-0.05607,0.38432,0.0
22775,rgb/022775.jpg,0.30179,0.19217,0.0
34398,rgb/034398.jpg,-0.15384,0.22402,0.0
40940,rgb/040940.jpg,0.07369,0.29021,0.0
14637,rgb/014637.jpg,-0.05068,0.40001,0.0
1593,rgb/001593.jpg,0.07179,0.38432,0.0
21942,rgb/021942.jpg,0.1797,0.21178,0.0
16521,rgb/016521.jpg,0.06616,0.4157,0.0
29107,rgb/029107.jpg,0.31174,0.18418,0.0
3900,rgb/003900.jpg,-0.00728,0.43138,0.0
35854,rgb/035854.jpg,-0.02095,0.32158,0.0
22413,rgb/022413.jpg,-0.03174,0.45065,0.0
26598,rgb/026598.jpg,0.25881,0.16319,0.0
3229,rgb/003229.jpg,-0.0,0.41177,0.0
36617,rgb/036617.jpg,0.14099,0.33727,0.0
16161,rgb/016161.jpg,0.18759,0.16472,0.0
10311,rgb/010311.jpg,-0.09925,0.38432,0.0
38778,rgb/038778.jpg,0.2641,0.24604,0.0
1173,rgb/001173.jpg,0.24281,0.26839,0.0
44269,rgb/044269.jpg,0.19344,0.27452,0.0
2855,rgb/002855.jpg,0.1005,0.41177,0.0
5309,rgb/005309.jpg,0.0821,0.14893,0.0
43280,rgb/043280.jpg,0.11702,0.22347,0.0
31251,rgb/031251.jpg,-0.13251,0.37648,0.0
30134,rgb/030134.jpg,0.0,0.23138,0.0
34634,rgb/034634.jpg,0.06104,0.30197,0.0
21183,rgb/021183.jpg,0.07832,0.22354,0.0
29066,rgb/029066.jpg,0.18083,0.00196,0.0
23712,rgb/023712.jpg,0.14331,0.1608,0.0
43334,rgb/043334.jpg,-0.25301,0.22354,0.0
9464,rgb/009464.jpg,-0.0,0.33727,0.0
10306,rgb/010306.jpg,-0.08836,0.38432,0.0
22566,rgb/022566.jpg,0.0,0.45099,0.0
19666,rgb/019666.jpg,0.13247,0.29805,0.0
34204,rgb/034204.jpg,-0.09846,0.28629,0.0
1582,rgb/001582.jpg,0.06285,0.38432,0.0
30695,rgb/030695.jpg,-0.19838,0.03531,0.0
8466,rgb/008466.jpg,-0.18076,0.33229,0.0
22785,rgb/022785.jpg,0.30224,0.26158,0.0
43547,rgb/043547.jpg,-0.14866,0.22354,0.0
43735,rgb/043735.jpg,-0.00254,0.38432,0.0
3794,rgb/003794.jpg,0.0493,0.43138,0.0
34472,rgb/034472.jpg,-0.10804,0.30197,0.0
7130,rgb/007130.jpg,0.25356,0.21882,0.0
34487,rgb/034487.jpg,-0.12196,0.30197,0.0
27855,rgb/027855.jpg,0.22699,0.34105,0.0
2632,rgb/002632.jpg,0.21747,0.13385,0.0
8553,rgb/008553.jpg,0.042,0.33334,0.0
22325,rgb/022325.jpg,0.16751,0.17656,0.0
45979,rgb/045979.jpg,0.10354,0.27452,0.0
42531,rgb/042531.jpg,0.1637,0.01165,0.0
9054,rgb/009054.jpg,-0.10965,0.33727,0.0
21935,rgb/021935.jpg,0.18444,0.21178,0.0
15090,rgb/015090.jpg,-0.14094,0.26889,0.0
21223,rgb/021223.jpg,0.31577,0.22354,0.0
30753,rgb/030753.jpg,-0.18883,0.28235,0.0
18713,rgb/018713.jpg,0.06075,0.39214,0.0
43261,rgb/043261.jpg,0.16404,0.2196,0.0
12900,rgb/012900.jpg,-0.11429,0.31639,0.0
34191,rgb/034191.jpg,-0.11329,0.28628,0.0
19138,rgb/019138.jpg,0.19281,0.26668,0.0
19639,rgb/019639.jpg,0.25326,0.29805,0.0
39614,rgb/039614.jpg,0.03513,0.24315,0.0
34164,rgb/034164.jpg,-0.13663,0.28463,0.0
40297,rgb/040297.jpg,0.06314,0.29021,0.0
40309,rgb/040309.jpg,0.09747,0.29021,0.0
24286,rgb/024286.jpg,0.27064,0.25491,0.0
2894,rgb/002894.jpg,0.05722,0.41177,0.0
31576,rgb/031576.jpg,-0.0283,0.31766,0.0
11036,rgb/011036.jpg,-0.05487,0.38432,0.0
45977,rgb/045977.jpg,0.09732,0.27452,0.0
24384,rgb/024384.jpg,-0.04242,0.33108,0.0
20711,rgb/020711.jpg,0.1314,0.37256,0.0
25777,rgb/025777.jpg,0.19173,0.17649,0.0
7736,rgb/007736.jpg,0.28274,0.26663,0.0
23206,rgb/023206.jpg,0.10303,0.18386,0.0
42576,rgb/042576.jpg,0.15296,0.19594,0.0
37658,rgb/037658.jpg,-0.03777,0.2157,0.0
27535,rgb/027535.jpg,-0.05362,0.29805,0.0
10362,rgb/010362.jpg,-0.0542,0.38432,0.0
15164,rgb/015164.jpg,-0.08337,0.34899,0.0
44275,rgb/044275.jpg,0.19345,0.27452,0.0
23723,rgb/023723.jpg,0.15726,0.1608,0.0
39742,rgb/039742.jpg,-0.42655,0.25973,0.0
34480,rgb/034480.jpg,-0.12143,0.30197,0.0
16788,rgb/016788.jpg,-0.02446,0.45491,0.0
19246,rgb/019246.jpg,-1e-05,0.30203,0.0
29097,rgb/029097.jpg,0.31758,0.07645,0.0
25984,rgb/025984.jpg,-0.05861,0.37648,0.0
26595,rgb/026595.jpg,0.25803,0.13147,0.0
31296,rgb/031296.jpg,-0.07745,0.37648,0.0
39738,rgb/039738.jpg,-0.4505,0.24413,0.0
16080,rgb/016080.jpg,-0.00024,0.40785,0.0
22772,rgb/022772.jpg,0.29438,0.19217,0.0
7080,rgb/007080.jpg,0.15837,0.14119,0.0
2951,rgb/002951.jpg,0.04127,0.41177,0.0
2447,rgb/002447.jpg,-0.19016,0.30959,0.0
24251,rgb/024251.jpg,0.14797,0.25099,0.0
30272,rgb/030272.jpg,0.28569,0.23138,0.0
43586,rgb/043586.jpg,-0.09528,0.23831,0.0
17285,rgb/017285.jpg,-0.0,0.38824,0.0
44313,rgb/044313.jpg,0.11729,0.27452,0.0
7099,rgb/007099.jpg,0.21559,0.14119,0.0
19631,rgb/019631.jpg,0.25323,0.29805,0.0
29411,rgb/029411.jpg,0.275,0.31374,0.0
8399,rgb/008399.jpg,-0.09139,0.00786,0.0
7174,rgb/007174.jpg,0.16808,0.23138,0.0
2000,rgb/002000.jpg,-0.02141,0.38432,0.0
16061,rgb/016061.jpg,-0.04386,0.40785,0.0
30675,rgb/030675.jpg,-0.13306,0.03536,0.0
32576,rgb/032576.jpg,-0.09781,0.34119,0.0
15707,rgb/015707.jpg,-0.21103,0.34119,0.0
1154,rgb/001154.jpg,0.41537,0.26658,0.0
37517,rgb/037517.jpg,-0.08304,0.09268,0.0
31248,rgb/031248.jpg,-0.13697,0.37648,0.0
34514,rgb/034514.jpg,-0.04539,0.30197,0.0
20232,rgb/020232.jpg,0.20269,0.0261,0.0
38799,rgb/038799.jpg,0.26912,0.30572,0.0
43759,rgb/043759.jpg,-0.04226,0.38432,0.0
2226,rgb/002226.jpg,-0.03658,0.38432,0.0
24336,rgb/024336.jpg,0.12975,0.25491,0.0
30974,rgb/030974.jpg,-0.04558,0.29413,0.0
37549,rgb/037549.jpg,-0.20802,0.09021,0.0
44244,rgb/044244.jpg,0.14867,0.27452,0.0
39668,rgb/039668.jpg,0.20747,0.24315,0.0
22365,rgb/022365.jpg,0.31745,0.31661,0.0
43512,rgb/043512.jpg,-0.18845,0.22354,0.0
14812,rgb/014812.jpg,-0.04771,0.32942,0.0
18790,rgb/018790.jpg,0.05925,0.39217,0.0
39804,rgb/039804.jpg,-0.05554,0.31374,0.0
32682,rgb/032682.jpg,-0.06168,0.34119,0.0
9090,rgb/009090.jpg,-0.10975,0.33727,0.0
9265,rgb/009265.jpg,-0.03559,0.33727,0.0
31507,rgb/031507.jpg,-0.03408,0.31766,0.0
43213,rgb/043213.jpg,0.10168,0.19218,0.0
40432,rgb/040432.jpg,0.06468,0.29021,0.0
22771,rgb/022771.jpg,0.29065,0.19217,0.0
15670,rgb/015670.jpg,-0.21298,0.34119,0.0
11090,rgb/011090.jpg,-0.0911,0.38432,0.0
19251,rgb/019251.jpg,-0.0,0.31694,0.0
11113,rgb/011113.jpg,-0.0864,0.22777,0.0
29120,rgb/029120.jpg,0.24489,0.28223,0.0
43349,rgb/043349.jpg,-0.22193,0.22354,0.0
5437,rgb/005437.jpg,0.11558,0.3255,0.0
21786,rgb/021786.jpg,-0.0,0.36864,0.0
24835,rgb/024835.jpg,0.18979,0.16453,0.0
11107,rgb/011107.jpg,-0.08715,0.2628,0.0
15080,rgb/015080.jpg,-0.14013,0.26568,0.0
44208,rgb/044208.jpg,0.04946,0.27452,0.0
2637,rgb/002637.jpg,0.21766,0.13347,0.0
10512,rgb/010512.jpg,-0.02661,0.38432,0.0
25778,rgb/025778.jpg,0.19352,0.17649,0.0
38270,rgb/038270.jpg,0.02789,0.30197,0.0
25917,rgb/025917.jpg,0.13108,0.3746,0.0
38020,rgb/038020.jpg,0.13042,0.30197,0.0
4564,rgb/004564.jpg,-0.03597,0.38824,0.0
27839,rgb/027839.jpg,0.28415,0.33042,0.0
1176,rgb/001176.jpg,0.17836,0.26967,0.0
41424,rgb/041424.jpg,-0.0,0.29021,0.0
30182,rgb/030182.jpg,-0.03143,0.23138,0.0
26008,rgb/026008.jpg,-0.05862,0.36349,0.0
2656,rgb/002656.jpg,0.13879,0.13335,0.0
2471,rgb/002471.jpg,-0.24546,0.30981,0.0
17224,rgb/017224.jpg,-0.03321,0.38824,0.0
32707,rgb/032707.jpg,-0.08227,0.34119,0.0
28566,rgb/028566.jpg,0.03269,0.34903,0.0
37590,rgb/037590.jpg,-0.26365,0.19136,0.0
4486,rgb/004486.jpg,0.06053,0.38824,0.0
7732,rgb/007732.jpg,0.28284,0.26651,0.0
12910,rgb/012910.jpg,-0.11435,0.31389,0.0
29325,rgb/029325.jpg,0.09704,0.16884,0.0
27108,rgb/027108.jpg,0.09,0.29805,0.0
22335,rgb/022335.jpg,0.22435,0.17649,0.0
12893,rgb/012893.jpg,-0.11068,0.33059,0.0
10215,rgb/010215.jpg,-0.09133,0.38432,0.0
37607,rgb/037607.jpg,-0.25536,0.21547,0.0
7081,rgb/007081.jpg,0.16187,0.14119,0.0
19958,rgb/019958.jpg,0.03771,0.3804,0.0
37804,rgb/037804.jpg,0.21774,0.21154,0.0
14016,rgb/014016.jpg,-0.06201,0.38824,0.0
3817,rgb/003817.jpg,0.00795,0.43138,0.0
42680,rgb/042680.jpg,0.11509,0.20001,0.0
7151,rgb/007151.jpg,0.22966,0.23065,0.0
33842,rgb/033842.jpg,-0.05829,0.30847,0.0
35694,rgb/035694.jpg,0.12643,0.30169,0.0
9087,rgb/009087.jpg,-0.10989,0.33727,0.0
34484,rgb/034484.jpg,-0.12191,0.30197,0.0
7144,rgb/007144.jpg,0.2516,0.22721,0.0
24533,rgb/024533.jpg,0.04252,0.46598,0.0
15165,rgb/015165.jpg,-0.08361,0.349,0.0
15765,rgb/015765.jpg,-0.1687,0.34119,0.0
15840,rgb/015840.jpg,0.10201,0.40783,0.0
2612,rgb/002612.jpg,0.1124,0.16081,0.0
46050,rgb/046050.jpg,0.12076,0.27452,0.0
34495,rgb/034495.jpg,-0.12136,0.30197,0.0
43416,rgb/043416.jpg,-0.0565,0.22354,0.0
29430,rgb/029430.jpg,0.18401,0.31374,0.0
973,rgb/000973.jpg,-0.01402,0.35295,0.0
23154,rgb/023154.jpg,0.25845,0.0,0.0
38119,rgb/038119.jpg,0.04672,0.30197,0.0
15773,rgb/015773.jpg,-0.0812,0.34119,0.0
9439,rgb/009439.jpg,-0.0,0.33727,0.0
38877,rgb/038877.jpg,-0.06849,0.27452,0.0
2647,rgb/002647.jpg,0.1926,0.13335,0.0
34890,rgb/034890.jpg,0.00561,0.31766,0.0
37828,rgb/037828.jpg,0.14834,0.21178,0.0
20671,rgb/020671.jpg,0.05069,0.37256,0.0
46058,rgb/046058.jpg,0.12076,0.27452,0.0
39755,rgb/039755.jpg,-0.28195,0.31212,0.0
25435,rgb/025435.jpg,0.08645,0.14119,0.0
20520,rgb/020520.jpg,-0.0425,0.3686,0.0
25856,rgb/025856.jpg,0.28478,0.17648,0.0
39727,rgb/039727.jpg,-0.38673,0.24315,0.0
27816,rgb/027816.jpg,0.2333,0.12526,0.0
29968,rgb/029968.jpg,0.27217,0.21962,0.0
43727,rgb/043727.jpg,-0.0425,0.38432,0.0
4532,rgb/004532.jpg,6e-05,0.38824,0.0
40775,rgb/040775.jpg,0.09365,0.29021,0.0
7673,rgb/007673.jpg,0.21473,0.18464,0.0
24831,rgb/024831.jpg,0.17659,0.12349,0.0
30737,rgb/030737.jpg,-0.26156,0.28072,0.0
14083,rgb/014083.jpg,-0.04135,0.39579,0.0
16155,rgb/016155.jpg,0.2571,0.16472,0.0
15312,rgb/015312.jpg,-0.02487,0.36472,0.0
43405,rgb/043405.jpg,-0.09149,0.22354,0.0
2426,rgb/002426.jpg,-0.16364,0.29547,0.0
14000,rgb/014000.jpg,-0.08315,0.38808,0.0
24396,rgb/024396.jpg,-0.06008,0.33554,0.0
40917,rgb/040917.jpg,0.06852,0.29021,0.0
14324,rgb/014324.jpg,0.0,0.40001,0.0
16122,rgb/016122.jpg,0.12522,0.20491,0.0
40296,rgb/040296.jpg,0.05779,0.29021,0.0
19642,rgb/019642.jpg,0.25327,0.29805,0.0
27827,rgb/027827.jpg,0.27994,0.26416,0.0
23195,rgb/023195.jpg,0.15611,0.13691,0.0
43441,rgb/043441.jpg,-0.04017,0.22354,0.0
34456,rgb/034456.jpg,-0.10978,0.30197,0.0
44288,rgb/044288.jpg,0.19345,0.27452,0.0
7704,rgb/007704.jpg,0.26461,0.26231,0.0
32240,rgb/032240.jpg,-0.0273,0.32158,0.0
16984,rgb/016984.jpg,0.09006,0.37768,0.0
13655,rgb/013655.jpg,0.0,0.53726,0.0
12066,rgb/012066.jpg,-0.06945,0.38432,0.0
25871,rgb/025871.jpg,0.18214,0.17648,0.0
44495,rgb/044495.jpg,0.09773,0.27452,0.0
43588,rgb/043588.jpg,-0.09203,0.25268,0.0
1156,rgb/001156.jpg,0.43219,0.26662,0.0
36316,rgb/036316.jpg,0.0,0.33334,0.0
17047,rgb/017047.jpg,0.08072,0.38824,0.0
7087,rgb/007087.jpg,0.18224,0.14119,0.0
34366,rgb/034366.jpg,-0.0,0.29413,0.0
8588,rgb/008588.jpg,-0.05245,0.33334,0.0
43312,rgb/043312.jpg,-0.17991,0.22354,0.0
25413,rgb/025413.jpg,0.0817,0.14119,0.0
37412,rgb/037412.jpg,-0.0,0.4706,0.0
22441,rgb/022441.jpg,-0.04982,0.45099,0.0
10345,rgb/010345.jpg,-0.09589,0.38432,0.0
21941,rgb/021941.jpg,0.18135,0.21178,0.0
8464,rgb/008464.jpg,-0.1802,0.33147,0.0
32590,rgb/032590.jpg,-0.09814,0.34119,0.0
29472,rgb/029472.jpg,-0.04501,0.31374,0.0
30674,rgb/030674.jpg,-0.12889,0.03538,0.0
34151,rgb/034151.jpg,-0.13639,0.28227,0.0
28372,rgb/028372.jpg,0.25403,0.29555,0.0
23162,rgb/023162.jpg,0.21198,0.0,0.0
42052,rgb/042052.jpg,0.28764,0.09103,0.0
27836,rgb/027836.jpg,0.28869,0.32234,0.0
18221,rgb/018221.jpg,0.02233,0.38824,0.0
40542,rgb/040542.jpg,0.0213,0.29021,0.0
29356,rgb/029356.jpg,0.14742,0.31277,0.0
34445,rgb/034445.jpg,-0.18989,0.30197,0.0
25366,rgb/025366.jpg,0.21573,0.14119,0.0
18680,rgb/018680.jpg,0.1017,0.38824,0.0
32115,rgb/032115.jpg,-0.02618,0.32158,0.0
15081,rgb/015081.jpg,-0.14013,0.26593,0.0
28401,rgb/028401.jpg,0.27784,0.33712,0.0
1163,rgb/001163.jpg,0.42513,0.26667,0.0
11972,rgb/011972.jpg,-0.04692,0.38432,0.0
33734,rgb/033734.jpg,-0.05069,0.34119,0.0
1159,rgb/001159.jpg,0.44203,0.26665,0.0
39660,rgb/039660.jpg,0.21124,0.24315,0.0
25339,rgb/025339.jpg,0.26299,0.14119,0.0
20704,rgb/020704.jpg,0.11128,0.37256,0.0
29646,rgb/029646.jpg,0.06086,0.44314,0.0
15141,rgb/015141.jpg,-0.06536,0.33586,0.0
9285,rgb/009285.jpg,-0.03557,0.33727,0.0
3669,rgb/003669.jpg,0.08558,0.43138,0.0
11005,rgb/011005.jpg,-0.04332,0.38432,0.0
31530,rgb/031530.jpg,-0.02498,0.31766,0.0
11004,rgb/011004.jpg,-0.04198,0.38432,0.0
41312,rgb/041312.jpg,-0.0,0.29021,0.0
38797,rgb/038797.jpg,0.2716,0.30548,0.0
21681,rgb/021681.jpg,-0.01883,0.36864,0.0
33453,rgb/033453.jpg,0.02704,0.34119,0.0
32714,rgb/032714.jpg,-0.08538,0.34119,0.0
5068,rgb/005068.jpg,0.0,0.38824,0.0
7661,rgb/007661.jpg,0.20913,0.08237,0.0
10253,rgb/010253.jpg,-0.09605,0.38432,0.0
37777,rgb/037777.jpg,0.18465,0.15207,0.0
21266,rgb/021266.jpg,0.06468,0.319,0.0
24321,rgb/024321.jpg,0.1656,0.25491,0.0
27094,rgb/027094.jpg,0.09268,0.29805,0.0
9086,rgb/009086.jpg,-0.10989,0.33727,0.0
18710,rgb/018710.jpg,0.06827,0.39211,0.0
26658,rgb/026658.jpg,0.1371,0.27683,0.0
15835,rgb/015835.jpg,0.10087,0.40776,0.0
3975,rgb/003975.jpg,-0.04605,0.34164,0.0
30327,rgb/030327.jpg,0.10998,0.23138,0.0
39645,rgb/039645.jpg,0.20861,0.24315,0.0
24403,rgb/024403.jpg,-0.06406,0.33703,0.0
28873,rgb/028873.jpg,-0.0257,0.36419,0.0
44236,rgb/044236.jpg,0.12755,0.27452,0.0
15480,rgb/015480.jpg,0.00099,0.36864,0.0
42087,rgb/042087.jpg,0.23625,0.21176,0.0
39650,rgb/039650.jpg,0.21099,0.24315,0.0
772,rgb/000772.jpg,0.04507,0.30981,0.0
24311,rgb/024311.jpg,0.28287,0.25491,0.0
16431,rgb/016431.jpg,0.08145,0.4157,0.0
43579,rgb/043579.jpg,-0.10022,0.22354,0.0
16435,rgb/016435.jpg,0.09039,0.4157,0.0
9337,rgb/009337.jpg,-0.0,0.33727,0.0
29957,rgb/029957.jpg,0.2253,0.21957,0.0
10234,rgb/010234.jpg,-0.11019,0.38432,0.0
32726,rgb/032726.jpg,-0.08275,0.34119,0.0
5436,rgb/005436.jpg,0.11558,0.3255,0.0
7094,rgb/007094.jpg,0.2057,0.14119,0.0
33777,rgb/033777.jpg,-0.05872,0.34119,0.0
34152,rgb/034152.jpg,-0.13648,0.28229,0.0
27853,rgb/027853.jpg,0.2381,0.34094,0.0
32738,rgb/032738.jpg,-0.05112,0.34119,0.0
15318,rgb/015318.jpg,-0.03024,0.36472,0.0
53,rgb/000053.jpg,0.04297,0.0,0.0
38088,rgb/038088.jpg,0.06155,0.30197,0.0
42017,rgb/042017.jpg,0.1657,0.09092,0.0
19192,rgb/019192.jpg,0.0003,0.26668,0.0
23148,rgb/023148.jpg,0.2495,3e-05,0.0
38114,rgb/038114.jpg,0.05335,0.30197,0.0
42256,rgb/042256.jpg,-0.00013,0.25883,0.0
31096,rgb/031096.jpg,-0.00025,0.37648,0.0
24400,rgb/024400.jpg,-0.06352,0.33672,0.0
45974,rgb/045974.jpg,0.09011,0.27452,0.0
33572,rgb/033572.jpg,-0.05222,0.34119,0.0
33749,rgb/033749.jpg,-0.05759,0.34119,0.0
8428,rgb/008428.jpg,-0.13242,0.20831,0.0
25302,rgb/025302.jpg,0.16213,0.14119,0.0
25312,rgb/025312.jpg,0.1995,0.14119,0.0
42477,rgb/042477.jpg,0.07761,0.00012,0.0
21283,rgb/021283.jpg,-0.0819,0.33996,0.0
42124,rgb/042124.jpg,0.07619,0.21566,0.0
12034,rgb/012034.jpg,-0.06121,0.38432,0.0
21195,rgb/021195.jpg,0.15042,0.22354,0.0
25864,rgb/025864.jpg,0.23246,0.17648,0.0
15736,rgb/015736.jpg,-0.21103,0.34119,0.0
41327,rgb/041327.jpg,-0.0,0.29021,0.0
37968,rgb/037968.jpg,0.0404,0.30197,0.0
34477,rgb/034477.jpg,-0.11879,0.30197,0.0
39724,rgb/039724.jpg,-0.34477,0.24315,0.0
19643,rgb/019643.jpg,0.25327,0.29805,0.0
15644,rgb/015644.jpg,-0.24407,0.34119,0.0
29380,rgb/029380.jpg,0.2253,0.31374,0.0
4490,rgb/004490.jpg,0.06067,0.38824,0.0
28402,rgb/028402.jpg,0.27107,0.33716,0.0
29394,rgb/029394.jpg,0.26187,0.31374,0.0
30761,rgb/030761.jpg,-0.09898,0.28589,0.0
15730,rgb/015730.jpg,-0.21103,0.34119,0.0
19627,rgb/019627.jpg,0.25305,0.29805,0.0
29401,rgb/029401.jpg,0.27444,0.31374,0.0
28714,rgb/028714.jpg,-0.00758,0.35687,0.0
13897,rgb/013897.jpg,-0.07217,0.32777,0.0
7731,rgb/007731.jpg,0.28286,0.26646,0.0
15628,rgb/015628.jpg,-0.25508,0.34119,0.0
30747,rgb/030747.jpg,-0.23954,0.28227,0.0
16602,rgb/016602.jpg,0.05448,0.45465,0.0
7079,rgb/007079.jpg,0.15484,0.14119,0.0
40767,rgb/040767.jpg,0.1132,0.29021,0.0
34506,rgb/034506.jpg,-0.08887,0.30197,0.0
38015,rgb/038015.jpg,0.12776,0.30197,0.0
38757,rgb/038757.jpg,0.21742,0.19282,0.0
43342,rgb/043342.jpg,-0.24321,0.22354,0.0
26664,rgb/026664.jpg,0.12939,0.28084,0.0
16166,rgb/016166.jpg,0.15933,0.19911,0.0
27877,rgb/027877.jpg,0.04748,0.34119,0.0
26651,rgb/026651.jpg,0.1539,0.27172,0.0
26003,rgb/026003.jpg,-0.06627,0.37648,0.0
34507,rgb/034507.jpg,-0.08243,0.30197,0.0
18703,rgb/018703.jpg,0.07428,0.39177,0.0
20987,rgb/020987.jpg,-2e-05,0.37256,0.0
17017,rgb/017017.jpg,0.12069,0.38824,0.0
1135,rgb/001135.jpg,0.22344,0.24244,0.0
35701,rgb/035701.jpg,0.13157,0.30801,0.0
27019,rgb/027019.jpg,0.00029,0.29805,0.0
43435,rgb/043435.jpg,-0.04764,0.22354,0.0
42153,rgb/042153.jpg,0.01965,0.22352,0.0
15613,rgb/015613.jpg,-0.25496,0.34119,0.0
13113,rgb/013113.jpg,-0.0,0.36079,0.0
27319,rgb/027319.jpg,0.04193,0.29805,0.0
5351,rgb/005351.jpg,0.12436,0.32112,0.0
46642,rgb/046642.jpg,0.0,0.27452,0.0
9010,rgb/009010.jpg,-0.11786,0.33727,0.0
9029,rgb/009029.jpg,-0.14508,0.33727,0.0
411,rgb/000411.jpg,-0.02714,0.14511,0.0
20960,rgb/020960.jpg,-0.02144,0.37256,0.0
8507,rgb/008507.jpg,-0.08178,0.33334,0.0
31734,rgb/031734.jpg,-6e-05,0.31766,0.0
42055,rgb/042055.jpg,0.28765,0.11794,0.0
37626,rgb/037626.jpg,-0.11005,0.2157,0.0
295,rgb/000295.jpg,0.03589,0.17129,0.0
21243,rgb/021243.jpg,0.25205,0.22354,0.0
2439,rgb/002439.jpg,-0.18948,0.30761,0.0
33577,rgb/033577.jpg,-0.06286,0.34119,0.0
28366,rgb/028366.jpg,0.25062,0.2365,0.0
43980,rgb/043980.jpg,-0.0,0.27452,0.0
43246,rgb/043246.jpg,0.16447,0.21851,0.0
24332,rgb/024332.jpg,0.13295,0.25491,0.0
19644,rgb/019644.jpg,0.25314,0.29805,0.0
15786,rgb/015786.jpg,-0.04626,0.35889,0.0
14593,rgb/014593.jpg,-0.02494,0.40001,0.0
12913,rgb/012913.jpg,-0.11435,0.3138,0.0
37536,rgb/037536.jpg,-0.16625,0.09022,0.0
44255,rgb/044255.jpg,0.18852,0.27452,0.0
8454,rgb/008454.jpg,-0.18011,0.31397,0.0
30739,rgb/030739.jpg,-0.25977,0.28144,0.0
20067,rgb/020067.jpg,-2e-05,0.3804,0.0
9036,rgb/009036.jpg,-0.13803,0.33727,0.0
36754,rgb/036754.jpg,0.06554,0.33727,0.0
30708,rgb/030708.jpg,-0.22869,0.22128,0.0
30705,rgb/030705.jpg,-0.22796,0.17983,0.0
44779,rgb/044779.jpg,-0.02048,0.27452,0.0
19629,rgb/019629.jpg,0.25318,0.29805,0.0
2650,rgb/002650.jpg,0.17885,0.13335,0.0
14473,rgb/014473.jpg,-0.01197,0.40001,0.0
3088,rgb/003088.jpg,0.0,0.41177,0.0
44277,rgb/044277.jpg,0.19345,0.27452,0.0
12986,rgb/012986.jpg,-0.04744,0.35626,0.0
26620,rgb/026620.jpg,0.21569,0.22611,0.0
20509,rgb/020509.jpg,-0.0488,0.36766,0.0
25341,rgb/025341.jpg,0.26786,0.14119,0.0
35086,rgb/035086.jpg,-0.03285,0.32457,0.0
35712,rgb/035712.jpg,0.14255,0.30974,0.0
9111,rgb/009111.jpg,-0.05536,0.33727,0.0
28347,rgb/028347.jpg,0.20523,0.14543,0.0
27840,rgb/027840.jpg,0.281,0.33213,0.0
34,rgb/000034.jpg,0.0,0.0,0.0
43658,rgb/043658.jpg,0.11142,0.38432,0.0
38786,rgb/038786.jpg,0.27184,0.29849,0.0
43465,rgb/043465.jpg,-0.07748,0.22354,0.0
30300,rgb/030300.jpg,0.17535,0.23138,0.0
34427,rgb/034427.jpg,-0.19804,0.30097,0.0
43245,rgb/043245.jpg,0.16441,0.21814,0.0
25578,rgb/025578.jpg,0.0,0.14495,0.0
713,rgb/000713.jpg,0.04498,0.30981,0.0
20288,rgb/020288.jpg,0.14201,0.21177,0.0
43482,rgb/043482.jpg,-0.13825,0.22354,0.0
42728,rgb/042728.jpg,-0.00744,0.20393,0.0
7747,rgb/007747.jpg,0.27289,0.26668,0.0
17436,rgb/017436.jpg,0.02678,0.38824,0.0
32514,rgb/032514.jpg,0.0,0.34119,0.0
10314,rgb/010314.jpg,-0.10089,0.38432,0.0
23140,rgb/023140.jpg,0.21831,0.00027,0.0
26637,rgb/026637.jpg,0.20676,0.25122,0.0
30726,rgb/030726.jpg,-0.26016,0.27201,0.0
26980,rgb/026980.jpg,0.04108,0.29805,0.0
21924,rgb/021924.jpg,0.16673,0.21179,0.0
39729,rgb/039729.jpg,-0.41005,0.24315,0.0
356,rgb/000356.jpg,0.0,0.14512,0.0
21932,rgb/021932.jpg,0.18387,0.21178,0.0
6530,rgb/006530.jpg,0.0425,0.32158,0.0
22778,rgb/022778.jpg,0.30469,0.19217,0.0
9740,rgb/009740.jpg,0.0,0.34119,0.0
19151,rgb/019151.jpg,0.1495,0.26668,0.0
19129,rgb/019129.jpg,0.20575,0.26668,0.0
31568,rgb/031568.jpg,-0.01231,0.31766,0.0
39647,rgb/039647.jpg,0.21017,0.24315,0.0
25772,rgb/025772.jpg,0.17853,0.1765,0.0
37574,rgb/037574.jpg,-0.24562,0.11922,0.0
2410,rgb/002410.jpg,-0.12615,0.13546,0.0
12061,rgb/012061.jpg,-0.06942,0.38432,0.0
35698,rgb/035698.jpg,0.12821,0.30554,0.0
30702,rgb/030702.jpg,-0.22527,0.13561,0.0
32708,rgb/032708.jpg,-0.08272,0.34119,0.0
31257,rgb/031257.jpg,-0.10542,0.37648,0.0
37603,rgb/037603.jpg,-0.26343,0.21496,0.0
15121,rgb/015121.jpg,-0.15723,0.2745,0.0
27865,rgb/027865.jpg,0.18364,0.34118,0.0
24368,rgb/024368.jpg,-0.02117,0.32385,0.0
34241,rgb/034241.jpg,-0.05119,0.2902,0.0
30714,rgb/030714.jpg,-0.23287,0.26086,0.0
14891,rgb/014891.jpg,-0.00067,0.32942,0.0
44544,rgb/044544.jpg,0.0573,0.27452,0.0
23167,rgb/023167.jpg,0.16078,0.03393,0.0
27121,rgb/027121.jpg,0.08921,0.29805,0.0
31300,rgb/031300.jpg,-0.10101,0.37648,0.0
11086,rgb/011086.jpg,-0.08876,0.38432,0.0
2429,rgb/002429.jpg,-0.17269,0.29923,0.0
29981,rgb/029981.jpg,0.28402,0.21962,0.0
25367,rgb/025367.jpg,0.20625,0.14119,0.0
32242,rgb/032242.jpg,-0.02453,0.32158,0.0
14087,rgb/014087.jpg,-0.04138,0.39599,0.0
40323,rgb/040323.jpg,0.17383,0.29021,0.0
19663,rgb/019663.jpg,0.15569,0.29805,0.0
20280,rgb/020280.jpg,0.21816,0.21169,0.0
804,rgb/000804.jpg,0.08606,0.35209,0.0
25426,rgb/025426.jpg,0.0955,0.14119,0.0
31256,rgb/031256.jpg,-0.11225,0.37648,0.0
30971,rgb/030971.jpg,-0.04376,0.29413,0.0
27490,rgb/027490.jpg,0.04472,0.29805,0.0
27823,rgb/027823.jpg,0.26315,0.22197,0.0
29112,rgb/029112.jpg,0.29056,0.24267,0.0
33468,rgb/033468.jpg,0.02632,0.34119,0.0
5348,rgb/005348.jpg,0.12422,0.32048,0.0
11078,rgb/011078.jpg,-0.0685,0.38432,0.0
15645,rgb/015645.jpg,-0.24097,0.34119,0.0
29400,rgb/029400.jpg,0.27408,0.31374,0.0
18655,rgb/018655.jpg,0.10859,0.38824,0.0
7175,rgb/007175.jpg,0.16127,0.23138,0.0
22338,rgb/022338.jpg,0.22626,0.17649,0.0
30901,rgb/030901.jpg,-0.0044,0.29413,0.0
8478,rgb/008478.jpg,-0.19387,0.33331,0.0
38032,rgb/038032.jpg,0.1256,0.30197,0.0
39778,rgb/039778.jpg,-0.09413,0.31373,0.0
42187,rgb/042187.jpg,0.0,0.25538,0.0
29940,rgb/029940.jpg,0.14293,0.21248,0.0
7686,rgb/007686.jpg,0.22663,0.23795,0.0
43518,rgb/043518.jpg,-0.1915,0.22354,0.0
43643,rgb/043643.jpg,0.10501,0.38432,0.0
31320,rgb/031320.jpg,-0.11347,0.2023,0.0
45354,rgb/045354.jpg,4e-05,0.27452,0.0
28368,rgb/028368.jpg,0.25082,0.26294,0.0
3643,rgb/003643.jpg,0.07753,0.43138,0.0
23866,rgb/023866.jpg,0.04217,0.2353,0.0
27368,rgb/027368.jpg,0.0,0.29805,0.0
34408,rgb/034408.jpg,-0.19614,0.2331,0.0
24316,rgb/024316.jpg,0.22168,0.25491,0.0
27835,rgb/027835.jpg,0.28895,0.31867,0.0
37523,rgb/037523.jpg,-0.09175,0.09065,0.0
42061,rgb/042061.jpg,0.28768,0.18381,0.0
39927,rgb/039927.jpg,0.04997,0.29021,0.0
43471,rgb/043471.jpg,-0.10492,0.22354,0.0
5323,rgb/005323.jpg,0.10521,0.26478,0.0
26436,rgb/026436.jpg,-0.0,0.35687,0.0
24283,rgb/024283.jpg,0.26242,0.2549,0.0
26653,rgb/026653.jpg,0.14496,0.27295,0.0
16154,rgb/016154.jpg,0.26686,0.16473,0.0
24282,rgb/024282.jpg,0.25937,0.2549,0.0
23228,rgb/023228.jpg,0.09335,0.21489,0.0
23880,rgb/023880.jpg,0.04307,0.23916,0.0
25352,rgb/025352.jpg,0.27642,0.14119,0.0
15073,rgb/015073.jpg,-0.14002,0.25922,0.0
71,rgb/000071.jpg,0.03676,0.0,0.0
38019,rgb/038019.jpg,0.13023,0.30197,0.0
17969,rgb/017969.jpg,0.12206,0.38824,0.0
2618,rgb/002618.jpg,0.14414,0.15584,0.0
29414,rgb/029414.jpg,0.27287,0.31374,0.0
25886,rgb/025886.jpg,0.1566,0.2497,0.0
12920,rgb/012920.jpg,-0.11435,0.31374,0.0
26645,rgb/026645.jpg,0.18481,0.26727,0.0
11000,rgb/011000.jpg,-0.03914,0.38432,0.0
43657,rgb/043657.jpg,0.11304,0.38432,0.0
23197,rgb/023197.jpg,0.14757,0.13976,0.0
14756,rgb/014756.jpg,-0.07414,0.32943,0.0
40458,rgb/040458.jpg,-0.04286,0.29021,0.0
23156,rgb/023156.jpg,0.25537,0.0,0.0
12988,rgb/012988.jpg,-0.05318,0.35824,0.0
34276,rgb/034276.jpg,-0.00515,0.29413,0.0
5415,rgb/005415.jpg,0.11563,0.3255,0.0
29387,rgb/029387.jpg,0.23597,0.31374,0.0
44452,rgb/044452.jpg,0.09703,0.27452,0.0
10463,rgb/010463.jpg,-0.02067,0.38432,0.0
20825,rgb/020825.jpg,0.0617,0.37256,0.0
11099,rgb/011099.jpg,-0.09011,0.36312,0.0
19124,rgb/019124.jpg,0.20576,0.26668,0.0
7159,rgb/007159.jpg,0.20445,0.23131,0.0
5308,rgb/005308.jpg,0.07794,0.1319,0.0
21210,rgb/021210.jpg,0.24057,0.22354,0.0
22839,rgb/022839.jpg,0.04909,0.32515,0.0
34714,rgb/034714.jpg,0.07282,0.30589,0.0
43260,rgb/043260.jpg,0.16438,0.2196,0.0
39780,rgb/039780.jpg,-0.08097,0.31373,0.0
10340,rgb/010340.jpg,-0.0959,0.38432,0.0
42648,rgb/042648.jpg,0.14611,0.20001,0.0
8504,rgb/008504.jpg,-0.1133,0.33334,0.0
29469,rgb/029469.jpg,-0.04458,0.31374,0.0
27507,rgb/027507.jpg,0.04627,0.29805,0.0
15711,rgb/015711.jpg,-0.21103,0.34119,0.0
34560,rgb/034560.jpg,0.07697,0.30197,0.0
38747,rgb/038747.jpg,0.15639,0.20378,0.0
28377,rgb/028377.jpg,0.27449,0.31779,0.0
10324,rgb/010324.jpg,-0.10003,0.38432,0.0
29985,rgb/029985.jpg,0.2862,0.21962,0.0
19130,rgb/019130.jpg,0.20575,0.26668,0.0
43439,rgb/043439.jpg,-0.0427,0.22354,0.0
25773,rgb/025773.jpg,0.18186,0.1765,0.0
27405,rgb/027405.jpg,-0.04675,0.29805,0.0
2494,rgb/002494.jpg,-0.24004,0.30981,0.0
40944,rgb/040944.jpg,0.07273,0.29021,0.0
43552,rgb/043552.jpg,-0.12541,0.22354,0.0
26632,rgb/026632.jpg,0.21255,0.24499,0.0
29347,rgb/029347.jpg,0.1231,0.30631,0.0
14867,rgb/014867.jpg,-0.02182,0.32942,0.0
44486,rgb/044486.jpg,0.11221,0.27452,0.0
27815,rgb/027815.jpg,0.22837,0.11864,0.0
17952,rgb/017952.jpg,0.14017,0.38824,0.0
21996,rgb/021996.jpg,0.08843,0.27034,0.0
19158,rgb/019158.jpg,0.12296,0.26668,0.0
16853,rgb/016853.jpg,0.0,0.45491,0.0
7089,rgb/007089.jpg,0.18942,0.14119,0.0
42764,rgb/042764.jpg,-0.00703,0.20393,0.0
26495,rgb/026495.jpg,-0.0,0.00025,0.0
29941,rgb/029941.jpg,0.14615,0.21426,0.0
40322,rgb/040322.jpg,0.16793,0.29021,0.0
37771,rgb/037771.jpg,0.16905,0.10161,0.0
42020,rgb/042020.jpg,0.19188,0.07237,0.0
34450,rgb/034450.jpg,-0.16125,0.30197,0.0
31911,rgb/031911.jpg,-0.0072,0.32158,0.0
17940,rgb/017940.jpg,0.13996,0.38824,0.0
3810,rgb/003810.jpg,0.04253,0.43138,0.0
4734,rgb/004734.jpg,0.0,0.38824,0.0
28895,rgb/028895.jpg,-0.0011,0.21755,0.0
8487,rgb/008487.jpg,-0.19582,0.33334,0.0
29912,rgb/029912.jpg,0.09042,0.10008,0.0
31233,rgb/031233.jpg,-0.13699,0.37648,0.0
35718,rgb/035718.jpg,0.14453,0.3098,0.0
12003,rgb/012003.jpg,-0.03173,0.38432,0.0
33781,rgb/033781.jpg,-0.05279,0.34119,0.0
34453,rgb/034453.jpg,-0.13573,0.30197,0.0
30229,rgb/030229.jpg,0.06591,0.23138,0.0
30707,rgb/030707.jpg,-0.22854,0.20876,0.0
27078,rgb/027078.jpg,0.07705,0.29805,0.0
8377,rgb/008377.jpg,-0.04101,0.00841,0.0
26583,rgb/026583.jpg,0.23972,0.09547,0.0
8833,rgb/008833.jpg,-0.0001,0.30981,0.0
44769,rgb/044769.jpg,-0.02043,0.27452,0.0
43308,rgb/043308.jpg,-0.15984,0.22354,0.0
17894,rgb/017894.jpg,0.0,0.38824,0.0
17793,rgb/017793.jpg,0.0,0.38824,0.0
8477,rgb/008477.jpg,-0.19308,0.3333,0.0
32554,rgb/032554.jpg,-0.0859,0.34119,0.0
34249,rgb/034249.jpg,-0.04678,0.29192,0.0
13999,rgb/013999.jpg,-0.08312,0.38802,0.0
24299,rgb/024299.jpg,0.31045,0.25491,0.0
38271,rgb/038271.jpg,0.02907,0.30197,0.0
7976,rgb/007976.jpg,0.0,0.36472,0.0
37578,rgb/037578.jpg,-0.25549,0.13595,0.0
43315,rgb/043315.jpg,-0.19178,0.22354,0.0
45680,rgb/045680.jpg,0.00751,0.27452,0.0
31980,rgb/031980.jpg,-0.0,0.32158,0.0
33574,rgb/033574.jpg,-0.0575,0.34119,0.0
44493,rgb/044493.jpg,0.10246,0.27452,0.0
2417,rgb/002417.jpg,-0.13508,0.24205,0.0
40351,rgb/040351.jpg,0.28943,0.29021,0.0
23758,rgb/023758.jpg,0.14197,0.17647,0.0
28408,rgb/028408.jpg,0.20204,0.33725,0.0
23345,rgb/023345.jpg,0.0,0.29242,0.0
43259,rgb/043259.jpg,0.16449,0.21959,0.0
17959,rgb/017959.jpg,0.12379,0.38824,0.0
43268,rgb/043268.jpg,0.16156,0.22133,0.0
25000,rgb/025000.jpg,-0.02223,0.2854,0.0
8628,rgb/008628.jpg,-0.04908,0.32029,0.0
25768,rgb/025768.jpg,0.16331,0.17654,0.0
1642,rgb/001642.jpg,0.09332,0.38432,0.0
25343,rgb/025343.jpg,0.27186,0.14119,0.0
21969,rgb/021969.jpg,0.10646,0.24704,0.0
27736,rgb/027736.jpg,-0.0,0.34481,0.0
19602,rgb/019602.jpg,0.1427,0.29981,0.0
20805,rgb/020805.jpg,0.04633,0.37256,0.0
38867,rgb/038867.jpg,-0.07457,0.27452,0.0
29074,rgb/029074.jpg,0.25354,0.0002,0.0
28388,rgb/028388.jpg,0.29087,0.33256,0.0
7163,rgb/007163.jpg,0.20101,0.23136,0.0
37524,rgb/037524.jpg,-0.09313,0.09054,0.0
1164,rgb/001164.jpg,0.41274,0.26667,0.0
46100,rgb/046100.jpg,0.04471,0.27452,0.0
7142,rgb/007142.jpg,0.25336,0.22702,0.0
32737,rgb/032737.jpg,-0.05284,0.34119,0.0
37825,rgb/037825.jpg,0.163,0.21178,0.0
39858,rgb/039858.jpg,0.18703,0.29021,0.0
7669,rgb/007669.jpg,0.21457,0.14373,0.0
12911,rgb/012911.jpg,-0.11435,0.31385,0.0
24258,rgb/024258.jpg,0.19277,0.25099,0.0
59,rgb/000059.jpg,0.04295,0.0,0.0
37591,rgb/037591.jpg,-0.26367,0.19549,0.0
15112,rgb/015112.jpg,-0.15647,0.2743,0.0
22362,rgb/022362.jpg,0.28602,0.31111,0.0
40761,rgb/040761.jpg,0.12023,0.29021,0.0
37252,rgb/037252.jpg,-0.00049,0.38432,0.0
15612,rgb/015612.jpg,-0.25431,0.34119,0.0
37573,rgb/037573.jpg,-0.244,0.11451,0.0
42074,rgb/042074.jpg,0.28174,0.21108,0.0
42053,rgb/042053.jpg,0.28765,0.09769,0.0
2454,rgb/002454.jpg,-0.19156,0.30979,0.0
9021,rgb/009021.jpg,-0.14327,0.33727,0.0
23721,rgb/023721.jpg,0.15584,0.1608,0.0
25784,rgb/025784.jpg,0.20296,0.17648,0.0
43475,rgb/043475.jpg,-0.12054,0.22354,0.0
22795,rgb/022795.jpg,0.23543,0.28119,0.0
46085,rgb/046085.jpg,0.0868,0.27452,0.0
40787,rgb/040787.jpg,0.0901,0.29021,0.0
10239,rgb/010239.jpg,-0.11119,0.38432,0.0
42589,rgb/042589.jpg,0.0946,0.19609,0.0
33690,rgb/033690.jpg,-0.00702,0.34119,0.0
19386,rgb/019386.jpg,-3e-05,0.33727,0.0
22317,rgb/022317.jpg,0.08501,0.17729,0.0
33848,rgb/033848.jpg,-0.04443,0.16432,0.0
17004,rgb/017004.jpg,0.11855,0.38813,0.0
44242,rgb/044242.jpg,0.14184,0.27452,0.0
2424,rgb/002424.jpg,-0.15701,0.29041,0.0
7977,rgb/007977.jpg,0.0,0.36472,0.0
39629,rgb/039629.jpg,0.1209,0.24315,0.0
44304,rgb/044304.jpg,0.17401,0.27452,0.0
29431,rgb/029431.jpg,0.17374,0.31374,0.0
34414,rgb/034414.jpg,-0.19797,0.2753,0.0
26573,rgb/026573.jpg,0.23821,0.01606,0.0
15188,rgb/015188.jpg,-0.08844,0.35225,0.0
28389,rgb/028389.jpg,0.29093,0.33275,0.0
787,rgb/000787.jpg,0.07614,0.32623,0.0
2646,rgb/002646.jpg,0.19652,0.13336,0.0
23794,rgb/023794.jpg,0.12452,0.2196,0.0
38005,rgb/038005.jpg,0.10127,0.30197,0.0
11104,rgb/011104.jpg,-0.08753,0.29627,0.0
15725,rgb/015725.jpg,-0.21103,0.34119,0.0
24478,rgb/024478.jpg,-0.0,0.34387,0.0
25903,rgb/025903.jpg,0.15517,0.31743,0.0
39680,rgb/039680.jpg,0.16084,0.24315,0.0
29086,rgb/029086.jpg,0.31277,1e-05,0.0
15078,rgb/015078.jpg,-0.14012,0.26491,0.0
13888,rgb/013888.jpg,-0.07217,0.25436,0.0
19150,rgb/019150.jpg,0.15441,0.26668,0.0
10900,rgb/010900.jpg,-0.03667,0.38432,0.0
15685,rgb/015685.jpg,-0.21256,0.34119,0.0
44415,rgb/044415.jpg,0.05155,0.27452,0.0
35072,rgb/035072.jpg,-0.0,0.32158,0.0
1168,rgb/001168.jpg,0.34412,0.26668,0.0
3937,rgb/003937.jpg,0.04366,0.43138,0.0
24845,rgb/024845.jpg,0.22735,0.20997,0.0
12904,rgb/012904.jpg,-0.11437,0.31458,0.0
15654,rgb/015654.jpg,-0.21486,0.34119,0.0
20216,rgb/020216.jpg,0.04498,0.00028,0.0
21242,rgb/021242.jpg,0.25828,0.22354,0.0
26547,rgb/026547.jpg,0.17314,0.0,0.0
33726,rgb/033726.jpg,-0.04457,0.34119,0.0
39800,rgb/039800.jpg,-0.05555,0.31374,0.0
31108,rgb/031108.jpg,-0.0,0.37648,0.0
24263,rgb/024263.jpg,0.20925,0.25099,0.0
23273,rgb/023273.jpg,0.0,0.2157,0.0
14008,rgb/014008.jpg,-0.07981,0.38823,0.0
2246,rgb/002246.jpg,-0.03017,0.38432,0.0
808,rgb/000808.jpg,0.08725,0.35268,0.0
43538,rgb/043538.jpg,-0.19071,0.22354,0.0
8772,rgb/008772.jpg,-0.02879,0.30981,0.0
26627,rgb/026627.jpg,0.21334,0.23831,0.0
26548,rgb/026548.jpg,0.17859,0.0,0.0
43572,rgb/043572.jpg,-0.09892,0.22354,0.0
2584,rgb/002584.jpg,0.09723,0.19764,0.0
16247,rgb/016247.jpg,-0.06281,0.41163,0.0
16140,rgb/016140.jpg,0.27929,0.16512,0.0
21205,rgb/021205.jpg,0.20773,0.22354,0.0
27873,rgb/027873.jpg,0.08811,0.34119,0.0
25364,rgb/025364.jpg,0.23324,0.14119,0.0
8205,rgb/008205.jpg,-0.03614,0.36864,0.0
43508,rgb/043508.jpg,-0.18816,0.22354,0.0
9053,rgb/009053.jpg,-0.1097,0.33727,0.0
42024,rgb/042024.jpg,0.22272,0.06312,0.0
25810,rgb/025810.jpg,0.26818,0.17648,0.0
7438,rgb/007438.jpg,-0.0,0.34903,0.0
37763,rgb/037763.jpg,0.13863,0.08629,0.0
35757,rgb/035757.jpg,0.13097,0.3176,0.0
20724,rgb/020724.jpg,0.1306,0.37256,0.0
39653,rgb/039653.jpg,0.21122,0.24315,0.0
21917,rgb/021917.jpg,0.12708,0.21187,0.0
41637,rgb/041637.jpg,0.0,0.46726,0.0
15602,rgb/015602.jpg,-0.23874,0.34119,0.0
38759,rgb/038759.jpg,0.22473,0.19254,0.0
37967,rgb/037967.jpg,0.04025,0.30197,0.0
8408,rgb/008408.jpg,-0.12132,0.00786,0.0
13040,rgb/013040.jpg,-0.04332,0.36079,0.0
2477,rgb/002477.jpg,-0.24983,0.30981,0.0
2488,rgb/002488.jpg,-0.24983,0.30981,0.0
2848,rgb/002848.jpg,0.10977,0.41177,0.0
2386,rgb/002386.jpg,-0.06917,0.08259,0.0
17344,rgb/017344.jpg,-0.00012,0.38824,0.0
42062,rgb/042062.jpg,0.28768,0.18982,0.0
7101,rgb/007101.jpg,0.21815,0.14119,0.0
21215,rgb/021215.jpg,0.27966,0.22354,0.0
2616,rgb/002616.jpg,0.13199,0.15982,0.0
15231,rgb/015231.jpg,0.0073,0.35687,0.0
16134,rgb/016134.jpg,0.23566,0.16697,0.0
7141,rgb/007141.jpg,0.25364,0.22687,0.0
24411,rgb/024411.jpg,-0.06426,0.33724,0.0
39704,rgb/039704.jpg,-0.11773,0.24315,0.0
2649,rgb/002649.jpg,0.18399,0.13335,0.0
26626,rgb/026626.jpg,0.21341,0.23539,0.0
8427,rgb/008427.jpg,-0.13192,0.19931,0.0
43534,rgb/043534.jpg,-0.1993,0.22354,0.0
15664,rgb/015664.jpg,-0.21301,0.34119,0.0
2504,rgb/002504.jpg,-0.18759,0.30981,0.0
5376,rgb/005376.jpg,0.12206,0.32541,0.0
34157,rgb/034157.jpg,-0.13661,0.28235,0.0
2495,rgb/002495.jpg,-0.23645,0.30981,0.0
26594,rgb/026594.jpg,0.25739,0.123,0.0
42102,rgb/042102.jpg,0.15159,0.21178,0.0
26646,rgb/026646.jpg,0.18029,0.2681,0.0
10220,rgb/010220.jpg,-0.10393,0.38432,0.0
29468,rgb/029468.jpg,-0.04426,0.31374,0.0
20517,rgb/020517.jpg,-0.05383,0.36854,0.0
24825,rgb/024825.jpg,0.15038,0.04364,0.0
33095,rgb/033095.jpg,-0.0,0.34119,0.0
31298,rgb/031298.jpg,-0.08981,0.37648,0.0
38814,rgb/038814.jpg,0.17984,0.28427,0.0
30682,rgb/030682.jpg,-0.16487,0.03532,0.0
37629,rgb/037629.jpg,-0.08905,0.2157,0.0
33267,rgb/033267.jpg,0.04149,0.34119,0.0
25477,rgb/025477.jpg,0.00026,0.14119,0.0
6377,rgb/006377.jpg,0.13518,0.32158,0.0
42045,rgb/042045.jpg,0.28744,0.05885,0.0
36737,rgb/036737.jpg,0.06897,0.33727,0.0
25329,rgb/025329.jpg,0.24036,0.14119,0.0
44517,rgb/044517.jpg,0.07225,0.27452,0.0
212,rgb/000212.jpg,0.043,0.0,0.0
15059,rgb/015059.jpg,-0.1234,0.23513,0.0
23716,rgb/023716.jpg,0.15044,0.1608,0.0
43410,rgb/043410.jpg,-0.07378,0.22354,0.0
2862,rgb/002862.jpg,0.087,0.41177,0.0
7715,rgb/007715.jpg,0.27666,0.26274,0.0
36163,rgb/036163.jpg,0.0,0.3255,0.0
21181,rgb/021181.jpg,0.06437,0.22354,0.0
15841,rgb/015841.jpg,0.10135,0.40784,0.0
24820,rgb/024820.jpg,0.12276,0.03139,0.0
36010,rgb/036010.jpg,0.0,0.32158,0.0
40343,rgb/040343.jpg,0.28103,0.29021,0.0
12280,rgb/012280.jpg,0.0,0.34903,0.0
1302,rgb/001302.jpg,-0.02488,0.36864,0.0
24260,rgb/024260.jpg,0.20009,0.25099,0.0
31208,rgb/031208.jpg,-0.08332,0.37648,0.0
15705,rgb/015705.jpg,-0.21103,0.34119,0.0
8455,rgb/008455.jpg,-0.18012,0.31685,0.0
2476,rgb/002476.jpg,-0.24963,0.30981,0.0
1041,rgb/001041.jpg,-0.02368,0.35295,0.0
30211,rgb/030211.jpg,-0.00264,0.23138,0.0
30016,rgb/030016.jpg,0.29267,0.21962,0.0
25290,rgb/025290.jpg,0.09238,0.14115,0.0
35099,rgb/035099.jpg,-0.05131,0.32931,0.0
7406,rgb/007406.jpg,-0.0,0.34903,0.0
44286,rgb/044286.jpg,0.19345,0.27452,0.0
1155,rgb/001155.jpg,0.42486,0.2666,0.0
38785,rgb/038785.jpg,0.27155,0.29602,0.0
25325,rgb/025325.jpg,0.23163,0.14119,0.0
19155,rgb/019155.jpg,0.13223,0.26668,0.0
26623,rgb/026623.jpg,0.2139,0.23014,0.0
40835,rgb/040835.jpg,0.03939,0.29021,0.0
29422,rgb/029422.jpg,0.24487,0.31374,0.0
12928,rgb/012928.jpg,-0.11435,0.31374,0.0
2620,rgb/002620.jpg,0.15742,0.14918,0.0
37764,rgb/037764.jpg,0.14139,0.08629,0.0
29133,rgb/029133.jpg,0.20591,0.32102,0.0
2570,rgb/002570.jpg,0.09657,0.28222,0.0
34476,rgb/034476.jpg,-0.11879,0.30197,0.0
16174,rgb/016174.jpg,0.1569,0.35286,0.0
26585,rgb/026585.jpg,0.23994,0.10346,0.0
7102,rgb/007102.jpg,0.21935,0.14119,0.0
38034,rgb/038034.jpg,0.12292,0.30197,0.0
13041,rgb/013041.jpg,-0.04411,0.36079,0.0
10916,rgb/010916.jpg,-0.04384,0.38432,0.0
43652,rgb/043652.jpg,0.11835,0.38432,0.0
21246,rgb/021246.jpg,0.23745,0.22354,0.0
32569,rgb/032569.jpg,-0.09271,0.34119,0.0
22767,rgb/022767.jpg,0.26577,0.19217,0.0
30701,rgb/030701.jpg,-0.22329,0.12068,0.0
25869,rgb/025869.jpg,0.19617,0.17648,0.0
43267,rgb/043267.jpg,0.16179,0.2206,0.0
12037,rgb/012037.jpg,-0.06226,0.38432,0.0
9003,rgb/009003.jpg,-0.11454,0.33727,0.0
23159,rgb/023159.jpg,0.23938,0.0,0.0
6374,rgb/006374.jpg,0.1354,0.32158,0.0
28462,rgb/028462.jpg,-0.05103,0.34608,0.0
25332,rgb/025332.jpg,0.24652,0.14119,0.0
15608,rgb/015608.jpg,-0.24972,0.34119,0.0
29389,rgb/029389.jpg,0.24265,0.31374,0.0
656,rgb/000656.jpg,0.09363,0.30981,0.0
28370,rgb/028370.jpg,0.25134,0.28271,0.0
23735,rgb/023735.jpg,0.16154,0.1608,0.0
37810,rgb/037810.jpg,0.21744,0.21175,0.0
16133,rgb/016133.jpg,0.2265,0.16772,0.0
26678,rgb/026678.jpg,0.0588,0.28824,0.0
22961,rgb/022961.jpg,-0.03136,0.32942,0.0
4972,rgb/004972.jpg,0.0,0.38824,0.0
16176,rgb/016176.jpg,0.16021,0.3632,0.0
26098,rgb/026098.jpg,0.0213,0.35687,0.0
42659,rgb/042659.jpg,0.1135,0.20001,0.0
23728,rgb/023728.jpg,0.16091,0.1608,0.0
24830,rgb/024830.jpg,0.17284,0.11236,0.0
7662,rgb/007662.jpg,0.21109,0.08237,0.0
4521,rgb/004521.jpg,0.00728,0.38824,0.0
2627,rgb/002627.jpg,0.20259,0.13546,0.0
16401,rgb/016401.jpg,0.04176,0.4157,0.0
23186,rgb/023186.jpg,0.14807,0.11945,0.0
19111,rgb/019111.jpg,0.20499,0.26668,0.0
2640,rgb/002640.jpg,0.21269,0.1334,0.0
36616,rgb/036616.jpg,0.14075,0.33727,0.0
37584,rgb/037584.jpg,-0.26301,0.16101,0.0
22800,rgb/022800.jpg,0.18204,0.28435,0.0
2420,rgb/002420.jpg,-0.1435,0.26805,0.0
7162,rgb/007162.jpg,0.20218,0.23135,0.0
29889,rgb/029889.jpg,0.04357,1e-05,0.0
21577,rgb/021577.jpg,-0.03142,0.34903,0.0
37751,rgb/037751.jpg,0.09634,0.08649,0.0
24020,rgb/024020.jpg,0.0,0.24315,0.0
25381,rgb/025381.jpg,0.09068,0.14119,0.0
24330,rgb/024330.jpg,0.13346,0.25491,0.0
36731,rgb/036731.jpg,0.06897,0.33727,0.0
43492,rgb/043492.jpg,-0.16932,0.22354,0.0
18700,rgb/018700.jpg,0.07441,0.39124,0.0
7718,rgb/007718.jpg,0.28045,0.26275,0.0
11964,rgb/011964.jpg,-0.04406,0.38432,0.0
32535,rgb/032535.jpg,-0.04253,0.34119,0.0
7118,rgb/007118.jpg,0.24152,0.18946,0.0
34231,rgb/034231.jpg,-0.0882,0.29017,0.0
30697,rgb/030697.jpg,-0.20779,0.05908,0.0
39868,rgb/039868.jpg,0.17909,0.29021,0.0
35870,rgb/035870.jpg,-0.00261,0.32158,0.0
42078,rgb/042078.jpg,0.27502,0.21156,0.0
15746,rgb/015746.jpg,-0.21103,0.34119,0.0
13920,rgb/013920.jpg,-0.03666,0.36071,0.0
31548,rgb/031548.jpg,-2e-05,0.31766,0.0
38803,rgb/038803.jpg,0.26051,0.30584,0.0
22380,rgb/022380.jpg,0.30507,0.32645,0.0
9034,rgb/009034.jpg,-0.14142,0.33727,0.0
37544,rgb/037544.jpg,-0.19161,0.09021,0.0
8463,rgb/008463.jpg,-0.18017,0.33084,0.0
17027,rgb/017027.jpg,0.1207,0.38824,0.0
22343,rgb/022343.jpg,0.22691,0.21593,0.0
15663,rgb/015663.jpg,-0.21302,0.34119,0.0
31210,rgb/031210.jpg,-0.09164,0.37648,0.0
20720,rgb/020720.jpg,0.13636,0.37256,0.0
40808,rgb/040808.jpg,0.04266,0.29021,0.0
2968,rgb/002968.jpg,0.04504,0.41177,0.0
26600,rgb/026600.jpg,0.25877,0.17513,0.0
23493,rgb/023493.jpg,-0.03458,0.26668,0.0
24902,rgb/024902.jpg,0.1806,0.3554,0.0
30774,rgb/030774.jpg,-0.05681,0.28628,0.0
31317,rgb/031317.jpg,-0.11613,0.24248,0.0
43596,rgb/043596.jpg,-0.06917,0.28549,0.0
7132,rgb/007132.jpg,0.25364,0.22089,0.0
30085,rgb/030085.jpg,0.00022,0.23133,0.0
24312,rgb/024312.jpg,0.27301,0.25491,0.0
29375,rgb/029375.jpg,0.2175,0.31373,0.0
37782,rgb/037782.jpg,0.19594,0.18674,0.0
18271,rgb/018271.jpg,-0.0314,0.38824,0.0
14707,rgb/014707.jpg,-0.04797,0.40001,0.0
39013,rgb/039013.jpg,0.00375,0.27452,0.0
24539,rgb/024539.jpg,0.0436,0.46655,0.0
34189,rgb/034189.jpg,-0.1164,0.28628,0.0
19628,rgb/019628.jpg,0.25313,0.29805,0.0
1607,rgb/001607.jpg,0.09134,0.38432,0.0
23710,rgb/023710.jpg,0.1393,0.1608,0.0
23731,rgb/023731.jpg,0.16211,0.1608,0.0
19667,rgb/019667.jpg,0.12591,0.29805,0.0
32918,rgb/032918.jpg,-0.00077,0.34119,0.0
45997,rgb/045997.jpg,0.11709,0.27452,0.0
26633,rgb/026633.jpg,0.21183,0.24551,0.0
44500,rgb/044500.jpg,0.08386,0.27452,0.0
19357,rgb/019357.jpg,-0.03546,0.33727,0.0
42517,rgb/042517.jpg,0.13057,0.0,0.0
8989,rgb/008989.jpg,-0.06637,0.33726,0.0
36626,rgb/036626.jpg,0.12154,0.33727,0.0
27820,rgb/027820.jpg,0.25062,0.1761,0.0
32724,rgb/032724.jpg,-0.08566,0.34119,0.0
29966,rgb/029966.jpg,0.26564,0.21962,0.0
2794,rgb/002794.jpg,0.0,0.41177,0.0
2440,rgb/002440.jpg,-0.18972,0.30816,0.0
1175,rgb/001175.jpg,0.19987,0.26936,0.0
25409,rgb/025409.jpg,0.07649,0.14119,0.0
2467,rgb/002467.jpg,-0.23298,0.30981,0.0
6339,rgb/006339.jpg,0.09505,0.32158,0.0
30250,rgb/030250.jpg,0.22818,0.23138,0.0
8975,rgb/008975.jpg,-0.02726,0.33725,0.0
29383,rgb/029383.jpg,0.22762,0.31374,0.0
11333,rgb/011333.jpg,-0.0,0.38432,0.0
15817,rgb/015817.jpg,0.06825,0.40392,0.0
8912,rgb/008912.jpg,-0.02469,0.30981,0.0
9025,rgb/009025.jpg,-0.14483,0.33727,0.0
39670,rgb/039670.jpg,0.20341,0.24315,0.0
34839,rgb/034839.jpg,-0.04626,0.31766,0.0
32497,rgb/032497.jpg,0.00198,0.34119,0.0
37638,rgb/037638.jpg,-0.05799,0.2157,0.0
43357,rgb/043357.jpg,-0.21489,0.22354,0.0
25854,rgb/025854.jpg,0.29278,0.17648,0.0
37839,rgb/037839.jpg,0.12348,0.25177,0.0
27400,rgb/027400.jpg,-0.03461,0.29805,0.0
34400,rgb/034400.jpg,-0.16654,0.2221,0.0
15202,rgb/015202.jpg,-0.08132,0.35294,0.0
2484,rgb/002484.jpg,-0.25017,0.30981,0.0
29376,rgb/029376.jpg,0.21983,0.31373,0.0
37405,rgb/037405.jpg,-0.0,0.4706,0.0
2500,rgb/002500.jpg,-0.21296,0.30981,0.0
34170,rgb/034170.jpg,-0.13656,0.28599,0.0
20229,rgb/020229.jpg,0.17145,0.01887,0.0
16579,rgb/016579.jpg,0.05641,0.4157,0.0
10574,rgb/010574.jpg,0.03145,0.38432,0.0
37509,rgb/037509.jpg,-0.04193,0.11178,0.0
32029,rgb/032029.jpg,-0.02112,0.32158,0.0
39769,rgb/039769.jpg,-0.14484,0.31371,0.0
14733,rgb/014733.jpg,-0.05998,0.339,0.0
42609,rgb/042609.jpg,0.09618,0.19996,0.0
26662,rgb/026662.jpg,0.13466,0.27965,0.0
35101,rgb/035101.jpg,-0.05133,0.32936,0.0
35768,rgb/035768.jpg,0.10162,0.31766,0.0
7173,rgb/007173.jpg,0.17464,0.23138,0.0
24837,rgb/024837.jpg,0.19571,0.18201,0.0
21988,rgb/021988.jpg,0.08916,0.26802,0.0
43642,rgb/043642.jpg,0.10126,0.38432,0.0
6371,rgb/006371.jpg,0.13534,0.32158,0.0
6368,rgb/006368.jpg,0.13507,0.32158,0.0
27089,rgb/027089.jpg,0.09218,0.29805,0.0
26683,rgb/026683.jpg,0.04289,0.28974,0.0
26520,rgb/026520.jpg,0.05066,0.0,0.0
8997,rgb/008997.jpg,-0.10195,0.33726,0.0
27537,rgb/027537.jpg,-0.06115,0.29805,0.0
12892,rgb/012892.jpg,-0.10867,0.33359,0.0
30339,rgb/030339.jpg,0.08844,0.23138,0.0
2389,rgb/002389.jpg,-0.08473,0.09153,0.0
10302,rgb/010302.jpg,-0.07111,0.38432,0.0
22434,rgb/022434.jpg,-0.04339,0.45099,0.0
15767,rgb/015767.jpg,-0.14509,0.34119,0.0
31940,rgb/031940.jpg,-0.02927,0.32158,0.0
31235,rgb/031235.jpg,-0.13817,0.37648,0.0
5360,rgb/005360.jpg,0.12442,0.32154,0.0
30908,rgb/030908.jpg,0.05275,0.29413,0.0
20225,rgb/020225.jpg,0.11917,0.00871,0.0
33592,rgb/033592.jpg,-0.06149,0.34119,0.0
34706,rgb/034706.jpg,0.06837,0.30582,0.0
34461,rgb/034461.jpg,-0.08134,0.30197,0.0
29115,rgb/029115.jpg,0.27118,0.26507,0.0
30732,rgb/030732.jpg,-0.26095,0.27675,0.0
25808,rgb/025808.jpg,0.26325,0.17648,0.0
25771,rgb/025771.jpg,0.17499,0.17651,0.0
42828,rgb/042828.jpg,-0.0018,0.20786,0.0
33663,rgb/033663.jpg,-0.03572,0.34119,0.0
13986,rgb/013986.jpg,-0.06971,0.38432,0.0
34145,rgb/034145.jpg,-0.13362,0.28184,0.0
11077,rgb/011077.jpg,-0.06466,0.38432,0.0
15183,rgb/015183.jpg,-0.08841,0.35001,0.0
19123,rgb/019123.jpg,0.20576,0.26668,0.0
36455,rgb/036455.jpg,0.04502,0.33727,0.0
37831,rgb/037831.jpg,0.14136,0.21276,0.0
44284,rgb/044284.jpg,0.19345,0.27452,0.0
34614,rgb/034614.jpg,0.10703,0.30197,0.0
21923,rgb/021923.jpg,0.16187,0.21179,0.0
25792,rgb/025792.jpg,0.22099,0.17648,0.0
15704,rgb/015704.jpg,-0.21103,0.34119,0.0
24860,rgb/024860.jpg,0.2546,0.34337,0.0
30254,rgb/030254.jpg,0.24999,0.23138,0.0
42085,rgb/042085.jpg,0.24741,0.21175,0.0
24838,rgb/024838.jpg,0.19886,0.18847,0.0
31072,rgb/031072.jpg,-0.03213,0.37648,0.0
15047,rgb/015047.jpg,-0.09311,0.19956,0.0
37889,rgb/037889.jpg,0.0,0.30197,0.0
40758,rgb/040758.jpg,0.11987,0.29021,0.0
43302,rgb/043302.jpg,-0.10159,0.22354,0.0
16208,rgb/016208.jpg,0.05743,0.37648,0.0
14845,rgb/014845.jpg,-0.04049,0.32942,0.0
14856,rgb/014856.jpg,-0.03593,0.32942,0.0
15097,rgb/015097.jpg,-0.15468,0.27037,0.0
23707,rgb/023707.jpg,0.1328,0.1608,0.0
42094,rgb/042094.jpg,0.19608,0.21177,0.0
26307,rgb/026307.jpg,0.0,0.35687,0.0
11990,rgb/011990.jpg,-0.02986,0.38432,0.0
12402,rgb/012402.jpg,0.0,0.34903,0.0
26613,rgb/026613.jpg,0.22917,0.21116,0.0
20719,rgb/020719.jpg,0.13642,0.37256,0.0
28340,rgb/028340.jpg,0.16273,0.14753,0.0
32555,rgb/032555.jpg,-0.086,0.34119,0.0
43529,rgb/043529.jpg,-0.19961,0.22354,0.0
24901,rgb/024901.jpg,0.18892,0.36275,0.0
32194,rgb/032194.jpg,-0.0,0.32158,0.0
39725,rgb/039725.jpg,-0.35942,0.24315,0.0
30251,rgb/030251.jpg,0.23431,0.23138,0.0
21247,rgb/021247.jpg,0.23385,0.22354,0.0
12342,rgb/012342.jpg,-0.0012,0.34903,0.0
26638,rgb/026638.jpg,0.20499,0.2541,0.0
7114,rgb/007114.jpg,0.23207,0.15639,0.0
1655,rgb/001655.jpg,0.06922,0.38432,0.0
23143,rgb/023143.jpg,0.23274,0.00011,0.0
805,rgb/000805.jpg,0.08654,0.35231,0.0
17283,rgb/017283.jpg,-0.0,0.38824,0.0
1149,rgb/001149.jpg,0.35706,0.26625,0.0
10242,rgb/010242.jpg,-0.11061,0.38432,0.0
16151,rgb/016151.jpg,0.28492,0.16474,0.0
37532,rgb/037532.jpg,-0.14287,0.09024,0.0
35078,rgb/035078.jpg,-0.0,0.32158,0.0
31143,rgb/031143.jpg,-0.00084,0.37648,0.0
12063,rgb/012063.jpg,-0.06944,0.38432,0.0
24273,rgb/024273.jpg,0.2324,0.25469,0.0
8385,rgb/008385.jpg,-0.04792,0.00791,0.0
30240,rgb/030240.jpg,0.14917,0.23138,0.0
11593,rgb/011593.jpg,-0.00022,0.38432,0.0
15132,rgb/015132.jpg,-0.07921,0.30083,0.0
5392,rgb/005392.jpg,0.10319,0.3255,0.0
26586,rgb/026586.jpg,0.2408,0.10603,0.0
43035,rgb/043035.jpg,0.02231,0.21178,0.0
34467,rgb/034467.jpg,-0.08578,0.30197,0.0
25446,rgb/025446.jpg,0.06132,0.14119,0.0
46020,rgb/046020.jpg,0.11815,0.27452,0.0
34385,rgb/034385.jpg,-0.08522,0.29413,0.0
15186,rgb/015186.jpg,-0.08843,0.35171,0.0
22776,rgb/022776.jpg,0.30319,0.19217,0.0
9065,rgb/009065.jpg,-0.10956,0.33727,0.0
9032,rgb/009032.jpg,-0.14373,0.33727,0.0
26799,rgb/026799.jpg,0.0,0.29804,0.0
44262,rgb/044262.jpg,0.19319,0.27452,0.0
39842,rgb/039842.jpg,0.12593,0.29021,0.0
42690,rgb/042690.jpg,0.10457,0.20228,0.0
27587,rgb/027587.jpg,-0.0,0.29805,0.0
44007,rgb/044007.jpg,-0.0,0.27452,0.0
23183,rgb/023183.jpg,0.13745,0.11013,0.0
37634,rgb/037634.jpg,-0.07493,0.2157,0.0
43580,rgb/043580.jpg,-0.09949,0.22354,0.0
20746,rgb/020746.jpg,0.1091,0.37256,0.0
25829,rgb/025829.jpg,0.30664,0.17648,0.0
19746,rgb/019746.jpg,-0.02674,0.3773,0.0
42096,rgb/042096.jpg,0.18378,0.21178,0.0
25421,rgb/025421.jpg,0.09413,0.14119,0.0
31314,rgb/031314.jpg,-0.11617,0.28397,0.0
15721,rgb/015721.jpg,-0.21103,0.34119,0.0
37631,rgb/037631.jpg,-0.08251,0.2157,0.0
25833,rgb/025833.jpg,0.31079,0.17648,0.0
39685,rgb/039685.jpg,0.12164,0.24315,0.0
16054,rgb/016054.jpg,-0.04148,0.40785,0.0
13875,rgb/013875.jpg,-0.07226,0.16864,0.0
28359,rgb/028359.jpg,0.24461,0.14512,0.0
39712,rgb/039712.jpg,-0.17764,0.24315,0.0
6795,rgb/006795.jpg,0.0,0.32158,0.0
2682,rgb/002682.jpg,0.08597,0.21536,0.0
16463,rgb/016463.jpg,0.08173,0.4157,0.0
23203,rgb/023203.jpg,0.10892,0.16709,0.0
25391,rgb/025391.jpg,0.06416,0.14119,0.0
15763,rgb/015763.jpg,-0.18836,0.34119,0.0
22349,rgb/022349.jpg,0.22698,0.26223,0.0
7147,rgb/007147.jpg,0.24514,0.22907,0.0
21958,rgb/021958.jpg,0.13072,0.23176,0.0
7116,rgb/007116.jpg,0.23675,0.17645,0.0
42744,rgb/042744.jpg,-0.03962,0.20393,0.0
8156,rgb/008156.jpg,0.04239,0.36864,0.0
15919,rgb/015919.jpg,-0.04016,0.40785,0.0
35731,rgb/035731.jpg,0.1473,0.31357,0.0
25838,rgb/025838.jpg,0.31195,0.17648,0.0
44282,rgb/044282.jpg,0.19345,0.27452,0.0
23217,rgb/023217.jpg,0.09872,0.20082,0.0
30020,rgb/030020.jpg,0.25744,0.21962,0.0
17220,rgb/017220.jpg,-0.02999,0.38824,0.0
39987,rgb/039987.jpg,2e-05,0.29021,0.0
30408,rgb/030408.jpg,-0.04419,0.23138,0.0
43502,rgb/043502.jpg,-0.18585,0.22354,0.0
7143,rgb/007143.jpg,0.25272,0.22713,0.0
21226,rgb/021226.jpg,0.31779,0.22354,0.0
35734,rgb/035734.jpg,0.14731,0.31367,0.0
2428,rgb/002428.jpg,-0.16976,0.29831,0.0
24293,rgb/024293.jpg,0.29321,0.25491,0.0
2507,rgb/002507.jpg,-0.16599,0.30981,0.0
15197,rgb/015197.jpg,-0.08754,0.3529,0.0
42560,rgb/042560.jpg,0.16677,0.18971,0.0
22968,rgb/022968.jpg,-0.03419,0.32942,0.0
29140,rgb/029140.jpg,0.17651,0.3249,0.0
15710,rgb/015710.jpg,-0.21103,0.34119,0.0
15600,rgb/015600.jpg,-0.22427,0.34119,0.0
34219,rgb/034219.jpg,-0.0983,0.28897,0.0
43491,rgb/043491.jpg,-0.16716,0.22354,0.0
32582,rgb/032582.jpg,-0.09812,0.34119,0.0
43470,rgb/043470.jpg,-0.09951,0.22354,0.0
42570,rgb/042570.jpg,0.16132,0.19525,0.0
8398,rgb/008398.jpg,-0.08757,0.00786,0.0
25313,rgb/025313.jpg,0.20218,0.14119,0.0
30259,rgb/030259.jpg,0.26987,0.23138,0.0
25848,rgb/025848.jpg,0.30781,0.17648,0.0
24893,rgb/024893.jpg,0.2317,0.36863,0.0
39896,rgb/039896.jpg,-0.04898,0.29021,0.0
26945,rgb/026945.jpg,0.00737,0.29805,0.0
27814,rgb/027814.jpg,0.22339,0.11374,0.0
34457,rgb/034457.jpg,-0.10155,0.30197,0.0
27798,rgb/027798.jpg,0.12352,0.11395,0.0
30773,rgb/030773.jpg,-0.05879,0.28627,0.0
24868,rgb/024868.jpg,0.2547,0.3658,0.0
45982,rgb/045982.jpg,0.11221,0.27452,0.0
43543,rgb/043543.jpg,-0.16636,0.22354,0.0
21279,rgb/021279.jpg,-0.07261,0.33731,0.0
7207,rgb/007207.jpg,-0.02468,0.23138,0.0
12896,rgb/012896.jpg,-0.11343,0.32213,0.0
7712,rgb/007712.jpg,0.27194,0.26271,0.0
5318,rgb/005318.jpg,0.1024,0.23907,0.0
13895,rgb/013895.jpg,-0.07217,0.31255,0.0
43375,rgb/043375.jpg,-0.15973,0.22354,0.0
34422,rgb/034422.jpg,-0.19808,0.29773,0.0
23112,rgb/023112.jpg,0.0465,0.33334,0.0
3674,rgb/003674.jpg,0.08552,0.43138,0.0
17938,rgb/017938.jpg,0.13459,0.38824,0.0
37552,rgb/037552.jpg,-0.21863,0.09021,0.0
24896,rgb/024896.jpg,0.21987,0.36864,0.0
30814,rgb/030814.jpg,0.03722,0.29021,0.0
15703,rgb/015703.jpg,-0.21103,0.34119,0.0
15684,rgb/015684.jpg,-0.21285,0.34119,0.0
35690,rgb/035690.jpg,0.1264,0.29391,0.0
39785,rgb/039785.jpg,-0.06314,0.31374,0.0
22393,rgb/022393.jpg,0.13755,0.39535,0.0
15124,rgb/015124.jpg,-0.14521,0.27647,0.0
29385,rgb/029385.jpg,0.23063,0.31374,0.0
43320,rgb/043320.jpg,-0.22005,0.22354,0.0
46029,rgb/046029.jpg,0.12062,0.27452,0.0
2405,rgb/002405.jpg,-0.12178,0.09897,0.0
25766,rgb/025766.jpg,0.15455,0.17658,0.0
8871,rgb/008871.jpg,-0.03497,0.30981,0.0
35833,rgb/035833.jpg,0.04966,0.32119,0.0
44303,rgb/044303.jpg,0.17895,0.27452,0.0
4478,rgb/004478.jpg,0.05803,0.38824,0.0
34574,rgb/034574.jpg,0.10795,0.30197,0.0
39794,rgb/039794.jpg,-0.0558,0.31374,0.0
11956,rgb/011956.jpg,-0.0437,0.38432,0.0
15093,rgb/015093.jpg,-0.14721,0.26988,0.0
56,rgb/000056.jpg,0.04312,0.0,0.0
27852,rgb/027852.jpg,0.24246,0.34086,0.0
44257,rgb/044257.jpg,0.19122,0.27452,0.0
42066,rgb/042066.jpg,0.28723,0.20483,0.0
27811,rgb/027811.jpg,0.20801,0.11374,0.0
30699,rgb/030699.jpg,-0.21664,0.09035,0.0
9081,rgb/009081.jpg,-0.10989,0.33727,0.0
25759,rgb/025759.jpg,0.1222,0.17721,0.0
19781,rgb/019781.jpg,-0.0,0.3804,0.0
39706,rgb/039706.jpg,-0.13315,0.24315,0.0
29465,rgb/029465.jpg,-0.04172,0.31374,0.0
29949,rgb/029949.jpg,0.18231,0.21908,0.0
30474,rgb/030474.jpg,0.04997,0.23138,0.0
2497,rgb/002497.jpg,-0.22812,0.30981,0.0
26250,rgb/026250.jpg,0.0,0.35687,0.0
17933,rgb/017933.jpg,0.11907,0.38824,0.0
34851,rgb/034851.jpg,-0.06233,0.31766,0.0
29420,rgb/029420.jpg,0.25499,0.31374,0.0
19091,rgb/019091.jpg,0.12822,0.26673,0.0
7672,rgb/007672.jpg,0.2147,0.1756,0.0
10621,rgb/010621.jpg,-0.01405,0.38432,0.0
1441,rgb/001441.jpg,-0.0,0.37256,0.0
36549,rgb/036549.jpg,0.03668,0.33727,0.0
25320,rgb/025320.jpg,0.22025,0.14119,0.0
38749,rgb/038749.jpg,0.17581,0.1987,0.0
7685,rgb/007685.jpg,0.22663,0.23795,0.0
34990,rgb/034990.jpg,-0.02273,0.32158,0.0
21784,rgb/021784.jpg,-0.0,0.36864,0.0
44290,rgb/044290.jpg,0.19345,0.27452,0.0
16253,rgb/016253.jpg,-0.06622,0.41175,0.0
19653,rgb/019653.jpg,0.23646,0.29805,0.0
43558,rgb/043558.jpg,-0.09551,0.22354,0.0
22764,rgb/022764.jpg,0.23724,0.19217,0.0
6538,rgb/006538.jpg,0.03381,0.32158,0.0
23155,rgb/023155.jpg,0.25757,0.0,0.0
2463,rgb/002463.jpg,-0.21551,0.30981,0.0
29382,rgb/029382.jpg,0.22673,0.31374,0.0
22756,rgb/022756.jpg,0.15633,0.19221,0.0
38761,rgb/038761.jpg,0.22858,0.19238,0.0
15064,rgb/015064.jpg,-0.1348,0.24522,0.0
29316,rgb/029316.jpg,0.09676,0.05108,0.0
16433,rgb/016433.jpg,0.08573,0.4157,0.0
30285,rgb/030285.jpg,0.25879,0.23138,0.0
33573,rgb/033573.jpg,-0.05497,0.34119,0.0
35647,rgb/035647.jpg,0.07098,0.15312,0.0
13879,rgb/013879.jpg,-0.07221,0.16864,0.0
27309,rgb/027309.jpg,0.04798,0.29805,0.0
42674,rgb/042674.jpg,0.10276,0.20001,0.0
16160,rgb/016160.jpg,0.19759,0.16472,0.0
38751,rgb/038751.jpg,0.188,0.19584,0.0
26556,rgb/026556.jpg,0.2182,0.0,0.0
24833,rgb/024833.jpg,0.18349,0.1452,0.0
2421,rgb/002421.jpg,-0.14663,0.27457,0.0
34128,rgb/034128.jpg,-0.10189,0.27842,0.0
39860,rgb/039860.jpg,0.18725,0.29021,0.0
39759,rgb/039759.jpg,-0.23727,0.31322,0.0
21919,rgb/021919.jpg,0.13866,0.21183,0.0
44301,rgb/044301.jpg,0.18611,0.27452,0.0
10997,rgb/010997.jpg,-0.03868,0.38432,0.0
29643,rgb/029643.jpg,0.06501,0.44314,0.0
8380,rgb/008380.jpg,-0.04165,0.00809,0.0
29977,rgb/029977.jpg,0.28367,0.21962,0.0
34723,rgb/034723.jpg,0.08388,0.30589,0.0
24970,rgb/024970.jpg,-0.013,0.14119,0.0
26549,rgb/026549.jpg,0.1839,0.0,0.0
10536,rgb/010536.jpg,-0.00212,0.38432,0.0
37115,rgb/037115.jpg,0.05595,0.33727,0.0
37785,rgb/037785.jpg,0.20458,0.19668,0.0
31903,rgb/031903.jpg,-0.0,0.32158,0.0
15088,rgb/015088.jpg,-0.14015,0.26756,0.0
2569,rgb/002569.jpg,0.09621,0.28348,0.0
34148,rgb/034148.jpg,-0.13578,0.28214,0.0
43263,rgb/043263.jpg,0.16299,0.21961,0.0
43229,rgb/043229.jpg,0.1393,0.19217,0.0
9898,rgb/009898.jpg,0.0,0.3804,0.0
43251,rgb/043251.jpg,0.16455,0.21936,0.0
37013,rgb/037013.jpg,0.0,0.33727,0.0
29146,rgb/029146.jpg,0.16507,0.32539,0.0
17978,rgb/017978.jpg,0.12204,0.38824,0.0
7297,rgb/007297.jpg,0.04054,0.34903,0.0
30318,rgb/030318.jpg,0.11002,0.23138,0.0
39562,rgb/039562.jpg,0.0,0.24315,0.0
46597,rgb/046597.jpg,0.0,0.27452,0.0
28364,rgb/028364.jpg,0.25013,0.203,0.0
34149,rgb/034149.jpg,-0.13607,0.2822,0.0
29648,rgb/029648.jpg,0.05487,0.44315,0.0
15668,rgb/015668.jpg,-0.21299,0.34119,0.0
60,rgb/000060.jpg,0.04268,0.0,0.0
2989,rgb/002989.jpg,0.03335,0.41177,0.0
7106,rgb/007106.jpg,0.22188,0.14119,0.0
25791,rgb/025791.jpg,0.21868,0.17648,0.0
42025,rgb/042025.jpg,0.22966,0.06205,0.0
43382,rgb/043382.jpg,-0.12154,0.22354,0.0
29118,rgb/029118.jpg,0.25419,0.27733,0.0
43344,rgb/043344.jpg,-0.24048,0.22354,0.0
8483,rgb/008483.jpg,-0.19588,0.33334,0.0
18620,rgb/018620.jpg,0.04179,0.38824,0.0
39673,rgb/039673.jpg,0.19328,0.24315,0.0
33638,rgb/033638.jpg,-0.0,0.34119,0.0
39711,rgb/039711.jpg,-0.16744,0.24315,0.0
29953,rgb/029953.jpg,0.20387,0.21945,0.0
15760,rgb/015760.jpg,-0.20452,0.34119,0.0
25809,rgb/025809.jpg,0.26575,0.17648,0.0
29083,rgb/029083.jpg,0.30199,1e-05,0.0
43677,rgb/043677.jpg,0.11395,0.38432,0.0
7085,rgb/007085.jpg,0.17532,0.14119,0.0
34615,rgb/034615.jpg,0.10527,0.30197,0.0
20236,rgb/020236.jpg,0.23027,0.04543,0.0
32080,rgb/032080.jpg,-0.0,0.32158,0.0
9383,rgb/009383.jpg,-0.04081,0.33727,0.0
19100,rgb/019100.jpg,0.1827,0.26668,0.0
7729,rgb/007729.jpg,0.28288,0.26628,0.0
32721,rgb/032721.jpg,-0.08661,0.34119,0.0
7797,rgb/007797.jpg,0.0,0.26668,0.0
2857,rgb/002857.jpg,0.09446,0.41177,0.0
31695,rgb/031695.jpg,-0.00724,0.31766,0.0
12923,rgb/012923.jpg,-0.11435,0.31374,0.0
36591,rgb/036591.jpg,0.07731,0.33727,0.0
14768,rgb/014768.jpg,-0.07395,0.32942,0.0
7733,rgb/007733.jpg,0.28283,0.26655,0.0
24331,rgb/024331.jpg,0.13315,0.25491,0.0
15199,rgb/015199.jpg,-0.08585,0.35292,0.0
30409,rgb/030409.jpg,-0.04417,0.23138,0.0
5314,rgb/005314.jpg,0.09758,0.20698,0.0
25376,rgb/025376.jpg,0.1227,0.14119,0.0
34596,rgb/034596.jpg,0.11459,0.30197,0.0
9001,rgb/009001.jpg,-0.1131,0.33727,0.0
23168,rgb/023168.jpg,0.15221,0.04408,0.0
23736,rgb/023736.jpg,0.16117,0.1608,0.0
23171,rgb/023171.jpg,0.13523,0.07344,0.0
2683,rgb/002683.jpg,0.08751,0.2174,0.0
7659,rgb/007659.jpg,0.20278,0.08237,0.0
43761,rgb/043761.jpg,-0.04275,0.38432,0.0
30693,rgb/030693.jpg,-0.19104,0.03531,0.0
20778,rgb/020778.jpg,0.00517,0.37256,0.0
11115,rgb/011115.jpg,-0.08448,0.2242,0.0
32119,rgb/032119.jpg,-0.02608,0.32158,0.0
23768,rgb/023768.jpg,0.11965,0.2,0.0
5359,rgb/005359.jpg,0.12442,0.32153,0.0
12939,rgb/012939.jpg,-0.09482,0.31374,0.0
25346,rgb/025346.jpg,0.27545,0.14119,0.0
22806,rgb/022806.jpg,0.13294,0.29065,0.0
21928,rgb/021928.jpg,0.17995,0.21178,0.0
24878,rgb/024878.jpg,0.25258,0.36848,0.0
20516,rgb/020516.jpg,-0.05645,0.36851,0.0
38997,rgb/038997.jpg,0.05965,0.27452,0.0
4407,rgb/004407.jpg,0.09202,0.38824,0.0
13974,rgb/013974.jpg,-0.0627,0.38431,0.0
2407,rgb/002407.jpg,-0.12459,0.10494,0.0
2505,rgb/002505.jpg,-0.17998,0.30981,0.0
15070,rgb/015070.jpg,-0.13972,0.25438,0.0
30843,rgb/030843.jpg,0.06146,0.29413,0.0
33753,rgb/033753.jpg,-0.06253,0.34119,0.0
23754,rgb/023754.jpg,0.15251,0.1608,0.0
39289,rgb/039289.jpg,-0.01714,0.27452,0.0
38833,rgb/038833.jpg,0.05222,0.27456,0.0
24328,rgb/024328.jpg,0.13468,0.25491,0.0
29915,rgb/029915.jpg,0.09105,0.12017,0.0
26856,rgb/026856.jpg,-0.05373,0.29805,0.0
15629,rgb/015629.jpg,-0.25404,0.34119,0.0
12897,rgb/012897.jpg,-0.11379,0.32003,0.0
22724,rgb/022724.jpg,-0.0,0.28535,0.0
10351,rgb/010351.jpg,-0.08911,0.38432,0.0
43691,rgb/043691.jpg,0.08198,0.38432,0.0
27107,rgb/027107.jpg,0.09031,0.29805,0.0
37806,rgb/037806.jpg,0.21774,0.21168,0.0
7093,rgb/007093.jpg,0.20262,0.14119,0.0
10225,rgb/010225.jpg,-0.10779,0.38432,0.0
43575,rgb/043575.jpg,-0.1009,0.22354,0.0
25326,rgb/025326.jpg,0.23394,0.14119,0.0
40370,rgb/040370.jpg,0.12949,0.29021,0.0
15639,rgb/015639.jpg,-0.25108,0.34119,0.0
23144,rgb/023144.jpg,0.23674,9e-05,0.0
8443,rgb/008443.jpg,-0.17574,0.29097,0.0
42068,rgb/042068.jpg,0.28638,0.20787,0.0
36612,rgb/036612.jpg,0.13752,0.33727,0.0
7105,rgb/007105.jpg,0.22157,0.14119,0.0
16793,rgb/016793.jpg,-0.02455,0.45491,0.0
27860,rgb/027860.jpg,0.20354,0.34115,0.0
15103,rgb/015103.jpg,-0.1563,0.27154,0.0
34124,rgb/034124.jpg,-0.09543,0.27839,0.0
20262,rgb/020262.jpg,0.26741,0.20536,0.0
179,rgb/000179.jpg,0.04296,0.0,0.0
39879,rgb/039879.jpg,0.09375,0.29021,0.0
20241,rgb/020241.jpg,0.24902,0.08402,0.0
12059,rgb/012059.jpg,-0.06936,0.38432,0.0
36475,rgb/036475.jpg,0.02776,0.33727,0.0
30246,rgb/030246.jpg,0.2,0.23138,0.0
16476,rgb/016476.jpg,0.0454,0.4157,0.0
20289,rgb/020289.jpg,0.13153,0.21177,0.0
15599,rgb/015599.jpg,-0.214,0.34119,0.0
11039,rgb/011039.jpg,-0.04737,0.38432,0.0
15779,rgb/015779.jpg,-0.07084,0.34119,0.0
31324,rgb/031324.jpg,-0.10279,0.16995,0.0
37809,rgb/037809.jpg,0.21766,0.21173,0.0
37644,rgb/037644.jpg,-0.04124,0.2157,0.0
39726,rgb/039726.jpg,-0.3733,0.24315,0.0
3796,rgb/003796.jpg,0.0503,0.43138,0.0
6930,rgb/006930.jpg,0.0,0.32158,0.0
44256,rgb/044256.jpg,0.1901,0.27452,0.0
10329,rgb/010329.jpg,-0.09752,0.38432,0.0
41243,rgb/041243.jpg,3e-05,0.29021,0.0
42095,rgb/042095.jpg,0.18997,0.21178,0.0
23146,rgb/023146.jpg,0.24358,5e-05,0.0
43170,rgb/043170.jpg,0.0,0.2157,0.0
43494,rgb/043494.jpg,-0.1733,0.22354,0.0
11002,rgb/011002.jpg,-0.04016,0.38432,0.0
28937,rgb/028937.jpg,-0.0,0.00062,0.0
43313,rgb/043313.jpg,-0.1837,0.22354,0.0
39771,rgb/039771.jpg,-0.12996,0.31372,0.0
36661,rgb/036661.jpg,0.0529,0.33727,0.0
30469,rgb/030469.jpg,0.06109,0.23138,0.0
19646,rgb/019646.jpg,0.25228,0.29805,0.0
43718,rgb/043718.jpg,-0.04914,0.38432,0.0
39777,rgb/039777.jpg,-0.09413,0.31373,0.0
8062,rgb/008062.jpg,-0.03339,0.36863,0.0
26375,rgb/026375.jpg,-0.02941,0.35687,0.0
39940,rgb/039940.jpg,0.08927,0.29021,0.0
7700,rgb/007700.jpg,0.26375,0.26135,0.0
25872,rgb/025872.jpg,0.17579,0.18335,0.0
24277,rgb/024277.jpg,0.24321,0.25484,0.0
25819,rgb/025819.jpg,0.2892,0.17648,0.0
42099,rgb/042099.jpg,0.16576,0.21178,0.0
18411,rgb/018411.jpg,0.0232,0.38824,0.0
38800,rgb/038800.jpg,0.26787,0.30576,0.0
43395,rgb/043395.jpg,-0.09997,0.22354,0.0
39890,rgb/039890.jpg,-0.01364,0.29021,0.0
24871,rgb/024871.jpg,0.2547,0.36744,0.0
43307,rgb/043307.jpg,-0.15268,0.22354,0.0
38750,rgb/038750.jpg,0.18265,0.19707,0.0
42003,rgb/042003.jpg,0.05272,0.24315,0.0
15054,rgb/015054.jpg,-0.11047,0.21978,0.0
34705,rgb/034705.jpg,0.06812,0.3058,0.0
37598,rgb/037598.jpg,-0.2637,0.21259,0.0
2431,rgb/002431.jpg,-0.1782,0.30043,0.0
40714,rgb/040714.jpg,0.048,0.29021,0.0
8999,rgb/008999.jpg,-0.10967,0.33727,0.0
20258,rgb/020258.jpg,0.26639,0.19996,0.0
43274,rgb/043274.jpg,0.14775,0.22315,0.0
10223,rgb/010223.jpg,-0.1071,0.38432,0.0
15117,rgb/015117.jpg,-0.15891,0.27447,0.0
36772,rgb/036772.jpg,0.00126,0.33727,0.0
44548,rgb/044548.jpg,0.04837,0.27452,0.0
2398,rgb/002398.jpg,-0.11151,0.09756,0.0
18040,rgb/018040.jpg,-0.00458,0.38824,0.0
21937,rgb/021937.jpg,0.18446,0.21178,0.0
31307,rgb/031307.jpg,-0.11581,0.35983,0.0
25780,rgb/025780.jpg,0.19676,0.17648,0.0
39803,rgb/039803.jpg,-0.05555,0.31374,0.0
34759,rgb/034759.jpg,0.07867,0.30981,0.0
7643,rgb/007643.jpg,0.09071,0.08238,0.0
2406,rgb/002406.jpg,-0.12344,0.1007,0.0
30243,rgb/030243.jpg,0.17557,0.23138,0.0
7097,rgb/007097.jpg,0.21286,0.14119,0.0
42034,rgb/042034.jpg,0.27495,0.05908,0.0
43366,rgb/043366.jpg,-0.19112,0.22354,0.0
34546,rgb/034546.jpg,0.06576,0.30197,0.0
45986,rgb/045986.jpg,0.11622,0.27452,0.0
37781,rgb/037781.jpg,0.19327,0.18232,0.0
25849,rgb/025849.jpg,0.30635,0.17648,0.0
22810,rgb/022810.jpg,0.11685,0.2984,0.0
38773,rgb/038773.jpg,0.25325,0.19218,0.0
19649,rgb/019649.jpg,0.24863,0.29805,0.0
24446,rgb/024446.jpg,-0.05795,0.34119,0.0
27115,rgb/027115.jpg,0.08924,0.29805,0.0
43525,rgb/043525.jpg,-0.19768,0.22354,0.0
22031,rgb/022031.jpg,0.05531,0.2706,0.0
37648,rgb/037648.jpg,-0.03975,0.2157,0.0
1575,rgb/001575.jpg,0.04575,0.3843,0.0
35733,rgb/035733.jpg,0.1473,0.31364,0.0
15691,rgb/015691.jpg,-0.21116,0.34119,0.0
38186,rgb/038186.jpg,0.04448,0.30197,0.0
25831,rgb/025831.jpg,0.30913,0.17648,0.0
22324,rgb/022324.jpg,0.15727,0.17659,0.0
16165,rgb/016165.jpg,0.1618,0.18966,0.0
15033,rgb/015033.jpg,-0.06253,0.16866,0.0
39638,rgb/039638.jpg,0.18589,0.24315,0.0
30686,rgb/030686.jpg,-0.17594,0.03531,0.0
16127,rgb/016127.jpg,0.16769,0.18157,0.0
34447,rgb/034447.jpg,-0.18078,0.30197,0.0
2423,rgb/002423.jpg,-0.15351,0.28656,0.0
26813,rgb/026813.jpg,0.0,0.29805,0.0
30013,rgb/030013.jpg,0.30574,0.21962,0.0
22366,rgb/022366.jpg,0.32676,0.31785,0.0
28927,rgb/028927.jpg,-0.0,0.00845,0.0
44271,rgb/044271.jpg,0.19345,0.27452,0.0
19098,rgb/019098.jpg,0.17047,0.26669,0.0
37568,rgb/037568.jpg,-0.2418,0.09021,0.0
5355,rgb/005355.jpg,0.12441,0.32143,0.0
26377,rgb/026377.jpg,-0.02888,0.35687,0.0
16053,rgb/016053.jpg,-0.04011,0.40785,0.0
27142,rgb/027142.jpg,0.08434,0.29805,0.0
16398,rgb/016398.jpg,0.03777,0.4157,0.0
15537,rgb/015537.jpg,0.11684,0.34842,0.0
9089,rgb/009089.jpg,-0.10989,0.33727,0.0
15591,rgb/015591.jpg,-0.12557,0.34119,0.0
8896,rgb/008896.jpg,-0.0261,0.30981,0.0
32581,rgb/032581.jpg,-0.09811,0.34119,0.0
30463,rgb/030463.jpg,0.04828,0.23138,0.0
41491,rgb/041491.jpg,0.00018,0.29021,0.0
29070,rgb/029070.jpg,0.21958,0.00062,0.0
12891,rgb/012891.jpg,-0.10609,0.3376,0.0
9031,rgb/009031.jpg,-0.1444,0.33727,0.0
28454,rgb/028454.jpg,0.0,0.34507,0.0
27032,rgb/027032.jpg,0.0,0.29805,0.0
26578,rgb/026578.jpg,0.23956,0.05809,0.0
10921,rgb/010921.jpg,-0.04396,0.38432,0.0
3798,rgb/003798.jpg,0.05068,0.43138,0.0
29976,rgb/029976.jpg,0.28344,0.21962,0.0
29982,rgb/029982.jpg,0.28417,0.21962,0.0
19132,rgb/019132.jpg,0.20557,0.26668,0.0
24307,rgb/024307.jpg,0.30575,0.25491,0.0
44237,rgb/044237.jpg,0.1294,0.27452,0.0
37593,rgb/037593.jpg,-0.26369,0.20261,0.0
37622,rgb/037622.jpg,-0.14872,0.2157,0.0
10761,rgb/010761.jpg,-0.01929,0.38432,0.0
25902,rgb/025902.jpg,0.15584,0.31605,0.0
34228,rgb/034228.jpg,-0.09567,0.29011,0.0
26560,rgb/026560.jpg,0.2296,0.0,0.0
42753,rgb/042753.jpg,-0.03856,0.20393,0.0
4195,rgb/004195.jpg,-0.00955,0.38824,0.0
2677,rgb/002677.jpg,0.08023,0.20471,0.0
24259,rgb/024259.jpg,0.19663,0.25099,0.0
25345,rgb/025345.jpg,0.2746,0.14119,0.0
35008,rgb/035008.jpg,-0.02325,0.32158,0.0
33959,rgb/033959.jpg,-0.0,0.30162,0.0
30730,rgb/030730.jpg,-0.26069,0.27544,0.0
5409,rgb/005409.jpg,0.11165,0.3255,0.0
37776,rgb/037776.jpg,0.18327,0.14263,0.0
38199,rgb/038199.jpg,0.05044,0.30197,0.0
34416,rgb/034416.jpg,-0.19806,0.28354,0.0
44317,rgb/044317.jpg,0.09756,0.27452,0.0
7125,rgb/007125.jpg,0.25256,0.21034,0.0
23808,rgb/023808.jpg,0.10719,0.21962,0.0
17936,rgb/017936.jpg,0.12864,0.38824,0.0
29154,rgb/029154.jpg,0.10358,0.32549,0.0
32592,rgb/032592.jpg,-0.09804,0.34119,0.0
8996,rgb/008996.jpg,-0.09632,0.33726,0.0
42647,rgb/042647.jpg,0.1482,0.20001,0.0
25802,rgb/025802.jpg,0.2472,0.17648,0.0
11281,rgb/011281.jpg,-0.02595,0.38432,0.0
25770,rgb/025770.jpg,0.17131,0.17651,0.0
33765,rgb/033765.jpg,-0.06391,0.34119,0.0
31886,rgb/031886.jpg,-0.00045,0.32158,0.0
42086,rgb/042086.jpg,0.24183,0.21175,0.0
32774,rgb/032774.jpg,-0.07098,0.34119,0.0
31297,rgb/031297.jpg,-0.08375,0.37648,0.0
16935,rgb/016935.jpg,-2e-05,0.32796,0.0
12916,rgb/012916.jpg,-0.11435,0.31376,0.0
42636,rgb/042636.jpg,0.15445,0.20001,0.0
34166,rgb/034166.jpg,-0.13663,0.28535,0.0
44814,rgb/044814.jpg,-1e-05,0.27452,0.0
1618,rgb/001618.jpg,0.09282,0.38432,0.0
10328,rgb/010328.jpg,-0.09818,0.38432,0.0
369,rgb/000369.jpg,0.0,0.14511,0.0
15223,rgb/015223.jpg,-0.01194,0.35686,0.0
43254,rgb/043254.jpg,0.16451,0.21951,0.0
26622,rgb/026622.jpg,0.21427,0.22842,0.0
9510,rgb/009510.jpg,-0.03001,0.33727,0.0
43355,rgb/043355.jpg,-0.21597,0.22354,0.0
34489,rgb/034489.jpg,-0.12176,0.30197,0.0
27804,rgb/027804.jpg,0.16962,0.11378,0.0
29121,rgb/029121.jpg,0.24114,0.28422,0.0
19157,rgb/019157.jpg,0.12567,0.26668,0.0
28385,rgb/028385.jpg,0.29041,0.33148,0.0
42515,rgb/042515.jpg,0.12452,0.0,0.0
30278,rgb/030278.jpg,0.27977,0.23138,0.0
12433,rgb/012433.jpg,0.0,0.34903,0.0
32547,rgb/032547.jpg,-0.08079,0.34119,0.0
27907,rgb/027907.jpg,0.06866,0.34119,0.0
21931,rgb/021931.jpg,0.18341,0.21178,0.0
26625,rgb/026625.jpg,0.21351,0.23412,0.0
1157,rgb/001157.jpg,0.43721,0.26663,0.0
25307,rgb/025307.jpg,0.18414,0.14119,0.0
27809,rgb/027809.jpg,0.19743,0.11375,0.0
8417,rgb/008417.jpg,-0.13135,0.03372,0.0
14342,rgb/014342.jpg,-0.0319,0.40001,0.0
42585,rgb/042585.jpg,0.11194,0.19608,0.0
29471,rgb/029471.jpg,-0.04492,0.31374,0.0
15743,rgb/015743.jpg,-0.21103,0.34119,0.0
34694,rgb/034694.jpg,0.04942,0.30369,0.0
34147,rgb/034147.jpg,-0.13532,0.28207,0.0
9606,rgb/009606.jpg,-0.03095,0.34119,0.0
1070,rgb/001070.jpg,-8e-05,0.35295,0.0
9121,rgb/009121.jpg,-0.05479,0.33727,0.0
15672,rgb/015672.jpg,-0.21298,0.34119,0.0
28375,rgb/028375.jpg,0.26504,0.31005,0.0
7719,rgb/007719.jpg,0.2813,0.26275,0.0
31213,rgb/031213.jpg,-0.10032,0.37648,0.0
35749,rgb/035749.jpg,0.14534,0.31713,0.0
15149,rgb/015149.jpg,-0.0651,0.3459,0.0
34253,rgb/034253.jpg,-0.04666,0.29343,0.0
42542,rgb/042542.jpg,0.18457,0.09125,0.0
25993,rgb/025993.jpg,-0.05981,0.37648,0.0
21199,rgb/021199.jpg,0.16775,0.22354,0.0
14193,rgb/014193.jpg,-1e-05,0.40001,0.0
15098,rgb/015098.jpg,-0.15529,0.27043,0.0
2413,rgb/002413.jpg,-0.12714,0.1914,0.0
20255,rgb/020255.jpg,0.26483,0.19045,0.0
24268,rgb/024268.jpg,0.22189,0.25398,0.0
43407,rgb/043407.jpg,-0.08654,0.22354,0.0
30734,rgb/030734.jpg,-0.2614,0.27847,0.0
18775,rgb/018775.jpg,0.04866,0.39217,0.0
27803,rgb/027803.jpg,0.16307,0.11379,0.0
20272,rgb/020272.jpg,0.26151,0.21094,0.0
16139,rgb/016139.jpg,0.27405,0.16525,0.0
3806,rgb/003806.jpg,0.04986,0.43138,0.0
30733,rgb/030733.jpg,-0.2612,0.27718,0.0
23787,rgb/023787.jpg,0.12156,0.21946,0.0
10864,rgb/010864.jpg,-0.02236,0.38432,0.0
43352,rgb/043352.jpg,-0.21733,0.22354,0.0
29503,rgb/029503.jpg,-0.04412,0.31374,0.0
8448,rgb/008448.jpg,-0.17963,0.30534,0.0
15690,rgb/015690.jpg,-0.21123,0.34119,0.0
42534,rgb/042534.jpg,0.16947,0.03256,0.0
3884,rgb/003884.jpg,-0.04108,0.43138,0.0
42545,rgb/042545.jpg,0.18641,0.11914,0.0
25885,rgb/025885.jpg,0.1566,0.2497,0.0
27818,rgb/027818.jpg,0.24235,0.14399,0.0
10334,rgb/010334.jpg,-0.09618,0.38432,0.0
5205,rgb/005205.jpg,0.0,0.38824,0.0
43511,rgb/043511.jpg,-0.18842,0.22354,0.0
15539,rgb/015539.jpg,0.11758,0.34526,0.0
39445,rgb/039445.jpg,-1e-05,0.22354,0.0
39665,rgb/039665.jpg,0.21046,0.24315,0.0
27608,rgb/027608.jpg,0.04342,0.32925,0.0
15661,rgb/015661.jpg,-0.21307,0.34119,0.0
35276,rgb/035276.jpg,-0.03466,0.33334,0.0
38859,rgb/038859.jpg,-0.08592,0.27452,0.0
25520,rgb/025520.jpg,0.0,0.14119,0.0
46531,rgb/046531.jpg,0.02081,0.27452,0.0
20757,rgb/020757.jpg,0.09088,0.37256,0.0
43523,rgb/043523.jpg,-0.19617,0.22354,0.0
25818,rgb/025818.jpg,0.28488,0.17648,0.0
2839,rgb/002839.jpg,0.12184,0.41177,0.0
28381,rgb/028381.jpg,0.28749,0.32746,0.0
38787,rgb/038787.jpg,0.27202,0.30034,0.0
42732,rgb/042732.jpg,-0.02138,0.20393,0.0
8413,rgb/008413.jpg,-0.12996,0.00786,0.0
24319,rgb/024319.jpg,0.18528,0.25491,0.0
29138,rgb/029138.jpg,0.18039,0.32444,0.0
20249,rgb/020249.jpg,0.26307,0.15717,0.0
27810,rgb/027810.jpg,0.20265,0.11375,0.0
39646,rgb/039646.jpg,0.20955,0.24315,0.0
29113,rgb/029113.jpg,0.28441,0.25161,0.0
43384,rgb/043384.jpg,-0.1121,0.22354,0.0
34137,rgb/034137.jpg,-0.12103,0.27844,0.0
15652,rgb/015652.jpg,-0.21744,0.34119,0.0
31186,rgb/031186.jpg,-0.0,0.37648,0.0
174,rgb/000174.jpg,0.0427,0.0,0.0
42553,rgb/042553.jpg,0.17994,0.17503,0.0
43226,rgb/043226.jpg,0.12611,0.19217,0.0
43242,rgb/043242.jpg,0.16397,0.2161,0.0
29936,rgb/029936.jpg,0.13228,0.20242,0.0
27819,rgb/027819.jpg,0.24655,0.15898,0.0
8861,rgb/008861.jpg,-0.03641,0.30981,0.0
31306,rgb/031306.jpg,-0.11539,0.36343,0.0
23495,rgb/023495.jpg,-0.03458,0.26668,0.0
25714,rgb/025714.jpg,0.0,0.21569,0.0
29374,rgb/029374.jpg,0.21472,0.31373,0.0
32780,rgb/032780.jpg,-0.0713,0.34119,0.0
31205,rgb/031205.jpg,-0.06872,0.37648,0.0
14627,rgb/014627.jpg,-0.04493,0.40001,0.0
8497,rgb/008497.jpg,-0.16586,0.33334,0.0
26650,rgb/026650.jpg,0.15915,0.27079,0.0
16100,rgb/016100.jpg,0.02213,0.40785,0.0
7095,rgb/007095.jpg,0.20861,0.14119,0.0
26597,rgb/026597.jpg,0.25865,0.15484,0.0
10901,rgb/010901.jpg,-0.03668,0.38432,0.0
10222,rgb/010222.jpg,-0.10644,0.38432,0.0
34260,rgb/034260.jpg,-0.04663,0.29404,0.0
25636,rgb/025636.jpg,0.0,0.14511,0.0
44470,rgb/044470.jpg,0.11106,0.27452,0.0
36595,rgb/036595.jpg,0.08458,0.33727,0.0
29952,rgb/029952.jpg,0.19834,0.21939,0.0
8474,rgb/008474.jpg,-0.19023,0.33324,0.0
34446,rgb/034446.jpg,-0.18591,0.30197,0.0
8614,rgb/008614.jpg,-0.05138,0.33334,0.0
3595,rgb/003595.jpg,0.0,0.42341,0.0
25793,rgb/025793.jpg,0.22335,0.17648,0.0
26444,rgb/026444.jpg,-0.0,0.35687,0.0
5377,rgb/005377.jpg,0.12053,0.32543,0.0
5316,rgb/005316.jpg,0.10064,0.22501,0.0
29967,rgb/029967.jpg,0.26906,0.21962,0.0
28400,rgb/028400.jpg,0.2829,0.33707,0.0
686,rgb/000686.jpg,0.1382,0.30981,0.0
2856,rgb/002856.jpg,0.09755,0.41177,0.0
2660,rgb/002660.jpg,0.11288,0.14193,0.0
39749,rgb/039749.jpg,-0.35977,0.30464,0.0
24877,rgb/024877.jpg,0.25327,0.36842,0.0
35433,rgb/035433.jpg,-0.01201,0.33334,0.0
16177,rgb/016177.jpg,0.16235,0.36652,0.0
37774,rgb/037774.jpg,0.17992,0.12327,0.0
2519,rgb/002519.jpg,-0.09285,0.30981,0.0
34180,rgb/034180.jpg,-0.12655,0.28627,0.0
25337,rgb/025337.jpg,0.25775,0.14119,0.0
29992,rgb/029992.jpg,0.30409,0.21962,0.0
12903,rgb/012903.jpg,-0.11439,0.31486,0.0
25350,rgb/025350.jpg,0.27676,0.14119,0.0
737,rgb/000737.jpg,0.00664,0.30981,0.0
37797,rgb/037797.jpg,0.21767,0.21045,0.0
14238,rgb/014238.jpg,-0.0,0.40001,0.0
29954,rgb/029954.jpg,0.20927,0.21949,0.0
15737,rgb/015737.jpg,-0.21103,0.34119,0.0
35672,rgb/035672.jpg,0.1256,0.16699,0.0
37030,rgb/037030.jpg,0.0,0.33727,0.0
31321,rgb/031321.jpg,-0.11123,0.19193,0.0
25892,rgb/025892.jpg,0.15659,0.29211,0.0
34736,rgb/034736.jpg,0.08945,0.30816,0.0
23113,rgb/023113.jpg,0.05016,0.32452,0.0
33913,rgb/033913.jpg,-0.01058,0.26526,0.0
15055,rgb/015055.jpg,-0.11323,0.22268,0.0
32599,rgb/032599.jpg,-0.08172,0.34119,0.0
9146,rgb/009146.jpg,-0.03586,0.33727,0.0
16131,rgb/016131.jpg,0.20774,0.17005,0.0
39737,rgb/039737.jpg,-0.45254,0.24315,0.0
34087,rgb/034087.jpg,-0.06566,0.21186,0.0
43234,rgb/043234.jpg,0.155,0.19707,0.0
43368,rgb/043368.jpg,-0.18377,0.22354,0.0
37615,rgb/037615.jpg,-0.20565,0.21567,0.0
23737,rgb/023737.jpg,0.16092,0.1608,0.0
34246,rgb/034246.jpg,-0.04719,0.29021,0.0
8109,rgb/008109.jpg,0.03192,0.36864,0.0
45249,rgb/045249.jpg,-0.0,0.27452,0.0
33911,rgb/033911.jpg,-0.02504,0.26416,0.0
42023,rgb/042023.jpg,0.21544,0.06455,0.0
43693,rgb/043693.jpg,0.06678,0.38432,0.0
42072,rgb/042072.jpg,0.28371,0.21054,0.0
24818,rgb/024818.jpg,0.11137,0.0314,0.0
15744,rgb/015744.jpg,-0.21103,0.34119,0.0
2629,rgb/002629.jpg,0.21096,0.13454,0.0
31330,rgb/031330.jpg,-0.08481,0.15598,0.0
38768,rgb/038768.jpg,0.24223,0.1922,0.0
2621,rgb/002621.jpg,0.1646,0.14522,0.0
10337,rgb/010337.jpg,-0.09594,0.38432,0.0
25805,rgb/025805.jpg,0.25552,0.17648,0.0
8465,rgb/008465.jpg,-0.18037,0.33194,0.0
670,rgb/000670.jpg,0.10426,0.30981,0.0
27539,rgb/027539.jpg,-0.06461,0.29805,0.0
25455,rgb/025455.jpg,0.05851,0.14119,0.0
42030,rgb/042030.jpg,0.25977,0.0596,0.0
39228,rgb/039228.jpg,0.0,0.27452,0.0
23435,rgb/023435.jpg,0.0,0.32941,0.0
42070,rgb/042070.jpg,0.28521,0.20958,0.0
15105,rgb/015105.jpg,-0.15638,0.27284,0.0
15144,rgb/015144.jpg,-0.06517,0.34121,0.0
32574,rgb/032574.jpg,-0.09736,0.34119,0.0
25806,rgb/025806.jpg,0.25822,0.17648,0.0
24874,rgb/024874.jpg,0.25451,0.36813,0.0
5370,rgb/005370.jpg,0.12442,0.32498,0.0
7829,rgb/007829.jpg,-0.04236,0.34103,0.0
43568,rgb/043568.jpg,-0.09263,0.22354,0.0
44535,rgb/044535.jpg,0.06987,0.27452,0.0
22357,rgb/022357.jpg,0.24231,0.29985,0.0
40483,rgb/040483.jpg,-0.00066,0.29021,0.0
44230,rgb/044230.jpg,0.1097,0.27452,0.0
24269,rgb/024269.jpg,0.22396,0.25422,0.0
26099,rgb/026099.jpg,0.02119,0.35687,0.0
1161,rgb/001161.jpg,0.43952,0.26666,0.0
16000,rgb/016000.jpg,0.0,0.40785,0.0
32939,rgb/032939.jpg,-0.0,0.34119,0.0
2502,rgb/002502.jpg,-0.20119,0.30981,0.0
34473,rgb/034473.jpg,-0.11174,0.30197,0.0
2645,rgb/002645.jpg,0.20008,0.13336,0.0
35760,rgb/035760.jpg,0.12448,0.31764,0.0
15706,rgb/015706.jpg,-0.21103,0.34119,0.0
12136,rgb/012136.jpg,-0.04059,0.38432,0.0
30199,rgb/030199.jpg,-0.02974,0.23138,0.0
10860,rgb/010860.jpg,-0.02234,0.38432,0.0
14854,rgb/014854.jpg,-0.03873,0.32942,0.0
16442,rgb/016442.jpg,0.10543,0.4157,0.0
37582,rgb/037582.jpg,-0.26208,0.15029,0.0
3633,rgb/003633.jpg,0.05685,0.43138,0.0
24289,rgb/024289.jpg,0.27864,0.25491,0.0
17042,rgb/017042.jpg,0.09555,0.38824,0.0
8420,rgb/008420.jpg,-0.13157,0.09861,0.0
8445,rgb/008445.jpg,-0.17826,0.29921,0.0
25813,rgb/025813.jpg,0.27537,0.17648,0.0
25858,rgb/025858.jpg,0.2742,0.17648,0.0
22769,rgb/022769.jpg,0.28042,0.19217,0.0
44265,rgb/044265.jpg,0.19338,0.27452,0.0
9068,rgb/009068.jpg,-0.10956,0.33727,0.0
43432,rgb/043432.jpg,-0.05066,0.22354,0.0
10500,rgb/010500.jpg,-1e-05,0.38432,0.0
1136,rgb/001136.jpg,0.23088,0.2485,0.0
10244,rgb/010244.jpg,-0.10939,0.38432,0.0
19088,rgb/019088.jpg,0.10489,0.26681,0.0
38764,rgb/038764.jpg,0.23358,0.19226,0.0
43253,rgb/043253.jpg,0.16452,0.21947,0.0
24840,rgb/024840.jpg,0.20592,0.19695,0.0
21954,rgb/021954.jpg,0.13941,0.22409,0.0
34395,rgb/034395.jpg,-0.13486,0.23006,0.0
7710,rgb/007710.jpg,0.26879,0.26268,0.0
40923,rgb/040923.jpg,0.06956,0.29021,0.0
24412,rgb/024412.jpg,-0.06427,0.33725,0.0
21203,rgb/021203.jpg,0.19296,0.22354,0.0
14035,rgb/014035.jpg,-0.07152,0.38824,0.0
29062,rgb/029062.jpg,0.13761,0.00618,0.0
21192,rgb/021192.jpg,0.13705,0.22354,0.0
29404,rgb/029404.jpg,0.27493,0.31374,0.0
685,rgb/000685.jpg,0.13695,0.30981,0.0
34497,rgb/034497.jpg,-0.12113,0.30197,0.0
2609,rgb/002609.jpg,0.10264,0.16082,0.0
15089,rgb/015089.jpg,-0.1403,0.26832,0.0
31243,rgb/031243.jpg,-0.14079,0.37648,0.0
8994,rgb/008994.jpg,-0.0839,0.33726,0.0
43376,rgb/043376.jpg,-0.15494,0.22354,0.0
29071,rgb/029071.jpg,0.22875,0.00046,0.0
39730,rgb/039730.jpg,-0.42008,0.24315,0.0
8451,rgb/008451.jpg,-0.18,0.30891,0.0
29950,rgb/029950.jpg,0.18741,0.21922,0.0
6411,rgb/006411.jpg,0.05793,0.32158,0.0
8470,rgb/008470.jpg,-0.18458,0.33301,0.0
32243,rgb/032243.jpg,-0.01594,0.32158,0.0
29975,rgb/029975.jpg,0.2831,0.21962,0.0
34809,rgb/034809.jpg,0.0,0.31753,0.0
22784,rgb/022784.jpg,0.30396,0.25465,0.0
14243,rgb/014243.jpg,-0.0,0.40001,0.0
32560,rgb/032560.jpg,-0.08616,0.34119,0.0
37775,rgb/037775.jpg,0.18184,0.13265,0.0
38756,rgb/038756.jpg,0.21261,0.19304,0.0
40744,rgb/040744.jpg,0.0813,0.29021,0.0
20277,rgb/020277.jpg,0.23935,0.21158,0.0
885,rgb/000885.jpg,-0.02107,0.35295,0.0
30293,rgb/030293.jpg,0.22407,0.23138,0.0
6380,rgb/006380.jpg,0.13406,0.32158,0.0
33678,rgb/033678.jpg,-0.03582,0.34119,0.0
42058,rgb/042058.jpg,0.28766,0.15522,0.0
6399,rgb/006399.jpg,0.09474,0.32158,0.0
26599,rgb/026599.jpg,0.25888,0.16946,0.0
29384,rgb/029384.jpg,0.22886,0.31374,0.0
16337,rgb/016337.jpg,0.0,0.41177,0.0
34434,rgb/034434.jpg,-0.19656,0.30184,0.0
29132,rgb/029132.jpg,0.21211,0.31952,0.0
2478,rgb/002478.jpg,-0.24995,0.30981,0.0
29312,rgb/029312.jpg,0.09545,0.01276,0.0
31302,rgb/031302.jpg,-0.10924,0.37648,0.0
34103,rgb/034103.jpg,-0.06576,0.26753,0.0
42803,rgb/042803.jpg,-0.03746,0.20786,0.0
27123,rgb/027123.jpg,0.08958,0.29805,0.0
23829,rgb/023829.jpg,0.04402,0.22402,0.0
39674,rgb/039674.jpg,0.18929,0.24315,0.0
8609,rgb/008609.jpg,-0.05225,0.33334,0.0
29391,rgb/029391.jpg,0.24957,0.31374,0.0
15634,rgb/015634.jpg,-0.25163,0.34119,0.0
17961,rgb/017961.jpg,0.12278,0.38824,0.0
12898,rgb/012898.jpg,-0.11403,0.31846,0.0
30436,rgb/030436.jpg,-4e-05,0.23138,0.0
27856,rgb/027856.jpg,0.22106,0.34108,0.0
10930,rgb/010930.jpg,-0.04398,0.38432,0.0
29807,rgb/029807.jpg,-0.0,0.40001,0.0
2487,rgb/002487.jpg,-0.25007,0.30981,0.0
7153,rgb/007153.jpg,0.21955,0.23097,0.0
25832,rgb/025832.jpg,0.31009,0.17648,0.0
13873,rgb/013873.jpg,-0.07224,0.16864,0.0
11040,rgb/011040.jpg,-0.04488,0.38432,0.0
43404,rgb/043404.jpg,-0.09337,0.22354,0.0
23172,rgb/023172.jpg,0.1325,0.0796,0.0
34504,rgb/034504.jpg,-0.1014,0.30197,0.0
32591,rgb/032591.jpg,-0.09814,0.34119,0.0
9292,rgb/009292.jpg,-0.02549,0.33727,0.0
39767,rgb/039767.jpg,-0.16137,0.31368,0.0
6355,rgb/006355.jpg,0.11343,0.32158,0.0
28651,rgb/028651.jpg,0.0,0.35295,0.0
41909,rgb/041909.jpg,0.02517,0.23846,0.0
24851,rgb/024851.jpg,0.24971,0.24459,0.0
7845,rgb/007845.jpg,-0.04362,0.34118,0.0
7092,rgb/007092.jpg,0.19937,0.14119,0.0
22782,rgb/022782.jpg,0.30541,0.2331,0.0
31327,rgb/031327.jpg,-0.09309,0.16012,0.0
5457,rgb/005457.jpg,0.07022,0.34574,0.0
15096,rgb/015096.jpg,-0.15373,0.27029,0.0
21726,rgb/021726.jpg,-0.00027,0.36864,0.0
30829,rgb/030829.jpg,0.05185,0.29408,0.0
25317,rgb/025317.jpg,0.21315,0.14119,0.0
7068,rgb/007068.jpg,0.13049,0.14119,0.0
44250,rgb/044250.jpg,0.1743,0.27452,0.0
7726,rgb/007726.jpg,0.28282,0.26575,0.0
15072,rgb/015072.jpg,-0.13996,0.25804,0.0
20485,rgb/020485.jpg,-0.03,0.33106,0.0
40795,rgb/040795.jpg,0.0691,0.29021,0.0
41952,rgb/041952.jpg,0.0,0.24315,0.0
15175,rgb/015175.jpg,-0.0875,0.34903,0.0
16126,rgb/016126.jpg,0.15886,0.18588,0.0
34167,rgb/034167.jpg,-0.13663,0.28559,0.0
13987,rgb/013987.jpg,-0.07178,0.38432,0.0
42546,rgb/042546.jpg,0.1865,0.12857,0.0
30659,rgb/030659.jpg,-0.05411,0.04048,0.0
7684,rgb/007684.jpg,0.22438,0.23622,0.0
6385,rgb/006385.jpg,0.13167,0.32158,0.0
2414,rgb/002414.jpg,-0.12842,0.20728,0.0
13899,rgb/013899.jpg,-0.07217,0.33977,0.0
43346,rgb/043346.jpg,-0.23056,0.22354,0.0
10936,rgb/010936.jpg,-0.04398,0.38432,0.0
25798,rgb/025798.jpg,0.23625,0.17648,0.0
39652,rgb/039652.jpg,0.21117,0.24315,0.0
30683,rgb/030683.jpg,-0.16842,0.03531,0.0
44322,rgb/044322.jpg,0.0871,0.27452,0.0
10320,rgb/010320.jpg,-0.10084,0.38432,0.0
7717,rgb/007717.jpg,0.27937,0.26275,0.0
15747,rgb/015747.jpg,-0.21103,0.34119,0.0
40329,rgb/040329.jpg,0.20818,0.29021,0.0
38203,rgb/038203.jpg,0.05047,0.30197,0.0
7091,rgb/007091.jpg,0.19611,0.14119,0.0
13596,rgb/013596.jpg,0.0,0.53364,0.0
29913,rgb/029913.jpg,0.09054,0.10644,0.0
24310,rgb/024310.jpg,0.29071,0.25491,0.0
29428,rgb/029428.jpg,0.20296,0.31374,0.0
4413,rgb/004413.jpg,0.08346,0.38824,0.0
34707,rgb/034707.jpg,0.06852,0.30584,0.0
43305,rgb/043305.jpg,-0.13541,0.22354,0.0
39642,rgb/039642.jpg,0.20258,0.24315,0.0
13006,rgb/013006.jpg,-0.0533,0.36078,0.0
27712,rgb/027712.jpg,-5e-05,0.34119,0.0
12030,rgb/012030.jpg,-0.05532,0.38432,0.0
2692,rgb/002692.jpg,0.085,0.27079,0.0
15771,rgb/015771.jpg,-0.09554,0.34119,0.0
18739,rgb/018739.jpg,0.00016,0.39217,0.0
7703,rgb/007703.jpg,0.26449,0.26216,0.0
15709,rgb/015709.jpg,-0.21103,0.34119,0.0
29155,rgb/029155.jpg,0.09618,0.32549,0.0
8821,rgb/008821.jpg,-0.01755,0.30981,0.0
23149,rgb/023149.jpg,0.25214,2e-05,0.0
10886,rgb/010886.jpg,-0.03355,0.38432,0.0
14003,rgb/014003.jpg,-0.0832,0.38817,0.0
12889,rgb/012889.jpg,-0.0992,0.34744,0.0
2422,rgb/002422.jpg,-0.14995,0.28142,0.0
45338,rgb/045338.jpg,0.02845,0.27452,0.0
24278,rgb/024278.jpg,0.24638,0.25486,0.0
21882,rgb/021882.jpg,3e-05,0.36668,0.0
29123,rgb/029123.jpg,0.23545,0.28954,0.0
25907,rgb/025907.jpg,0.15368,0.34448,0.0
44302,rgb/044302.jpg,0.18296,0.27452,0.0
15702,rgb/015702.jpg,-0.21103,0.34119,0.0
19648,rgb/019648.jpg,0.25018,0.29805,0.0
23169,rgb/023169.jpg,0.14497,0.05561,0.0
27801,rgb/027801.jpg,0.14834,0.11383,0.0
11082,rgb/011082.jpg,-0.08101,0.38432,0.0
25811,rgb/025811.jpg,0.27058,0.17648,0.0
37793,rgb/037793.jpg,0.2172,0.20759,0.0
29963,rgb/029963.jpg,0.25366,0.21961,0.0
19740,rgb/019740.jpg,-0.02678,0.366,0.0
12157,rgb/012157.jpg,-0.00047,0.38432,0.0
12174,rgb/012174.jpg,0.02641,0.38432,0.0
22629,rgb/022629.jpg,-0.0,0.45099,0.0
30997,rgb/030997.jpg,-0.04522,0.29413,0.0
972,rgb/000972.jpg,-0.02156,0.35295,0.0
29108,rgb/029108.jpg,0.30936,0.19598,0.0
21265,rgb/021265.jpg,0.07386,0.31684,0.0
1165,rgb/001165.jpg,0.3978,0.26667,0.0
14861,rgb/014861.jpg,-0.0265,0.32942,0.0
23189,rgb/023189.jpg,0.15607,0.12693,0.0
9074,rgb/009074.jpg,-0.10977,0.33727,0.0
6303,rgb/006303.jpg,0.04087,0.32158,0.0
10902,rgb/010902.jpg,-0.03668,0.38432,0.0
25762,rgb/025762.jpg,0.13625,0.17679,0.0
32256,rgb/032256.jpg,-6e-05,0.32158,0.0
41880,rgb/041880.jpg,-0.0,0.0265,0.0
19762,rgb/019762.jpg,-0.00171,0.38037,0.0
29901,rgb/029901.jpg,0.07876,0.0,0.0
22347,rgb/022347.jpg,0.22697,0.24788,0.0
38018,rgb/038018.jpg,0.12994,0.30197,0.0
12944,rgb/012944.jpg,-0.06677,0.31374,0.0
12936,rgb/012936.jpg,-0.10914,0.31374,0.0
27834,rgb/027834.jpg,0.28887,0.31377,0.0
31667,rgb/031667.jpg,-0.0,0.31766,0.0
9435,rgb/009435.jpg,-0.0,0.33727,0.0
28358,rgb/028358.jpg,0.2428,0.14512,0.0
38796,rgb/038796.jpg,0.2716,0.30548,0.0
14328,rgb/014328.jpg,0.0,0.40001,0.0
25363,rgb/025363.jpg,0.24105,0.14119,0.0
813,rgb/000813.jpg,0.08692,0.35289,0.0
15041,rgb/015041.jpg,-0.0819,0.1782,0.0
5430,rgb/005430.jpg,0.11569,0.3255,0.0
25823,rgb/025823.jpg,0.29726,0.17648,0.0
3800,rgb/003800.jpg,0.05078,0.43138,0.0
23136,rgb/023136.jpg,0.19392,0.00085,0.0
34169,rgb/034169.jpg,-0.13663,0.28589,0.0
19140,rgb/019140.jpg,0.18708,0.26668,0.0
27848,rgb/027848.jpg,0.25182,0.34015,0.0
32694,rgb/032694.jpg,-0.06985,0.34119,0.0
8493,rgb/008493.jpg,-0.18614,0.33334,0.0
24865,rgb/024865.jpg,0.25469,0.36192,0.0
20248,rgb/020248.jpg,0.2625,0.15073,0.0
23786,rgb/023786.jpg,0.12071,0.21941,0.0
30910,rgb/030910.jpg,0.06824,0.29413,0.0
12906,rgb/012906.jpg,-0.11436,0.31421,0.0
12980,rgb/012980.jpg,-0.03835,0.33664,0.0
34159,rgb/034159.jpg,-0.13662,0.28235,0.0
32761,rgb/032761.jpg,-0.05674,0.34119,0.0
20986,rgb/020986.jpg,-3e-05,0.37256,0.0
20189,rgb/020189.jpg,-0.02313,0.25531,0.0
19607,rgb/019607.jpg,0.18528,0.29847,0.0
19317,rgb/019317.jpg,-0.0101,0.33726,0.0
16441,rgb/016441.jpg,0.10451,0.4157,0.0
33585,rgb/033585.jpg,-0.06465,0.34119,0.0
39870,rgb/039870.jpg,0.17166,0.29021,0.0
19117,rgb/019117.jpg,0.20575,0.26668,0.0
25906,rgb/025906.jpg,0.15386,0.33643,0.0
20284,rgb/020284.jpg,0.19245,0.21174,0.0
2453,rgb/002453.jpg,-0.19078,0.30978,0.0
30101,rgb/030101.jpg,0.0,0.23138,0.0
23474,rgb/023474.jpg,-0.0308,0.26727,0.0
34687,rgb/034687.jpg,0.04065,0.30197,0.0
19128,rgb/019128.jpg,0.20575,0.26668,0.0
40912,rgb/040912.jpg,0.06854,0.29021,0.0
46198,rgb/046198.jpg,-0.0,0.27452,0.0
34430,rgb/034430.jpg,-0.19771,0.30155,0.0
22351,rgb/022351.jpg,0.22699,0.27104,0.0
19097,rgb/019097.jpg,0.1637,0.26669,0.0
43235,rgb/043235.jpg,0.15701,0.20173,0.0
34413,rgb/034413.jpg,-0.19789,0.27034,0.0
38863,rgb/038863.jpg,-0.08326,0.27452,0.0
24271,rgb/024271.jpg,0.22801,0.25452,0.0
1919,rgb/001919.jpg,-0.0,0.38432,0.0
28482,rgb/028482.jpg,-0.00229,0.34902,0.0
43333,rgb/043333.jpg,-0.25384,0.22354,0.0
15060,rgb/015060.jpg,-0.1258,0.23811,0.0
21926,rgb/021926.jpg,0.17461,0.21178,0.0
25873,rgb/025873.jpg,0.17013,0.18947,0.0
29162,rgb/029162.jpg,0.05643,0.3255,0.0
34438,rgb/034438.jpg,-0.19619,0.30193,0.0
1516,rgb/001516.jpg,0.09118,0.29021,0.0
21936,rgb/021936.jpg,0.1845,0.21178,0.0
2462,rgb/002462.jpg,-0.21138,0.30981,0.0
32593,rgb/032593.jpg,-0.09766,0.34119,0.0
34171,rgb/034171.jpg,-0.13636,0.28606,0.0
46024,rgb/046024.jpg,0.1197,0.27452,0.0
674,rgb/000674.jpg,0.11416,0.30981,0.0
37817,rgb/037817.jpg,0.20635,0.21177,0.0
34192,rgb/034192.jpg,-0.11141,0.28628,0.0
15735,rgb/015735.jpg,-0.21103,0.34119,0.0
16279,rgb/016279.jpg,0.02237,0.41177,0.0
20283,rgb/020283.jpg,0.19245,0.21174,0.0
20265,rgb/020265.jpg,0.26758,0.2068,0.0
26540,rgb/026540.jpg,0.13246,0.0,0.0
7697,rgb/007697.jpg,0.26118,0.25942,0.0
17011,rgb/017011.jpg,0.12059,0.38823,0.0
1132,rgb/001132.jpg,0.20147,0.22158,0.0
22403,rgb/022403.jpg,0.02657,0.44503,0.0
33587,rgb/033587.jpg,-0.06446,0.34119,0.0
35034,rgb/035034.jpg,-0.00065,0.32158,0.0
15127,rgb/015127.jpg,-0.12171,0.28086,0.0
11032,rgb/011032.jpg,-0.06216,0.38432,0.0
22661,rgb/022661.jpg,0.04544,0.45099,0.0
25342,rgb/025342.jpg,0.27,0.14119,0.0
34744,rgb/034744.jpg,0.09632,0.30965,0.0
44267,rgb/044267.jpg,0.19342,0.27452,0.0
19624,rgb/019624.jpg,0.25249,0.29805,0.0
15107,rgb/015107.jpg,-0.15641,0.27358,0.0
29501,rgb/029501.jpg,-0.05051,0.31374,0.0
15688,rgb/015688.jpg,-0.2115,0.34119,0.0
46083,rgb/046083.jpg,0.09004,0.27452,0.0
22402,rgb/022402.jpg,0.04087,0.44304,0.0
29377,rgb/029377.jpg,0.22171,0.31373,0.0
15614,rgb/015614.jpg,-0.25496,0.34119,0.0
23166,rgb/023166.jpg,0.17051,0.0217,0.0
10307,rgb/010307.jpg,-0.09139,0.38432,0.0
23749,rgb/023749.jpg,0.15978,0.1608,0.0
8402,rgb/008402.jpg,-0.10263,0.00786,0.0
2628,rgb/002628.jpg,0.20716,0.13493,0.0
29311,rgb/029311.jpg,0.09459,0.00786,0.0
14076,rgb/014076.jpg,-0.03784,0.39388,0.0
17988,rgb/017988.jpg,0.11621,0.38824,0.0
16153,rgb/016153.jpg,0.27491,0.16473,0.0
22375,rgb/022375.jpg,0.34569,0.32228,0.0
2807,rgb/002807.jpg,0.03413,0.41177,0.0
18617,rgb/018617.jpg,0.04173,0.38824,0.0
16146,rgb/016146.jpg,0.29158,0.16479,0.0
34442,rgb/034442.jpg,-0.1955,0.30196,0.0
22331,rgb/022331.jpg,0.21347,0.1765,0.0
23017,rgb/023017.jpg,0.02079,0.32942,0.0
34426,rgb/034426.jpg,-0.19805,0.30063,0.0
19608,rgb/019608.jpg,0.19058,0.29836,0.0
43479,rgb/043479.jpg,-0.1295,0.22354,0.0
29983,rgb/029983.jpg,0.28453,0.21962,0.0
8995,rgb/008995.jpg,-0.09008,0.33726,0.0
7393,rgb/007393.jpg,-0.00031,0.34903,0.0
15123,rgb/015123.jpg,-0.15077,0.27451,0.0
39845,rgb/039845.jpg,0.1442,0.29021,0.0
7675,rgb/007675.jpg,0.21482,0.19749,0.0
2528,rgb/002528.jpg,-0.05537,0.30981,0.0
12907,rgb/012907.jpg,-0.11436,0.31409,0.0
34138,rgb/034138.jpg,-0.12289,0.27844,0.0
37566,rgb/037566.jpg,-0.2417,0.09021,0.0
26590,rgb/026590.jpg,0.25012,0.1113,0.0
34122,rgb/034122.jpg,-0.09292,0.27834,0.0
5378,rgb/005378.jpg,0.11864,0.32545,0.0
24327,rgb/024327.jpg,0.13582,0.25491,0.0
8634,rgb/008634.jpg,-0.0487,0.31168,0.0
26582,rgb/026582.jpg,0.23971,0.09069,0.0
21208,rgb/021208.jpg,0.22745,0.22354,0.0
27813,rgb/027813.jpg,0.21838,0.11374,0.0
24923,rgb/024923.jpg,0.06042,0.14255,0.0
40361,rgb/040361.jpg,0.26413,0.29021,0.0
1143,rgb/001143.jpg,0.29317,0.26425,0.0
1651,rgb/001651.jpg,0.07338,0.38432,0.0
11123,rgb/011123.jpg,-0.0635,0.22008,0.0
30745,rgb/030745.jpg,-0.24771,0.2822,0.0
17999,rgb/017999.jpg,0.09434,0.38824,0.0
19638,rgb/019638.jpg,0.25326,0.29805,0.0
15911,rgb/015911.jpg,-0.05135,0.40785,0.0
38753,rgb/038753.jpg,0.19724,0.19424,0.0
43309,rgb/043309.jpg,-0.16599,0.22354,0.0
7665,rgb/007665.jpg,0.21375,0.09462,0.0
19637,rgb/019637.jpg,0.25326,0.29805,0.0
28349,rgb/028349.jpg,0.21452,0.14529,0.0
13996,rgb/013996.jpg,-0.08284,0.38772,0.0
19215,rgb/019215.jpg,-0.039,0.26668,0.0
42569,rgb/042569.jpg,0.1616,0.19498,0.0
43396,rgb/043396.jpg,-0.09913,0.22354,0.0
29087,rgb/029087.jpg,0.31446,0.0,0.0
34142,rgb/034142.jpg,-0.12973,0.28112,0.0
30255,rgb/030255.jpg,0.25463,0.23138,0.0
39862,rgb/039862.jpg,0.18696,0.29021,0.0
24881,rgb/024881.jpg,0.25005,0.36857,0.0
7318,rgb/007318.jpg,5e-05,0.34903,0.0
42655,rgb/042655.jpg,0.12632,0.20001,0.0
26545,rgb/026545.jpg,0.16234,0.0,0.0
40781,rgb/040781.jpg,0.0912,0.29021,0.0
16163,rgb/016163.jpg,0.17128,0.17158,0.0
26584,rgb/026584.jpg,0.23973,0.10004,0.0
38026,rgb/038026.jpg,0.13066,0.30197,0.0
44448,rgb/044448.jpg,0.09696,0.27452,0.0
25414,rgb/025414.jpg,0.08338,0.14119,0.0
40782,rgb/040782.jpg,0.09113,0.29021,0.0
6364,rgb/006364.jpg,0.13337,0.32158,0.0
29093,rgb/029093.jpg,0.31739,0.02954,0.0
38912,rgb/038912.jpg,-0.03031,0.27452,0.0
23757,rgb/023757.jpg,0.14467,0.17385,0.0
3759,rgb/003759.jpg,0.03323,0.43138,0.0
7161,rgb/007161.jpg,0.20317,0.23134,0.0
20512,rgb/020512.jpg,-0.05753,0.36822,0.0
31322,rgb/031322.jpg,-0.10866,0.18316,0.0
2512,rgb/002512.jpg,-0.12831,0.30981,0.0
22791,rgb/022791.jpg,0.27177,0.27866,0.0
35465,rgb/035465.jpg,-0.02811,0.33334,0.0
8577,rgb/008577.jpg,-0.02236,0.33334,0.0
1355,rgb/001355.jpg,-0.02635,0.37256,0.0
29424,rgb/029424.jpg,0.23326,0.31374,0.0
2489,rgb/002489.jpg,-0.24933,0.30981,0.0
37140,rgb/037140.jpg,0.05313,0.34682,0.0
23152,rgb/023152.jpg,0.25773,1e-05,0.0
2458,rgb/002458.jpg,-0.1975,0.30981,0.0
8043,rgb/008043.jpg,-0.01775,0.3674,0.0
24850,rgb/024850.jpg,0.24727,0.23331,0.0
2550,rgb/002550.jpg,0.05377,0.30981,0.0
29427,rgb/029427.jpg,0.21172,0.31374,0.0
29956,rgb/029956.jpg,0.2201,0.21955,0.0
43232,rgb/043232.jpg,0.15,0.19217,0.0
43506,rgb/043506.jpg,-0.18799,0.22354,0.0
42037,rgb/042037.jpg,0.28299,0.05894,0.0
39966,rgb/039966.jpg,0.05755,0.29021,0.0
7146,rgb/007146.jpg,0.24788,0.2283,0.0
34371,rgb/034371.jpg,-0.01361,0.29413,0.0
13343,rgb/013343.jpg,-0.0,0.36079,0.0
2451,rgb/002451.jpg,-0.1902,0.30974,0.0
42611,rgb/042611.jpg,0.10068,0.19998,0.0
37811,rgb/037811.jpg,0.21709,0.21175,0.0
1150,rgb/001150.jpg,0.36879,0.26635,0.0
40873,rgb/040873.jpg,0.06126,0.29021,0.0
8621,rgb/008621.jpg,-0.05125,0.33334,0.0
29128,rgb/029128.jpg,0.22819,0.30966,0.0
32559,rgb/032559.jpg,-0.08615,0.34119,0.0
38103,rgb/038103.jpg,0.05391,0.30197,0.0
12925,rgb/012925.jpg,-0.11435,0.31374,0.0
30872,rgb/030872.jpg,-0.02332,0.29413,0.0
19240,rgb/019240.jpg,-0.0001,0.28848,0.0
34720,rgb/034720.jpg,0.07996,0.30589,0.0
20755,rgb/020755.jpg,0.10155,0.37256,0.0
2622,rgb/002622.jpg,0.1717,0.14225,0.0
10836,rgb/010836.jpg,-0.0,0.38432,0.0
23826,rgb/023826.jpg,0.04422,0.2206,0.0
29421,rgb/029421.jpg,0.25015,0.31374,0.0
42040,rgb/042040.jpg,0.28638,0.05888,0.0
2404,rgb/002404.jpg,-0.11973,0.09797,0.0
27858,rgb/027858.jpg,0.21082,0.34113,0.0
31179,rgb/031179.jpg,-0.0,0.37648,0.0
24894,rgb/024894.jpg,0.22829,0.36864,0.0
29415,rgb/029415.jpg,0.27124,0.31374,0.0
21911,rgb/021911.jpg,0.09286,0.21227,0.0
42091,rgb/042091.jpg,0.21343,0.21177,0.0
7727,rgb/007727.jpg,0.28285,0.26598,0.0
44272,rgb/044272.jpg,0.19345,0.27452,0.0
16130,rgb/016130.jpg,0.19775,0.17183,0.0
43472,rgb/043472.jpg,-0.10981,0.22354,0.0
15544,rgb/015544.jpg,0.11804,0.34215,0.0
39734,rgb/039734.jpg,-0.44796,0.24315,0.0
25416,rgb/025416.jpg,0.08682,0.14119,0.0
35002,rgb/035002.jpg,-0.02325,0.32158,0.0
34412,rgb/034412.jpg,-0.19777,0.26371,0.0
2408,rgb/002408.jpg,-0.12534,0.11008,0.0
17908,rgb/017908.jpg,0.05186,0.38824,0.0
7352,rgb/007352.jpg,0.0,0.34903,0.0
23745,rgb/023745.jpg,0.16048,0.1608,0.0
20276,rgb/020276.jpg,0.2452,0.21151,0.0
30673,rgb/030673.jpg,-0.12498,0.0354,0.0
6363,rgb/006363.jpg,0.13237,0.32158,0.0
37944,rgb/037944.jpg,0.0,0.30197,0.0
27214,rgb/027214.jpg,0.03878,0.29805,0.0
44936,rgb/044936.jpg,0.0,0.27452,0.0
44238,rgb/044238.jpg,0.13138,0.27452,0.0
7149,rgb/007149.jpg,0.23838,0.23008,0.0
7128,rgb/007128.jpg,0.25338,0.21515,0.0
39723,rgb/039723.jpg,-0.33015,0.24315,0.0
42028,rgb/042028.jpg,0.24882,0.06019,0.0
42688,rgb/042688.jpg,0.11265,0.20099,0.0
22244,rgb/022244.jpg,0.03756,0.38432,0.0
31250,rgb/031250.jpg,-0.13425,0.37648,0.0
24939,rgb/024939.jpg,0.04666,0.1412,0.0
20682,rgb/020682.jpg,0.06988,0.37256,0.0
38111,rgb/038111.jpg,0.05382,0.30197,0.0
25839,rgb/025839.jpg,0.312,0.17648,0.0
29366,rgb/029366.jpg,0.18243,0.31368,0.0
19987,rgb/019987.jpg,-0.00679,0.3804,0.0
2475,rgb/002475.jpg,-0.24934,0.30981,0.0
5306,rgb/005306.jpg,0.06944,0.09984,0.0
18501,rgb/018501.jpg,-0.00936,0.38824,0.0
9813,rgb/009813.jpg,0.0,0.34119,0.0
7655,rgb/007655.jpg,0.18071,0.08237,0.0
24836,rgb/024836.jpg,0.19276,0.1734,0.0
30470,rgb/030470.jpg,0.0604,0.23138,0.0
41498,rgb/041498.jpg,1e-05,0.29021,0.0
38784,rgb/038784.jpg,0.27111,0.29273,0.0
39764,rgb/039764.jpg,-0.18804,0.31361,0.0
46081,rgb/046081.jpg,0.09471,0.27452,0.0
4568,rgb/004568.jpg,-0.03638,0.38824,0.0
21968,rgb/021968.jpg,0.1089,0.24572,0.0
2532,rgb/002532.jpg,-0.04454,0.30981,0.0
19633,rgb/019633.jpg,0.25325,0.29805,0.0
9028,rgb/009028.jpg,-0.14508,0.33727,0.0
7750,rgb/007750.jpg,0.26354,0.26668,0.0
43564,rgb/043564.jpg,-0.08845,0.22354,0.0
40362,rgb/040362.jpg,0.25474,0.29021,0.0
23193,rgb/023193.jpg,0.15894,0.13358,0.0
6402,rgb/006402.jpg,0.07726,0.32158,0.0
15529,rgb/015529.jpg,0.0967,0.36864,0.0
18255,rgb/018255.jpg,-0.0204,0.38824,0.0
29986,rgb/029986.jpg,0.28766,0.21962,0.0
19647,rgb/019647.jpg,0.25139,0.29805,0.0
24876,rgb/024876.jpg,0.25385,0.36835,0.0
43682,rgb/043682.jpg,0.11289,0.38432,0.0
35661,rgb/035661.jpg,0.11494,0.15296,0.0
23761,rgb/023761.jpg,0.13443,0.18101,0.0
38593,rgb/038593.jpg,-0.0,0.30197,0.0
11254,rgb/011254.jpg,-0.01949,0.38432,0.0
43622,rgb/043622.jpg,0.02539,0.38234,0.0
7758,rgb/007758.jpg,0.19412,0.26668,0.0
22390,rgb/022390.jpg,0.17514,0.37386,0.0
24866,rgb/024866.jpg,0.25469,0.3636,0.0
645,rgb/000645.jpg,0.0723,0.30981,0.0
21207,rgb/021207.jpg,0.22136,0.22354,0.0
12929,rgb/012929.jpg,-0.11435,0.31374,0.0
26618,rgb/026618.jpg,0.21859,0.22201,0.0
32577,rgb/032577.jpg,-0.09793,0.34119,0.0
15082,rgb/015082.jpg,-0.14013,0.26612,0.0
27825,rgb/027825.jpg,0.27174,0.24521,0.0
38811,rgb/038811.jpg,0.20582,0.29633,0.0
8512,rgb/008512.jpg,-0.01994,0.33334,0.0
43438,rgb/043438.jpg,-0.04405,0.22354,0.0
12902,rgb/012902.jpg,-0.11439,0.31523,0.0
46054,rgb/046054.jpg,0.12076,0.27452,0.0
7678,rgb/007678.jpg,0.21578,0.21396,0.0
25846,rgb/025846.jpg,0.30984,0.17648,0.0
28391,rgb/028391.jpg,0.291,0.33473,0.0
15638,rgb/015638.jpg,-0.25135,0.34119,0.0
12102,rgb/012102.jpg,-0.06946,0.38432,0.0
26605,rgb/026605.jpg,0.25464,0.19252,0.0
10321,rgb/010321.jpg,-0.10056,0.38432,0.0
9069,rgb/009069.jpg,-0.10956,0.33727,0.0
35746,rgb/035746.jpg,0.14635,0.31641,0.0
25800,rgb/025800.jpg,0.24163,0.17648,0.0
8459,rgb/008459.jpg,-0.18014,0.32544,0.0
29056,rgb/029056.jpg,0.06484,0.03473,0.0
5345,rgb/005345.jpg,0.12367,0.31898,0.0
38752,rgb/038752.jpg,0.19267,0.19492,0.0
15161,rgb/015161.jpg,-0.0816,0.34893,0.0
20004,rgb/020004.jpg,-0.00011,0.3804,0.0
20712,rgb/020712.jpg,0.13308,0.37256,0.0
8411,rgb/008411.jpg,-0.12771,0.00786,0.0
42022,rgb/042022.jpg,0.208,0.06645,0.0
31211,rgb/031211.jpg,-0.09507,0.37648,0.0
24880,rgb/024880.jpg,0.25096,0.36855,0.0
31859,rgb/031859.jpg,-0.02189,0.32158,0.0
12997,rgb/012997.jpg,-0.05944,0.3606,0.0
20833,rgb/020833.jpg,0.04604,0.37256,0.0
429,rgb/000429.jpg,-0.03067,0.14511,0.0
10209,rgb/010209.jpg,-0.0738,0.38432,0.0
44261,rgb/044261.jpg,0.19305,0.27452,0.0
9051,rgb/009051.jpg,-0.1099,0.33727,0.0
24264,rgb/024264.jpg,0.21202,0.25197,0.0
27199,rgb/027199.jpg,0.06547,0.29805,0.0
38809,rgb/038809.jpg,0.2226,0.30588,0.0
37581,rgb/037581.jpg,-0.2612,0.14548,0.0
20738,rgb/020738.jpg,0.09563,0.37256,0.0
30746,rgb/030746.jpg,-0.24418,0.28224,0.0
16187,rgb/016187.jpg,0.14168,0.37592,0.0
15085,rgb/015085.jpg,-0.14014,0.26644,0.0
40338,rgb/040338.jpg,0.26559,0.29021,0.0
31332,rgb/031332.jpg,-0.08194,0.15466,0.0
1726,rgb/001726.jpg,0.0,0.38432,0.0
15667,rgb/015667.jpg,-0.21299,0.34119,0.0
34165,rgb/034165.jpg,-0.13663,0.28504,0.0
28393,rgb/028393.jpg,0.29103,0.33584,0.0
26555,rgb/026555.jpg,0.21415,0.0,0.0
38011,rgb/038011.jpg,0.11841,0.30197,0.0
10308,rgb/010308.jpg,-0.09397,0.38432,0.0
9018,rgb/009018.jpg,-0.13815,0.33727,0.0
14646,rgb/014646.jpg,-0.05078,0.40001,0.0
37773,rgb/037773.jpg,0.17715,0.11598,0.0
30022,rgb/030022.jpg,0.23259,0.21962,0.0
16119,rgb/016119.jpg,0.10214,0.22338,0.0
4473,rgb/004473.jpg,0.04715,0.38824,0.0
46579,rgb/046579.jpg,0.0,0.27452,0.0
30713,rgb/030713.jpg,-0.23109,0.25762,0.0
26563,rgb/026563.jpg,0.23318,0.0,0.0
22035,rgb/022035.jpg,0.05561,0.2706,0.0
26544,rgb/026544.jpg,0.15685,0.0,0.0
34290,rgb/034290.jpg,-1e-05,0.29413,0.0
24427,rgb/024427.jpg,-0.06427,0.34106,0.0
33727,rgb/033727.jpg,-0.046,0.34119,0.0
39867,rgb/039867.jpg,0.1817,0.29021,0.0
37632,rgb/037632.jpg,-0.08005,0.2157,0.0
19104,rgb/019104.jpg,0.1958,0.26668,0.0
29308,rgb/029308.jpg,0.08892,0.00786,0.0
11097,rgb/011097.jpg,-0.09125,0.37844,0.0
43459,rgb/043459.jpg,-0.05187,0.22354,0.0
15772,rgb/015772.jpg,-0.08712,0.34119,0.0
38110,rgb/038110.jpg,0.05385,0.30197,0.0
34156,rgb/034156.jpg,-0.1366,0.28234,0.0
24849,rgb/024849.jpg,0.24418,0.22349,0.0
33839,rgb/033839.jpg,-0.06114,0.34119,0.0
34498,rgb/034498.jpg,-0.12059,0.30197,0.0
17994,rgb/017994.jpg,0.09718,0.38824,0.0
28346,rgb/028346.jpg,0.20006,0.14554,0.0
24834,rgb/024834.jpg,0.18669,0.154,0.0
11975,rgb/011975.jpg,-0.04703,0.38432,0.0
38815,rgb/038815.jpg,0.17214,0.28183,0.0
17962,rgb/017962.jpg,0.12252,0.38824,0.0
26564,rgb/026564.jpg,0.23367,0.0,0.0
1310,rgb/001310.jpg,-0.00261,0.36864,0.0
22805,rgb/022805.jpg,0.13862,0.28949,0.0
18610,rgb/018610.jpg,0.04017,0.38824,0.0
40737,rgb/040737.jpg,0.07847,0.29021,0.0
17972,rgb/017972.jpg,0.12205,0.38824,0.0
29367,rgb/029367.jpg,0.18684,0.3137,0.0
24419,rgb/024419.jpg,-0.06427,0.33994,0.0
25965,rgb/025965.jpg,-0.02275,0.37648,0.0
8598,rgb/008598.jpg,-0.06578,0.33334,0.0
19655,rgb/019655.jpg,0.22492,0.29805,0.0
23760,rgb/023760.jpg,0.13683,0.17991,0.0
15686,rgb/015686.jpg,-0.21213,0.34119,0.0
24093,rgb/024093.jpg,0.02695,0.24315,0.0
34478,rgb/034478.jpg,-0.12065,0.30197,0.0
7909,rgb/007909.jpg,-0.02824,0.36065,0.0
25796,rgb/025796.jpg,0.23088,0.17648,0.0
10519,rgb/010519.jpg,-0.03435,0.38432,0.0
19087,rgb/019087.jpg,0.09579,0.26685,0.0
22444,rgb/022444.jpg,-0.04956,0.45099,0.0
43723,rgb/043723.jpg,-0.04991,0.38432,0.0
34212,rgb/034212.jpg,-0.0983,0.28629,0.0
17028,rgb/017028.jpg,0.1207,0.38824,0.0
40337,rgb/040337.jpg,0.26076,0.29021,0.0
10193,rgb/010193.jpg,-0.0,0.38432,0.0
1151,rgb/001151.jpg,0.38069,0.26643,0.0
12998,rgb/012998.jpg,-0.05906,0.36065,0.0
37846,rgb/037846.jpg,0.09392,0.29017,0.0
16592,rgb/016592.jpg,0.0596,0.45034,0.0
36566,rgb/036566.jpg,0.04134,0.33727,0.0
39903,rgb/039903.jpg,-0.05588,0.29021,0.0
21225,rgb/021225.jpg,0.31743,0.22354,0.0
15733,rgb/015733.jpg,-0.21103,0.34119,0.0
34221,rgb/034221.jpg,-0.0983,0.28951,0.0
30248,rgb/030248.jpg,0.21497,0.23138,0.0
8444,rgb/008444.jpg,-0.17724,0.29568,0.0
29390,rgb/029390.jpg,0.24607,0.31374,0.0
37754,rgb/037754.jpg,0.11166,0.08637,0.0
16454,rgb/016454.jpg,0.09085,0.4157,0.0
26624,rgb/026624.jpg,0.21367,0.23241,0.0
33002,rgb/033002.jpg,-0.0,0.34119,0.0
21189,rgb/021189.jpg,0.11758,0.22354,0.0
25304,rgb/025304.jpg,0.1712,0.14119,0.0
24333,rgb/024333.jpg,0.13281,0.25491,0.0
8754,rgb/008754.jpg,0.0,0.30981,0.0
30752,rgb/030752.jpg,-0.20011,0.28234,0.0
32523,rgb/032523.jpg,0.0,0.34119,0.0
37778,rgb/037778.jpg,0.1863,0.16112,0.0
36637,rgb/036637.jpg,0.08019,0.33727,0.0
30002,rgb/030002.jpg,0.31628,0.21962,0.0
7751,rgb/007751.jpg,0.25907,0.26668,0.0
10245,rgb/010245.jpg,-0.1086,0.38432,0.0
11095,rgb/011095.jpg,-0.09148,0.38432,0.0
34630,rgb/034630.jpg,0.06207,0.30197,0.0
39747,rgb/039747.jpg,-0.39256,0.29217,0.0
20267,rgb/020267.jpg,0.26757,0.20824,0.0
13242,rgb/013242.jpg,-0.0,0.36079,0.0
15363,rgb/015363.jpg,-0.0,0.36864,0.0
14102,rgb/014102.jpg,-0.0004,0.39835,0.0
39949,rgb/039949.jpg,0.08144,0.29021,0.0
42018,rgb/042018.jpg,0.17474,0.0829,0.0
22418,rgb/022418.jpg,-0.0364,0.45091,0.0
23179,rgb/023179.jpg,0.12881,0.10053,0.0
41809,rgb/041809.jpg,-0.0,0.44315,0.0
34205,rgb/034205.jpg,-0.09841,0.28629,0.0
43249,rgb/043249.jpg,0.16455,0.21915,0.0
7682,rgb/007682.jpg,0.2206,0.23083,0.0
2833,rgb/002833.jpg,0.11755,0.41177,0.0
30245,rgb/030245.jpg,0.19204,0.23138,0.0
28395,rgb/028395.jpg,0.29104,0.33646,0.0
43495,rgb/043495.jpg,-0.17522,0.22354,0.0
28382,rgb/028382.jpg,0.28873,0.32893,0.0
19516,rgb/019516.jpg,-0.00015,0.33727,0.0
34745,rgb/034745.jpg,0.09694,0.30969,0.0
9035,rgb/009035.jpg,-0.14142,0.33727,0.0
29111,rgb/029111.jpg,0.29637,0.23336,0.0
8469,rgb/008469.jpg,-0.18321,0.3329,0.0
21234,rgb/021234.jpg,0.30566,0.22354,0.0
30720,rgb/030720.jpg,-0.25236,0.26887,0.0
26874,rgb/026874.jpg,-0.05087,0.29805,0.0
24886,rgb/024886.jpg,0.24495,0.36862,0.0
39640,rgb/039640.jpg,0.19548,0.24315,0.0
32789,rgb/032789.jpg,-0.05241,0.34119,0.0
23303,rgb/023303.jpg,-0.02526,0.2157,0.0
40333,rgb/040333.jpg,0.23644,0.29021,0.0
24314,rgb/024314.jpg,0.24876,0.25491,0.0
26654,rgb/026654.jpg,0.14195,0.27334,0.0
12098,rgb/012098.jpg,-0.06946,0.38432,0.0
15087,rgb/015087.jpg,-0.14014,0.26654,0.0
30688,rgb/030688.jpg,-0.17899,0.03531,0.0
22327,rgb/022327.jpg,0.18643,0.17653,0.0
43354,rgb/043354.jpg,-0.21625,0.22354,0.0
39761,rgb/039761.jpg,-0.2171,0.31345,0.0
37247,rgb/037247.jpg,-0.00425,0.38432,0.0
29103,rgb/029103.jpg,0.31713,0.13549,0.0
30669,rgb/030669.jpg,-0.1096,0.0356,0.0
42036,rgb/042036.jpg,0.28066,0.05897,0.0
42520,rgb/042520.jpg,0.13989,0.0,0.0
35686,rgb/035686.jpg,0.1264,0.2778,0.0
32573,rgb/032573.jpg,-0.09694,0.34119,0.0
34399,rgb/034399.jpg,-0.1602,0.22292,0.0
26550,rgb/026550.jpg,0.18925,0.0,0.0
39835,rgb/039835.jpg,0.07625,0.29021,0.0
7730,rgb/007730.jpg,0.28288,0.26638,0.0
25356,rgb/025356.jpg,0.27237,0.14119,0.0
1172,rgb/001172.jpg,0.26355,0.26766,0.0
31354,rgb/031354.jpg,-0.00033,0.27557,0.0
35334,rgb/035334.jpg,-1e-05,0.33334,0.0
20723,rgb/020723.jpg,0.13309,0.37256,0.0
26357,rgb/026357.jpg,0.0,0.35687,0.0
21249,rgb/021249.jpg,0.22517,0.22354,0.0
22371,rgb/022371.jpg,0.34901,0.32069,0.0
37533,rgb/037533.jpg,-0.15046,0.09023,0.0
11092,rgb/011092.jpg,-0.09137,0.38432,0.0
43221,rgb/043221.jpg,0.10772,0.19217,0.0
8452,rgb/008452.jpg,-0.18005,0.3111,0.0
24274,rgb/024274.jpg,0.23482,0.25475,0.0
12327,rgb/012327.jpg,-0.02806,0.34903,0.0
19366,rgb/019366.jpg,-0.03853,0.33727,0.0
7170,rgb/007170.jpg,0.1903,0.23138,0.0
14719,rgb/014719.jpg,-0.04972,0.40001,0.0
25328,rgb/025328.jpg,0.23828,0.14119,0.0
23741,rgb/023741.jpg,0.16054,0.1608,0.0
15173,rgb/015173.jpg,-0.08601,0.34903,0.0
10346,rgb/010346.jpg,-0.09588,0.38432,0.0
29359,rgb/029359.jpg,0.15541,0.31333,0.0
2970,rgb/002970.jpg,0.04267,0.41177,0.0
40768,rgb/040768.jpg,0.11093,0.29021,0.0
43484,rgb/043484.jpg,-0.14495,0.22354,0.0
24279,rgb/024279.jpg,0.24957,0.25487,0.0
15348,rgb/015348.jpg,-9e-05,0.36858,0.0
37824,rgb/037824.jpg,0.16884,0.21178,0.0
8431,rgb/008431.jpg,-0.1367,0.23115,0.0
39661,rgb/039661.jpg,0.21124,0.24315,0.0
7131,rgb/007131.jpg,0.25361,0.22,0.0
31247,rgb/031247.jpg,-0.13818,0.37648,0.0
1658,rgb/001658.jpg,0.06844,0.38432,0.0
43427,rgb/043427.jpg,-0.05471,0.22354,0.0
26190,rgb/026190.jpg,0.0,0.35687,0.0
23766,rgb/023766.jpg,0.12264,0.19345,0.0
20275,rgb/020275.jpg,0.25052,0.21142,0.0
7642,rgb/007642.jpg,0.08502,0.08238,0.0
12090,rgb/012090.jpg,-0.06946,0.38432,0.0
43521,rgb/043521.jpg,-0.19437,0.22354,0.0
30725,rgb/030725.jpg,-0.25982,0.27117,0.0
20260,rgb/020260.jpg,0.2671,0.20341,0.0
20729,rgb/020729.jpg,0.11177,0.37256,0.0
14857,rgb/014857.jpg,-0.03397,0.32942,0.0
22796,rgb/022796.jpg,0.22507,0.28149,0.0
32318,rgb/032318.jpg,-0.02246,0.32158,0.0
8534,rgb/008534.jpg,0.04209,0.33334,0.0
21206,rgb/021206.jpg,0.20773,0.22354,0.0
8157,rgb/008157.jpg,0.04244,0.36864,0.0
39766,rgb/039766.jpg,-0.16994,0.31367,0.0
22792,rgb/022792.jpg,0.26355,0.27959,0.0
22391,rgb/022391.jpg,0.16232,0.3804,0.0
20251,rgb/020251.jpg,0.26368,0.1693,0.0
14834,rgb/014834.jpg,-0.0441,0.32942,0.0
37617,rgb/037617.jpg,-0.19048,0.21569,0.0
42080,rgb/042080.jpg,0.26944,0.21165,0.0
20689,rgb/020689.jpg,0.09415,0.37256,0.0
26652,rgb/026652.jpg,0.14903,0.27242,0.0
15898,rgb/015898.jpg,-0.04961,0.40785,0.0
40949,rgb/040949.jpg,0.06317,0.29021,0.0
19092,rgb/019092.jpg,0.13403,0.26672,0.0
5406,rgb/005406.jpg,0.10913,0.3255,0.0
8457,rgb/008457.jpg,-0.18013,0.32235,0.0
26565,rgb/026565.jpg,0.23399,0.0,0.0
8782,rgb/008782.jpg,-0.02953,0.30981,0.0
37197,rgb/037197.jpg,0.0,0.37373,0.0
24828,rgb/024828.jpg,0.16473,0.0895,0.0
9027,rgb/009027.jpg,-0.14503,0.33727,0.0
37609,rgb/037609.jpg,-0.24531,0.21557,0.0
42021,rgb/042021.jpg,0.20008,0.06899,0.0
16156,rgb/016156.jpg,0.24596,0.16472,0.0
25862,rgb/025862.jpg,0.2472,0.17648,0.0
20842,rgb/020842.jpg,0.02524,0.37256,0.0
44518,rgb/044518.jpg,0.07224,0.27452,0.0
32106,rgb/032106.jpg,-0.02616,0.32158,0.0
23793,rgb/023793.jpg,0.12452,0.21959,0.0
1662,rgb/001662.jpg,0.06809,0.38432,0.0
8184,rgb/008184.jpg,-0.02274,0.36864,0.0
37624,rgb/037624.jpg,-0.12938,0.2157,0.0
8453,rgb/008453.jpg,-0.18009,0.31274,0.0
30738,rgb/030738.jpg,-0.261,0.28113,0.0
25355,rgb/025355.jpg,0.27396,0.14119,0.0
38891,rgb/038891.jpg,-0.06842,0.27452,0.0
14843,rgb/014843.jpg,-0.04056,0.32942,0.0
22817,rgb/022817.jpg,0.10836,0.30812,0.0
2080,rgb/002080.jpg,0.02047,0.38432,0.0
30332,rgb/030332.jpg,0.10893,0.23138,0.0
22328,rgb/022328.jpg,0.19464,0.17652,0.0
29364,rgb/029364.jpg,0.17389,0.31364,0.0
28362,rgb/028362.jpg,0.24896,0.17177,0.0
15641,rgb/015641.jpg,-0.24939,0.34119,0.0
39878,rgb/039878.jpg,0.10468,0.29021,0.0
24750,rgb/024750.jpg,4e-05,0.37256,0.0
29487,rgb/029487.jpg,-0.04564,0.31374,0.0
44089,rgb/044089.jpg,-0.0,0.27452,0.0
30719,rgb/030719.jpg,-0.24873,0.26829,0.0
15034,rgb/015034.jpg,-0.06507,0.16866,0.0
20274,rgb/020274.jpg,0.25496,0.21131,0.0
30704,rgb/030704.jpg,-0.22741,0.16526,0.0
29063,rgb/029063.jpg,0.14892,0.00464,0.0
15717,rgb/015717.jpg,-0.21103,0.34119,0.0
6723,rgb/006723.jpg,0.0,0.32158,0.0
7059,rgb/007059.jpg,0.10061,0.14119,0.0
44383,rgb/044383.jpg,0.0,0.27452,0.0
28398,rgb/028398.jpg,0.2889,0.33693,0.0
31959,rgb/031959.jpg,-0.00266,0.32158,0.0
15588,rgb/015588.jpg,-0.10064,0.34119,0.0
42065,rgb/042065.jpg,0.2875,0.20251,0.0
29067,rgb/029067.jpg,0.19096,0.00147,0.0
10251,rgb/010251.jpg,-0.10066,0.38432,0.0
7854,rgb/007854.jpg,-0.04362,0.34458,0.0
24280,rgb/024280.jpg,0.25285,0.25488,0.0
19143,rgb/019143.jpg,0.17964,0.26668,0.0
1169,rgb/001169.jpg,0.32465,0.26668,0.0
1528,rgb/001528.jpg,0.07353,0.29977,0.0
16734,rgb/016734.jpg,0.02739,0.45491,0.0
30297,rgb/030297.jpg,0.19741,0.23138,0.0
7701,rgb/007701.jpg,0.2641,0.2617,0.0
2401,rgb/002401.jpg,-0.11386,0.09785,0.0
11915,rgb/011915.jpg,-0.03502,0.38432,0.0
24313,rgb/024313.jpg,0.26147,0.25491,0.0
32706,rgb/032706.jpg,-0.08169,0.34119,0.0
43266,rgb/043266.jpg,0.16195,0.21962,0.0
1128,rgb/001128.jpg,0.16811,0.2157,0.0
26966,rgb/026966.jpg,0.0,0.29805,0.0
34444,rgb/034444.jpg,-0.19265,0.30196,0.0
37597,rgb/037597.jpg,-0.2637,0.21156,0.0
27704,rgb/027704.jpg,-0.0016,0.34119,0.0
1513,rgb/001513.jpg,0.09503,0.29021,0.0
24537,rgb/024537.jpg,0.04347,0.46646,0.0
26621,rgb/026621.jpg,0.21483,0.22743,0.0
34232,rgb/034232.jpg,-0.08465,0.29018,0.0
42098,rgb/042098.jpg,0.17146,0.21178,0.0
38860,rgb/038860.jpg,-0.08567,0.27452,0.0
13979,rgb/013979.jpg,-0.06457,0.38432,0.0
43545,rgb/043545.jpg,-0.15705,0.22354,0.0
9173,rgb/009173.jpg,-3e-05,0.33727,0.0
21286,rgb/021286.jpg,-0.0815,0.34067,0.0
29480,rgb/029480.jpg,-0.04525,0.31374,0.0
40741,rgb/040741.jpg,0.07861,0.29021,0.0
31230,rgb/031230.jpg,-0.13192,0.37648,0.0
22765,rgb/022765.jpg,0.2473,0.19217,0.0
14703,rgb/014703.jpg,-0.04086,0.40001,0.0
22798,rgb/022798.jpg,0.20376,0.28285,0.0
26552,rgb/026552.jpg,0.19983,0.0,0.0
10453,rgb/010453.jpg,1e-05,0.38432,0.0
43252,rgb/043252.jpg,0.16454,0.21942,0.0
16188,rgb/016188.jpg,0.13364,0.37606,0.0
27114,rgb/027114.jpg,0.08927,0.29805,0.0
42645,rgb/042645.jpg,0.15147,0.20001,0.0
1147,rgb/001147.jpg,0.33442,0.26591,0.0
19651,rgb/019651.jpg,0.24384,0.29805,0.0
29392,rgb/029392.jpg,0.25329,0.31374,0.0
35719,rgb/035719.jpg,0.14533,0.3098,0.0
389,rgb/000389.jpg,0.0,0.14511,0.0
20571,rgb/020571.jpg,0.05294,0.37255,0.0
42665,rgb/042665.jpg,0.10277,0.20001,0.0
24438,rgb/024438.jpg,-0.06427,0.34118,0.0
8409,rgb/008409.jpg,-0.12378,0.00786,0.0
12076,rgb/012076.jpg,-0.06946,0.38432,0.0
37563,rgb/037563.jpg,-0.2412,0.09021,0.0
6372,rgb/006372.jpg,0.13537,0.32158,0.0
32052,rgb/032052.jpg,-0.02102,0.32158,0.0
15757,rgb/015757.jpg,-0.20964,0.34119,0.0
8456,rgb/008456.jpg,-0.18013,0.31999,0.0
34386,rgb/034386.jpg,-0.08847,0.29413,0.0
43278,rgb/043278.jpg,0.12751,0.22342,0.0
22666,rgb/022666.jpg,0.04332,0.45099,0.0
8422,rgb/008422.jpg,-0.1316,0.11415,0.0
15665,rgb/015665.jpg,-0.213,0.34119,0.0
30744,rgb/030744.jpg,-0.25029,0.28214,0.0
27830,rgb/027830.jpg,0.2868,0.2897,0.0
9063,rgb/009063.jpg,-0.10956,0.33727,0.0
5546,rgb/005546.jpg,0.04645,0.36079,0.0
14265,rgb/014265.jpg,-0.0,0.40001,0.0
24900,rgb/024900.jpg,0.19667,0.36864,0.0
22774,rgb/022774.jpg,0.29986,0.19217,0.0
42612,rgb/042612.jpg,0.10338,0.19999,0.0
43383,rgb/043383.jpg,-0.11666,0.22354,0.0
27310,rgb/027310.jpg,0.04745,0.29805,0.0
25753,rgb/025753.jpg,0.09501,0.18058,0.0
9646,rgb/009646.jpg,-0.00184,0.34119,0.0
10353,rgb/010353.jpg,-0.08331,0.38432,0.0
34637,rgb/034637.jpg,0.06088,0.30197,0.0
22346,rgb/022346.jpg,0.22697,0.2403,0.0
13771,rgb/013771.jpg,0.0,0.33366,0.0
34242,rgb/034242.jpg,-0.0496,0.29021,0.0
2638,rgb/002638.jpg,0.21634,0.13344,0.0
42548,rgb/042548.jpg,0.18588,0.14537,0.0
9130,rgb/009130.jpg,-0.05088,0.33727,0.0
2432,rgb/002432.jpg,-0.18062,0.30179,0.0
37579,rgb/037579.jpg,-0.25791,0.13922,0.0
42539,rgb/042539.jpg,0.17984,0.07088,0.0
43325,rgb/043325.jpg,-0.24841,0.22354,0.0
42107,rgb/042107.jpg,0.13333,0.21178,0.0
2418,rgb/002418.jpg,-0.13769,0.25213,0.0
43363,rgb/043363.jpg,-0.20428,0.22354,0.0
21956,rgb/021956.jpg,0.13488,0.229,0.0
2448,rgb/002448.jpg,-0.19017,0.30965,0.0
34118,rgb/034118.jpg,-0.08709,0.27813,0.0
39369,rgb/039369.jpg,0.0,0.22354,0.0
22757,rgb/022757.jpg,0.16645,0.1922,0.0
27112,rgb/027112.jpg,0.08935,0.29805,0.0
15633,rgb/015633.jpg,-0.2518,0.34119,0.0
42900,rgb/042900.jpg,-0.0,0.20786,0.0
35828,rgb/035828.jpg,0.04876,0.31992,0.0
24839,rgb/024839.jpg,0.20222,0.19332,0.0
33549,rgb/033549.jpg,0.0,0.34119,0.0
15077,rgb/015077.jpg,-0.14012,0.26432,0.0
27092,rgb/027092.jpg,0.09259,0.29805,0.0
28369,rgb/028369.jpg,0.25092,0.27367,0.0
34143,rgb/034143.jpg,-0.13113,0.28143,0.0
43590,rgb/043590.jpg,-0.0871,0.26665,0.0
2555,rgb/002555.jpg,0.06893,0.30981,0.0
26542,rgb/026542.jpg,0.14519,0.0,0.0
1162,rgb/001162.jpg,0.43412,0.26667,0.0
37602,rgb/037602.jpg,-0.26367,0.21472,0.0
37796,rgb/037796.jpg,0.21762,0.21001,0.0
7689,rgb/007689.jpg,0.23924,0.24743,0.0
7075,rgb/007075.jpg,0.14308,0.14119,0.0
37113,rgb/037113.jpg,0.05026,0.33727,0.0
21284,rgb/021284.jpg,-0.08253,0.34027,0.0
44263,rgb/044263.jpg,0.19328,0.27452,0.0
21229,rgb/021229.jpg,0.31683,0.22354,0.0
28336,rgb/028336.jpg,0.13296,0.15277,0.0
949,rgb/000949.jpg,-0.00773,0.35295,0.0
7677,rgb/007677.jpg,0.21525,0.20815,0.0
24261,rgb/024261.jpg,0.2033,0.25099,0.0
42496,rgb/042496.jpg,0.11077,0.0,0.0
7834,rgb/007834.jpg,-0.04352,0.34115,0.0
38738,rgb/038738.jpg,0.07623,0.27596,0.0
7735,rgb/007735.jpg,0.2828,0.26661,0.0
40344,rgb/040344.jpg,0.28289,0.29021,0.0
29960,rgb/029960.jpg,0.24022,0.2196,0.0
29574,rgb/029574.jpg,0.03563,0.4197,0.0
15755,rgb/015755.jpg,-0.21078,0.34119,0.0
4386,rgb/004386.jpg,0.11123,0.38824,0.0
2633,rgb/002633.jpg,0.21839,0.13372,0.0
14748,rgb/014748.jpg,-0.0737,0.32955,0.0
22761,rgb/022761.jpg,0.20645,0.19218,0.0
30721,rgb/030721.jpg,-0.25527,0.2693,0.0
3580,rgb/003580.jpg,0.0,0.41962,0.0
32632,rgb/032632.jpg,-0.04175,0.34119,0.0
10523,rgb/010523.jpg,-0.03339,0.38432,0.0
4405,rgb/004405.jpg,0.09345,0.38824,0.0
34542,rgb/034542.jpg,0.05952,0.30197,0.0
25859,rgb/025859.jpg,0.26822,0.17648,0.0
35707,rgb/035707.jpg,0.13976,0.30949,0.0
2652,rgb/002652.jpg,0.16684,0.13335,0.0
16996,rgb/016996.jpg,0.10185,0.3871,0.0
34088,rgb/034088.jpg,-0.06567,0.2187,0.0
10233,rgb/010233.jpg,-0.10959,0.38432,0.0
20261,rgb/020261.jpg,0.26729,0.20452,0.0
24855,rgb/024855.jpg,0.25381,0.29731,0.0
22363,rgb/022363.jpg,0.29691,0.31275,0.0
42547,rgb/042547.jpg,0.18636,0.13761,0.0
43715,rgb/043715.jpg,-0.04664,0.38432,0.0
29979,rgb/029979.jpg,0.28391,0.21962,0.0
33589,rgb/033589.jpg,-0.0643,0.34119,0.0
18365,rgb/018365.jpg,-0.0,0.38824,0.0
24364,rgb/024364.jpg,-0.0173,0.32028,0.0
46001,rgb/046001.jpg,0.11709,0.27452,0.0
24869,rgb/024869.jpg,0.2547,0.36651,0.0
8435,rgb/008435.jpg,-0.1487,0.25236,0.0
30249,rgb/030249.jpg,0.22172,0.23138,0.0
39728,rgb/039728.jpg,-0.39893,0.24315,0.0
1471,rgb/001471.jpg,0.05122,0.34868,0.0
11035,rgb/011035.jpg,-0.05737,0.38432,0.0
24284,rgb/024284.jpg,0.26534,0.2549,0.0
29143,rgb/029143.jpg,0.17356,0.32525,0.0
10249,rgb/010249.jpg,-0.10425,0.38432,0.0
40363,rgb/040363.jpg,0.24358,0.29021,0.0
25210,rgb/025210.jpg,0.0,2e-05,0.0
25822,rgb/025822.jpg,0.29536,0.17648,0.0
25814,rgb/025814.jpg,0.27772,0.17648,0.0
21196,rgb/021196.jpg,0.15419,0.22354,0.0
21219,rgb/021219.jpg,0.2991,0.22354,0.0
15084,rgb/015084.jpg,-0.14014,0.26636,0.0
11111,rgb/011111.jpg,-0.087,0.23411,0.0
33787,rgb/033787.jpg,-0.04269,0.34119,0.0
2631,rgb/002631.jpg,0.21605,0.13402,0.0
15727,rgb/015727.jpg,-0.21103,0.34119,0.0
23726,rgb/023726.jpg,0.15934,0.1608,0.0
27295,rgb/027295.jpg,0.04855,0.29805,0.0
30667,rgb/030667.jpg,-0.09932,0.03583,0.0
40356,rgb/040356.jpg,0.28776,0.29021,0.0
15718,rgb/015718.jpg,-0.21103,0.34119,0.0
4190,rgb/004190.jpg,-0.02684,0.38824,0.0
35674,rgb/035674.jpg,0.12603,0.17555,0.0
36713,rgb/036713.jpg,0.06903,0.33727,0.0
3741,rgb/003741.jpg,0.04751,0.43138,0.0
1131,rgb/001131.jpg,0.19359,0.2157,0.0
39639,rgb/039639.jpg,0.19093,0.24315,0.0
19621,rgb/019621.jpg,0.25045,0.29806,0.0
37542,rgb/037542.jpg,-0.18656,0.09021,0.0
31237,rgb/031237.jpg,-0.13867,0.37648,0.0
10339,rgb/010339.jpg,-0.09591,0.38432,0.0
26553,rgb/026553.jpg,0.20495,0.0,0.0
35756,rgb/035756.jpg,0.13311,0.31759,0.0
30475,rgb/030475.jpg,0.04587,0.23138,0.0
11261,rgb/011261.jpg,-0.031,0.38432,0.0
20759,rgb/020759.jpg,0.07843,0.37256,0.0
33349,rgb/033349.jpg,0.02969,0.34119,0.0
34494,rgb/034494.jpg,-0.12139,0.30197,0.0
36604,rgb/036604.jpg,0.11456,0.33727,0.0
43879,rgb/043879.jpg,-0.0,0.27452,0.0
15726,rgb/015726.jpg,-0.21103,0.34119,0.0
12938,rgb/012938.jpg,-0.10021,0.31374,0.0
31913,rgb/031913.jpg,-0.01596,0.32158,0.0
26756,rgb/026756.jpg,0.0,0.29413,0.0
5431,rgb/005431.jpg,0.11566,0.3255,0.0
38854,rgb/038854.jpg,-0.08156,0.27452,0.0
29418,rgb/029418.jpg,0.26313,0.31374,0.0
34144,rgb/034144.jpg,-0.13243,0.28167,0.0
43311,rgb/043311.jpg,-0.17582,0.22354,0.0
42489,rgb/042489.jpg,0.11049,0.0,0.0
8424,rgb/008424.jpg,-0.13165,0.16508,0.0
35738,rgb/035738.jpg,0.14724,0.31371,0.0
42637,rgb/042637.jpg,0.15471,0.20001,0.0
27278,rgb/027278.jpg,0.04854,0.29805,0.0
15611,rgb/015611.jpg,-0.25331,0.34119,0.0
23891,rgb/023891.jpg,0.04752,0.23922,0.0
7853,rgb/007853.jpg,-0.04365,0.34441,0.0
45995,rgb/045995.jpg,0.11708,0.27452,0.0
40471,rgb/040471.jpg,-0.04906,0.29021,0.0
26521,rgb/026521.jpg,0.05229,0.0,0.0
41345,rgb/041345.jpg,-0.0,0.29021,0.0
30298,rgb/030298.jpg,0.19001,0.23138,0.0
39751,rgb/039751.jpg,-0.33344,0.30862,0.0
43530,rgb/043530.jpg,-0.19979,0.22354,0.0
24448,rgb/024448.jpg,-0.05268,0.34119,0.0
40100,rgb/040100.jpg,-0.02968,0.29021,0.0
27416,rgb/027416.jpg,-0.0467,0.29805,0.0
17022,rgb/017022.jpg,0.1207,0.38824,0.0
12894,rgb/012894.jpg,-0.11201,0.32736,0.0
34699,rgb/034699.jpg,0.06139,0.30537,0.0
15065,rgb/015065.jpg,-0.13653,0.24666,0.0
22750,rgb/022750.jpg,0.10073,0.19241,0.0
43341,rgb/043341.jpg,-0.24557,0.22354,0.0
44293,rgb/044293.jpg,0.19345,0.27452,0.0
19102,rgb/019102.jpg,0.19131,0.26668,0.0
7111,rgb/007111.jpg,0.22589,0.14119,0.0
26561,rgb/026561.jpg,0.23126,0.0,0.0
7581,rgb/007581.jpg,-0.0,0.34903,0.0
17809,rgb/017809.jpg,0.0,0.38824,0.0
44539,rgb/044539.jpg,0.06542,0.27452,0.0
43364,rgb/043364.jpg,-0.19837,0.22354,0.0
44468,rgb/044468.jpg,0.10721,0.27452,0.0
44300,rgb/044300.jpg,0.18859,0.27452,0.0
32812,rgb/032812.jpg,0.02033,0.34119,0.0
30696,rgb/030696.jpg,-0.20296,0.04609,0.0
8488,rgb/008488.jpg,-0.19548,0.33334,0.0
29474,rgb/029474.jpg,-0.04515,0.31374,0.0
43487,rgb/043487.jpg,-0.1559,0.22354,0.0
14737,rgb/014737.jpg,-0.06289,0.33245,0.0
19113,rgb/019113.jpg,0.20547,0.26668,0.0
10282,rgb/010282.jpg,-7e-05,0.38432,0.0
30400,rgb/030400.jpg,-0.04413,0.23138,0.0
43520,rgb/043520.jpg,-0.19343,0.22354,0.0
45200,rgb/045200.jpg,-0.0,0.27452,0.0
1152,rgb/001152.jpg,0.39265,0.2665,0.0
7746,rgb/007746.jpg,0.27482,0.26667,0.0
17950,rgb/017950.jpg,0.14519,0.38824,0.0
34150,rgb/034150.jpg,-0.13627,0.28224,0.0
27831,rgb/027831.jpg,0.28772,0.29669,0.0
26674,rgb/026674.jpg,0.07826,0.28399,0.0
40346,rgb/040346.jpg,0.28587,0.29021,0.0
8766,rgb/008766.jpg,-0.02228,0.30981,0.0
8472,rgb/008472.jpg,-0.18758,0.33316,0.0
46039,rgb/046039.jpg,0.12076,0.27452,0.0
26639,rgb/026639.jpg,0.20291,0.25725,0.0
35442,rgb/035442.jpg,-0.02729,0.33334,0.0
2648,rgb/002648.jpg,0.1885,0.13335,0.0
2625,rgb/002625.jpg,0.19158,0.1371,0.0
43236,rgb/043236.jpg,0.15873,0.20522,0.0
43247,rgb/043247.jpg,0.16451,0.21878,0.0
16244,rgb/016244.jpg,-0.0531,0.41143,0.0
21252,rgb/021252.jpg,0.19774,0.22354,0.0
38812,rgb/038812.jpg,0.19714,0.29186,0.0
42048,rgb/042048.jpg,0.28757,0.06374,0.0
42426,rgb/042426.jpg,0.02185,0.25883,0.0
22332,rgb/022332.jpg,0.21762,0.17649,0.0
32647,rgb/032647.jpg,-0.05702,0.34119,0.0
2837,rgb/002837.jpg,0.12135,0.41177,0.0
38017,rgb/038017.jpg,0.1295,0.30197,0.0
34606,rgb/034606.jpg,0.11417,0.30197,0.0
34996,rgb/034996.jpg,-0.02321,0.32158,0.0
10213,rgb/010213.jpg,-0.08588,0.38432,0.0
27561,rgb/027561.jpg,-0.04469,0.29805,0.0
18002,rgb/018002.jpg,0.0888,0.38824,0.0
30295,rgb/030295.jpg,0.21153,0.23138,0.0
37588,rgb/037588.jpg,-0.26358,0.18289,0.0
29369,rgb/029369.jpg,0.19558,0.31371,0.0
44506,rgb/044506.jpg,0.0736,0.27452,0.0
31225,rgb/031225.jpg,-0.11769,0.37648,0.0
22753,rgb/022753.jpg,0.12747,0.19227,0.0
37779,rgb/037779.jpg,0.1883,0.16986,0.0
22789,rgb/022789.jpg,0.28602,0.27579,0.0
39754,rgb/039754.jpg,-0.2946,0.31158,0.0
1476,rgb/001476.jpg,0.05271,0.31933,0.0
44899,rgb/044899.jpg,0.02469,0.27452,0.0
45965,rgb/045965.jpg,0.07725,0.27452,0.0
25863,rgb/025863.jpg,0.23986,0.17648,0.0
15095,rgb/015095.jpg,-0.15228,0.27019,0.0
9048,rgb/009048.jpg,-0.1115,0.33727,0.0
8433,rgb/008433.jpg,-0.14175,0.24252,0.0
7179,rgb/007179.jpg,0.12793,0.23138,0.0
7725,rgb/007725.jpg,0.28278,0.26544,0.0
8426,rgb/008426.jpg,-0.13172,0.18992,0.0
43127,rgb/043127.jpg,0.0,0.21569,0.0
39643,rgb/039643.jpg,0.20519,0.24315,0.0
9024,rgb/009024.jpg,-0.14465,0.33727,0.0
23939,rgb/023939.jpg,0.0,0.23923,0.0
7148,rgb/007148.jpg,0.24194,0.22965,0.0
35732,rgb/035732.jpg,0.1473,0.31361,0.0
39285,rgb/039285.jpg,-0.03299,0.27452,0.0
14654,rgb/014654.jpg,-0.05043,0.40001,0.0
16581,rgb/016581.jpg,0.05829,0.4157,0.0
13893,rgb/013893.jpg,-0.07217,0.29594,0.0
19634,rgb/019634.jpg,0.25325,0.29805,0.0
44215,rgb/044215.jpg,0.07855,0.27452,0.0
38774,rgb/038774.jpg,0.25538,0.19806,0.0
15113,rgb/015113.jpg,-0.15674,0.27435,0.0
8379,rgb/008379.jpg,-0.04129,0.00817,0.0
2395,rgb/002395.jpg,-0.10794,0.09689,0.0
4030,rgb/004030.jpg,0.03607,0.28237,0.0
8403,rgb/008403.jpg,-0.10621,0.00786,0.0
43952,rgb/043952.jpg,-0.0002,0.27452,0.0
44409,rgb/044409.jpg,0.04208,0.27452,0.0
26661,rgb/026661.jpg,0.13585,0.27874,0.0
4612,rgb/004612.jpg,0.0228,0.38824,0.0
40717,rgb/040717.jpg,0.05293,0.29021,0.0
22193,rgb/022193.jpg,0.0,0.38432,0.0
20234,rgb/020234.jpg,0.21827,0.03283,0.0
10557,rgb/010557.jpg,-0.0,0.38432,0.0
9049,rgb/009049.jpg,-0.11038,0.33727,0.0
44714,rgb/044714.jpg,0.0,0.27452,0.0
46011,rgb/046011.jpg,0.1171,0.27452,0.0
30047,rgb/030047.jpg,0.0649,0.21962,0.0
37571,rgb/037571.jpg,-0.24214,0.10553,0.0
29231,rgb/029231.jpg,0.0,0.29175,0.0
35780,rgb/035780.jpg,0.04384,0.31766,0.0
29007,rgb/029007.jpg,0.04142,0.08051,0.0
2861,rgb/002861.jpg,0.08708,0.41177,0.0
36625,rgb/036625.jpg,0.12631,0.33727,0.0
2399,rgb/002399.jpg,-0.11199,0.09769,0.0
45879,rgb/045879.jpg,0.0,0.27452,0.0
3356,rgb/003356.jpg,-1e-05,0.41177,0.0
897,rgb/000897.jpg,-0.04375,0.35295,0.0
15694,rgb/015694.jpg,-0.21106,0.34119,0.0
26641,rgb/026641.jpg,0.19795,0.26137,0.0
31304,rgb/031304.jpg,-0.11357,0.37158,0.0
38030,rgb/038030.jpg,0.12823,0.30197,0.0
17934,rgb/017934.jpg,0.12189,0.38824,0.0
31241,rgb/031241.jpg,-0.1403,0.37648,0.0
8438,rgb/008438.jpg,-0.16133,0.26658,0.0
34432,rgb/034432.jpg,-0.19712,0.30173,0.0
28351,rgb/028351.jpg,0.22257,0.14521,0.0
17971,rgb/017971.jpg,0.12205,0.38824,0.0
30750,rgb/030750.jpg,-0.21935,0.28232,0.0
38087,rgb/038087.jpg,0.06262,0.30197,0.0
7651,rgb/007651.jpg,0.14462,0.08237,0.0
30281,rgb/030281.jpg,0.27176,0.23138,0.0
24872,rgb/024872.jpg,0.25468,0.36774,0.0
38197,rgb/038197.jpg,0.05039,0.30197,0.0
31598,rgb/031598.jpg,-0.03331,0.31766,0.0
43549,rgb/043549.jpg,-0.13973,0.22354,0.0
27851,rgb/027851.jpg,0.24582,0.34075,0.0
2239,rgb/002239.jpg,-0.03661,0.38432,0.0
14054,rgb/014054.jpg,-0.07294,0.39187,0.0
2658,rgb/002658.jpg,0.12505,0.13335,0.0
27808,rgb/027808.jpg,0.19239,0.11375,0.0
42050,rgb/042050.jpg,0.28762,0.07728,0.0
25321,rgb/025321.jpg,0.22254,0.14119,0.0
28344,rgb/028344.jpg,0.18905,0.14588,0.0
28392,rgb/028392.jpg,0.29102,0.33536,0.0
2895,rgb/002895.jpg,0.05663,0.41177,0.0
30749,rgb/030749.jpg,-0.22698,0.28231,0.0
37830,rgb/037830.jpg,0.1428,0.21178,0.0
43539,rgb/043539.jpg,-0.18672,0.22354,0.0
15655,rgb/015655.jpg,-0.21421,0.34119,0.0
38200,rgb/038200.jpg,0.05045,0.30197,0.0
43468,rgb/043468.jpg,-0.08977,0.22354,0.0
28363,rgb/028363.jpg,0.24967,0.18569,0.0
7067,rgb/007067.jpg,0.12784,0.14119,0.0
19619,rgb/019619.jpg,0.24661,0.29806,0.0
29909,rgb/029909.jpg,0.08969,0.0773,0.0
6386,rgb/006386.jpg,0.13117,0.32158,0.0
4834,rgb/004834.jpg,-0.00392,0.38824,0.0
22788,rgb/022788.jpg,0.29139,0.2736,0.0
5310,rgb/005310.jpg,0.08599,0.16268,0.0
43544,rgb/043544.jpg,-0.16157,0.22354,0.0
14874,rgb/014874.jpg,-0.02144,0.32942,0.0
27864,rgb/027864.jpg,0.19022,0.34118,0.0
34475,rgb/034475.jpg,-0.11707,0.30197,0.0
37550,rgb/037550.jpg,-0.21182,0.09021,0.0
34117,rgb/034117.jpg,-0.08496,0.27802,0.0
2501,rgb/002501.jpg,-0.20727,0.30981,0.0
22008,rgb/022008.jpg,0.06035,0.27059,0.0
15184,rgb/015184.jpg,-0.08842,0.35075,0.0
45570,rgb/045570.jpg,-0.03558,0.27452,0.0
43504,rgb/043504.jpg,-0.18732,0.22354,0.0
43286,rgb/043286.jpg,0.08309,0.22353,0.0
39830,rgb/039830.jpg,0.04642,0.29023,0.0
32552,rgb/032552.jpg,-0.08552,0.34119,0.0
20754,rgb/020754.jpg,0.10514,0.37256,0.0
25374,rgb/025374.jpg,0.13887,0.14119,0.0
44254,rgb/044254.jpg,0.18647,0.27452,0.0
42535,rgb/042535.jpg,0.17157,0.04011,0.0
6061,rgb/006061.jpg,0.0,0.30589,0.0
34019,rgb/034019.jpg,0.0,0.30589,0.0
9206,rgb/009206.jpg,-0.02207,0.33727,0.0
1606,rgb/001606.jpg,0.09054,0.38432,0.0
39752,rgb/039752.jpg,-0.32003,0.3099,0.0
30546,rgb/030546.jpg,0.0,0.30981,0.0
30021,rgb/030021.jpg,0.24533,0.21962,0.0
39853,rgb/039853.jpg,0.18089,0.29021,0.0
15647,rgb/015647.jpg,-0.23336,0.34119,0.0
7667,rgb/007667.jpg,0.21433,0.11303,0.0
25851,rgb/025851.jpg,0.30209,0.17648,0.0
24302,rgb/024302.jpg,0.31174,0.25491,0.0
7737,rgb/007737.jpg,0.28257,0.26664,0.0
1666,rgb/001666.jpg,0.06449,0.38432,0.0
32315,rgb/032315.jpg,-0.02482,0.32158,0.0
23176,rgb/023176.jpg,0.12851,0.09448,0.0
19609,rgb/019609.jpg,0.19555,0.29828,0.0
34428,rgb/034428.jpg,-0.19801,0.30122,0.0
37553,rgb/037553.jpg,-0.22185,0.09021,0.0
43634,rgb/043634.jpg,0.06899,0.38426,0.0
25779,rgb/025779.jpg,0.19352,0.17649,0.0
38758,rgb/038758.jpg,0.22154,0.19266,0.0
30286,rgb/030286.jpg,0.25528,0.23138,0.0
24472,rgb/024472.jpg,-1e-05,0.34119,0.0
3659,rgb/003659.jpg,0.08997,0.43138,0.0
34616,rgb/034616.jpg,0.10305,0.30197,0.0
15079,rgb/015079.jpg,-0.14013,0.26535,0.0
28356,rgb/028356.jpg,0.23837,0.14514,0.0
37762,rgb/037762.jpg,0.13614,0.0863,0.0
10844,rgb/010844.jpg,-0.00703,0.38432,0.0
42120,rgb/042120.jpg,0.09018,0.21557,0.0
26304,rgb/026304.jpg,0.0,0.35687,0.0
30724,rgb/030724.jpg,-0.25928,0.27005,0.0
20264,rgb/020264.jpg,0.26754,0.20645,0.0
43583,rgb/043583.jpg,-0.0973,0.22354,0.0
2785,rgb/002785.jpg,0.0,0.41177,0.0
16058,rgb/016058.jpg,-0.04356,0.40785,0.0
35117,rgb/035117.jpg,-0.01061,0.32942,0.0
29290,rgb/029290.jpg,-0.00086,0.00787,0.0
13038,rgb/013038.jpg,-0.04177,0.36079,0.0
29119,rgb/029119.jpg,0.24928,0.27957,0.0
19611,rgb/019611.jpg,0.20574,0.29818,0.0
32650,rgb/032650.jpg,-0.05683,0.34119,0.0
24904,rgb/024904.jpg,0.16346,0.33105,0.0
2400,rgb/002400.jpg,-0.11261,0.09778,0.0
42556,rgb/042556.jpg,0.17423,0.18439,0.0
44045,rgb/044045.jpg,-0.0,0.27452,0.0
34496,rgb/034496.jpg,-0.12133,0.30197,0.0
39405,rgb/039405.jpg,-0.02944,0.22354,0.0
10332,rgb/010332.jpg,-0.09634,0.38432,0.0
14029,rgb/014029.jpg,-0.0642,0.38824,0.0
1170,rgb/001170.jpg,0.30469,0.26668,0.0
38802,rgb/038802.jpg,0.26376,0.30582,0.0
29061,rgb/029061.jpg,0.12598,0.00824,0.0
36602,rgb/036602.jpg,0.10653,0.33727,0.0
11011,rgb/011011.jpg,-0.05634,0.38432,0.0
32199,rgb/032199.jpg,-0.0155,0.32158,0.0
9666,rgb/009666.jpg,-0.0,0.34119,0.0
32211,rgb/032211.jpg,-0.02321,0.32158,0.0
7656,rgb/007656.jpg,0.18722,0.08237,0.0
42084,rgb/042084.jpg,0.2527,0.21174,0.0
43316,rgb/043316.jpg,-0.19646,0.22354,0.0
34488,rgb/034488.jpg,-0.12189,0.30197,0.0
38035,rgb/038035.jpg,0.12158,0.30197,0.0
23596,rgb/023596.jpg,-0.0,0.26668,0.0
29425,rgb/029425.jpg,0.22676,0.31374,0.0
38861,rgb/038861.jpg,-0.08521,0.27452,0.0
34226,rgb/034226.jpg,-0.09763,0.29004,0.0
1576,rgb/001576.jpg,0.04786,0.3843,0.0
40571,rgb/040571.jpg,0.0,0.29021,0.0
4909,rgb/004909.jpg,0.02319,0.38824,0.0
29970,rgb/029970.jpg,0.27717,0.21962,0.0
23128,rgb/023128.jpg,0.13839,0.00849,0.0
29999,rgb/029999.jpg,0.31648,0.21962,0.0
9612,rgb/009612.jpg,-0.03423,0.34119,0.0
15756,rgb/015756.jpg,-0.21034,0.34119,0.0
34146,rgb/034146.jpg,-0.13461,0.28197,0.0
4192,rgb/004192.jpg,-0.02397,0.38824,0.0
27710,rgb/027710.jpg,-0.00012,0.34119,0.0
11295,rgb/011295.jpg,-6e-05,0.38432,0.0
22641,rgb/022641.jpg,-0.0,0.45099,0.0
39715,rgb/039715.jpg,-0.21303,0.24315,0.0
40884,rgb/040884.jpg,0.07113,0.29021,0.0
21222,rgb/021222.jpg,0.31421,0.22354,0.0
21235,rgb/021235.jpg,0.30186,0.22354,0.0
19131,rgb/019131.jpg,0.20574,0.26668,0.0
2582,rgb/002582.jpg,0.09723,0.22368,0.0
5111,rgb/005111.jpg,0.0,0.38824,0.0
35841,rgb/035841.jpg,0.03018,0.32154,0.0
43646,rgb/043646.jpg,0.11402,0.38432,0.0
3162,rgb/003162.jpg,-0.0,0.41177,0.0
19145,rgb/019145.jpg,0.17413,0.26668,0.0
15687,rgb/015687.jpg,-0.21175,0.34119,0.0
40409,rgb/040409.jpg,0.04901,0.29021,0.0
24883,rgb/024883.jpg,0.24822,0.3686,0.0
22333,rgb/022333.jpg,0.22073,0.17649,0.0
21202,rgb/021202.jpg,0.18604,0.22354,0.0
7683,rgb/007683.jpg,0.22242,0.23391,0.0
31618,rgb/031618.jpg,-6e-05,0.31766,0.0
10330,rgb/010330.jpg,-0.09697,0.38432,0.0
29098,rgb/029098.jpg,0.3176,0.08479,0.0
46091,rgb/046091.jpg,0.08032,0.27452,0.0
27795,rgb/027795.jpg,0.09652,0.11424,0.0
30703,rgb/030703.jpg,-0.22656,0.14975,0.0
41813,rgb/041813.jpg,-0.0,0.44315,0.0
30294,rgb/030294.jpg,0.21791,0.23138,0.0
4385,rgb/004385.jpg,0.11028,0.38824,0.0
11270,rgb/011270.jpg,-0.03262,0.38432,0.0
33828,rgb/033828.jpg,-0.05154,0.34119,0.0
2574,rgb/002574.jpg,0.09711,0.27964,0.0
25319,rgb/025319.jpg,0.21792,0.14119,0.0
37820,rgb/037820.jpg,0.19274,0.21177,0.0
22658,rgb/022658.jpg,0.04381,0.45099,0.0
38069,rgb/038069.jpg,0.06552,0.30197,0.0
15653,rgb/015653.jpg,-0.21588,0.34119,0.0
37805,rgb/037805.jpg,0.21774,0.2116,0.0
22053,rgb/022053.jpg,0.05307,0.27413,0.0
7649,rgb/007649.jpg,0.13608,0.08237,0.0
11981,rgb/011981.jpg,-0.04497,0.38432,0.0
19393,rgb/019393.jpg,-0.0,0.33727,0.0
20230,rgb/020230.jpg,0.18272,0.022,0.0
20279,rgb/020279.jpg,0.22596,0.21166,0.0
42042,rgb/042042.jpg,0.28712,0.05886,0.0
16164,rgb/016164.jpg,0.16559,0.17967,0.0
890,rgb/000890.jpg,-0.04261,0.35295,0.0
46181,rgb/046181.jpg,-0.00032,0.27452,0.0
34208,rgb/034208.jpg,-0.09833,0.28629,0.0
25314,rgb/025314.jpg,0.20496,0.14119,0.0
39855,rgb/039855.jpg,0.18491,0.29021,0.0
21938,rgb/021938.jpg,0.18418,0.21178,0.0
7664,rgb/007664.jpg,0.21321,0.08825,0.0
30717,rgb/030717.jpg,-0.24123,0.26649,0.0
27869,rgb/027869.jpg,0.14296,0.34118,0.0
42526,rgb/042526.jpg,0.15516,0.0,0.0
25335,rgb/025335.jpg,0.25266,0.14119,0.0
23755,rgb/023755.jpg,0.15004,0.1657,0.0
19090,rgb/019090.jpg,0.12164,0.26675,0.0
34239,rgb/034239.jpg,-0.0567,0.2902,0.0
14778,rgb/014778.jpg,-0.04652,0.32942,0.0
9060,rgb/009060.jpg,-0.10957,0.33727,0.0
26853,rgb/026853.jpg,-0.04859,0.29805,0.0
15621,rgb/015621.jpg,-0.25613,0.34119,0.0
22337,rgb/022337.jpg,0.22587,0.17649,0.0
43573,rgb/043573.jpg,-0.09988,0.22354,0.0
32598,rgb/032598.jpg,-0.08564,0.34119,0.0
17953,rgb/017953.jpg,0.13726,0.38824,0.0
25866,rgb/025866.jpg,0.21758,0.17648,0.0
20269,rgb/020269.jpg,0.26666,0.20979,0.0
42527,rgb/042527.jpg,0.15711,0.0,0.0
27857,rgb/027857.jpg,0.21566,0.34111,0.0
42619,rgb/042619.jpg,0.12506,0.20001,0.0
25843,rgb/025843.jpg,0.31155,0.17648,0.0
37993,rgb/037993.jpg,0.09009,0.30197,0.0
15610,rgb/015610.jpg,-0.25199,0.34119,0.0
25767,rgb/025767.jpg,0.15896,0.17656,0.0
44489,rgb/044489.jpg,0.10918,0.27452,0.0
37594,rgb/037594.jpg,-0.26369,0.20588,0.0
7109,rgb/007109.jpg,0.22325,0.14119,0.0
29423,rgb/029423.jpg,0.23924,0.31374,0.0
46248,rgb/046248.jpg,-0.0,0.27452,0.0
15590,rgb/015590.jpg,-0.11755,0.34119,0.0
16157,rgb/016157.jpg,0.23365,0.16472,0.0
42035,rgb/042035.jpg,0.2779,0.05902,0.0
34715,rgb/034715.jpg,0.07394,0.30589,0.0
31331,rgb/031331.jpg,-0.08324,0.15522,0.0
22361,rgb/022361.jpg,0.2753,0.30893,0.0
23139,rgb/023139.jpg,0.2128,0.00036,0.0
3648,rgb/003648.jpg,0.089,0.43138,0.0
16049,rgb/016049.jpg,-0.02708,0.40785,0.0
19149,rgb/019149.jpg,0.15897,0.26668,0.0
39791,rgb/039791.jpg,-0.05616,0.31374,0.0
7158,rgb/007158.jpg,0.20524,0.23129,0.0
30234,rgb/030234.jpg,0.09863,0.23138,0.0
34410,rgb/034410.jpg,-0.19728,0.24877,0.0
39743,rgb/039743.jpg,-0.41799,0.26931,0.0
38902,rgb/038902.jpg,-0.06971,0.27452,0.0
15631,rgb/015631.jpg,-0.25246,0.34119,0.0
44502,rgb/044502.jpg,0.07911,0.27452,0.0
13992,rgb/013992.jpg,-0.08109,0.38659,0.0
35778,rgb/035778.jpg,0.05196,0.31766,0.0
7108,rgb/007108.jpg,0.22252,0.14119,0.0
42583,rgb/042583.jpg,0.12298,0.19607,0.0
32783,rgb/032783.jpg,-0.06787,0.34119,0.0
4502,rgb/004502.jpg,0.05273,0.38824,0.0
15770,rgb/015770.jpg,-0.10643,0.34119,0.0
35705,rgb/035705.jpg,0.13732,0.30924,0.0
9070,rgb/009070.jpg,-0.10956,0.33727,0.0
20753,rgb/020753.jpg,0.10697,0.37256,0.0
46042,rgb/046042.jpg,0.12076,0.27452,0.0
37724,rgb/037724.jpg,0.04463,0.14523,0.0
37790,rgb/037790.jpg,0.21551,0.20489,0.0
29433,rgb/029433.jpg,0.15377,0.31374,0.0
24294,rgb/024294.jpg,0.2973,0.25491,0.0
221,rgb/000221.jpg,0.03934,0.0,0.0
29301,rgb/029301.jpg,0.06235,0.00786,0.0
27160,rgb/027160.jpg,0.08371,0.29805,0.0
1517,rgb/001517.jpg,0.08883,0.29021,0.0
15052,rgb/015052.jpg,-0.10493,0.21512,0.0
9384,rgb/009384.jpg,-0.04093,0.33727,0.0
36624,rgb/036624.jpg,0.13047,0.33727,0.0
39856,rgb/039856.jpg,0.18596,0.29021,0.0
37623,rgb/037623.jpg,-0.13917,0.2157,0.0
34548,rgb/034548.jpg,0.06673,0.30197,0.0
19108,rgb/019108.jpg,0.20287,0.26668,0.0
25323,rgb/025323.jpg,0.22709,0.14119,0.0
31232,rgb/031232.jpg,-0.13588,0.37648,0.0
44243,rgb/044243.jpg,0.14511,0.27452,0.0
5862,rgb/005862.jpg,0.00903,0.36079,0.0
1129,rgb/001129.jpg,0.17695,0.2157,0.0
28263,rgb/028263.jpg,0.03847,0.35295,0.0
3802,rgb/003802.jpg,0.05081,0.43138,0.0
9413,rgb/009413.jpg,-8e-05,0.33727,0.0
21224,rgb/021224.jpg,0.31678,0.22354,0.0
39732,rgb/039732.jpg,-0.43652,0.24315,0.0
35696,rgb/035696.jpg,0.12688,0.30353,0.0
22714,rgb/022714.jpg,-8e-05,0.28716,0.0
14248,rgb/014248.jpg,-0.0,0.40001,0.0
23133,rgb/023133.jpg,0.17379,0.00201,0.0
12062,rgb/012062.jpg,-0.06943,0.38432,0.0
15671,rgb/015671.jpg,-0.21298,0.34119,0.0
39739,rgb/039739.jpg,-0.44668,0.24584,0.0
29969,rgb/029969.jpg,0.27487,0.21962,0.0
30290,rgb/030290.jpg,0.23907,0.23138,0.0
8489,rgb/008489.jpg,-0.19487,0.33334,0.0
3961,rgb/003961.jpg,-0.02439,0.36652,0.0
22376,rgb/022376.jpg,0.34163,0.32308,0.0
36621,rgb/036621.jpg,0.13896,0.33727,0.0
43548,rgb/043548.jpg,-0.14424,0.22354,0.0
12069,rgb/012069.jpg,-0.06946,0.38432,0.0
14052,rgb/014052.jpg,-0.07294,0.39164,0.0
19757,rgb/019757.jpg,-0.01473,0.38027,0.0
15722,rgb/015722.jpg,-0.21103,0.34119,0.0
46045,rgb/046045.jpg,0.12076,0.27452,0.0
43514,rgb/043514.jpg,-0.18883,0.22354,0.0
29947,rgb/029947.jpg,0.17205,0.21867,0.0
21197,rgb/021197.jpg,0.15828,0.22354,0.0
36206,rgb/036206.jpg,0.0,0.32935,0.0
42551,rgb/042551.jpg,0.18302,0.16605,0.0
22377,rgb/022377.jpg,0.33529,0.32369,0.0
17768,rgb/017768.jpg,0.0,0.38824,0.0
21960,rgb/021960.jpg,0.12647,0.23331,0.0
38762,rgb/038762.jpg,0.23003,0.19232,0.0
30710,rgb/030710.jpg,-0.22891,0.24114,0.0
28701,rgb/028701.jpg,0.0,0.35687,0.0
27817,rgb/027817.jpg,0.23798,0.13316,0.0
40818,rgb/040818.jpg,0.0315,0.29021,0.0
671,rgb/000671.jpg,0.10655,0.30981,0.0
39740,rgb/039740.jpg,-0.4411,0.24909,0.0
29373,rgb/029373.jpg,0.21156,0.31373,0.0
9133,rgb/009133.jpg,-0.04421,0.33727,0.0
1665,rgb/001665.jpg,0.06586,0.38432,0.0
15594,rgb/015594.jpg,-0.15354,0.34119,0.0
2522,rgb/002522.jpg,-0.08014,0.30981,0.0
35769,rgb/035769.jpg,0.09722,0.31766,0.0
31236,rgb/031236.jpg,-0.13847,0.37648,0.0
820,rgb/000820.jpg,0.0811,0.35294,0.0
8601,rgb/008601.jpg,-0.06314,0.33334,0.0
10963,rgb/010963.jpg,-0.00963,0.38432,0.0
34729,rgb/034729.jpg,0.08839,0.30589,0.0
26649,rgb/026649.jpg,0.16431,0.26954,0.0
10756,rgb/010756.jpg,-0.0,0.38432,0.0
14020,rgb/014020.jpg,-0.06016,0.38824,0.0
11186,rgb/011186.jpg,-0.03212,0.2706,0.0
16120,rgb/016120.jpg,0.10963,0.21656,0.0
30996,rgb/030996.jpg,-0.04582,0.29413,0.0
22383,rgb/022383.jpg,0.26883,0.33313,0.0
4903,rgb/004903.jpg,0.02316,0.38824,0.0
27812,rgb/027812.jpg,0.21327,0.11374,0.0
19119,rgb/019119.jpg,0.20578,0.26668,0.0
37780,rgb/037780.jpg,0.19071,0.17642,0.0
36312,rgb/036312.jpg,0.0,0.33334,0.0
34392,rgb/034392.jpg,-0.1171,0.24437,0.0
15901,rgb/015901.jpg,-0.05107,0.40785,0.0
36606,rgb/036606.jpg,0.12203,0.33727,0.0
20266,rgb/020266.jpg,0.2676,0.20706,0.0
30023,rgb/030023.jpg,0.21923,0.21962,0.0
42088,rgb/042088.jpg,0.23047,0.21176,0.0
30742,rgb/030742.jpg,-0.25405,0.28197,0.0
36305,rgb/036305.jpg,0.0,0.33334,0.0
11085,rgb/011085.jpg,-0.08735,0.38432,0.0
15110,rgb/015110.jpg,-0.15643,0.27412,0.0
2838,rgb/002838.jpg,0.12164,0.41177,0.0
15618,rgb/015618.jpg,-0.25602,0.34119,0.0
37802,rgb/037802.jpg,0.21773,0.21146,0.0
8505,rgb/008505.jpg,-0.10342,0.33334,0.0
14821,rgb/014821.jpg,-0.05298,0.32942,0.0
23218,rgb/023218.jpg,0.09854,0.20258,0.0
15768,rgb/015768.jpg,-0.13215,0.34119,0.0
38333,rgb/038333.jpg,0.0,0.30197,0.0
39750,rgb/039750.jpg,-0.34676,0.30691,0.0
10224,rgb/010224.jpg,-0.10752,0.38432,0.0
28373,rgb/028373.jpg,0.2569,0.30108,0.0
25795,rgb/025795.jpg,0.22823,0.17648,0.0
35860,rgb/035860.jpg,-0.02597,0.32158,0.0
30282,rgb/030282.jpg,0.26861,0.23138,0.0
41300,rgb/041300.jpg,-2e-05,0.29021,0.0
23004,rgb/023004.jpg,-0.0,0.32942,0.0
39814,rgb/039814.jpg,-0.0385,0.29256,0.0
38571,rgb/038571.jpg,-0.0,0.30197,0.0
26572,rgb/026572.jpg,0.23758,0.00834,0.0
8491,rgb/008491.jpg,-0.19374,0.33334,0.0
16142,rgb/016142.jpg,0.28663,0.16494,0.0
24875,rgb/024875.jpg,0.25424,0.36826,0.0
2412,rgb/002412.jpg,-0.1266,0.17154,0.0
40412,rgb/040412.jpg,0.05344,0.29021,0.0
42049,rgb/042049.jpg,0.2876,0.07036,0.0
22381,rgb/022381.jpg,0.29326,0.32817,0.0
31509,rgb/031509.jpg,-0.03414,0.31766,0.0
14639,rgb/014639.jpg,-0.05074,0.40001,0.0
2666,rgb/002666.jpg,0.08578,0.15936,0.0
39675,rgb/039675.jpg,0.18512,0.24315,0.0
35092,rgb/035092.jpg,-0.04851,0.32856,0.0
34183,rgb/034183.jpg,-0.12266,0.28628,0.0
38739,rgb/038739.jpg,0.07896,0.26874,0.0
1158,rgb/001158.jpg,0.44039,0.26665,0.0
42599,rgb/042599.jpg,0.08738,0.19908,0.0
30694,rgb/030694.jpg,-0.19443,0.03531,0.0
1836,rgb/001836.jpg,4e-05,0.38432,0.0
42043,rgb/042043.jpg,0.28727,0.05886,0.0
14630,rgb/014630.jpg,-0.04873,0.40001,0.0
30692,rgb/030692.jpg,-0.18559,0.03531,0.0
40459,rgb/040459.jpg,-0.04767,0.29021,0.0
44596,rgb/044596.jpg,0.04157,0.27452,0.0
28355,rgb/028355.jpg,0.23573,0.14514,0.0
34403,rgb/034403.jpg,-0.18343,0.22066,0.0
32756,rgb/032756.jpg,-0.05007,0.34119,0.0
45972,rgb/045972.jpg,0.08622,0.27452,0.0
7674,rgb/007674.jpg,0.21475,0.19143,0.0
29990,rgb/029990.jpg,0.29757,0.21962,0.0
20263,rgb/020263.jpg,0.26749,0.20598,0.0
24303,rgb/024303.jpg,0.31154,0.25491,0.0
9082,rgb/009082.jpg,-0.10989,0.33727,0.0
26615,rgb/026615.jpg,0.22441,0.21584,0.0
41466,rgb/041466.jpg,0.00722,0.29021,0.0
28374,rgb/028374.jpg,0.26054,0.3062,0.0
29381,rgb/029381.jpg,0.22602,0.31374,0.0
30237,rgb/030237.jpg,0.12251,0.23138,0.0
39954,rgb/039954.jpg,0.0798,0.29021,0.0
25916,rgb/025916.jpg,0.13714,0.37398,0.0
33782,rgb/033782.jpg,-0.05108,0.34119,0.0
16982,rgb/016982.jpg,0.08237,0.37251,0.0
3642,rgb/003642.jpg,0.07568,0.43138,0.0
31081,rgb/031081.jpg,-0.03786,0.37648,0.0
20568,rgb/020568.jpg,0.05165,0.37254,0.0
21959,rgb/021959.jpg,0.12863,0.23264,0.0
7767,rgb/007767.jpg,0.04783,0.26668,0.0
30283,rgb/030283.jpg,0.26531,0.23138,0.0
16210,rgb/016210.jpg,0.05051,0.37648,0.0
31318,rgb/031318.jpg,-0.11587,0.22892,0.0
192,rgb/000192.jpg,0.043,0.0,0.0
46015,rgb/046015.jpg,0.11712,0.27452,0.0
17942,rgb/017942.jpg,0.14479,0.38824,0.0
38964,rgb/038964.jpg,0.03703,0.27452,0.0
22546,rgb/022546.jpg,0.00016,0.45099,0.0
30691,rgb/030691.jpg,-0.18559,0.03531,0.0
26981,rgb/026981.jpg,0.04196,0.29805,0.0
20242,rgb/020242.jpg,0.25177,0.09733,0.0
19107,rgb/019107.jpg,0.20155,0.26668,0.0
30241,rgb/030241.jpg,0.15819,0.23138,0.0
30988,rgb/030988.jpg,-0.04609,0.29413,0.0
16132,rgb/016132.jpg,0.21714,0.16872,0.0
40359,rgb/040359.jpg,0.27794,0.29021,0.0
27077,rgb/027077.jpg,0.07686,0.29805,0.0
43348,rgb/043348.jpg,-0.22441,0.22354,0.0
15176,rgb/015176.jpg,-0.08788,0.34903,0.0
34218,rgb/034218.jpg,-0.0983,0.28855,0.0
7098,rgb/007098.jpg,0.21431,0.14119,0.0
35370,rgb/035370.jpg,-0.01614,0.33334,0.0
2623,rgb/002623.jpg,0.17866,0.14003,0.0
7082,rgb/007082.jpg,0.16536,0.14119,0.0
4975,rgb/004975.jpg,0.0,0.38824,0.0
34452,rgb/034452.jpg,-0.14451,0.30197,0.0
24255,rgb/024255.jpg,0.17773,0.25099,0.0
32661,rgb/032661.jpg,-0.05027,0.34119,0.0
20758,rgb/020758.jpg,0.08472,0.37256,0.0
16148,rgb/016148.jpg,0.29101,0.16476,0.0
681,rgb/000681.jpg,0.12814,0.30981,0.0
43585,rgb/043585.jpg,-0.09609,0.23016,0.0
24861,rgb/024861.jpg,0.25463,0.3487,0.0
33964,rgb/033964.jpg,-0.0,0.30189,0.0
38810,rgb/038810.jpg,0.21445,0.30098,0.0
24288,rgb/024288.jpg,0.27583,0.25491,0.0
11087,rgb/011087.jpg,-0.08975,0.38432,0.0
40935,rgb/040935.jpg,0.07365,0.29021,0.0
29417,rgb/029417.jpg,0.26634,0.31374,0.0
15200,rgb/015200.jpg,-0.08462,0.35293,0.0
15659,rgb/015659.jpg,-0.2132,0.34119,0.0
16158,rgb/016158.jpg,0.22102,0.16472,0.0
24862,rgb/024862.jpg,0.25466,0.35271,0.0
39636,rgb/039636.jpg,0.17373,0.24315,0.0
34455,rgb/034455.jpg,-0.11817,0.30197,0.0
5332,rgb/005332.jpg,0.1119,0.3033,0.0
16969,rgb/016969.jpg,0.04058,0.3255,0.0
39657,rgb/039657.jpg,0.21124,0.24315,0.0
24959,rgb/024959.jpg,2e-05,0.14119,0.0
27800,rgb/027800.jpg,0.14033,0.11386,0.0
13860,rgb/013860.jpg,-0.06661,0.16881,0.0
34141,rgb/034141.jpg,-0.12815,0.28071,0.0
34376,rgb/034376.jpg,-0.04261,0.29413,0.0
15043,rgb/015043.jpg,-0.08628,0.18701,0.0
10727,rgb/010727.jpg,-0.0,0.38432,0.0
36593,rgb/036593.jpg,0.08068,0.33727,0.0
23191,rgb/023191.jpg,0.15838,0.13072,0.0
37543,rgb/037543.jpg,-0.18915,0.09021,0.0
38054,rgb/038054.jpg,0.09371,0.30197,0.0
38016,rgb/038016.jpg,0.12881,0.30197,0.0
15603,rgb/015603.jpg,-0.24284,0.34119,0.0
45985,rgb/045985.jpg,0.11575,0.27452,0.0
21303,rgb/021303.jpg,-0.01732,0.34118,0.0
27499,rgb/027499.jpg,0.04552,0.29805,0.0
22374,rgb/022374.jpg,0.34808,0.32121,0.0
23135,rgb/023135.jpg,0.18734,0.00113,0.0
28383,rgb/028383.jpg,0.28954,0.33003,0.0
39834,rgb/039834.jpg,0.06949,0.29021,0.0
18460,rgb/018460.jpg,-0.00723,0.38824,0.0
287,rgb/000287.jpg,0.04457,0.16523,0.0
34735,rgb/034735.jpg,0.08914,0.30761,0.0
18654,rgb/018654.jpg,0.10601,0.38824,0.0
9043,rgb/009043.jpg,-0.11922,0.33727,0.0
24265,rgb/024265.jpg,0.21471,0.25271,0.0
30758,rgb/030758.jpg,-0.1289,0.28535,0.0
35656,rgb/035656.jpg,0.10381,0.15297,0.0
31242,rgb/031242.jpg,-0.14061,0.37648,0.0
42580,rgb/042580.jpg,0.13865,0.19604,0.0
31093,rgb/031093.jpg,-0.00091,0.37648,0.0
23872,rgb/023872.jpg,0.04237,0.23853,0.0
30227,rgb/030227.jpg,0.05502,0.23138,0.0
15189,rgb/015189.jpg,-0.08844,0.35243,0.0
15187,rgb/015187.jpg,-0.08844,0.35202,0.0
43332,rgb/043332.jpg,-0.25442,0.22354,0.0
27087,rgb/027087.jpg,0.09142,0.29805,0.0
4870,rgb/004870.jpg,-0.0,0.38824,0.0
44598,rgb/044598.jpg,0.04125,0.27452,0.0
13044,rgb/013044.jpg,-0.04578,0.36079,0.0
25438,rgb/025438.jpg,0.08108,0.14119,0.0
31269,rgb/031269.jpg,-0.05053,0.37648,0.0
27849,rgb/027849.jpg,0.25012,0.34041,0.0
13026,rgb/013026.jpg,-0.02596,0.36079,0.0
19660,rgb/019660.jpg,0.18196,0.29805,0.0
2686,rgb/002686.jpg,0.09039,0.22493,0.0
9026,rgb/009026.jpg,-0.14495,0.33727,0.0
26602,rgb/026602.jpg,0.2581,0.18357,0.0
32472,rgb/032472.jpg,0.04239,0.34119,0.0
39776,rgb/039776.jpg,-0.09898,0.31373,0.0
7138,rgb/007138.jpg,0.25369,0.22606,0.0
14653,rgb/014653.jpg,-0.05067,0.40001,0.0
17339,rgb/017339.jpg,-0.00099,0.38824,0.0
15914,rgb/015914.jpg,-0.04911,0.40785,0.0
43371,rgb/043371.jpg,-0.17424,0.22354,0.0
34104,rgb/034104.jpg,-0.06577,0.26928,0.0
2665,rgb/002665.jpg,0.08897,0.15627,0.0
30305,rgb/030305.jpg,0.13771,0.23138,0.0
14713,rgb/014713.jpg,-0.04958,0.40001,0.0
34404,rgb/034404.jpg,-0.18761,0.2204,0.0
25333,rgb/025333.jpg,0.24851,0.14119,0.0
32624,rgb/032624.jpg,-0.00726,0.34119,0.0
25881,rgb/025881.jpg,0.15668,0.22274,0.0
34001,rgb/034001.jpg,8e-05,0.30589,0.0
43694,rgb/043694.jpg,0.05953,0.38432,0.0
15692,rgb/015692.jpg,-0.21111,0.34119,0.0
42032,rgb/042032.jpg,0.26826,0.05927,0.0
30821,rgb/030821.jpg,0.0429,0.2936,0.0
15028,rgb/015028.jpg,-0.0476,0.16874,0.0
9052,rgb/009052.jpg,-0.10978,0.33727,0.0
42073,rgb/042073.jpg,0.28279,0.21085,0.0
8390,rgb/008390.jpg,-0.05956,0.00787,0.0
24848,rgb/024848.jpg,0.24041,0.21825,0.0
34591,rgb/034591.jpg,0.11459,0.30197,0.0
32549,rgb/032549.jpg,-0.08379,0.34119,0.0
28371,rgb/028371.jpg,0.2523,0.28949,0.0
15040,rgb/015040.jpg,-0.07944,0.17355,0.0
15051,rgb/015051.jpg,-0.10229,0.21231,0.0
21188,rgb/021188.jpg,0.11102,0.22354,0.0
29993,rgb/029993.jpg,0.30744,0.21962,0.0
42654,rgb/042654.jpg,0.12961,0.20001,0.0
32558,rgb/032558.jpg,-0.08613,0.34119,0.0
37759,rgb/037759.jpg,0.12845,0.08631,0.0
11462,rgb/011462.jpg,0.0,0.38432,0.0
12110,rgb/012110.jpg,-0.06852,0.38432,0.0
42565,rgb/042565.jpg,0.16228,0.19257,0.0
2441,rgb/002441.jpg,-0.18989,0.30858,0.0
42056,rgb/042056.jpg,0.28766,0.12866,0.0
30325,rgb/030325.jpg,0.10998,0.23138,0.0
33731,rgb/033731.jpg,-0.04979,0.34119,0.0
26629,rgb/026629.jpg,0.21326,0.24214,0.0
25324,rgb/025324.jpg,0.22933,0.14119,0.0
34431,rgb/034431.jpg,-0.19744,0.30165,0.0
29089,rgb/029089.jpg,0.31629,0.0,0.0
43490,rgb/043490.jpg,-0.16476,0.22354,0.0
14053,rgb/014053.jpg,-0.07294,0.39177,0.0
5390,rgb/005390.jpg,0.10284,0.3255,0.0
4333,rgb/004333.jpg,0.0,0.38824,0.0
31593,rgb/031593.jpg,-0.03341,0.31766,0.0
43659,rgb/043659.jpg,0.10989,0.38432,0.0
38338,rgb/038338.jpg,-0.01685,0.30197,0.0
28433,rgb/028433.jpg,0.00164,0.34112,0.0
22372,rgb/022372.jpg,0.3497,0.32092,0.0
12261,rgb/012261.jpg,0.0,0.34913,0.0
43338,rgb/043338.jpg,-0.24995,0.22354,0.0
32719,rgb/032719.jpg,-0.08652,0.34119,0.0
24335,rgb/024335.jpg,0.13189,0.25491,0.0
19135,rgb/019135.jpg,0.20159,0.26668,0.0
30268,rgb/030268.jpg,0.28527,0.23138,0.0
8482,rgb/008482.jpg,-0.19573,0.33333,0.0
22758,rgb/022758.jpg,0.17652,0.19219,0.0
30403,rgb/030403.jpg,-0.04417,0.23138,0.0
9110,rgb/009110.jpg,-0.05568,0.33727,0.0
38855,rgb/038855.jpg,-0.0835,0.27452,0.0
34406,rgb/034406.jpg,-0.19344,0.22006,0.0
22389,rgb/022389.jpg,0.18744,0.36776,0.0
762,rgb/000762.jpg,0.04898,0.30981,0.0
43265,rgb/043265.jpg,0.16218,0.21962,0.0
22384,rgb/022384.jpg,0.25611,0.33711,0.0
42492,rgb/042492.jpg,0.11126,0.0,0.0
18646,rgb/018646.jpg,0.09779,0.38824,0.0
39961,rgb/039961.jpg,0.07741,0.29021,0.0
15847,rgb/015847.jpg,0.07885,0.40785,0.0
23686,rgb/023686.jpg,0.08363,0.16116,0.0
2191,rgb/002191.jpg,0.0,0.38432,0.0
22690,rgb/022690.jpg,-0.02132,0.3878,0.0
35097,rgb/035097.jpg,-0.05111,0.32922,0.0
17005,rgb/017005.jpg,0.1193,0.38816,0.0
34441,rgb/034441.jpg,-0.19594,0.30195,0.0
9057,rgb/009057.jpg,-0.10958,0.33727,0.0
25911,rgb/025911.jpg,0.15273,0.36594,0.0
25365,rgb/025365.jpg,0.22488,0.14119,0.0
34394,rgb/034394.jpg,-0.1289,0.23354,0.0
3959,rgb/003959.jpg,-0.01333,0.38622,0.0
19657,rgb/019657.jpg,0.20902,0.29805,0.0
20751,rgb/020751.jpg,0.10763,0.37256,0.0
40474,rgb/040474.jpg,-0.03195,0.29021,0.0
15696,rgb/015696.jpg,-0.21104,0.34119,0.0
37572,rgb/037572.jpg,-0.24279,0.10954,0.0
43763,rgb/043763.jpg,-0.04294,0.38432,0.0
40966,rgb/040966.jpg,0.05787,0.29021,0.0
28228,rgb/028228.jpg,-0.0237,0.35295,0.0
40355,rgb/040355.jpg,0.28888,0.29021,0.0
43331,rgb/043331.jpg,-0.25468,0.22354,0.0
15904,rgb/015904.jpg,-0.05144,0.40785,0.0
32553,rgb/032553.jpg,-0.08575,0.34119,0.0
40373,rgb/040373.jpg,0.08957,0.29021,0.0
21671,rgb/021671.jpg,0.00089,0.36864,0.0
25316,rgb/025316.jpg,0.21063,0.14119,0.0
15708,rgb/015708.jpg,-0.21103,0.34119,0.0
15924,rgb/015924.jpg,-0.00877,0.40785,0.0
8170,rgb/008170.jpg,0.0406,0.36864,0.0
8471,rgb/008471.jpg,-0.18608,0.33309,0.0
7842,rgb/007842.jpg,-0.04363,0.34118,0.0
37752,rgb/037752.jpg,0.10173,0.08644,0.0
24253,rgb/024253.jpg,0.16419,0.25099,0.0
16128,rgb/016128.jpg,0.17732,0.17735,0.0
14106,rgb/014106.jpg,-0.00011,0.39931,0.0
22801,rgb/022801.jpg,0.17171,0.28484,0.0
30258,rgb/030258.jpg,0.26654,0.23138,0.0
40423,rgb/040423.jpg,0.07342,0.29021,0.0
6358,rgb/006358.jpg,0.12285,0.32158,0.0
9022,rgb/009022.jpg,-0.14394,0.33727,0.0
44280,rgb/044280.jpg,0.19345,0.27452,0.0
15068,rgb/015068.jpg,-0.13915,0.24916,0.0
28361,rgb/028361.jpg,0.24788,0.16105,0.0
32571,rgb/032571.jpg,-0.09533,0.34119,0.0
15593,rgb/015593.jpg,-0.14322,0.34119,0.0
1360,rgb/001360.jpg,-0.02737,0.37256,0.0
9002,rgb/009002.jpg,-0.11397,0.33727,0.0
8423,rgb/008423.jpg,-0.13163,0.14951,0.0
29102,rgb/029102.jpg,0.31745,0.12313,0.0
25830,rgb/025830.jpg,0.30796,0.17648,0.0
22373,rgb/022373.jpg,0.34944,0.32108,0.0
11392,rgb/011392.jpg,-0.0,0.38432,0.0
39758,rgb/039758.jpg,-0.24808,0.31305,0.0
22797,rgb/022797.jpg,0.21462,0.28171,0.0
31385,rgb/031385.jpg,-0.0,0.30588,0.0
42512,rgb/042512.jpg,0.11574,0.0,0.0
26538,rgb/026538.jpg,0.11833,0.0,0.0
35112,rgb/035112.jpg,-0.03308,0.32942,0.0
42538,rgb/042538.jpg,0.17785,0.06313,0.0
8982,rgb/008982.jpg,-0.04445,0.33726,0.0
23702,rgb/023702.jpg,0.12181,0.1608,0.0
8468,rgb/008468.jpg,-0.18214,0.33275,0.0
25765,rgb/025765.jpg,0.15004,0.17661,0.0
1145,rgb/001145.jpg,0.31335,0.26531,0.0
21985,rgb/021985.jpg,0.08906,0.2658,0.0
31253,rgb/031253.jpg,-0.12759,0.37648,0.0
40803,rgb/040803.jpg,0.0576,0.29021,0.0
37991,rgb/037991.jpg,0.08358,0.30197,0.0
2858,rgb/002858.jpg,0.0915,0.41177,0.0
11112,rgb/011112.jpg,-0.08683,0.23049,0.0
29902,rgb/029902.jpg,0.08087,0.00393,0.0
25790,rgb/025790.jpg,0.21631,0.17648,0.0
15067,rgb/015067.jpg,-0.13861,0.24856,0.0
15623,rgb/015623.jpg,-0.25615,0.34119,0.0
34182,rgb/034182.jpg,-0.12387,0.28628,0.0
35930,rgb/035930.jpg,-0.0,0.32158,0.0
11030,rgb/011030.jpg,-0.06268,0.38432,0.0
40104,rgb/040104.jpg,-0.03678,0.29021,0.0
8221,rgb/008221.jpg,-0.00015,0.36864,0.0
7121,rgb/007121.jpg,0.24791,0.20181,0.0
40872,rgb/040872.jpg,0.05785,0.29021,0.0
20231,rgb/020231.jpg,0.19326,0.02434,0.0
39779,rgb/039779.jpg,-0.08513,0.31373,0.0
20185,rgb/020185.jpg,-0.02313,0.27093,0.0
1673,rgb/001673.jpg,0.06072,0.38432,0.0
38077,rgb/038077.jpg,0.06524,0.30197,0.0
15616,rgb/015616.jpg,-0.25583,0.34119,0.0
3545,rgb/003545.jpg,0.0,0.41454,0.0
34483,rgb/034483.jpg,-0.12185,0.30197,0.0
43592,rgb/043592.jpg,-0.08124,0.27524,0.0
34471,rgb/034471.jpg,-0.10365,0.30197,0.0
22379,rgb/022379.jpg,0.31599,0.32546,0.0
22355,rgb/022355.jpg,0.23296,0.29211,0.0
6526,rgb/006526.jpg,0.04223,0.32158,0.0
11217,rgb/011217.jpg,-9e-05,0.38392,0.0
36611,rgb/036611.jpg,0.13569,0.33727,0.0
38769,rgb/038769.jpg,0.24454,0.19219,0.0
19033,rgb/019033.jpg,-0.0,0.39609,0.0
22022,rgb/022022.jpg,0.04582,0.2706,0.0
30319,rgb/030319.jpg,0.10996,0.23138,0.0
28866,rgb/028866.jpg,-0.0241,0.36079,0.0
24891,rgb/024891.jpg,0.23689,0.36863,0.0
3977,rgb/003977.jpg,-0.04465,0.34046,0.0
27174,rgb/027174.jpg,0.0836,0.29805,0.0
1568,rgb/001568.jpg,0.04169,0.38413,0.0
34409,rgb/034409.jpg,-0.19683,0.2415,0.0
28890,rgb/028890.jpg,-0.00946,0.28939,0.0
14840,rgb/014840.jpg,-0.0409,0.32942,0.0
7707,rgb/007707.jpg,0.26559,0.26257,0.0
43362,rgb/043362.jpg,-0.20428,0.22354,0.0
14838,rgb/014838.jpg,-0.04153,0.32942,0.0
8407,rgb/008407.jpg,-0.11865,0.00786,0.0
7009,rgb/007009.jpg,0.0,0.25068,0.0
24853,rgb/024853.jpg,0.25259,0.2719,0.0
20227,rgb/020227.jpg,0.14637,0.01348,0.0
25972,rgb/025972.jpg,-0.04388,0.37648,0.0
9094,rgb/009094.jpg,-0.10548,0.33727,0.0
27670,rgb/027670.jpg,-0.01745,0.33695,0.0
43480,rgb/043480.jpg,-0.13211,0.22354,0.0
44478,rgb/044478.jpg,0.1159,0.27452,0.0
25910,rgb/025910.jpg,0.15331,0.36243,0.0
44605,rgb/044605.jpg,0.04103,0.27452,0.0
14626,rgb/014626.jpg,-0.04359,0.40001,0.0
30000,rgb/030000.jpg,0.3166,0.21962,0.0
30028,rgb/030028.jpg,0.15565,0.21962,0.0
9055,rgb/009055.jpg,-0.10962,0.33727,0.0
40368,rgb/040368.jpg,0.16224,0.29021,0.0
7676,rgb/007676.jpg,0.21498,0.20302,0.0
2624,rgb/002624.jpg,0.18533,0.13836,0.0
15740,rgb/015740.jpg,-0.21103,0.34119,0.0
9117,rgb/009117.jpg,-0.05482,0.33727,0.0
39772,rgb/039772.jpg,-0.12294,0.31372,0.0
7670,rgb/007670.jpg,0.21464,0.15486,0.0
42582,rgb/042582.jpg,0.12844,0.19606,0.0
38801,rgb/038801.jpg,0.26612,0.30579,0.0
32570,rgb/032570.jpg,-0.09409,0.34119,0.0
1525,rgb/001525.jpg,0.08062,0.29021,0.0
34649,rgb/034649.jpg,0.06061,0.30197,0.0
39710,rgb/039710.jpg,-0.15871,0.24315,0.0
43401,rgb/043401.jpg,-0.09675,0.22354,0.0
34437,rgb/034437.jpg,-0.19623,0.30191,0.0
1146,rgb/001146.jpg,0.32361,0.26565,0.0
2134,rgb/002134.jpg,0.0,0.38432,0.0
24389,rgb/024389.jpg,-0.04285,0.33281,0.0
28345,rgb/028345.jpg,0.19466,0.14569,0.0
34199,rgb/034199.jpg,-0.09972,0.28629,0.0
12025,rgb/012025.jpg,-0.04387,0.38432,0.0
29116,rgb/029116.jpg,0.26498,0.27037,0.0
10600,rgb/010600.jpg,-0.02084,0.38432,0.0
27870,rgb/027870.jpg,0.12951,0.34118,0.0
8437,rgb/008437.jpg,-0.15708,0.26132,0.0
26606,rgb/026606.jpg,0.25228,0.19538,0.0
6353,rgb/006353.jpg,0.10804,0.32158,0.0
34838,rgb/034838.jpg,-0.04301,0.31766,0.0
22783,rgb/022783.jpg,0.30501,0.24542,0.0
39644,rgb/039644.jpg,0.20719,0.24315,0.0
29160,rgb/029160.jpg,0.06556,0.3255,0.0
40335,rgb/040335.jpg,0.24932,0.29021,0.0
40748,rgb/040748.jpg,0.09389,0.29021,0.0
21238,rgb/021238.jpg,0.28578,0.22354,0.0
23792,rgb/023792.jpg,0.12439,0.21958,0.0
2457,rgb/002457.jpg,-0.19532,0.3098,0.0
19141,rgb/019141.jpg,0.18454,0.26668,0.0
28353,rgb/028353.jpg,0.22973,0.14517,0.0
26607,rgb/026607.jpg,0.24928,0.19752,0.0
16184,rgb/016184.jpg,0.15945,0.37515,0.0
29386,rgb/029386.jpg,0.23306,0.31374,0.0
15729,rgb/015729.jpg,-0.21103,0.34119,0.0
19650,rgb/019650.jpg,0.24656,0.29805,0.0
28404,rgb/028404.jpg,0.25297,0.3372,0.0
41292,rgb/041292.jpg,-0.00064,0.29021,0.0
34129,rgb/034129.jpg,-0.10401,0.27843,0.0
17029,rgb/017029.jpg,0.1207,0.38824,0.0
17346,rgb/017346.jpg,-5e-05,0.38824,0.0
7133,rgb/007133.jpg,0.25366,0.22155,0.0
26643,rgb/026643.jpg,0.19186,0.26467,0.0
19561,rgb/019561.jpg,-0.0,0.33727,0.0
37643,rgb/037643.jpg,-0.04222,0.2157,0.0
27681,rgb/027681.jpg,-0.06288,0.34088,0.0
35678,rgb/035678.jpg,0.12634,0.2018,0.0
32610,rgb/032610.jpg,-0.03561,0.34119,0.0
15754,rgb/015754.jpg,-0.21099,0.34119,0.0
15699,rgb/015699.jpg,-0.21103,0.34119,0.0
25775,rgb/025775.jpg,0.18745,0.17649,0.0
27558,rgb/027558.jpg,-0.06445,0.29805,0.0
35861,rgb/035861.jpg,-0.02562,0.32158,0.0
27530,rgb/027530.jpg,-0.01337,0.29805,0.0
16115,rgb/016115.jpg,0.07408,0.26647,0.0
7724,rgb/007724.jpg,0.28271,0.26502,0.0
37902,rgb/037902.jpg,0.01892,0.30197,0.0
34230,rgb/034230.jpg,-0.09124,0.29015,0.0
21735,rgb/021735.jpg,-1e-05,0.36864,0.0
22453,rgb/022453.jpg,-0.03765,0.45099,0.0
35737,rgb/035737.jpg,0.14729,0.31371,0.0
39678,rgb/039678.jpg,0.17165,0.24315,0.0
27157,rgb/027157.jpg,0.08371,0.29805,0.0
40357,rgb/040357.jpg,0.28577,0.29021,0.0
7688,rgb/007688.jpg,0.23573,0.24494,0.0
6401,rgb/006401.jpg,0.08329,0.32158,0.0
9514,rgb/009514.jpg,-0.03065,0.33727,0.0
37112,rgb/037112.jpg,0.04712,0.33727,0.0
10313,rgb/010313.jpg,-0.1006,0.38432,0.0
40531,rgb/040531.jpg,-0.0,0.29021,0.0
12941,rgb/012941.jpg,-0.08304,0.31374,0.0
21268,rgb/021268.jpg,0.04419,0.32356,0.0
22777,rgb/022777.jpg,0.3041,0.19217,0.0
7083,rgb/007083.jpg,0.16873,0.14119,0.0
39932,rgb/039932.jpg,0.06926,0.29021,0.0
24254,rgb/024254.jpg,0.17129,0.25099,0.0
23859,rgb/023859.jpg,0.04062,0.23523,0.0
23147,rgb/023147.jpg,0.24667,4e-05,0.0
24879,rgb/024879.jpg,0.25183,0.36852,0.0
17921,rgb/017921.jpg,0.07551,0.38824,0.0
23706,rgb/023706.jpg,0.13051,0.1608,0.0
1174,rgb/001174.jpg,0.22126,0.26894,0.0
16430,rgb/016430.jpg,0.07938,0.4157,0.0
34323,rgb/034323.jpg,-0.0,0.29413,0.0
45304,rgb/045304.jpg,-0.0,0.27452,0.0
2496,rgb/002496.jpg,-0.23257,0.30981,0.0
9016,rgb/009016.jpg,-0.13123,0.33727,0.0
28184,rgb/028184.jpg,0.0,0.35256,0.0
25787,rgb/025787.jpg,0.20914,0.17648,0.0
35666,rgb/035666.jpg,0.12226,0.15295,0.0
20278,rgb/020278.jpg,0.23295,0.21163,0.0
10779,rgb/010779.jpg,-0.0278,0.38432,0.0
7843,rgb/007843.jpg,-0.04362,0.34118,0.0
44278,rgb/044278.jpg,0.19345,0.27452,0.0
15635,rgb/015635.jpg,-0.25152,0.34119,0.0
31813,rgb/031813.jpg,-0.0,0.31766,0.0
25865,rgb/025865.jpg,0.22507,0.17648,0.0
30762,rgb/030762.jpg,-0.09126,0.28599,0.0
39762,rgb/039762.jpg,-0.20726,0.31352,0.0
29412,rgb/029412.jpg,0.27468,0.31374,0.0
13877,rgb/013877.jpg,-0.07226,0.16864,0.0
23114,rgb/023114.jpg,0.0543,0.31202,0.0
2593,rgb/002593.jpg,0.09686,0.16356,0.0
