[0.033s] Invoking command in '/home/daniel/code/2025-phd-daniel-guerrero/ros-bridge/build/carla_msgs': CMAKE_PREFIX_PATH=${CMAKE_PREFIX_PATH}:/home/daniel/code/2025-phd-daniel-guerrero/ros-bridge/install/rqt_carla_control:/home/daniel/code/2025-phd-daniel-guerrero/ros-bridge/install/carla_waypoint_publisher:/home/daniel/code/2025-phd-daniel-guerrero/ros-bridge/install/carla_ackermann_control:/home/daniel/code/2025-phd-daniel-guerrero/ros-bridge/install/carla_ros_bridge:/home/daniel/code/2025-phd-daniel-guerrero/ros-bridge/install/carla_spawn_objects:/home/daniel/code/2025-phd-daniel-guerrero/ros-bridge/install/carla_manual_control:/home/daniel/code/2025-phd-daniel-guerrero/ros-bridge/install/carla_ad_agent:/home/daniel/code/2025-phd-daniel-guerrero/ros-bridge/install/ros_compatibility:/home/daniel/code/2025-phd-daniel-guerrero/ros-bridge/install/carla_walker_agent:/home/daniel/code/2025-phd-daniel-guerrero/ros-bridge/install/carla_twist_to_control:/home/daniel/code/2025-phd-daniel-guerrero/ros-bridge/install/carla_ros_scenario_runner:/home/daniel/code/2025-phd-daniel-guerrero/ros-bridge/install/carla_common:/home/daniel/carla-ros-bridge/install/rqt_carla_control:/home/daniel/carla-ros-bridge/install/carla_waypoint_publisher:/home/daniel/carla-ros-bridge/install/carla_ackermann_control:/home/daniel/carla-ros-bridge/install/carla_ros_bridge:/home/daniel/carla-ros-bridge/install/carla_spawn_objects:/home/daniel/carla-ros-bridge/install/carla_manual_control:/home/daniel/carla-ros-bridge/install/carla_ad_agent:/home/daniel/carla-ros-bridge/install/ros_compatibility:/home/daniel/carla-ros-bridge/install/carla_walker_agent:/home/daniel/carla-ros-bridge/install/carla_twist_to_control:/home/daniel/carla-ros-bridge/install/carla_ros_scenario_runner:/home/daniel/carla-ros-bridge/install/carla_common:/opt/ros/humble /opt/cmake-3.28.3-linux-x86_64/bin/cmake /home/daniel/code/2025-phd-daniel-guerrero/ros-bridge/src/carla_msgs -DAMENT_CMAKE_SYMLINK_INSTALL=1 -DCMAKE_INSTALL_PREFIX=/home/daniel/code/2025-phd-daniel-guerrero/ros-bridge/install/carla_msgs
[0.959s] -- The C compiler identification is GNU 11.4.0
[0.960s] -- The CXX compiler identification is GNU 7.5.0
[0.960s] -- Detecting C compiler ABI info
[0.960s] -- Detecting C compiler ABI info - done
[0.960s] -- Check for working C compiler: /usr/bin/cc - skipped
[0.960s] -- Detecting C compile features
[0.960s] -- Detecting C compile features - done
[0.960s] -- Detecting CXX compiler ABI info
[0.961s] -- Detecting CXX compiler ABI info - done
[0.961s] -- Check for working CXX compiler: /usr/bin/c++ - skipped
[0.961s] -- Detecting CXX compile features
[0.961s] -- Detecting CXX compile features - done
[0.961s] -- Found ros_environment: 3.2.2 (/opt/ros/humble/share/ros_environment/cmake)
[0.961s] -- Found ament_cmake: 1.3.11 (/opt/ros/humble/share/ament_cmake/cmake)
[0.961s] -- Found Python3: /usr/bin/python3 (found version "3.10.12") found components: Interpreter 
[0.961s] -- Override CMake install command with custom implementation using symlinks instead of copying resources
[0.961s] -- Found builtin_interfaces: 1.2.1 (/opt/ros/humble/share/builtin_interfaces/cmake)
[0.962s] -- Found rosidl_generator_c: 3.1.6 (/opt/ros/humble/share/rosidl_generator_c/cmake)
[0.962s] -- Found rosidl_adapter: 3.1.6 (/opt/ros/humble/share/rosidl_adapter/cmake)
[0.962s] -- Found rosidl_generator_cpp: 3.1.6 (/opt/ros/humble/share/rosidl_generator_cpp/cmake)
[0.962s] -- Using all available rosidl_typesupport_c: rosidl_typesupport_fastrtps_c;rosidl_typesupport_introspection_c
[0.962s] -- Using all available rosidl_typesupport_cpp: rosidl_typesupport_fastrtps_cpp;rosidl_typesupport_introspection_cpp
[0.962s] -- Found std_msgs: 4.8.0 (/opt/ros/humble/share/std_msgs/cmake)
[0.962s] -- Found geometry_msgs: 4.8.0 (/opt/ros/humble/share/geometry_msgs/cmake)
[0.962s] -- Found diagnostic_msgs: 4.8.0 (/opt/ros/humble/share/diagnostic_msgs/cmake)
[0.962s] -- Found rosidl_default_generators: 1.2.0 (/opt/ros/humble/share/rosidl_default_generators/cmake)
[1.505s] -- Found ament_cmake_cppcheck: 0.12.12 (/opt/ros/humble/share/ament_cmake_cppcheck/cmake)
[1.511s] -- Found ament_cmake_cpplint: 0.12.12 (/opt/ros/humble/share/ament_cmake_cpplint/cmake)
[1.518s] -- Found ament_cmake_uncrustify: 0.12.12 (/opt/ros/humble/share/ament_cmake_uncrustify/cmake)
[1.525s] -- Found ament_cmake_ros: 0.10.0 (/opt/ros/humble/share/ament_cmake_ros/cmake)
[2.556s] -- Using all available rosidl_typesupport_c: rosidl_typesupport_fastrtps_c;rosidl_typesupport_introspection_c
[2.921s] -- Using all available rosidl_typesupport_cpp: rosidl_typesupport_fastrtps_cpp;rosidl_typesupport_introspection_cpp
[2.926s] [33mCMake Warning (dev) at /opt/ros/humble/share/rosidl_generator_py/cmake/rosidl_generator_py_generate_interfaces.cmake:20 (find_package):
[2.926s]   Policy CMP0148 is not set: The FindPythonInterp and FindPythonLibs modules
[2.926s]   are removed.  Run "cmake --help-policy CMP0148" for policy details.  Use
[2.926s]   the cmake_policy command to set the policy and suppress this warning.
[2.926s] 
[2.926s] Call Stack (most recent call first):
[2.927s]   /opt/ros/humble/share/ament_cmake_core/cmake/core/ament_execute_extensions.cmake:48 (include)
[2.927s]   /opt/ros/humble/share/rosidl_cmake/cmake/rosidl_generate_interfaces.cmake:286 (ament_execute_extensions)
[2.927s]   CMakeLists.txt:79 (rosidl_generate_interfaces)
[2.927s] This warning is for project developers.  Use -Wno-dev to suppress it.
[2.927s] [0m
[2.952s] -- Found PythonInterp: /usr/bin/python3 (found suitable version "3.10.12", minimum required is "3.6") 
[2.959s] -- Found python_cmake_module: 0.10.0 (/opt/ros/humble/share/python_cmake_module/cmake)
[2.960s] [33mCMake Warning (dev) at /opt/ros/humble/share/python_cmake_module/cmake/Modules/FindPythonExtra.cmake:52 (find_package):
[2.960s]   Policy CMP0148 is not set: The FindPythonInterp and FindPythonLibs modules
[2.960s]   are removed.  Run "cmake --help-policy CMP0148" for policy details.  Use
[2.960s]   the cmake_policy command to set the policy and suppress this warning.
[2.960s] 
[2.960s] Call Stack (most recent call first):
[2.960s]   /opt/ros/humble/share/rosidl_generator_py/cmake/rosidl_generator_py_generate_interfaces.cmake:23 (find_package)
[2.960s]   /opt/ros/humble/share/ament_cmake_core/cmake/core/ament_execute_extensions.cmake:48 (include)
[2.960s]   /opt/ros/humble/share/rosidl_cmake/cmake/rosidl_generate_interfaces.cmake:286 (ament_execute_extensions)
[2.960s]   CMakeLists.txt:79 (rosidl_generate_interfaces)
[2.960s] This warning is for project developers.  Use -Wno-dev to suppress it.
[2.960s] [0m
[2.983s] [33mCMake Warning (dev) at /opt/ros/humble/share/python_cmake_module/cmake/Modules/FindPythonExtra.cmake:140 (find_package):
[2.983s]   Policy CMP0148 is not set: The FindPythonInterp and FindPythonLibs modules
[2.983s]   are removed.  Run "cmake --help-policy CMP0148" for policy details.  Use
[2.983s]   the cmake_policy command to set the policy and suppress this warning.
[2.983s] 
[2.983s] Call Stack (most recent call first):
[2.983s]   /opt/ros/humble/share/rosidl_generator_py/cmake/rosidl_generator_py_generate_interfaces.cmake:23 (find_package)
[2.983s]   /opt/ros/humble/share/ament_cmake_core/cmake/core/ament_execute_extensions.cmake:48 (include)
[2.983s]   /opt/ros/humble/share/rosidl_cmake/cmake/rosidl_generate_interfaces.cmake:286 (ament_execute_extensions)
[2.983s]   CMakeLists.txt:79 (rosidl_generate_interfaces)
[2.983s] This warning is for project developers.  Use -Wno-dev to suppress it.
[2.983s] [0m
[2.994s] -- Found PythonLibs: /usr/lib/x86_64-linux-gnu/libpython3.10.so (found suitable version "3.10.12", minimum required is "3.5") 
[2.994s] -- Using PYTHON_EXECUTABLE: /usr/bin/python3
[2.994s] -- Using PYTHON_INCLUDE_DIRS: /usr/include/python3.10
[2.994s] -- Using PYTHON_LIBRARIES: /usr/lib/x86_64-linux-gnu/libpython3.10.so
[3.016s] -- Found PythonExtra: .so  
[3.144s] -- Found ament_cmake_flake8: 0.12.12 (/opt/ros/humble/share/ament_cmake_flake8/cmake)
[3.149s] -- Found ament_cmake_pep257: 0.12.12 (/opt/ros/humble/share/ament_cmake_pep257/cmake)
[3.159s] -- Found ament_lint_auto: 0.12.12 (/opt/ros/humble/share/ament_lint_auto/cmake)
[3.188s] -- Added test 'copyright' to check source files copyright and LICENSE
[3.190s] -- Added test 'lint_cmake' to check CMake code style
[3.191s] -- Added test 'xmllint' to check XML markup files
[3.196s] -- Configuring done (3.2s)
[3.274s] -- Generating done (0.1s)
[3.286s] -- Build files have been written to: /home/daniel/code/2025-phd-daniel-guerrero/ros-bridge/build/carla_msgs
[3.293s] Invoked command in '/home/daniel/code/2025-phd-daniel-guerrero/ros-bridge/build/carla_msgs' returned '0': CMAKE_PREFIX_PATH=${CMAKE_PREFIX_PATH}:/home/daniel/code/2025-phd-daniel-guerrero/ros-bridge/install/rqt_carla_control:/home/daniel/code/2025-phd-daniel-guerrero/ros-bridge/install/carla_waypoint_publisher:/home/daniel/code/2025-phd-daniel-guerrero/ros-bridge/install/carla_ackermann_control:/home/daniel/code/2025-phd-daniel-guerrero/ros-bridge/install/carla_ros_bridge:/home/daniel/code/2025-phd-daniel-guerrero/ros-bridge/install/carla_spawn_objects:/home/daniel/code/2025-phd-daniel-guerrero/ros-bridge/install/carla_manual_control:/home/daniel/code/2025-phd-daniel-guerrero/ros-bridge/install/carla_ad_agent:/home/daniel/code/2025-phd-daniel-guerrero/ros-bridge/install/ros_compatibility:/home/daniel/code/2025-phd-daniel-guerrero/ros-bridge/install/carla_walker_agent:/home/daniel/code/2025-phd-daniel-guerrero/ros-bridge/install/carla_twist_to_control:/home/daniel/code/2025-phd-daniel-guerrero/ros-bridge/install/carla_ros_scenario_runner:/home/daniel/code/2025-phd-daniel-guerrero/ros-bridge/install/carla_common:/home/daniel/carla-ros-bridge/install/rqt_carla_control:/home/daniel/carla-ros-bridge/install/carla_waypoint_publisher:/home/daniel/carla-ros-bridge/install/carla_ackermann_control:/home/daniel/carla-ros-bridge/install/carla_ros_bridge:/home/daniel/carla-ros-bridge/install/carla_spawn_objects:/home/daniel/carla-ros-bridge/install/carla_manual_control:/home/daniel/carla-ros-bridge/install/carla_ad_agent:/home/daniel/carla-ros-bridge/install/ros_compatibility:/home/daniel/carla-ros-bridge/install/carla_walker_agent:/home/daniel/carla-ros-bridge/install/carla_twist_to_control:/home/daniel/carla-ros-bridge/install/carla_ros_scenario_runner:/home/daniel/carla-ros-bridge/install/carla_common:/opt/ros/humble /opt/cmake-3.28.3-linux-x86_64/bin/cmake /home/daniel/code/2025-phd-daniel-guerrero/ros-bridge/src/carla_msgs -DAMENT_CMAKE_SYMLINK_INSTALL=1 -DCMAKE_INSTALL_PREFIX=/home/daniel/code/2025-phd-daniel-guerrero/ros-bridge/install/carla_msgs
[3.295s] Invoking command in '/home/daniel/code/2025-phd-daniel-guerrero/ros-bridge/build/carla_msgs': CMAKE_PREFIX_PATH=${CMAKE_PREFIX_PATH}:/home/daniel/code/2025-phd-daniel-guerrero/ros-bridge/install/rqt_carla_control:/home/daniel/code/2025-phd-daniel-guerrero/ros-bridge/install/carla_waypoint_publisher:/home/daniel/code/2025-phd-daniel-guerrero/ros-bridge/install/carla_ackermann_control:/home/daniel/code/2025-phd-daniel-guerrero/ros-bridge/install/carla_ros_bridge:/home/daniel/code/2025-phd-daniel-guerrero/ros-bridge/install/carla_spawn_objects:/home/daniel/code/2025-phd-daniel-guerrero/ros-bridge/install/carla_manual_control:/home/daniel/code/2025-phd-daniel-guerrero/ros-bridge/install/carla_ad_agent:/home/daniel/code/2025-phd-daniel-guerrero/ros-bridge/install/ros_compatibility:/home/daniel/code/2025-phd-daniel-guerrero/ros-bridge/install/carla_walker_agent:/home/daniel/code/2025-phd-daniel-guerrero/ros-bridge/install/carla_twist_to_control:/home/daniel/code/2025-phd-daniel-guerrero/ros-bridge/install/carla_ros_scenario_runner:/home/daniel/code/2025-phd-daniel-guerrero/ros-bridge/install/carla_common:/home/daniel/carla-ros-bridge/install/rqt_carla_control:/home/daniel/carla-ros-bridge/install/carla_waypoint_publisher:/home/daniel/carla-ros-bridge/install/carla_ackermann_control:/home/daniel/carla-ros-bridge/install/carla_ros_bridge:/home/daniel/carla-ros-bridge/install/carla_spawn_objects:/home/daniel/carla-ros-bridge/install/carla_manual_control:/home/daniel/carla-ros-bridge/install/carla_ad_agent:/home/daniel/carla-ros-bridge/install/ros_compatibility:/home/daniel/carla-ros-bridge/install/carla_walker_agent:/home/daniel/carla-ros-bridge/install/carla_twist_to_control:/home/daniel/carla-ros-bridge/install/carla_ros_scenario_runner:/home/daniel/carla-ros-bridge/install/carla_common:/opt/ros/humble /opt/cmake-3.28.3-linux-x86_64/bin/cmake --build /home/daniel/code/2025-phd-daniel-guerrero/ros-bridge/build/carla_msgs -- -j12 -l12
[3.317s] [  0%] [34m[1mGenerating C code for ROS interfaces[0m
[3.323s] [  0%] [34m[1mGenerating C++ code for ROS interfaces[0m
[3.323s] [  0%] Built target ament_cmake_python_symlink_carla_msgs
[3.624s] running egg_info
[3.624s] creating carla_msgs.egg-info
[3.624s] writing carla_msgs.egg-info/PKG-INFO
[3.624s] writing dependency_links to carla_msgs.egg-info/dependency_links.txt
[3.624s] writing top-level names to carla_msgs.egg-info/top_level.txt
[3.625s] writing manifest file 'carla_msgs.egg-info/SOURCES.txt'
[3.626s] reading manifest file 'carla_msgs.egg-info/SOURCES.txt'
[3.626s] writing manifest file 'carla_msgs.egg-info/SOURCES.txt'
[3.648s] [  0%] Built target ament_cmake_python_build_carla_msgs_egg
[5.753s] [  1%] [32mBuilding C object CMakeFiles/carla_msgs__rosidl_generator_c.dir/rosidl_generator_c/carla_msgs/msg/detail/carla_bounding_box__functions.c.o[0m
[5.755s] [  1%] [32mBuilding C object CMakeFiles/carla_msgs__rosidl_generator_c.dir/rosidl_generator_c/carla_msgs/msg/detail/carla_ego_vehicle_control__functions.c.o[0m
[5.758s] [  3%] [32mBuilding C object CMakeFiles/carla_msgs__rosidl_generator_c.dir/rosidl_generator_c/carla_msgs/msg/detail/carla_ego_vehicle_status__functions.c.o[0m
[5.758s] [  3%] [32mBuilding C object CMakeFiles/carla_msgs__rosidl_generator_c.dir/rosidl_generator_c/carla_msgs/msg/detail/carla_ego_vehicle_info__functions.c.o[0m
[5.758s] [  3%] [32mBuilding C object CMakeFiles/carla_msgs__rosidl_generator_c.dir/rosidl_generator_c/carla_msgs/msg/detail/carla_ego_vehicle_info_wheel__functions.c.o[0m
[5.758s] [  3%] [32mBuilding C object CMakeFiles/carla_msgs__rosidl_generator_c.dir/rosidl_generator_c/carla_msgs/msg/detail/carla_collision_event__functions.c.o[0m
[5.773s] [  4%] [32mBuilding C object CMakeFiles/carla_msgs__rosidl_generator_c.dir/rosidl_generator_c/carla_msgs/msg/detail/carla_lane_invasion_event__functions.c.o[0m
[5.777s] [  4%] [32mBuilding C object CMakeFiles/carla_msgs__rosidl_generator_c.dir/rosidl_generator_c/carla_msgs/msg/detail/carla_world_info__functions.c.o[0m
[5.780s] [  5%] [32mBuilding C object CMakeFiles/carla_msgs__rosidl_generator_c.dir/rosidl_generator_c/carla_msgs/msg/detail/carla_actor_info__functions.c.o[0m
[5.782s] [  5%] [32mBuilding C object CMakeFiles/carla_msgs__rosidl_generator_c.dir/rosidl_generator_c/carla_msgs/msg/detail/carla_actor_list__functions.c.o[0m
[5.794s] [  6%] [32mBuilding C object CMakeFiles/carla_msgs__rosidl_generator_c.dir/rosidl_generator_c/carla_msgs/msg/detail/carla_control__functions.c.o[0m
[5.844s] [  6%] [32mBuilding C object CMakeFiles/carla_msgs__rosidl_generator_c.dir/rosidl_generator_c/carla_msgs/msg/detail/carla_status__functions.c.o[0m
[5.848s] [  6%] [32mBuilding C object CMakeFiles/carla_msgs__rosidl_generator_c.dir/rosidl_generator_c/carla_msgs/msg/detail/carla_traffic_light_info_list__functions.c.o[0m
[5.849s] [  7%] [32mBuilding C object CMakeFiles/carla_msgs__rosidl_generator_c.dir/rosidl_generator_c/carla_msgs/msg/detail/carla_traffic_light_info__functions.c.o[0m
[5.859s] [  8%] [32mBuilding C object CMakeFiles/carla_msgs__rosidl_generator_c.dir/rosidl_generator_c/carla_msgs/msg/detail/carla_traffic_light_status__functions.c.o[0m
[5.860s] [  8%] [32mBuilding C object CMakeFiles/carla_msgs__rosidl_generator_c.dir/rosidl_generator_c/carla_msgs/msg/detail/carla_traffic_light_status_list__functions.c.o[0m
[5.863s] [  9%] [32mBuilding C object CMakeFiles/carla_msgs__rosidl_generator_c.dir/rosidl_generator_c/carla_msgs/msg/detail/carla_walker_control__functions.c.o[0m
[5.869s] [  9%] [32mBuilding C object CMakeFiles/carla_msgs__rosidl_generator_c.dir/rosidl_generator_c/carla_msgs/msg/detail/carla_weather_parameters__functions.c.o[0m
[5.869s] [ 11%] [32mBuilding C object CMakeFiles/carla_msgs__rosidl_generator_c.dir/rosidl_generator_c/carla_msgs/srv/detail/spawn_object__functions.c.o[0m
[5.869s] [ 11%] [32mBuilding C object CMakeFiles/carla_msgs__rosidl_generator_c.dir/rosidl_generator_c/carla_msgs/srv/detail/destroy_object__functions.c.o[0m
[5.883s] [ 11%] [32mBuilding C object CMakeFiles/carla_msgs__rosidl_generator_c.dir/rosidl_generator_c/carla_msgs/srv/detail/get_blueprints__functions.c.o[0m
[5.921s] [ 11%] Built target carla_msgs__cpp
[5.927s] [ 12%] [34m[1mGenerating C++ type support dispatch for ROS interfaces[0m
[5.928s] [ 14%] [34m[1mGenerating C++ type support for eProsima Fast-RTPS[0m
[5.928s] [ 14%] [34m[1mGenerating C++ introspection for ROS interfaces[0m
[5.951s] [ 15%] [32m[1mLinking C shared library libcarla_msgs__rosidl_generator_c.so[0m
[5.991s] [ 15%] Built target carla_msgs__rosidl_generator_c
[5.997s] [ 16%] [34m[1mGenerating C type support dispatch for ROS interfaces[0m
[5.997s] [ 17%] [34m[1mGenerating C type support for eProsima Fast-RTPS[0m
[5.998s] [ 18%] [34m[1mGenerating C introspection for ROS interfaces[0m
[6.929s] [ 18%] [32mBuilding CXX object CMakeFiles/carla_msgs__rosidl_typesupport_c.dir/rosidl_typesupport_c/carla_msgs/msg/carla_bounding_box__type_support.cpp.o[0m
[6.929s] [ 19%] [32mBuilding CXX object CMakeFiles/carla_msgs__rosidl_typesupport_c.dir/rosidl_typesupport_c/carla_msgs/msg/carla_ego_vehicle_control__type_support.cpp.o[0m
[6.935s] [ 20%] [32mBuilding CXX object CMakeFiles/carla_msgs__rosidl_typesupport_c.dir/rosidl_typesupport_c/carla_msgs/msg/carla_ego_vehicle_info_wheel__type_support.cpp.o[0m
[6.935s] [ 20%] [32mBuilding CXX object CMakeFiles/carla_msgs__rosidl_typesupport_c.dir/rosidl_typesupport_c/carla_msgs/msg/carla_ego_vehicle_status__type_support.cpp.o[0m
[6.935s] [ 20%] [32mBuilding CXX object CMakeFiles/carla_msgs__rosidl_typesupport_c.dir/rosidl_typesupport_c/carla_msgs/msg/carla_ego_vehicle_info__type_support.cpp.o[0m
[6.956s] [ 21%] [32mBuilding CXX object CMakeFiles/carla_msgs__rosidl_typesupport_c.dir/rosidl_typesupport_c/carla_msgs/msg/carla_collision_event__type_support.cpp.o[0m
[6.965s] [ 21%] [32mBuilding CXX object CMakeFiles/carla_msgs__rosidl_typesupport_c.dir/rosidl_typesupport_c/carla_msgs/msg/carla_lane_invasion_event__type_support.cpp.o[0m
[6.980s] [ 22%] [32mBuilding CXX object CMakeFiles/carla_msgs__rosidl_typesupport_c.dir/rosidl_typesupport_c/carla_msgs/msg/carla_world_info__type_support.cpp.o[0m
[6.982s] [ 22%] [32mBuilding CXX object CMakeFiles/carla_msgs__rosidl_typesupport_c.dir/rosidl_typesupport_c/carla_msgs/msg/carla_actor_info__type_support.cpp.o[0m
[6.982s] [ 23%] [32mBuilding CXX object CMakeFiles/carla_msgs__rosidl_typesupport_c.dir/rosidl_typesupport_c/carla_msgs/msg/carla_actor_list__type_support.cpp.o[0m
[6.988s] [ 23%] [32mBuilding CXX object CMakeFiles/carla_msgs__rosidl_typesupport_c.dir/rosidl_typesupport_c/carla_msgs/msg/carla_control__type_support.cpp.o[0m
[7.009s] [ 24%] [32mBuilding CXX object CMakeFiles/carla_msgs__rosidl_typesupport_c.dir/rosidl_typesupport_c/carla_msgs/msg/carla_status__type_support.cpp.o[0m
[7.014s] [ 24%] [32mBuilding CXX object CMakeFiles/carla_msgs__rosidl_typesupport_c.dir/rosidl_typesupport_c/carla_msgs/msg/carla_traffic_light_info__type_support.cpp.o[0m
[7.018s] [ 25%] [32mBuilding CXX object CMakeFiles/carla_msgs__rosidl_typesupport_c.dir/rosidl_typesupport_c/carla_msgs/msg/carla_traffic_light_info_list__type_support.cpp.o[0m
[7.030s] [ 25%] [32mBuilding CXX object CMakeFiles/carla_msgs__rosidl_typesupport_c.dir/rosidl_typesupport_c/carla_msgs/msg/carla_traffic_light_status__type_support.cpp.o[0m
[7.033s] [ 26%] [32mBuilding CXX object CMakeFiles/carla_msgs__rosidl_typesupport_c.dir/rosidl_typesupport_c/carla_msgs/msg/carla_walker_control__type_support.cpp.o[0m
[7.034s] [ 27%] [32mBuilding CXX object CMakeFiles/carla_msgs__rosidl_typesupport_c.dir/rosidl_typesupport_c/carla_msgs/msg/carla_traffic_light_status_list__type_support.cpp.o[0m
[7.037s] [ 27%] [32mBuilding CXX object CMakeFiles/carla_msgs__rosidl_typesupport_c.dir/rosidl_typesupport_c/carla_msgs/msg/carla_weather_parameters__type_support.cpp.o[0m
[7.060s] [ 28%] [32mBuilding CXX object CMakeFiles/carla_msgs__rosidl_typesupport_c.dir/rosidl_typesupport_c/carla_msgs/srv/spawn_object__type_support.cpp.o[0m
[7.060s] [ 28%] [32mBuilding CXX object CMakeFiles/carla_msgs__rosidl_typesupport_c.dir/rosidl_typesupport_c/carla_msgs/srv/destroy_object__type_support.cpp.o[0m
[7.062s] [ 29%] [32mBuilding CXX object CMakeFiles/carla_msgs__rosidl_typesupport_c.dir/rosidl_typesupport_c/carla_msgs/srv/get_blueprints__type_support.cpp.o[0m
[7.100s] [ 29%] [32m[1mLinking CXX shared library libcarla_msgs__rosidl_typesupport_c.so[0m
[7.145s] [ 29%] Built target carla_msgs__rosidl_typesupport_c
[7.192s] [ 30%] [32mBuilding CXX object CMakeFiles/carla_msgs__rosidl_typesupport_introspection_cpp.dir/rosidl_typesupport_introspection_cpp/carla_msgs/msg/detail/carla_bounding_box__type_support.cpp.o[0m
[7.192s] [ 30%] [32mBuilding CXX object CMakeFiles/carla_msgs__rosidl_typesupport_introspection_cpp.dir/rosidl_typesupport_introspection_cpp/carla_msgs/msg/detail/carla_ego_vehicle_control__type_support.cpp.o[0m
[7.192s] [ 31%] [32mBuilding CXX object CMakeFiles/carla_msgs__rosidl_typesupport_introspection_cpp.dir/rosidl_typesupport_introspection_cpp/carla_msgs/msg/detail/carla_ego_vehicle_status__type_support.cpp.o[0m
[7.192s] [ 32%] [32mBuilding CXX object CMakeFiles/carla_msgs__rosidl_typesupport_introspection_cpp.dir/rosidl_typesupport_introspection_cpp/carla_msgs/msg/detail/carla_ego_vehicle_info__type_support.cpp.o[0m
[7.193s] [ 32%] [32mBuilding CXX object CMakeFiles/carla_msgs__rosidl_typesupport_introspection_cpp.dir/rosidl_typesupport_introspection_cpp/carla_msgs/msg/detail/carla_ego_vehicle_info_wheel__type_support.cpp.o[0m
[7.197s] [ 32%] [32mBuilding CXX object CMakeFiles/carla_msgs__rosidl_typesupport_introspection_cpp.dir/rosidl_typesupport_introspection_cpp/carla_msgs/msg/detail/carla_collision_event__type_support.cpp.o[0m
[7.198s] [ 33%] [32mBuilding CXX object CMakeFiles/carla_msgs__rosidl_typesupport_introspection_cpp.dir/rosidl_typesupport_introspection_cpp/carla_msgs/msg/detail/carla_lane_invasion_event__type_support.cpp.o[0m
[7.206s] [ 33%] [32mBuilding CXX object CMakeFiles/carla_msgs__rosidl_typesupport_introspection_cpp.dir/rosidl_typesupport_introspection_cpp/carla_msgs/msg/detail/carla_world_info__type_support.cpp.o[0m
[7.411s] [ 33%] [32mBuilding CXX object CMakeFiles/carla_msgs__rosidl_typesupport_cpp.dir/rosidl_typesupport_cpp/carla_msgs/msg/carla_bounding_box__type_support.cpp.o[0m
[7.509s] [ 34%] [32mBuilding CXX object CMakeFiles/carla_msgs__rosidl_typesupport_introspection_cpp.dir/rosidl_typesupport_introspection_cpp/carla_msgs/msg/detail/carla_actor_info__type_support.cpp.o[0m
[7.526s] [ 34%] [32mBuilding CXX object CMakeFiles/carla_msgs__rosidl_typesupport_introspection_cpp.dir/rosidl_typesupport_introspection_cpp/carla_msgs/msg/detail/carla_actor_list__type_support.cpp.o[0m
[7.530s] [ 35%] [32mBuilding CXX object CMakeFiles/carla_msgs__rosidl_typesupport_cpp.dir/rosidl_typesupport_cpp/carla_msgs/msg/carla_ego_vehicle_control__type_support.cpp.o[0m
[7.549s] [ 35%] [32mBuilding CXX object CMakeFiles/carla_msgs__rosidl_typesupport_fastrtps_cpp.dir/rosidl_typesupport_fastrtps_cpp/carla_msgs/msg/detail/dds_fastrtps/carla_bounding_box__type_support.cpp.o[0m
[7.559s] [ 36%] [32mBuilding CXX object CMakeFiles/carla_msgs__rosidl_typesupport_introspection_cpp.dir/rosidl_typesupport_introspection_cpp/carla_msgs/msg/detail/carla_control__type_support.cpp.o[0m
[7.576s] [ 36%] [32mBuilding CXX object CMakeFiles/carla_msgs__rosidl_typesupport_cpp.dir/rosidl_typesupport_cpp/carla_msgs/msg/carla_ego_vehicle_status__type_support.cpp.o[0m
[7.593s] [ 37%] [32mBuilding CXX object CMakeFiles/carla_msgs__rosidl_typesupport_cpp.dir/rosidl_typesupport_cpp/carla_msgs/msg/carla_ego_vehicle_info_wheel__type_support.cpp.o[0m
[7.608s] [ 37%] [32mBuilding CXX object CMakeFiles/carla_msgs__rosidl_typesupport_introspection_cpp.dir/rosidl_typesupport_introspection_cpp/carla_msgs/msg/detail/carla_status__type_support.cpp.o[0m
[7.635s] [ 38%] [32mBuilding CXX object CMakeFiles/carla_msgs__rosidl_typesupport_introspection_cpp.dir/rosidl_typesupport_introspection_cpp/carla_msgs/msg/detail/carla_traffic_light_info__type_support.cpp.o[0m
[7.722s] [ 39%] [32mBuilding CXX object CMakeFiles/carla_msgs__rosidl_typesupport_fastrtps_cpp.dir/rosidl_typesupport_fastrtps_cpp/carla_msgs/msg/detail/dds_fastrtps/carla_ego_vehicle_control__type_support.cpp.o[0m
[7.824s] [ 39%] [32mBuilding CXX object CMakeFiles/carla_msgs__rosidl_typesupport_introspection_cpp.dir/rosidl_typesupport_introspection_cpp/carla_msgs/msg/detail/carla_traffic_light_info_list__type_support.cpp.o[0m
[7.859s] [ 39%] [32mBuilding CXX object CMakeFiles/carla_msgs__rosidl_typesupport_fastrtps_cpp.dir/rosidl_typesupport_fastrtps_cpp/carla_msgs/msg/detail/dds_fastrtps/carla_ego_vehicle_status__type_support.cpp.o[0m
[7.862s] [ 40%] [32mBuilding CXX object CMakeFiles/carla_msgs__rosidl_typesupport_introspection_cpp.dir/rosidl_typesupport_introspection_cpp/carla_msgs/msg/detail/carla_traffic_light_status__type_support.cpp.o[0m
[7.866s] [ 40%] [32mBuilding CXX object CMakeFiles/carla_msgs__rosidl_typesupport_introspection_cpp.dir/rosidl_typesupport_introspection_cpp/carla_msgs/msg/detail/carla_traffic_light_status_list__type_support.cpp.o[0m
[7.891s] [ 40%] [32mBuilding CXX object CMakeFiles/carla_msgs__rosidl_typesupport_cpp.dir/rosidl_typesupport_cpp/carla_msgs/msg/carla_ego_vehicle_info__type_support.cpp.o[0m
[7.903s] [ 41%] [32mBuilding CXX object CMakeFiles/carla_msgs__rosidl_typesupport_introspection_cpp.dir/rosidl_typesupport_introspection_cpp/carla_msgs/msg/detail/carla_walker_control__type_support.cpp.o[0m
[7.951s] [ 41%] [32mBuilding CXX object CMakeFiles/carla_msgs__rosidl_typesupport_introspection_cpp.dir/rosidl_typesupport_introspection_cpp/carla_msgs/msg/detail/carla_weather_parameters__type_support.cpp.o[0m
[7.985s] [ 42%] [32mBuilding CXX object CMakeFiles/carla_msgs__rosidl_typesupport_cpp.dir/rosidl_typesupport_cpp/carla_msgs/msg/carla_collision_event__type_support.cpp.o[0m
[7.996s] [ 42%] [32mBuilding C object CMakeFiles/carla_msgs__rosidl_typesupport_introspection_c.dir/rosidl_typesupport_introspection_c/carla_msgs/msg/detail/carla_bounding_box__type_support.c.o[0m
[7.998s] [ 43%] [32mBuilding CXX object CMakeFiles/carla_msgs__rosidl_typesupport_fastrtps_cpp.dir/rosidl_typesupport_fastrtps_cpp/carla_msgs/msg/detail/dds_fastrtps/carla_ego_vehicle_info_wheel__type_support.cpp.o[0m
[8.038s] [ 43%] [32mBuilding CXX object CMakeFiles/carla_msgs__rosidl_typesupport_fastrtps_c.dir/rosidl_typesupport_fastrtps_c/carla_msgs/msg/detail/carla_bounding_box__type_support_c.cpp.o[0m
[8.051s] [ 44%] [32mBuilding C object CMakeFiles/carla_msgs__rosidl_typesupport_introspection_c.dir/rosidl_typesupport_introspection_c/carla_msgs/msg/detail/carla_ego_vehicle_control__type_support.c.o[0m
[8.131s] [ 44%] [32mBuilding C object CMakeFiles/carla_msgs__rosidl_typesupport_introspection_c.dir/rosidl_typesupport_introspection_c/carla_msgs/msg/detail/carla_ego_vehicle_status__type_support.c.o[0m
[8.136s] [ 45%] [32mBuilding C object CMakeFiles/carla_msgs__rosidl_typesupport_introspection_c.dir/rosidl_typesupport_introspection_c/carla_msgs/msg/detail/carla_ego_vehicle_info_wheel__type_support.c.o[0m
[8.145s] [ 45%] [32mBuilding CXX object CMakeFiles/carla_msgs__rosidl_typesupport_cpp.dir/rosidl_typesupport_cpp/carla_msgs/msg/carla_lane_invasion_event__type_support.cpp.o[0m
[8.173s] [ 46%] [32mBuilding C object CMakeFiles/carla_msgs__rosidl_typesupport_introspection_c.dir/rosidl_typesupport_introspection_c/carla_msgs/msg/detail/carla_ego_vehicle_info__type_support.c.o[0m
[8.205s] [ 47%] [32mBuilding CXX object CMakeFiles/carla_msgs__rosidl_typesupport_fastrtps_c.dir/rosidl_typesupport_fastrtps_c/carla_msgs/msg/detail/carla_ego_vehicle_control__type_support_c.cpp.o[0m
[8.209s] [ 47%] [32mBuilding CXX object CMakeFiles/carla_msgs__rosidl_typesupport_fastrtps_cpp.dir/rosidl_typesupport_fastrtps_cpp/carla_msgs/msg/detail/dds_fastrtps/carla_ego_vehicle_info__type_support.cpp.o[0m
[8.209s] [ 47%] [32mBuilding CXX object CMakeFiles/carla_msgs__rosidl_typesupport_fastrtps_c.dir/rosidl_typesupport_fastrtps_c/carla_msgs/msg/detail/carla_ego_vehicle_status__type_support_c.cpp.o[0m
[8.210s] [ 47%] [32mBuilding C object CMakeFiles/carla_msgs__rosidl_typesupport_introspection_c.dir/rosidl_typesupport_introspection_c/carla_msgs/msg/detail/carla_collision_event__type_support.c.o[0m
[8.213s] [ 48%] [32mBuilding CXX object CMakeFiles/carla_msgs__rosidl_typesupport_fastrtps_c.dir/rosidl_typesupport_fastrtps_c/carla_msgs/msg/detail/carla_ego_vehicle_info_wheel__type_support_c.cpp.o[0m
[8.218s] [ 49%] [32mBuilding C object CMakeFiles/carla_msgs__rosidl_typesupport_introspection_c.dir/rosidl_typesupport_introspection_c/carla_msgs/msg/detail/carla_lane_invasion_event__type_support.c.o[0m
[8.239s] [ 50%] [32mBuilding CXX object CMakeFiles/carla_msgs__rosidl_typesupport_introspection_cpp.dir/rosidl_typesupport_introspection_cpp/carla_msgs/srv/detail/spawn_object__type_support.cpp.o[0m
[8.262s] [ 50%] [32mBuilding CXX object CMakeFiles/carla_msgs__rosidl_typesupport_introspection_cpp.dir/rosidl_typesupport_introspection_cpp/carla_msgs/srv/detail/destroy_object__type_support.cpp.o[0m
[8.264s] [ 51%] [32mBuilding CXX object CMakeFiles/carla_msgs__rosidl_typesupport_cpp.dir/rosidl_typesupport_cpp/carla_msgs/msg/carla_world_info__type_support.cpp.o[0m
[8.275s] [ 51%] [32mBuilding C object CMakeFiles/carla_msgs__rosidl_typesupport_introspection_c.dir/rosidl_typesupport_introspection_c/carla_msgs/msg/detail/carla_world_info__type_support.c.o[0m
[8.296s] [ 52%] [32mBuilding C object CMakeFiles/carla_msgs__rosidl_typesupport_introspection_c.dir/rosidl_typesupport_introspection_c/carla_msgs/msg/detail/carla_actor_info__type_support.c.o[0m
[8.316s] [ 53%] [32mBuilding CXX object CMakeFiles/carla_msgs__rosidl_typesupport_fastrtps_cpp.dir/rosidl_typesupport_fastrtps_cpp/carla_msgs/msg/detail/dds_fastrtps/carla_collision_event__type_support.cpp.o[0m
[8.343s] [ 53%] [32mBuilding C object CMakeFiles/carla_msgs__rosidl_typesupport_introspection_c.dir/rosidl_typesupport_introspection_c/carla_msgs/msg/detail/carla_actor_list__type_support.c.o[0m
[8.372s] [ 54%] [32mBuilding C object CMakeFiles/carla_msgs__rosidl_typesupport_introspection_c.dir/rosidl_typesupport_introspection_c/carla_msgs/msg/detail/carla_control__type_support.c.o[0m
[8.383s] [ 54%] [32mBuilding CXX object CMakeFiles/carla_msgs__rosidl_typesupport_cpp.dir/rosidl_typesupport_cpp/carla_msgs/msg/carla_actor_info__type_support.cpp.o[0m
[8.389s] [ 55%] [32mBuilding CXX object CMakeFiles/carla_msgs__rosidl_typesupport_cpp.dir/rosidl_typesupport_cpp/carla_msgs/msg/carla_actor_list__type_support.cpp.o[0m
[8.413s] [ 55%] [32mBuilding C object CMakeFiles/carla_msgs__rosidl_typesupport_introspection_c.dir/rosidl_typesupport_introspection_c/carla_msgs/msg/detail/carla_status__type_support.c.o[0m
[8.415s] [ 55%] [32mBuilding CXX object CMakeFiles/carla_msgs__rosidl_typesupport_fastrtps_c.dir/rosidl_typesupport_fastrtps_c/carla_msgs/msg/detail/carla_ego_vehicle_info__type_support_c.cpp.o[0m
[8.497s] [ 56%] [32mBuilding C object CMakeFiles/carla_msgs__rosidl_typesupport_introspection_c.dir/rosidl_typesupport_introspection_c/carla_msgs/msg/detail/carla_traffic_light_info__type_support.c.o[0m
[8.525s] [ 56%] [32mBuilding C object CMakeFiles/carla_msgs__rosidl_typesupport_introspection_c.dir/rosidl_typesupport_introspection_c/carla_msgs/msg/detail/carla_traffic_light_info_list__type_support.c.o[0m
[8.565s] [ 57%] [32mBuilding CXX object CMakeFiles/carla_msgs__rosidl_typesupport_introspection_cpp.dir/rosidl_typesupport_introspection_cpp/carla_msgs/srv/detail/get_blueprints__type_support.cpp.o[0m
[8.565s] [ 58%] [32mBuilding C object CMakeFiles/carla_msgs__rosidl_typesupport_introspection_c.dir/rosidl_typesupport_introspection_c/carla_msgs/msg/detail/carla_traffic_light_status__type_support.c.o[0m
[8.568s] [ 58%] [32mBuilding CXX object CMakeFiles/carla_msgs__rosidl_typesupport_cpp.dir/rosidl_typesupport_cpp/carla_msgs/msg/carla_control__type_support.cpp.o[0m
[8.579s] [ 59%] [32mBuilding CXX object CMakeFiles/carla_msgs__rosidl_typesupport_fastrtps_c.dir/rosidl_typesupport_fastrtps_c/carla_msgs/msg/detail/carla_collision_event__type_support_c.cpp.o[0m
[8.592s] [ 60%] [32mBuilding CXX object CMakeFiles/carla_msgs__rosidl_typesupport_cpp.dir/rosidl_typesupport_cpp/carla_msgs/msg/carla_status__type_support.cpp.o[0m
[8.595s] [ 61%] [32mBuilding CXX object CMakeFiles/carla_msgs__rosidl_typesupport_fastrtps_cpp.dir/rosidl_typesupport_fastrtps_cpp/carla_msgs/msg/detail/dds_fastrtps/carla_lane_invasion_event__type_support.cpp.o[0m
[8.607s] [ 61%] [32mBuilding C object CMakeFiles/carla_msgs__rosidl_typesupport_introspection_c.dir/rosidl_typesupport_introspection_c/carla_msgs/msg/detail/carla_traffic_light_status_list__type_support.c.o[0m
[8.643s] [ 61%] [32mBuilding CXX object CMakeFiles/carla_msgs__rosidl_typesupport_fastrtps_cpp.dir/rosidl_typesupport_fastrtps_cpp/carla_msgs/msg/detail/dds_fastrtps/carla_world_info__type_support.cpp.o[0m
[8.648s] [ 61%] [32mBuilding CXX object CMakeFiles/carla_msgs__rosidl_typesupport_fastrtps_c.dir/rosidl_typesupport_fastrtps_c/carla_msgs/msg/detail/carla_lane_invasion_event__type_support_c.cpp.o[0m
[8.655s] [ 62%] [32mBuilding C object CMakeFiles/carla_msgs__rosidl_typesupport_introspection_c.dir/rosidl_typesupport_introspection_c/carla_msgs/msg/detail/carla_walker_control__type_support.c.o[0m
[8.658s] [ 62%] [32mBuilding C object CMakeFiles/carla_msgs__rosidl_typesupport_introspection_c.dir/rosidl_typesupport_introspection_c/carla_msgs/msg/detail/carla_weather_parameters__type_support.c.o[0m
[8.699s] [ 63%] [32mBuilding CXX object CMakeFiles/carla_msgs__rosidl_typesupport_fastrtps_c.dir/rosidl_typesupport_fastrtps_c/carla_msgs/msg/detail/carla_world_info__type_support_c.cpp.o[0m
[8.713s] [ 64%] [32mBuilding C object CMakeFiles/carla_msgs__rosidl_typesupport_introspection_c.dir/rosidl_typesupport_introspection_c/carla_msgs/srv/detail/spawn_object__type_support.c.o[0m
[8.733s] [ 64%] [32mBuilding C object CMakeFiles/carla_msgs__rosidl_typesupport_introspection_c.dir/rosidl_typesupport_introspection_c/carla_msgs/srv/detail/destroy_object__type_support.c.o[0m
[8.743s] [ 65%] [32mBuilding C object CMakeFiles/carla_msgs__rosidl_typesupport_introspection_c.dir/rosidl_typesupport_introspection_c/carla_msgs/srv/detail/get_blueprints__type_support.c.o[0m
[8.777s] [ 66%] [32mBuilding CXX object CMakeFiles/carla_msgs__rosidl_typesupport_cpp.dir/rosidl_typesupport_cpp/carla_msgs/msg/carla_traffic_light_info__type_support.cpp.o[0m
[8.779s] [ 67%] [32mBuilding CXX object CMakeFiles/carla_msgs__rosidl_typesupport_fastrtps_cpp.dir/rosidl_typesupport_fastrtps_cpp/carla_msgs/msg/detail/dds_fastrtps/carla_actor_info__type_support.cpp.o[0m
[8.794s] [ 67%] [32mBuilding CXX object CMakeFiles/carla_msgs__rosidl_typesupport_fastrtps_cpp.dir/rosidl_typesupport_fastrtps_cpp/carla_msgs/msg/detail/dds_fastrtps/carla_actor_list__type_support.cpp.o[0m
[8.816s] [ 67%] [32m[1mLinking C shared library libcarla_msgs__rosidl_typesupport_introspection_c.so[0m
[8.856s] [ 67%] [32mBuilding CXX object CMakeFiles/carla_msgs__rosidl_typesupport_fastrtps_c.dir/rosidl_typesupport_fastrtps_c/carla_msgs/msg/detail/carla_actor_info__type_support_c.cpp.o[0m
[8.883s] [ 67%] Built target carla_msgs__rosidl_typesupport_introspection_c
[8.888s] [ 68%] [32mBuilding CXX object CMakeFiles/carla_msgs__rosidl_typesupport_fastrtps_cpp.dir/rosidl_typesupport_fastrtps_cpp/carla_msgs/msg/detail/dds_fastrtps/carla_control__type_support.cpp.o[0m
[8.902s] [ 68%] [32mBuilding CXX object CMakeFiles/carla_msgs__rosidl_typesupport_cpp.dir/rosidl_typesupport_cpp/carla_msgs/msg/carla_traffic_light_info_list__type_support.cpp.o[0m
[8.922s] [ 69%] [32m[1mLinking CXX shared library libcarla_msgs__rosidl_typesupport_introspection_cpp.so[0m
[8.923s] [ 70%] [32mBuilding CXX object CMakeFiles/carla_msgs__rosidl_typesupport_fastrtps_c.dir/rosidl_typesupport_fastrtps_c/carla_msgs/msg/detail/carla_actor_list__type_support_c.cpp.o[0m
[8.999s] [ 70%] [32mBuilding CXX object CMakeFiles/carla_msgs__rosidl_typesupport_fastrtps_cpp.dir/rosidl_typesupport_fastrtps_cpp/carla_msgs/msg/detail/dds_fastrtps/carla_status__type_support.cpp.o[0m
[9.055s] [ 71%] [32mBuilding CXX object CMakeFiles/carla_msgs__rosidl_typesupport_cpp.dir/rosidl_typesupport_cpp/carla_msgs/msg/carla_traffic_light_status__type_support.cpp.o[0m
[9.060s] [ 72%] [32mBuilding CXX object CMakeFiles/carla_msgs__rosidl_typesupport_cpp.dir/rosidl_typesupport_cpp/carla_msgs/msg/carla_walker_control__type_support.cpp.o[0m
[9.060s] [ 72%] [32mBuilding CXX object CMakeFiles/carla_msgs__rosidl_typesupport_cpp.dir/rosidl_typesupport_cpp/carla_msgs/msg/carla_traffic_light_status_list__type_support.cpp.o[0m
[9.077s] [ 72%] Built target carla_msgs__rosidl_typesupport_introspection_cpp
[9.081s] [ 72%] [32mBuilding CXX object CMakeFiles/carla_msgs__rosidl_typesupport_cpp.dir/rosidl_typesupport_cpp/carla_msgs/msg/carla_weather_parameters__type_support.cpp.o[0m
[9.109s] [ 73%] [32mBuilding CXX object CMakeFiles/carla_msgs__rosidl_typesupport_cpp.dir/rosidl_typesupport_cpp/carla_msgs/srv/spawn_object__type_support.cpp.o[0m
[9.210s] [ 74%] [32mBuilding CXX object CMakeFiles/carla_msgs__rosidl_typesupport_fastrtps_cpp.dir/rosidl_typesupport_fastrtps_cpp/carla_msgs/msg/detail/dds_fastrtps/carla_traffic_light_info__type_support.cpp.o[0m
[9.210s] [ 74%] [32mBuilding CXX object CMakeFiles/carla_msgs__rosidl_typesupport_cpp.dir/rosidl_typesupport_cpp/carla_msgs/srv/destroy_object__type_support.cpp.o[0m
[9.214s] [ 75%] [32mBuilding CXX object CMakeFiles/carla_msgs__rosidl_typesupport_cpp.dir/rosidl_typesupport_cpp/carla_msgs/srv/get_blueprints__type_support.cpp.o[0m
[9.270s] [ 76%] [32mBuilding CXX object CMakeFiles/carla_msgs__rosidl_typesupport_fastrtps_cpp.dir/rosidl_typesupport_fastrtps_cpp/carla_msgs/msg/detail/dds_fastrtps/carla_traffic_light_info_list__type_support.cpp.o[0m
[9.271s] [ 76%] [32mBuilding CXX object CMakeFiles/carla_msgs__rosidl_typesupport_fastrtps_c.dir/rosidl_typesupport_fastrtps_c/carla_msgs/msg/detail/carla_control__type_support_c.cpp.o[0m
[9.334s] [ 77%] [32mBuilding CXX object CMakeFiles/carla_msgs__rosidl_typesupport_fastrtps_cpp.dir/rosidl_typesupport_fastrtps_cpp/carla_msgs/msg/detail/dds_fastrtps/carla_traffic_light_status__type_support.cpp.o[0m
[9.336s] [ 77%] [32mBuilding CXX object CMakeFiles/carla_msgs__rosidl_typesupport_fastrtps_cpp.dir/rosidl_typesupport_fastrtps_cpp/carla_msgs/msg/detail/dds_fastrtps/carla_traffic_light_status_list__type_support.cpp.o[0m
[9.348s] [ 78%] [32mBuilding CXX object CMakeFiles/carla_msgs__rosidl_typesupport_fastrtps_cpp.dir/rosidl_typesupport_fastrtps_cpp/carla_msgs/msg/detail/dds_fastrtps/carla_walker_control__type_support.cpp.o[0m
[9.348s] [ 78%] [32mBuilding CXX object CMakeFiles/carla_msgs__rosidl_typesupport_fastrtps_c.dir/rosidl_typesupport_fastrtps_c/carla_msgs/msg/detail/carla_status__type_support_c.cpp.o[0m
[9.360s] [ 78%] [32mBuilding CXX object CMakeFiles/carla_msgs__rosidl_typesupport_fastrtps_cpp.dir/rosidl_typesupport_fastrtps_cpp/carla_msgs/msg/detail/dds_fastrtps/carla_weather_parameters__type_support.cpp.o[0m
[9.419s] [ 79%] [32mBuilding CXX object CMakeFiles/carla_msgs__rosidl_typesupport_fastrtps_cpp.dir/rosidl_typesupport_fastrtps_cpp/carla_msgs/srv/detail/dds_fastrtps/spawn_object__type_support.cpp.o[0m
[9.429s] [ 79%] [32mBuilding CXX object CMakeFiles/carla_msgs__rosidl_typesupport_fastrtps_cpp.dir/rosidl_typesupport_fastrtps_cpp/carla_msgs/srv/detail/dds_fastrtps/destroy_object__type_support.cpp.o[0m
[9.495s] [ 80%] [32mBuilding CXX object CMakeFiles/carla_msgs__rosidl_typesupport_fastrtps_c.dir/rosidl_typesupport_fastrtps_c/carla_msgs/msg/detail/carla_traffic_light_info__type_support_c.cpp.o[0m
[9.546s] [ 80%] [32m[1mLinking CXX shared library libcarla_msgs__rosidl_typesupport_cpp.so[0m
[9.614s] [ 80%] [32mBuilding CXX object CMakeFiles/carla_msgs__rosidl_typesupport_fastrtps_c.dir/rosidl_typesupport_fastrtps_c/carla_msgs/msg/detail/carla_traffic_light_info_list__type_support_c.cpp.o[0m
[9.629s] [ 80%] Built target carla_msgs__rosidl_typesupport_cpp
[9.630s] [ 81%] [32mBuilding CXX object CMakeFiles/carla_msgs__rosidl_typesupport_fastrtps_c.dir/rosidl_typesupport_fastrtps_c/carla_msgs/msg/detail/carla_traffic_light_status__type_support_c.cpp.o[0m
[9.636s] [ 82%] [32mBuilding CXX object CMakeFiles/carla_msgs__rosidl_typesupport_fastrtps_cpp.dir/rosidl_typesupport_fastrtps_cpp/carla_msgs/srv/detail/dds_fastrtps/get_blueprints__type_support.cpp.o[0m
[9.700s] [ 82%] [32mBuilding CXX object CMakeFiles/carla_msgs__rosidl_typesupport_fastrtps_c.dir/rosidl_typesupport_fastrtps_c/carla_msgs/msg/detail/carla_traffic_light_status_list__type_support_c.cpp.o[0m
[9.710s] [ 83%] [32mBuilding CXX object CMakeFiles/carla_msgs__rosidl_typesupport_fastrtps_c.dir/rosidl_typesupport_fastrtps_c/carla_msgs/msg/detail/carla_walker_control__type_support_c.cpp.o[0m
[9.749s] [ 83%] [32mBuilding CXX object CMakeFiles/carla_msgs__rosidl_typesupport_fastrtps_c.dir/rosidl_typesupport_fastrtps_c/carla_msgs/msg/detail/carla_weather_parameters__type_support_c.cpp.o[0m
[9.764s] [ 84%] [32mBuilding CXX object CMakeFiles/carla_msgs__rosidl_typesupport_fastrtps_c.dir/rosidl_typesupport_fastrtps_c/carla_msgs/srv/detail/spawn_object__type_support_c.cpp.o[0m
[9.786s] [ 84%] [32mBuilding CXX object CMakeFiles/carla_msgs__rosidl_typesupport_fastrtps_c.dir/rosidl_typesupport_fastrtps_c/carla_msgs/srv/detail/destroy_object__type_support_c.cpp.o[0m
[9.793s] [ 85%] [32mBuilding CXX object CMakeFiles/carla_msgs__rosidl_typesupport_fastrtps_c.dir/rosidl_typesupport_fastrtps_c/carla_msgs/srv/detail/get_blueprints__type_support_c.cpp.o[0m
[10.090s] [ 85%] [32m[1mLinking CXX shared library libcarla_msgs__rosidl_typesupport_fastrtps_c.so[0m
[10.122s] [ 85%] [32m[1mLinking CXX shared library libcarla_msgs__rosidl_typesupport_fastrtps_cpp.so[0m
[10.150s] [ 85%] Built target carla_msgs__rosidl_typesupport_fastrtps_c
[10.186s] [ 85%] Built target carla_msgs__rosidl_typesupport_fastrtps_cpp
[10.195s] [ 85%] Built target carla_msgs
[10.205s] [ 86%] [34m[1mGenerating Python code for ROS interfaces[0m
[12.428s] [ 86%] Built target carla_msgs__py
[12.437s] [ 86%] [32mBuilding C object CMakeFiles/carla_msgs__rosidl_generator_py.dir/rosidl_generator_py/carla_msgs/msg/_carla_bounding_box_s.c.o[0m
[12.438s] [ 87%] [32mBuilding C object CMakeFiles/carla_msgs__rosidl_generator_py.dir/rosidl_generator_py/carla_msgs/msg/_carla_ego_vehicle_status_s.c.o[0m
[12.438s] [ 87%] [32mBuilding C object CMakeFiles/carla_msgs__rosidl_generator_py.dir/rosidl_generator_py/carla_msgs/msg/_carla_ego_vehicle_control_s.c.o[0m
[12.438s] [ 88%] [32mBuilding C object CMakeFiles/carla_msgs__rosidl_generator_py.dir/rosidl_generator_py/carla_msgs/msg/_carla_ego_vehicle_info_s.c.o[0m
[12.438s] [ 88%] [32mBuilding C object CMakeFiles/carla_msgs__rosidl_generator_py.dir/rosidl_generator_py/carla_msgs/msg/_carla_ego_vehicle_info_wheel_s.c.o[0m
[12.438s] [ 89%] [32mBuilding C object CMakeFiles/carla_msgs__rosidl_generator_py.dir/rosidl_generator_py/carla_msgs/msg/_carla_collision_event_s.c.o[0m
[12.439s] [ 89%] [32mBuilding C object CMakeFiles/carla_msgs__rosidl_generator_py.dir/rosidl_generator_py/carla_msgs/msg/_carla_lane_invasion_event_s.c.o[0m
[12.439s] [ 90%] [32mBuilding C object CMakeFiles/carla_msgs__rosidl_generator_py.dir/rosidl_generator_py/carla_msgs/msg/_carla_world_info_s.c.o[0m
[12.439s] [ 90%] [32mBuilding C object CMakeFiles/carla_msgs__rosidl_generator_py.dir/rosidl_generator_py/carla_msgs/msg/_carla_actor_info_s.c.o[0m
[12.439s] [ 91%] [32mBuilding C object CMakeFiles/carla_msgs__rosidl_generator_py.dir/rosidl_generator_py/carla_msgs/msg/_carla_actor_list_s.c.o[0m
[12.441s] [ 91%] [32mBuilding C object CMakeFiles/carla_msgs__rosidl_generator_py.dir/rosidl_generator_py/carla_msgs/msg/_carla_control_s.c.o[0m
[12.445s] [ 92%] [32mBuilding C object CMakeFiles/carla_msgs__rosidl_generator_py.dir/rosidl_generator_py/carla_msgs/msg/_carla_status_s.c.o[0m
[12.557s] [ 92%] [32mBuilding C object CMakeFiles/carla_msgs__rosidl_generator_py.dir/rosidl_generator_py/carla_msgs/msg/_carla_traffic_light_info_s.c.o[0m
[12.557s] [ 93%] [32mBuilding C object CMakeFiles/carla_msgs__rosidl_generator_py.dir/rosidl_generator_py/carla_msgs/msg/_carla_traffic_light_info_list_s.c.o[0m
[12.559s] [ 93%] [32mBuilding C object CMakeFiles/carla_msgs__rosidl_generator_py.dir/rosidl_generator_py/carla_msgs/msg/_carla_traffic_light_status_s.c.o[0m
[12.560s] [ 94%] [32mBuilding C object CMakeFiles/carla_msgs__rosidl_generator_py.dir/rosidl_generator_py/carla_msgs/msg/_carla_traffic_light_status_list_s.c.o[0m
[12.561s] [ 94%] [32mBuilding C object CMakeFiles/carla_msgs__rosidl_generator_py.dir/rosidl_generator_py/carla_msgs/msg/_carla_walker_control_s.c.o[0m
[12.561s] [ 95%] [32mBuilding C object CMakeFiles/carla_msgs__rosidl_generator_py.dir/rosidl_generator_py/carla_msgs/msg/_carla_weather_parameters_s.c.o[0m
[12.563s] [ 96%] [32mBuilding C object CMakeFiles/carla_msgs__rosidl_generator_py.dir/rosidl_generator_py/carla_msgs/srv/_spawn_object_s.c.o[0m
[12.563s] [ 96%] [32mBuilding C object CMakeFiles/carla_msgs__rosidl_generator_py.dir/rosidl_generator_py/carla_msgs/srv/_destroy_object_s.c.o[0m
[12.563s] [ 97%] [32mBuilding C object CMakeFiles/carla_msgs__rosidl_generator_py.dir/rosidl_generator_py/carla_msgs/srv/_get_blueprints_s.c.o[0m
[12.684s] [ 97%] [32m[1mLinking C shared library rosidl_generator_py/carla_msgs/libcarla_msgs__rosidl_generator_py.so[0m
[12.716s] [ 97%] Built target carla_msgs__rosidl_generator_py
[12.725s] [ 98%] [32mBuilding C object CMakeFiles/carla_msgs__rosidl_typesupport_fastrtps_c__pyext.dir/rosidl_generator_py/carla_msgs/_carla_msgs_s.ep.rosidl_typesupport_fastrtps_c.c.o[0m
[12.725s] [ 99%] [32mBuilding C object CMakeFiles/carla_msgs__rosidl_typesupport_introspection_c__pyext.dir/rosidl_generator_py/carla_msgs/_carla_msgs_s.ep.rosidl_typesupport_introspection_c.c.o[0m
[12.726s] [100%] [32mBuilding C object CMakeFiles/carla_msgs__rosidl_typesupport_c__pyext.dir/rosidl_generator_py/carla_msgs/_carla_msgs_s.ep.rosidl_typesupport_c.c.o[0m
[12.859s] [100%] [32m[1mLinking C shared library rosidl_generator_py/carla_msgs/carla_msgs_s__rosidl_typesupport_c.cpython-310-x86_64-linux-gnu.so[0m
[12.859s] [100%] [32m[1mLinking C shared library rosidl_generator_py/carla_msgs/carla_msgs_s__rosidl_typesupport_introspection_c.cpython-310-x86_64-linux-gnu.so[0m
[12.859s] [100%] [32m[1mLinking C shared library rosidl_generator_py/carla_msgs/carla_msgs_s__rosidl_typesupport_fastrtps_c.cpython-310-x86_64-linux-gnu.so[0m
[12.888s] [100%] Built target carla_msgs__rosidl_typesupport_c__pyext
[12.889s] [100%] Built target carla_msgs__rosidl_typesupport_introspection_c__pyext
[12.889s] [100%] Built target carla_msgs__rosidl_typesupport_fastrtps_c__pyext
[12.895s] Invoked command in '/home/daniel/code/2025-phd-daniel-guerrero/ros-bridge/build/carla_msgs' returned '0': CMAKE_PREFIX_PATH=${CMAKE_PREFIX_PATH}:/home/daniel/code/2025-phd-daniel-guerrero/ros-bridge/install/rqt_carla_control:/home/daniel/code/2025-phd-daniel-guerrero/ros-bridge/install/carla_waypoint_publisher:/home/daniel/code/2025-phd-daniel-guerrero/ros-bridge/install/carla_ackermann_control:/home/daniel/code/2025-phd-daniel-guerrero/ros-bridge/install/carla_ros_bridge:/home/daniel/code/2025-phd-daniel-guerrero/ros-bridge/install/carla_spawn_objects:/home/daniel/code/2025-phd-daniel-guerrero/ros-bridge/install/carla_manual_control:/home/daniel/code/2025-phd-daniel-guerrero/ros-bridge/install/carla_ad_agent:/home/daniel/code/2025-phd-daniel-guerrero/ros-bridge/install/ros_compatibility:/home/daniel/code/2025-phd-daniel-guerrero/ros-bridge/install/carla_walker_agent:/home/daniel/code/2025-phd-daniel-guerrero/ros-bridge/install/carla_twist_to_control:/home/daniel/code/2025-phd-daniel-guerrero/ros-bridge/install/carla_ros_scenario_runner:/home/daniel/code/2025-phd-daniel-guerrero/ros-bridge/install/carla_common:/home/daniel/carla-ros-bridge/install/rqt_carla_control:/home/daniel/carla-ros-bridge/install/carla_waypoint_publisher:/home/daniel/carla-ros-bridge/install/carla_ackermann_control:/home/daniel/carla-ros-bridge/install/carla_ros_bridge:/home/daniel/carla-ros-bridge/install/carla_spawn_objects:/home/daniel/carla-ros-bridge/install/carla_manual_control:/home/daniel/carla-ros-bridge/install/carla_ad_agent:/home/daniel/carla-ros-bridge/install/ros_compatibility:/home/daniel/carla-ros-bridge/install/carla_walker_agent:/home/daniel/carla-ros-bridge/install/carla_twist_to_control:/home/daniel/carla-ros-bridge/install/carla_ros_scenario_runner:/home/daniel/carla-ros-bridge/install/carla_common:/opt/ros/humble /opt/cmake-3.28.3-linux-x86_64/bin/cmake --build /home/daniel/code/2025-phd-daniel-guerrero/ros-bridge/build/carla_msgs -- -j12 -l12
[12.897s] Invoking command in '/home/daniel/code/2025-phd-daniel-guerrero/ros-bridge/build/carla_msgs': CMAKE_PREFIX_PATH=${CMAKE_PREFIX_PATH}:/home/daniel/code/2025-phd-daniel-guerrero/ros-bridge/install/rqt_carla_control:/home/daniel/code/2025-phd-daniel-guerrero/ros-bridge/install/carla_waypoint_publisher:/home/daniel/code/2025-phd-daniel-guerrero/ros-bridge/install/carla_ackermann_control:/home/daniel/code/2025-phd-daniel-guerrero/ros-bridge/install/carla_ros_bridge:/home/daniel/code/2025-phd-daniel-guerrero/ros-bridge/install/carla_spawn_objects:/home/daniel/code/2025-phd-daniel-guerrero/ros-bridge/install/carla_manual_control:/home/daniel/code/2025-phd-daniel-guerrero/ros-bridge/install/carla_ad_agent:/home/daniel/code/2025-phd-daniel-guerrero/ros-bridge/install/ros_compatibility:/home/daniel/code/2025-phd-daniel-guerrero/ros-bridge/install/carla_walker_agent:/home/daniel/code/2025-phd-daniel-guerrero/ros-bridge/install/carla_twist_to_control:/home/daniel/code/2025-phd-daniel-guerrero/ros-bridge/install/carla_ros_scenario_runner:/home/daniel/code/2025-phd-daniel-guerrero/ros-bridge/install/carla_common:/home/daniel/carla-ros-bridge/install/rqt_carla_control:/home/daniel/carla-ros-bridge/install/carla_waypoint_publisher:/home/daniel/carla-ros-bridge/install/carla_ackermann_control:/home/daniel/carla-ros-bridge/install/carla_ros_bridge:/home/daniel/carla-ros-bridge/install/carla_spawn_objects:/home/daniel/carla-ros-bridge/install/carla_manual_control:/home/daniel/carla-ros-bridge/install/carla_ad_agent:/home/daniel/carla-ros-bridge/install/ros_compatibility:/home/daniel/carla-ros-bridge/install/carla_walker_agent:/home/daniel/carla-ros-bridge/install/carla_twist_to_control:/home/daniel/carla-ros-bridge/install/carla_ros_scenario_runner:/home/daniel/carla-ros-bridge/install/carla_common:/opt/ros/humble /opt/cmake-3.28.3-linux-x86_64/bin/cmake --install /home/daniel/code/2025-phd-daniel-guerrero/ros-bridge/build/carla_msgs
[12.899s] -- Install configuration: ""
[12.900s] -- Execute custom install script
[12.900s] -- Symlinking: /home/daniel/code/2025-phd-daniel-guerrero/ros-bridge/install/carla_msgs/share/ament_index/resource_index/rosidl_interfaces/carla_msgs
[12.904s] -- Symlinking: /home/daniel/code/2025-phd-daniel-guerrero/ros-bridge/install/carla_msgs/include/carla_msgs/carla_msgs/msg/carla_actor_info.h
[12.906s] -- Symlinking: /home/daniel/code/2025-phd-daniel-guerrero/ros-bridge/install/carla_msgs/include/carla_msgs/carla_msgs/msg/carla_actor_list.h
[12.908s] -- Symlinking: /home/daniel/code/2025-phd-daniel-guerrero/ros-bridge/install/carla_msgs/include/carla_msgs/carla_msgs/msg/carla_bounding_box.h
[12.910s] -- Symlinking: /home/daniel/code/2025-phd-daniel-guerrero/ros-bridge/install/carla_msgs/include/carla_msgs/carla_msgs/msg/carla_collision_event.h
[12.912s] -- Symlinking: /home/daniel/code/2025-phd-daniel-guerrero/ros-bridge/install/carla_msgs/include/carla_msgs/carla_msgs/msg/carla_control.h
[12.914s] -- Symlinking: /home/daniel/code/2025-phd-daniel-guerrero/ros-bridge/install/carla_msgs/include/carla_msgs/carla_msgs/msg/carla_ego_vehicle_control.h
[12.916s] -- Symlinking: /home/daniel/code/2025-phd-daniel-guerrero/ros-bridge/install/carla_msgs/include/carla_msgs/carla_msgs/msg/carla_ego_vehicle_info.h
[12.919s] -- Symlinking: /home/daniel/code/2025-phd-daniel-guerrero/ros-bridge/install/carla_msgs/include/carla_msgs/carla_msgs/msg/carla_ego_vehicle_info_wheel.h
[12.921s] -- Symlinking: /home/daniel/code/2025-phd-daniel-guerrero/ros-bridge/install/carla_msgs/include/carla_msgs/carla_msgs/msg/carla_ego_vehicle_status.h
[12.923s] -- Symlinking: /home/daniel/code/2025-phd-daniel-guerrero/ros-bridge/install/carla_msgs/include/carla_msgs/carla_msgs/msg/carla_lane_invasion_event.h
[12.925s] -- Symlinking: /home/daniel/code/2025-phd-daniel-guerrero/ros-bridge/install/carla_msgs/include/carla_msgs/carla_msgs/msg/carla_status.h
[12.927s] -- Symlinking: /home/daniel/code/2025-phd-daniel-guerrero/ros-bridge/install/carla_msgs/include/carla_msgs/carla_msgs/msg/carla_traffic_light_info.h
[12.929s] -- Symlinking: /home/daniel/code/2025-phd-daniel-guerrero/ros-bridge/install/carla_msgs/include/carla_msgs/carla_msgs/msg/carla_traffic_light_info_list.h
[12.931s] -- Symlinking: /home/daniel/code/2025-phd-daniel-guerrero/ros-bridge/install/carla_msgs/include/carla_msgs/carla_msgs/msg/carla_traffic_light_status.h
[12.933s] -- Symlinking: /home/daniel/code/2025-phd-daniel-guerrero/ros-bridge/install/carla_msgs/include/carla_msgs/carla_msgs/msg/carla_traffic_light_status_list.h
[12.935s] -- Symlinking: /home/daniel/code/2025-phd-daniel-guerrero/ros-bridge/install/carla_msgs/include/carla_msgs/carla_msgs/msg/carla_walker_control.h
[12.937s] -- Symlinking: /home/daniel/code/2025-phd-daniel-guerrero/ros-bridge/install/carla_msgs/include/carla_msgs/carla_msgs/msg/carla_weather_parameters.h
[12.940s] -- Symlinking: /home/daniel/code/2025-phd-daniel-guerrero/ros-bridge/install/carla_msgs/include/carla_msgs/carla_msgs/msg/carla_world_info.h
[12.942s] -- Symlinking: /home/daniel/code/2025-phd-daniel-guerrero/ros-bridge/install/carla_msgs/include/carla_msgs/carla_msgs/msg/detail/carla_actor_info__functions.h
[12.944s] -- Symlinking: /home/daniel/code/2025-phd-daniel-guerrero/ros-bridge/install/carla_msgs/include/carla_msgs/carla_msgs/msg/detail/carla_actor_info__struct.h
[12.946s] -- Symlinking: /home/daniel/code/2025-phd-daniel-guerrero/ros-bridge/install/carla_msgs/include/carla_msgs/carla_msgs/msg/detail/carla_actor_info__type_support.h
[12.948s] -- Symlinking: /home/daniel/code/2025-phd-daniel-guerrero/ros-bridge/install/carla_msgs/include/carla_msgs/carla_msgs/msg/detail/carla_actor_list__functions.h
[12.950s] -- Symlinking: /home/daniel/code/2025-phd-daniel-guerrero/ros-bridge/install/carla_msgs/include/carla_msgs/carla_msgs/msg/detail/carla_actor_list__struct.h
[12.953s] -- Symlinking: /home/daniel/code/2025-phd-daniel-guerrero/ros-bridge/install/carla_msgs/include/carla_msgs/carla_msgs/msg/detail/carla_actor_list__type_support.h
[12.955s] -- Symlinking: /home/daniel/code/2025-phd-daniel-guerrero/ros-bridge/install/carla_msgs/include/carla_msgs/carla_msgs/msg/detail/carla_bounding_box__functions.h
[12.957s] -- Symlinking: /home/daniel/code/2025-phd-daniel-guerrero/ros-bridge/install/carla_msgs/include/carla_msgs/carla_msgs/msg/detail/carla_bounding_box__struct.h
[12.959s] -- Symlinking: /home/daniel/code/2025-phd-daniel-guerrero/ros-bridge/install/carla_msgs/include/carla_msgs/carla_msgs/msg/detail/carla_bounding_box__type_support.h
[12.961s] -- Symlinking: /home/daniel/code/2025-phd-daniel-guerrero/ros-bridge/install/carla_msgs/include/carla_msgs/carla_msgs/msg/detail/carla_collision_event__functions.h
[12.963s] -- Symlinking: /home/daniel/code/2025-phd-daniel-guerrero/ros-bridge/install/carla_msgs/include/carla_msgs/carla_msgs/msg/detail/carla_collision_event__struct.h
[12.965s] -- Symlinking: /home/daniel/code/2025-phd-daniel-guerrero/ros-bridge/install/carla_msgs/include/carla_msgs/carla_msgs/msg/detail/carla_collision_event__type_support.h
[12.968s] -- Symlinking: /home/daniel/code/2025-phd-daniel-guerrero/ros-bridge/install/carla_msgs/include/carla_msgs/carla_msgs/msg/detail/carla_control__functions.h
[12.970s] -- Symlinking: /home/daniel/code/2025-phd-daniel-guerrero/ros-bridge/install/carla_msgs/include/carla_msgs/carla_msgs/msg/detail/carla_control__struct.h
[12.972s] -- Symlinking: /home/daniel/code/2025-phd-daniel-guerrero/ros-bridge/install/carla_msgs/include/carla_msgs/carla_msgs/msg/detail/carla_control__type_support.h
[12.974s] -- Symlinking: /home/daniel/code/2025-phd-daniel-guerrero/ros-bridge/install/carla_msgs/include/carla_msgs/carla_msgs/msg/detail/carla_ego_vehicle_control__functions.h
[12.976s] -- Symlinking: /home/daniel/code/2025-phd-daniel-guerrero/ros-bridge/install/carla_msgs/include/carla_msgs/carla_msgs/msg/detail/carla_ego_vehicle_control__struct.h
[12.978s] -- Symlinking: /home/daniel/code/2025-phd-daniel-guerrero/ros-bridge/install/carla_msgs/include/carla_msgs/carla_msgs/msg/detail/carla_ego_vehicle_control__type_support.h
[12.982s] -- Symlinking: /home/daniel/code/2025-phd-daniel-guerrero/ros-bridge/install/carla_msgs/include/carla_msgs/carla_msgs/msg/detail/carla_ego_vehicle_info__functions.h
[12.984s] -- Symlinking: /home/daniel/code/2025-phd-daniel-guerrero/ros-bridge/install/carla_msgs/include/carla_msgs/carla_msgs/msg/detail/carla_ego_vehicle_info__struct.h
[12.986s] -- Symlinking: /home/daniel/code/2025-phd-daniel-guerrero/ros-bridge/install/carla_msgs/include/carla_msgs/carla_msgs/msg/detail/carla_ego_vehicle_info__type_support.h
[12.988s] -- Symlinking: /home/daniel/code/2025-phd-daniel-guerrero/ros-bridge/install/carla_msgs/include/carla_msgs/carla_msgs/msg/detail/carla_ego_vehicle_info_wheel__functions.h
[12.990s] -- Symlinking: /home/daniel/code/2025-phd-daniel-guerrero/ros-bridge/install/carla_msgs/include/carla_msgs/carla_msgs/msg/detail/carla_ego_vehicle_info_wheel__struct.h
[12.992s] -- Symlinking: /home/daniel/code/2025-phd-daniel-guerrero/ros-bridge/install/carla_msgs/include/carla_msgs/carla_msgs/msg/detail/carla_ego_vehicle_info_wheel__type_support.h
[12.994s] -- Symlinking: /home/daniel/code/2025-phd-daniel-guerrero/ros-bridge/install/carla_msgs/include/carla_msgs/carla_msgs/msg/detail/carla_ego_vehicle_status__functions.h
[12.996s] -- Symlinking: /home/daniel/code/2025-phd-daniel-guerrero/ros-bridge/install/carla_msgs/include/carla_msgs/carla_msgs/msg/detail/carla_ego_vehicle_status__struct.h
[12.998s] -- Symlinking: /home/daniel/code/2025-phd-daniel-guerrero/ros-bridge/install/carla_msgs/include/carla_msgs/carla_msgs/msg/detail/carla_ego_vehicle_status__type_support.h
[13.000s] -- Symlinking: /home/daniel/code/2025-phd-daniel-guerrero/ros-bridge/install/carla_msgs/include/carla_msgs/carla_msgs/msg/detail/carla_lane_invasion_event__functions.h
[13.003s] -- Symlinking: /home/daniel/code/2025-phd-daniel-guerrero/ros-bridge/install/carla_msgs/include/carla_msgs/carla_msgs/msg/detail/carla_lane_invasion_event__struct.h
[13.005s] -- Symlinking: /home/daniel/code/2025-phd-daniel-guerrero/ros-bridge/install/carla_msgs/include/carla_msgs/carla_msgs/msg/detail/carla_lane_invasion_event__type_support.h
[13.008s] -- Symlinking: /home/daniel/code/2025-phd-daniel-guerrero/ros-bridge/install/carla_msgs/include/carla_msgs/carla_msgs/msg/detail/carla_status__functions.h
[13.010s] -- Symlinking: /home/daniel/code/2025-phd-daniel-guerrero/ros-bridge/install/carla_msgs/include/carla_msgs/carla_msgs/msg/detail/carla_status__struct.h
[13.012s] -- Symlinking: /home/daniel/code/2025-phd-daniel-guerrero/ros-bridge/install/carla_msgs/include/carla_msgs/carla_msgs/msg/detail/carla_status__type_support.h
[13.014s] -- Symlinking: /home/daniel/code/2025-phd-daniel-guerrero/ros-bridge/install/carla_msgs/include/carla_msgs/carla_msgs/msg/detail/carla_traffic_light_info__functions.h
[13.016s] -- Symlinking: /home/daniel/code/2025-phd-daniel-guerrero/ros-bridge/install/carla_msgs/include/carla_msgs/carla_msgs/msg/detail/carla_traffic_light_info__struct.h
[13.018s] -- Symlinking: /home/daniel/code/2025-phd-daniel-guerrero/ros-bridge/install/carla_msgs/include/carla_msgs/carla_msgs/msg/detail/carla_traffic_light_info__type_support.h
[13.020s] -- Symlinking: /home/daniel/code/2025-phd-daniel-guerrero/ros-bridge/install/carla_msgs/include/carla_msgs/carla_msgs/msg/detail/carla_traffic_light_info_list__functions.h
[13.022s] -- Symlinking: /home/daniel/code/2025-phd-daniel-guerrero/ros-bridge/install/carla_msgs/include/carla_msgs/carla_msgs/msg/detail/carla_traffic_light_info_list__struct.h
[13.024s] -- Symlinking: /home/daniel/code/2025-phd-daniel-guerrero/ros-bridge/install/carla_msgs/include/carla_msgs/carla_msgs/msg/detail/carla_traffic_light_info_list__type_support.h
[13.026s] -- Symlinking: /home/daniel/code/2025-phd-daniel-guerrero/ros-bridge/install/carla_msgs/include/carla_msgs/carla_msgs/msg/detail/carla_traffic_light_status__functions.h
[13.029s] -- Symlinking: /home/daniel/code/2025-phd-daniel-guerrero/ros-bridge/install/carla_msgs/include/carla_msgs/carla_msgs/msg/detail/carla_traffic_light_status__struct.h
[13.031s] -- Symlinking: /home/daniel/code/2025-phd-daniel-guerrero/ros-bridge/install/carla_msgs/include/carla_msgs/carla_msgs/msg/detail/carla_traffic_light_status__type_support.h
[13.033s] -- Symlinking: /home/daniel/code/2025-phd-daniel-guerrero/ros-bridge/install/carla_msgs/include/carla_msgs/carla_msgs/msg/detail/carla_traffic_light_status_list__functions.h
[13.035s] -- Symlinking: /home/daniel/code/2025-phd-daniel-guerrero/ros-bridge/install/carla_msgs/include/carla_msgs/carla_msgs/msg/detail/carla_traffic_light_status_list__struct.h
[13.037s] -- Symlinking: /home/daniel/code/2025-phd-daniel-guerrero/ros-bridge/install/carla_msgs/include/carla_msgs/carla_msgs/msg/detail/carla_traffic_light_status_list__type_support.h
[13.039s] -- Symlinking: /home/daniel/code/2025-phd-daniel-guerrero/ros-bridge/install/carla_msgs/include/carla_msgs/carla_msgs/msg/detail/carla_walker_control__functions.h
[13.041s] -- Symlinking: /home/daniel/code/2025-phd-daniel-guerrero/ros-bridge/install/carla_msgs/include/carla_msgs/carla_msgs/msg/detail/carla_walker_control__struct.h
[13.043s] -- Symlinking: /home/daniel/code/2025-phd-daniel-guerrero/ros-bridge/install/carla_msgs/include/carla_msgs/carla_msgs/msg/detail/carla_walker_control__type_support.h
[13.045s] -- Symlinking: /home/daniel/code/2025-phd-daniel-guerrero/ros-bridge/install/carla_msgs/include/carla_msgs/carla_msgs/msg/detail/carla_weather_parameters__functions.h
[13.049s] -- Symlinking: /home/daniel/code/2025-phd-daniel-guerrero/ros-bridge/install/carla_msgs/include/carla_msgs/carla_msgs/msg/detail/carla_weather_parameters__struct.h
[13.051s] -- Symlinking: /home/daniel/code/2025-phd-daniel-guerrero/ros-bridge/install/carla_msgs/include/carla_msgs/carla_msgs/msg/detail/carla_weather_parameters__type_support.h
[13.053s] -- Symlinking: /home/daniel/code/2025-phd-daniel-guerrero/ros-bridge/install/carla_msgs/include/carla_msgs/carla_msgs/msg/detail/carla_world_info__functions.h
[13.055s] -- Symlinking: /home/daniel/code/2025-phd-daniel-guerrero/ros-bridge/install/carla_msgs/include/carla_msgs/carla_msgs/msg/detail/carla_world_info__struct.h
[13.058s] -- Symlinking: /home/daniel/code/2025-phd-daniel-guerrero/ros-bridge/install/carla_msgs/include/carla_msgs/carla_msgs/msg/detail/carla_world_info__type_support.h
[13.060s] -- Symlinking: /home/daniel/code/2025-phd-daniel-guerrero/ros-bridge/install/carla_msgs/include/carla_msgs/carla_msgs/msg/rosidl_generator_c__visibility_control.h
[13.062s] -- Symlinking: /home/daniel/code/2025-phd-daniel-guerrero/ros-bridge/install/carla_msgs/include/carla_msgs/carla_msgs/srv/destroy_object.h
[13.064s] -- Symlinking: /home/daniel/code/2025-phd-daniel-guerrero/ros-bridge/install/carla_msgs/include/carla_msgs/carla_msgs/srv/detail/destroy_object__functions.h
[13.066s] -- Symlinking: /home/daniel/code/2025-phd-daniel-guerrero/ros-bridge/install/carla_msgs/include/carla_msgs/carla_msgs/srv/detail/destroy_object__struct.h
[13.068s] -- Symlinking: /home/daniel/code/2025-phd-daniel-guerrero/ros-bridge/install/carla_msgs/include/carla_msgs/carla_msgs/srv/detail/destroy_object__type_support.h
[13.070s] -- Symlinking: /home/daniel/code/2025-phd-daniel-guerrero/ros-bridge/install/carla_msgs/include/carla_msgs/carla_msgs/srv/detail/get_blueprints__functions.h
[13.073s] -- Symlinking: /home/daniel/code/2025-phd-daniel-guerrero/ros-bridge/install/carla_msgs/include/carla_msgs/carla_msgs/srv/detail/get_blueprints__struct.h
[13.075s] -- Symlinking: /home/daniel/code/2025-phd-daniel-guerrero/ros-bridge/install/carla_msgs/include/carla_msgs/carla_msgs/srv/detail/get_blueprints__type_support.h
[13.078s] -- Symlinking: /home/daniel/code/2025-phd-daniel-guerrero/ros-bridge/install/carla_msgs/include/carla_msgs/carla_msgs/srv/detail/spawn_object__functions.h
[13.080s] -- Symlinking: /home/daniel/code/2025-phd-daniel-guerrero/ros-bridge/install/carla_msgs/include/carla_msgs/carla_msgs/srv/detail/spawn_object__struct.h
[13.082s] -- Symlinking: /home/daniel/code/2025-phd-daniel-guerrero/ros-bridge/install/carla_msgs/include/carla_msgs/carla_msgs/srv/detail/spawn_object__type_support.h
[13.084s] -- Symlinking: /home/daniel/code/2025-phd-daniel-guerrero/ros-bridge/install/carla_msgs/include/carla_msgs/carla_msgs/srv/get_blueprints.h
[13.086s] -- Symlinking: /home/daniel/code/2025-phd-daniel-guerrero/ros-bridge/install/carla_msgs/include/carla_msgs/carla_msgs/srv/spawn_object.h
[13.088s] -- Symlinking: /home/daniel/code/2025-phd-daniel-guerrero/ros-bridge/install/carla_msgs/share/carla_msgs/environment/library_path.sh
[13.090s] -- Symlinking: /home/daniel/code/2025-phd-daniel-guerrero/ros-bridge/install/carla_msgs/share/carla_msgs/environment/library_path.dsv
[13.093s] -- Symlinking: /home/daniel/code/2025-phd-daniel-guerrero/ros-bridge/install/carla_msgs/include/carla_msgs/carla_msgs/msg/detail/carla_actor_info__rosidl_typesupport_fastrtps_c.h
[13.096s] -- Symlinking: /home/daniel/code/2025-phd-daniel-guerrero/ros-bridge/install/carla_msgs/include/carla_msgs/carla_msgs/msg/detail/carla_actor_list__rosidl_typesupport_fastrtps_c.h
[13.098s] -- Symlinking: /home/daniel/code/2025-phd-daniel-guerrero/ros-bridge/install/carla_msgs/include/carla_msgs/carla_msgs/msg/detail/carla_bounding_box__rosidl_typesupport_fastrtps_c.h
[13.100s] -- Symlinking: /home/daniel/code/2025-phd-daniel-guerrero/ros-bridge/install/carla_msgs/include/carla_msgs/carla_msgs/msg/detail/carla_collision_event__rosidl_typesupport_fastrtps_c.h
[13.102s] -- Symlinking: /home/daniel/code/2025-phd-daniel-guerrero/ros-bridge/install/carla_msgs/include/carla_msgs/carla_msgs/msg/detail/carla_control__rosidl_typesupport_fastrtps_c.h
[13.104s] -- Symlinking: /home/daniel/code/2025-phd-daniel-guerrero/ros-bridge/install/carla_msgs/include/carla_msgs/carla_msgs/msg/detail/carla_ego_vehicle_control__rosidl_typesupport_fastrtps_c.h
[13.106s] -- Symlinking: /home/daniel/code/2025-phd-daniel-guerrero/ros-bridge/install/carla_msgs/include/carla_msgs/carla_msgs/msg/detail/carla_ego_vehicle_info__rosidl_typesupport_fastrtps_c.h
[13.108s] -- Symlinking: /home/daniel/code/2025-phd-daniel-guerrero/ros-bridge/install/carla_msgs/include/carla_msgs/carla_msgs/msg/detail/carla_ego_vehicle_info_wheel__rosidl_typesupport_fastrtps_c.h
[13.110s] -- Symlinking: /home/daniel/code/2025-phd-daniel-guerrero/ros-bridge/install/carla_msgs/include/carla_msgs/carla_msgs/msg/detail/carla_ego_vehicle_status__rosidl_typesupport_fastrtps_c.h
[13.113s] -- Symlinking: /home/daniel/code/2025-phd-daniel-guerrero/ros-bridge/install/carla_msgs/include/carla_msgs/carla_msgs/msg/detail/carla_lane_invasion_event__rosidl_typesupport_fastrtps_c.h
[13.115s] -- Symlinking: /home/daniel/code/2025-phd-daniel-guerrero/ros-bridge/install/carla_msgs/include/carla_msgs/carla_msgs/msg/detail/carla_status__rosidl_typesupport_fastrtps_c.h
[13.117s] -- Symlinking: /home/daniel/code/2025-phd-daniel-guerrero/ros-bridge/install/carla_msgs/include/carla_msgs/carla_msgs/msg/detail/carla_traffic_light_info__rosidl_typesupport_fastrtps_c.h
[13.119s] -- Symlinking: /home/daniel/code/2025-phd-daniel-guerrero/ros-bridge/install/carla_msgs/include/carla_msgs/carla_msgs/msg/detail/carla_traffic_light_info_list__rosidl_typesupport_fastrtps_c.h
[13.121s] -- Symlinking: /home/daniel/code/2025-phd-daniel-guerrero/ros-bridge/install/carla_msgs/include/carla_msgs/carla_msgs/msg/detail/carla_traffic_light_status__rosidl_typesupport_fastrtps_c.h
[13.123s] -- Symlinking: /home/daniel/code/2025-phd-daniel-guerrero/ros-bridge/install/carla_msgs/include/carla_msgs/carla_msgs/msg/detail/carla_traffic_light_status_list__rosidl_typesupport_fastrtps_c.h
[13.125s] -- Symlinking: /home/daniel/code/2025-phd-daniel-guerrero/ros-bridge/install/carla_msgs/include/carla_msgs/carla_msgs/msg/detail/carla_walker_control__rosidl_typesupport_fastrtps_c.h
[13.127s] -- Symlinking: /home/daniel/code/2025-phd-daniel-guerrero/ros-bridge/install/carla_msgs/include/carla_msgs/carla_msgs/msg/detail/carla_weather_parameters__rosidl_typesupport_fastrtps_c.h
[13.129s] -- Symlinking: /home/daniel/code/2025-phd-daniel-guerrero/ros-bridge/install/carla_msgs/include/carla_msgs/carla_msgs/msg/detail/carla_world_info__rosidl_typesupport_fastrtps_c.h
[13.131s] -- Symlinking: /home/daniel/code/2025-phd-daniel-guerrero/ros-bridge/install/carla_msgs/include/carla_msgs/carla_msgs/msg/rosidl_typesupport_fastrtps_c__visibility_control.h
[13.134s] -- Symlinking: /home/daniel/code/2025-phd-daniel-guerrero/ros-bridge/install/carla_msgs/include/carla_msgs/carla_msgs/srv/detail/destroy_object__rosidl_typesupport_fastrtps_c.h
[13.136s] -- Symlinking: /home/daniel/code/2025-phd-daniel-guerrero/ros-bridge/install/carla_msgs/include/carla_msgs/carla_msgs/srv/detail/get_blueprints__rosidl_typesupport_fastrtps_c.h
[13.139s] -- Symlinking: /home/daniel/code/2025-phd-daniel-guerrero/ros-bridge/install/carla_msgs/include/carla_msgs/carla_msgs/srv/detail/spawn_object__rosidl_typesupport_fastrtps_c.h
[13.143s] -- Symlinking: /home/daniel/code/2025-phd-daniel-guerrero/ros-bridge/install/carla_msgs/include/carla_msgs/carla_msgs/msg/carla_actor_info.hpp
[13.145s] -- Symlinking: /home/daniel/code/2025-phd-daniel-guerrero/ros-bridge/install/carla_msgs/include/carla_msgs/carla_msgs/msg/carla_actor_list.hpp
[13.147s] -- Symlinking: /home/daniel/code/2025-phd-daniel-guerrero/ros-bridge/install/carla_msgs/include/carla_msgs/carla_msgs/msg/carla_bounding_box.hpp
[13.149s] -- Symlinking: /home/daniel/code/2025-phd-daniel-guerrero/ros-bridge/install/carla_msgs/include/carla_msgs/carla_msgs/msg/carla_collision_event.hpp
[13.151s] -- Symlinking: /home/daniel/code/2025-phd-daniel-guerrero/ros-bridge/install/carla_msgs/include/carla_msgs/carla_msgs/msg/carla_control.hpp
[13.153s] -- Symlinking: /home/daniel/code/2025-phd-daniel-guerrero/ros-bridge/install/carla_msgs/include/carla_msgs/carla_msgs/msg/carla_ego_vehicle_control.hpp
[13.155s] -- Symlinking: /home/daniel/code/2025-phd-daniel-guerrero/ros-bridge/install/carla_msgs/include/carla_msgs/carla_msgs/msg/carla_ego_vehicle_info.hpp
[13.157s] -- Symlinking: /home/daniel/code/2025-phd-daniel-guerrero/ros-bridge/install/carla_msgs/include/carla_msgs/carla_msgs/msg/carla_ego_vehicle_info_wheel.hpp
[13.159s] -- Symlinking: /home/daniel/code/2025-phd-daniel-guerrero/ros-bridge/install/carla_msgs/include/carla_msgs/carla_msgs/msg/carla_ego_vehicle_status.hpp
[13.161s] -- Symlinking: /home/daniel/code/2025-phd-daniel-guerrero/ros-bridge/install/carla_msgs/include/carla_msgs/carla_msgs/msg/carla_lane_invasion_event.hpp
[13.164s] -- Symlinking: /home/daniel/code/2025-phd-daniel-guerrero/ros-bridge/install/carla_msgs/include/carla_msgs/carla_msgs/msg/carla_status.hpp
[13.166s] -- Symlinking: /home/daniel/code/2025-phd-daniel-guerrero/ros-bridge/install/carla_msgs/include/carla_msgs/carla_msgs/msg/carla_traffic_light_info.hpp
[13.170s] -- Symlinking: /home/daniel/code/2025-phd-daniel-guerrero/ros-bridge/install/carla_msgs/include/carla_msgs/carla_msgs/msg/carla_traffic_light_info_list.hpp
[13.172s] -- Symlinking: /home/daniel/code/2025-phd-daniel-guerrero/ros-bridge/install/carla_msgs/include/carla_msgs/carla_msgs/msg/carla_traffic_light_status.hpp
[13.174s] -- Symlinking: /home/daniel/code/2025-phd-daniel-guerrero/ros-bridge/install/carla_msgs/include/carla_msgs/carla_msgs/msg/carla_traffic_light_status_list.hpp
[13.176s] -- Symlinking: /home/daniel/code/2025-phd-daniel-guerrero/ros-bridge/install/carla_msgs/include/carla_msgs/carla_msgs/msg/carla_walker_control.hpp
[13.180s] -- Symlinking: /home/daniel/code/2025-phd-daniel-guerrero/ros-bridge/install/carla_msgs/include/carla_msgs/carla_msgs/msg/carla_weather_parameters.hpp
[13.182s] -- Symlinking: /home/daniel/code/2025-phd-daniel-guerrero/ros-bridge/install/carla_msgs/include/carla_msgs/carla_msgs/msg/carla_world_info.hpp
[13.184s] -- Symlinking: /home/daniel/code/2025-phd-daniel-guerrero/ros-bridge/install/carla_msgs/include/carla_msgs/carla_msgs/msg/detail/carla_actor_info__builder.hpp
[13.186s] -- Symlinking: /home/daniel/code/2025-phd-daniel-guerrero/ros-bridge/install/carla_msgs/include/carla_msgs/carla_msgs/msg/detail/carla_actor_info__struct.hpp
[13.188s] -- Symlinking: /home/daniel/code/2025-phd-daniel-guerrero/ros-bridge/install/carla_msgs/include/carla_msgs/carla_msgs/msg/detail/carla_actor_info__traits.hpp
[13.190s] -- Symlinking: /home/daniel/code/2025-phd-daniel-guerrero/ros-bridge/install/carla_msgs/include/carla_msgs/carla_msgs/msg/detail/carla_actor_info__type_support.hpp
[13.192s] -- Symlinking: /home/daniel/code/2025-phd-daniel-guerrero/ros-bridge/install/carla_msgs/include/carla_msgs/carla_msgs/msg/detail/carla_actor_list__builder.hpp
[13.194s] -- Symlinking: /home/daniel/code/2025-phd-daniel-guerrero/ros-bridge/install/carla_msgs/include/carla_msgs/carla_msgs/msg/detail/carla_actor_list__struct.hpp
[13.196s] -- Symlinking: /home/daniel/code/2025-phd-daniel-guerrero/ros-bridge/install/carla_msgs/include/carla_msgs/carla_msgs/msg/detail/carla_actor_list__traits.hpp
[13.198s] -- Symlinking: /home/daniel/code/2025-phd-daniel-guerrero/ros-bridge/install/carla_msgs/include/carla_msgs/carla_msgs/msg/detail/carla_actor_list__type_support.hpp
[13.201s] -- Symlinking: /home/daniel/code/2025-phd-daniel-guerrero/ros-bridge/install/carla_msgs/include/carla_msgs/carla_msgs/msg/detail/carla_bounding_box__builder.hpp
[13.203s] -- Symlinking: /home/daniel/code/2025-phd-daniel-guerrero/ros-bridge/install/carla_msgs/include/carla_msgs/carla_msgs/msg/detail/carla_bounding_box__struct.hpp
[13.205s] -- Symlinking: /home/daniel/code/2025-phd-daniel-guerrero/ros-bridge/install/carla_msgs/include/carla_msgs/carla_msgs/msg/detail/carla_bounding_box__traits.hpp
[13.207s] -- Symlinking: /home/daniel/code/2025-phd-daniel-guerrero/ros-bridge/install/carla_msgs/include/carla_msgs/carla_msgs/msg/detail/carla_bounding_box__type_support.hpp
[13.209s] -- Symlinking: /home/daniel/code/2025-phd-daniel-guerrero/ros-bridge/install/carla_msgs/include/carla_msgs/carla_msgs/msg/detail/carla_collision_event__builder.hpp
[13.211s] -- Symlinking: /home/daniel/code/2025-phd-daniel-guerrero/ros-bridge/install/carla_msgs/include/carla_msgs/carla_msgs/msg/detail/carla_collision_event__struct.hpp
[13.213s] -- Symlinking: /home/daniel/code/2025-phd-daniel-guerrero/ros-bridge/install/carla_msgs/include/carla_msgs/carla_msgs/msg/detail/carla_collision_event__traits.hpp
[13.215s] -- Symlinking: /home/daniel/code/2025-phd-daniel-guerrero/ros-bridge/install/carla_msgs/include/carla_msgs/carla_msgs/msg/detail/carla_collision_event__type_support.hpp
[13.218s] -- Symlinking: /home/daniel/code/2025-phd-daniel-guerrero/ros-bridge/install/carla_msgs/include/carla_msgs/carla_msgs/msg/detail/carla_control__builder.hpp
[13.220s] -- Symlinking: /home/daniel/code/2025-phd-daniel-guerrero/ros-bridge/install/carla_msgs/include/carla_msgs/carla_msgs/msg/detail/carla_control__struct.hpp
[13.222s] -- Symlinking: /home/daniel/code/2025-phd-daniel-guerrero/ros-bridge/install/carla_msgs/include/carla_msgs/carla_msgs/msg/detail/carla_control__traits.hpp
[13.224s] -- Symlinking: /home/daniel/code/2025-phd-daniel-guerrero/ros-bridge/install/carla_msgs/include/carla_msgs/carla_msgs/msg/detail/carla_control__type_support.hpp
[13.226s] -- Symlinking: /home/daniel/code/2025-phd-daniel-guerrero/ros-bridge/install/carla_msgs/include/carla_msgs/carla_msgs/msg/detail/carla_ego_vehicle_control__builder.hpp
[13.228s] -- Symlinking: /home/daniel/code/2025-phd-daniel-guerrero/ros-bridge/install/carla_msgs/include/carla_msgs/carla_msgs/msg/detail/carla_ego_vehicle_control__struct.hpp
[13.230s] -- Symlinking: /home/daniel/code/2025-phd-daniel-guerrero/ros-bridge/install/carla_msgs/include/carla_msgs/carla_msgs/msg/detail/carla_ego_vehicle_control__traits.hpp
[13.232s] -- Symlinking: /home/daniel/code/2025-phd-daniel-guerrero/ros-bridge/install/carla_msgs/include/carla_msgs/carla_msgs/msg/detail/carla_ego_vehicle_control__type_support.hpp
[13.236s] -- Symlinking: /home/daniel/code/2025-phd-daniel-guerrero/ros-bridge/install/carla_msgs/include/carla_msgs/carla_msgs/msg/detail/carla_ego_vehicle_info__builder.hpp
[13.238s] -- Symlinking: /home/daniel/code/2025-phd-daniel-guerrero/ros-bridge/install/carla_msgs/include/carla_msgs/carla_msgs/msg/detail/carla_ego_vehicle_info__struct.hpp
[13.240s] -- Symlinking: /home/daniel/code/2025-phd-daniel-guerrero/ros-bridge/install/carla_msgs/include/carla_msgs/carla_msgs/msg/detail/carla_ego_vehicle_info__traits.hpp
[13.243s] -- Symlinking: /home/daniel/code/2025-phd-daniel-guerrero/ros-bridge/install/carla_msgs/include/carla_msgs/carla_msgs/msg/detail/carla_ego_vehicle_info__type_support.hpp
[13.245s] -- Symlinking: /home/daniel/code/2025-phd-daniel-guerrero/ros-bridge/install/carla_msgs/include/carla_msgs/carla_msgs/msg/detail/carla_ego_vehicle_info_wheel__builder.hpp
[13.247s] -- Symlinking: /home/daniel/code/2025-phd-daniel-guerrero/ros-bridge/install/carla_msgs/include/carla_msgs/carla_msgs/msg/detail/carla_ego_vehicle_info_wheel__struct.hpp
[13.250s] -- Symlinking: /home/daniel/code/2025-phd-daniel-guerrero/ros-bridge/install/carla_msgs/include/carla_msgs/carla_msgs/msg/detail/carla_ego_vehicle_info_wheel__traits.hpp
[13.252s] -- Symlinking: /home/daniel/code/2025-phd-daniel-guerrero/ros-bridge/install/carla_msgs/include/carla_msgs/carla_msgs/msg/detail/carla_ego_vehicle_info_wheel__type_support.hpp
[13.254s] -- Symlinking: /home/daniel/code/2025-phd-daniel-guerrero/ros-bridge/install/carla_msgs/include/carla_msgs/carla_msgs/msg/detail/carla_ego_vehicle_status__builder.hpp
[13.258s] -- Symlinking: /home/daniel/code/2025-phd-daniel-guerrero/ros-bridge/install/carla_msgs/include/carla_msgs/carla_msgs/msg/detail/carla_ego_vehicle_status__struct.hpp
[13.260s] -- Symlinking: /home/daniel/code/2025-phd-daniel-guerrero/ros-bridge/install/carla_msgs/include/carla_msgs/carla_msgs/msg/detail/carla_ego_vehicle_status__traits.hpp
[13.263s] -- Symlinking: /home/daniel/code/2025-phd-daniel-guerrero/ros-bridge/install/carla_msgs/include/carla_msgs/carla_msgs/msg/detail/carla_ego_vehicle_status__type_support.hpp
[13.265s] -- Symlinking: /home/daniel/code/2025-phd-daniel-guerrero/ros-bridge/install/carla_msgs/include/carla_msgs/carla_msgs/msg/detail/carla_lane_invasion_event__builder.hpp
[13.267s] -- Symlinking: /home/daniel/code/2025-phd-daniel-guerrero/ros-bridge/install/carla_msgs/include/carla_msgs/carla_msgs/msg/detail/carla_lane_invasion_event__struct.hpp
[13.270s] -- Symlinking: /home/daniel/code/2025-phd-daniel-guerrero/ros-bridge/install/carla_msgs/include/carla_msgs/carla_msgs/msg/detail/carla_lane_invasion_event__traits.hpp
[13.272s] -- Symlinking: /home/daniel/code/2025-phd-daniel-guerrero/ros-bridge/install/carla_msgs/include/carla_msgs/carla_msgs/msg/detail/carla_lane_invasion_event__type_support.hpp
[13.274s] -- Symlinking: /home/daniel/code/2025-phd-daniel-guerrero/ros-bridge/install/carla_msgs/include/carla_msgs/carla_msgs/msg/detail/carla_status__builder.hpp
[13.277s] -- Symlinking: /home/daniel/code/2025-phd-daniel-guerrero/ros-bridge/install/carla_msgs/include/carla_msgs/carla_msgs/msg/detail/carla_status__struct.hpp
[13.279s] -- Symlinking: /home/daniel/code/2025-phd-daniel-guerrero/ros-bridge/install/carla_msgs/include/carla_msgs/carla_msgs/msg/detail/carla_status__traits.hpp
[13.282s] -- Symlinking: /home/daniel/code/2025-phd-daniel-guerrero/ros-bridge/install/carla_msgs/include/carla_msgs/carla_msgs/msg/detail/carla_status__type_support.hpp
[13.285s] -- Symlinking: /home/daniel/code/2025-phd-daniel-guerrero/ros-bridge/install/carla_msgs/include/carla_msgs/carla_msgs/msg/detail/carla_traffic_light_info__builder.hpp
[13.287s] -- Symlinking: /home/daniel/code/2025-phd-daniel-guerrero/ros-bridge/install/carla_msgs/include/carla_msgs/carla_msgs/msg/detail/carla_traffic_light_info__struct.hpp
[13.289s] -- Symlinking: /home/daniel/code/2025-phd-daniel-guerrero/ros-bridge/install/carla_msgs/include/carla_msgs/carla_msgs/msg/detail/carla_traffic_light_info__traits.hpp
[13.292s] -- Symlinking: /home/daniel/code/2025-phd-daniel-guerrero/ros-bridge/install/carla_msgs/include/carla_msgs/carla_msgs/msg/detail/carla_traffic_light_info__type_support.hpp
[13.294s] -- Symlinking: /home/daniel/code/2025-phd-daniel-guerrero/ros-bridge/install/carla_msgs/include/carla_msgs/carla_msgs/msg/detail/carla_traffic_light_info_list__builder.hpp
[13.296s] -- Symlinking: /home/daniel/code/2025-phd-daniel-guerrero/ros-bridge/install/carla_msgs/include/carla_msgs/carla_msgs/msg/detail/carla_traffic_light_info_list__struct.hpp
[13.299s] -- Symlinking: /home/daniel/code/2025-phd-daniel-guerrero/ros-bridge/install/carla_msgs/include/carla_msgs/carla_msgs/msg/detail/carla_traffic_light_info_list__traits.hpp
[13.301s] -- Symlinking: /home/daniel/code/2025-phd-daniel-guerrero/ros-bridge/install/carla_msgs/include/carla_msgs/carla_msgs/msg/detail/carla_traffic_light_info_list__type_support.hpp
[13.303s] -- Symlinking: /home/daniel/code/2025-phd-daniel-guerrero/ros-bridge/install/carla_msgs/include/carla_msgs/carla_msgs/msg/detail/carla_traffic_light_status__builder.hpp
[13.306s] -- Symlinking: /home/daniel/code/2025-phd-daniel-guerrero/ros-bridge/install/carla_msgs/include/carla_msgs/carla_msgs/msg/detail/carla_traffic_light_status__struct.hpp
[13.308s] -- Symlinking: /home/daniel/code/2025-phd-daniel-guerrero/ros-bridge/install/carla_msgs/include/carla_msgs/carla_msgs/msg/detail/carla_traffic_light_status__traits.hpp
[13.310s] -- Symlinking: /home/daniel/code/2025-phd-daniel-guerrero/ros-bridge/install/carla_msgs/include/carla_msgs/carla_msgs/msg/detail/carla_traffic_light_status__type_support.hpp
[13.313s] -- Symlinking: /home/daniel/code/2025-phd-daniel-guerrero/ros-bridge/install/carla_msgs/include/carla_msgs/carla_msgs/msg/detail/carla_traffic_light_status_list__builder.hpp
[13.315s] -- Symlinking: /home/daniel/code/2025-phd-daniel-guerrero/ros-bridge/install/carla_msgs/include/carla_msgs/carla_msgs/msg/detail/carla_traffic_light_status_list__struct.hpp
[13.318s] -- Symlinking: /home/daniel/code/2025-phd-daniel-guerrero/ros-bridge/install/carla_msgs/include/carla_msgs/carla_msgs/msg/detail/carla_traffic_light_status_list__traits.hpp
[13.320s] -- Symlinking: /home/daniel/code/2025-phd-daniel-guerrero/ros-bridge/install/carla_msgs/include/carla_msgs/carla_msgs/msg/detail/carla_traffic_light_status_list__type_support.hpp
[13.323s] -- Symlinking: /home/daniel/code/2025-phd-daniel-guerrero/ros-bridge/install/carla_msgs/include/carla_msgs/carla_msgs/msg/detail/carla_walker_control__builder.hpp
[13.325s] -- Symlinking: /home/daniel/code/2025-phd-daniel-guerrero/ros-bridge/install/carla_msgs/include/carla_msgs/carla_msgs/msg/detail/carla_walker_control__struct.hpp
[13.327s] -- Symlinking: /home/daniel/code/2025-phd-daniel-guerrero/ros-bridge/install/carla_msgs/include/carla_msgs/carla_msgs/msg/detail/carla_walker_control__traits.hpp
[13.330s] -- Symlinking: /home/daniel/code/2025-phd-daniel-guerrero/ros-bridge/install/carla_msgs/include/carla_msgs/carla_msgs/msg/detail/carla_walker_control__type_support.hpp
[13.332s] -- Symlinking: /home/daniel/code/2025-phd-daniel-guerrero/ros-bridge/install/carla_msgs/include/carla_msgs/carla_msgs/msg/detail/carla_weather_parameters__builder.hpp
[13.336s] -- Symlinking: /home/daniel/code/2025-phd-daniel-guerrero/ros-bridge/install/carla_msgs/include/carla_msgs/carla_msgs/msg/detail/carla_weather_parameters__struct.hpp
[13.338s] -- Symlinking: /home/daniel/code/2025-phd-daniel-guerrero/ros-bridge/install/carla_msgs/include/carla_msgs/carla_msgs/msg/detail/carla_weather_parameters__traits.hpp
[13.340s] -- Symlinking: /home/daniel/code/2025-phd-daniel-guerrero/ros-bridge/install/carla_msgs/include/carla_msgs/carla_msgs/msg/detail/carla_weather_parameters__type_support.hpp
[13.343s] -- Symlinking: /home/daniel/code/2025-phd-daniel-guerrero/ros-bridge/install/carla_msgs/include/carla_msgs/carla_msgs/msg/detail/carla_world_info__builder.hpp
[13.345s] -- Symlinking: /home/daniel/code/2025-phd-daniel-guerrero/ros-bridge/install/carla_msgs/include/carla_msgs/carla_msgs/msg/detail/carla_world_info__struct.hpp
[13.347s] -- Symlinking: /home/daniel/code/2025-phd-daniel-guerrero/ros-bridge/install/carla_msgs/include/carla_msgs/carla_msgs/msg/detail/carla_world_info__traits.hpp
[13.350s] -- Symlinking: /home/daniel/code/2025-phd-daniel-guerrero/ros-bridge/install/carla_msgs/include/carla_msgs/carla_msgs/msg/detail/carla_world_info__type_support.hpp
[13.353s] -- Symlinking: /home/daniel/code/2025-phd-daniel-guerrero/ros-bridge/install/carla_msgs/include/carla_msgs/carla_msgs/msg/rosidl_generator_cpp__visibility_control.hpp
[13.356s] -- Symlinking: /home/daniel/code/2025-phd-daniel-guerrero/ros-bridge/install/carla_msgs/include/carla_msgs/carla_msgs/srv/destroy_object.hpp
[13.358s] -- Symlinking: /home/daniel/code/2025-phd-daniel-guerrero/ros-bridge/install/carla_msgs/include/carla_msgs/carla_msgs/srv/detail/destroy_object__builder.hpp
[13.360s] -- Symlinking: /home/daniel/code/2025-phd-daniel-guerrero/ros-bridge/install/carla_msgs/include/carla_msgs/carla_msgs/srv/detail/destroy_object__struct.hpp
[13.363s] -- Symlinking: /home/daniel/code/2025-phd-daniel-guerrero/ros-bridge/install/carla_msgs/include/carla_msgs/carla_msgs/srv/detail/destroy_object__traits.hpp
[13.365s] -- Symlinking: /home/daniel/code/2025-phd-daniel-guerrero/ros-bridge/install/carla_msgs/include/carla_msgs/carla_msgs/srv/detail/destroy_object__type_support.hpp
[13.367s] -- Symlinking: /home/daniel/code/2025-phd-daniel-guerrero/ros-bridge/install/carla_msgs/include/carla_msgs/carla_msgs/srv/detail/get_blueprints__builder.hpp
[13.370s] -- Symlinking: /home/daniel/code/2025-phd-daniel-guerrero/ros-bridge/install/carla_msgs/include/carla_msgs/carla_msgs/srv/detail/get_blueprints__struct.hpp
[13.372s] -- Symlinking: /home/daniel/code/2025-phd-daniel-guerrero/ros-bridge/install/carla_msgs/include/carla_msgs/carla_msgs/srv/detail/get_blueprints__traits.hpp
[13.374s] -- Symlinking: /home/daniel/code/2025-phd-daniel-guerrero/ros-bridge/install/carla_msgs/include/carla_msgs/carla_msgs/srv/detail/get_blueprints__type_support.hpp
[13.377s] -- Symlinking: /home/daniel/code/2025-phd-daniel-guerrero/ros-bridge/install/carla_msgs/include/carla_msgs/carla_msgs/srv/detail/spawn_object__builder.hpp
[13.379s] -- Symlinking: /home/daniel/code/2025-phd-daniel-guerrero/ros-bridge/install/carla_msgs/include/carla_msgs/carla_msgs/srv/detail/spawn_object__struct.hpp
[13.381s] -- Symlinking: /home/daniel/code/2025-phd-daniel-guerrero/ros-bridge/install/carla_msgs/include/carla_msgs/carla_msgs/srv/detail/spawn_object__traits.hpp
[13.384s] -- Symlinking: /home/daniel/code/2025-phd-daniel-guerrero/ros-bridge/install/carla_msgs/include/carla_msgs/carla_msgs/srv/detail/spawn_object__type_support.hpp
[13.386s] -- Symlinking: /home/daniel/code/2025-phd-daniel-guerrero/ros-bridge/install/carla_msgs/include/carla_msgs/carla_msgs/srv/get_blueprints.hpp
[13.388s] -- Symlinking: /home/daniel/code/2025-phd-daniel-guerrero/ros-bridge/install/carla_msgs/include/carla_msgs/carla_msgs/srv/spawn_object.hpp
[13.393s] -- Symlinking: /home/daniel/code/2025-phd-daniel-guerrero/ros-bridge/install/carla_msgs/include/carla_msgs/carla_msgs/msg/detail/carla_actor_info__rosidl_typesupport_fastrtps_cpp.hpp
[13.395s] -- Symlinking: /home/daniel/code/2025-phd-daniel-guerrero/ros-bridge/install/carla_msgs/include/carla_msgs/carla_msgs/msg/detail/carla_actor_list__rosidl_typesupport_fastrtps_cpp.hpp
[13.398s] -- Symlinking: /home/daniel/code/2025-phd-daniel-guerrero/ros-bridge/install/carla_msgs/include/carla_msgs/carla_msgs/msg/detail/carla_bounding_box__rosidl_typesupport_fastrtps_cpp.hpp
[13.400s] -- Symlinking: /home/daniel/code/2025-phd-daniel-guerrero/ros-bridge/install/carla_msgs/include/carla_msgs/carla_msgs/msg/detail/carla_collision_event__rosidl_typesupport_fastrtps_cpp.hpp
[13.404s] -- Symlinking: /home/daniel/code/2025-phd-daniel-guerrero/ros-bridge/install/carla_msgs/include/carla_msgs/carla_msgs/msg/detail/carla_control__rosidl_typesupport_fastrtps_cpp.hpp
[13.406s] -- Symlinking: /home/daniel/code/2025-phd-daniel-guerrero/ros-bridge/install/carla_msgs/include/carla_msgs/carla_msgs/msg/detail/carla_ego_vehicle_control__rosidl_typesupport_fastrtps_cpp.hpp
[13.409s] -- Symlinking: /home/daniel/code/2025-phd-daniel-guerrero/ros-bridge/install/carla_msgs/include/carla_msgs/carla_msgs/msg/detail/carla_ego_vehicle_info__rosidl_typesupport_fastrtps_cpp.hpp
[13.411s] -- Symlinking: /home/daniel/code/2025-phd-daniel-guerrero/ros-bridge/install/carla_msgs/include/carla_msgs/carla_msgs/msg/detail/carla_ego_vehicle_info_wheel__rosidl_typesupport_fastrtps_cpp.hpp
[13.413s] -- Symlinking: /home/daniel/code/2025-phd-daniel-guerrero/ros-bridge/install/carla_msgs/include/carla_msgs/carla_msgs/msg/detail/carla_ego_vehicle_status__rosidl_typesupport_fastrtps_cpp.hpp
[13.416s] -- Symlinking: /home/daniel/code/2025-phd-daniel-guerrero/ros-bridge/install/carla_msgs/include/carla_msgs/carla_msgs/msg/detail/carla_lane_invasion_event__rosidl_typesupport_fastrtps_cpp.hpp
[13.418s] -- Symlinking: /home/daniel/code/2025-phd-daniel-guerrero/ros-bridge/install/carla_msgs/include/carla_msgs/carla_msgs/msg/detail/carla_status__rosidl_typesupport_fastrtps_cpp.hpp
[13.420s] -- Symlinking: /home/daniel/code/2025-phd-daniel-guerrero/ros-bridge/install/carla_msgs/include/carla_msgs/carla_msgs/msg/detail/carla_traffic_light_info__rosidl_typesupport_fastrtps_cpp.hpp
[13.423s] -- Symlinking: /home/daniel/code/2025-phd-daniel-guerrero/ros-bridge/install/carla_msgs/include/carla_msgs/carla_msgs/msg/detail/carla_traffic_light_info_list__rosidl_typesupport_fastrtps_cpp.hpp
[13.425s] -- Symlinking: /home/daniel/code/2025-phd-daniel-guerrero/ros-bridge/install/carla_msgs/include/carla_msgs/carla_msgs/msg/detail/carla_traffic_light_status__rosidl_typesupport_fastrtps_cpp.hpp
[13.428s] -- Symlinking: /home/daniel/code/2025-phd-daniel-guerrero/ros-bridge/install/carla_msgs/include/carla_msgs/carla_msgs/msg/detail/carla_traffic_light_status_list__rosidl_typesupport_fastrtps_cpp.hpp
[13.431s] -- Symlinking: /home/daniel/code/2025-phd-daniel-guerrero/ros-bridge/install/carla_msgs/include/carla_msgs/carla_msgs/msg/detail/carla_walker_control__rosidl_typesupport_fastrtps_cpp.hpp
[13.433s] -- Symlinking: /home/daniel/code/2025-phd-daniel-guerrero/ros-bridge/install/carla_msgs/include/carla_msgs/carla_msgs/msg/detail/carla_weather_parameters__rosidl_typesupport_fastrtps_cpp.hpp
[13.435s] -- Symlinking: /home/daniel/code/2025-phd-daniel-guerrero/ros-bridge/install/carla_msgs/include/carla_msgs/carla_msgs/msg/detail/carla_world_info__rosidl_typesupport_fastrtps_cpp.hpp
[13.438s] -- Symlinking: /home/daniel/code/2025-phd-daniel-guerrero/ros-bridge/install/carla_msgs/include/carla_msgs/carla_msgs/msg/rosidl_typesupport_fastrtps_cpp__visibility_control.h
[13.440s] -- Symlinking: /home/daniel/code/2025-phd-daniel-guerrero/ros-bridge/install/carla_msgs/include/carla_msgs/carla_msgs/srv/detail/destroy_object__rosidl_typesupport_fastrtps_cpp.hpp
[13.442s] -- Symlinking: /home/daniel/code/2025-phd-daniel-guerrero/ros-bridge/install/carla_msgs/include/carla_msgs/carla_msgs/srv/detail/get_blueprints__rosidl_typesupport_fastrtps_cpp.hpp
[13.445s] -- Symlinking: /home/daniel/code/2025-phd-daniel-guerrero/ros-bridge/install/carla_msgs/include/carla_msgs/carla_msgs/srv/detail/spawn_object__rosidl_typesupport_fastrtps_cpp.hpp
[13.448s] -- Symlinking: /home/daniel/code/2025-phd-daniel-guerrero/ros-bridge/install/carla_msgs/include/carla_msgs/carla_msgs/msg/detail/carla_actor_info__rosidl_typesupport_introspection_c.h
[13.450s] -- Symlinking: /home/daniel/code/2025-phd-daniel-guerrero/ros-bridge/install/carla_msgs/include/carla_msgs/carla_msgs/msg/detail/carla_actor_list__rosidl_typesupport_introspection_c.h
[13.453s] -- Symlinking: /home/daniel/code/2025-phd-daniel-guerrero/ros-bridge/install/carla_msgs/include/carla_msgs/carla_msgs/msg/detail/carla_bounding_box__rosidl_typesupport_introspection_c.h
[13.456s] -- Symlinking: /home/daniel/code/2025-phd-daniel-guerrero/ros-bridge/install/carla_msgs/include/carla_msgs/carla_msgs/msg/detail/carla_collision_event__rosidl_typesupport_introspection_c.h
[13.458s] -- Symlinking: /home/daniel/code/2025-phd-daniel-guerrero/ros-bridge/install/carla_msgs/include/carla_msgs/carla_msgs/msg/detail/carla_control__rosidl_typesupport_introspection_c.h
[13.460s] -- Symlinking: /home/daniel/code/2025-phd-daniel-guerrero/ros-bridge/install/carla_msgs/include/carla_msgs/carla_msgs/msg/detail/carla_ego_vehicle_control__rosidl_typesupport_introspection_c.h
[13.463s] -- Symlinking: /home/daniel/code/2025-phd-daniel-guerrero/ros-bridge/install/carla_msgs/include/carla_msgs/carla_msgs/msg/detail/carla_ego_vehicle_info__rosidl_typesupport_introspection_c.h
[13.465s] -- Symlinking: /home/daniel/code/2025-phd-daniel-guerrero/ros-bridge/install/carla_msgs/include/carla_msgs/carla_msgs/msg/detail/carla_ego_vehicle_info_wheel__rosidl_typesupport_introspection_c.h
[13.467s] -- Symlinking: /home/daniel/code/2025-phd-daniel-guerrero/ros-bridge/install/carla_msgs/include/carla_msgs/carla_msgs/msg/detail/carla_ego_vehicle_status__rosidl_typesupport_introspection_c.h
[13.470s] -- Symlinking: /home/daniel/code/2025-phd-daniel-guerrero/ros-bridge/install/carla_msgs/include/carla_msgs/carla_msgs/msg/detail/carla_lane_invasion_event__rosidl_typesupport_introspection_c.h
[13.472s] -- Symlinking: /home/daniel/code/2025-phd-daniel-guerrero/ros-bridge/install/carla_msgs/include/carla_msgs/carla_msgs/msg/detail/carla_status__rosidl_typesupport_introspection_c.h
[13.474s] -- Symlinking: /home/daniel/code/2025-phd-daniel-guerrero/ros-bridge/install/carla_msgs/include/carla_msgs/carla_msgs/msg/detail/carla_traffic_light_info__rosidl_typesupport_introspection_c.h
[13.477s] -- Symlinking: /home/daniel/code/2025-phd-daniel-guerrero/ros-bridge/install/carla_msgs/include/carla_msgs/carla_msgs/msg/detail/carla_traffic_light_info_list__rosidl_typesupport_introspection_c.h
[13.479s] -- Symlinking: /home/daniel/code/2025-phd-daniel-guerrero/ros-bridge/install/carla_msgs/include/carla_msgs/carla_msgs/msg/detail/carla_traffic_light_status__rosidl_typesupport_introspection_c.h
[13.481s] -- Symlinking: /home/daniel/code/2025-phd-daniel-guerrero/ros-bridge/install/carla_msgs/include/carla_msgs/carla_msgs/msg/detail/carla_traffic_light_status_list__rosidl_typesupport_introspection_c.h
[13.484s] -- Symlinking: /home/daniel/code/2025-phd-daniel-guerrero/ros-bridge/install/carla_msgs/include/carla_msgs/carla_msgs/msg/detail/carla_walker_control__rosidl_typesupport_introspection_c.h
[13.486s] -- Symlinking: /home/daniel/code/2025-phd-daniel-guerrero/ros-bridge/install/carla_msgs/include/carla_msgs/carla_msgs/msg/detail/carla_weather_parameters__rosidl_typesupport_introspection_c.h
[13.488s] -- Symlinking: /home/daniel/code/2025-phd-daniel-guerrero/ros-bridge/install/carla_msgs/include/carla_msgs/carla_msgs/msg/detail/carla_world_info__rosidl_typesupport_introspection_c.h
[13.491s] -- Symlinking: /home/daniel/code/2025-phd-daniel-guerrero/ros-bridge/install/carla_msgs/include/carla_msgs/carla_msgs/msg/rosidl_typesupport_introspection_c__visibility_control.h
[13.493s] -- Symlinking: /home/daniel/code/2025-phd-daniel-guerrero/ros-bridge/install/carla_msgs/include/carla_msgs/carla_msgs/srv/detail/destroy_object__rosidl_typesupport_introspection_c.h
[13.495s] -- Symlinking: /home/daniel/code/2025-phd-daniel-guerrero/ros-bridge/install/carla_msgs/include/carla_msgs/carla_msgs/srv/detail/get_blueprints__rosidl_typesupport_introspection_c.h
[13.498s] -- Symlinking: /home/daniel/code/2025-phd-daniel-guerrero/ros-bridge/install/carla_msgs/include/carla_msgs/carla_msgs/srv/detail/spawn_object__rosidl_typesupport_introspection_c.h
[13.502s] -- Symlinking: /home/daniel/code/2025-phd-daniel-guerrero/ros-bridge/install/carla_msgs/include/carla_msgs/carla_msgs/msg/detail/carla_actor_info__rosidl_typesupport_introspection_cpp.hpp
[13.504s] -- Symlinking: /home/daniel/code/2025-phd-daniel-guerrero/ros-bridge/install/carla_msgs/include/carla_msgs/carla_msgs/msg/detail/carla_actor_list__rosidl_typesupport_introspection_cpp.hpp
[13.506s] -- Symlinking: /home/daniel/code/2025-phd-daniel-guerrero/ros-bridge/install/carla_msgs/include/carla_msgs/carla_msgs/msg/detail/carla_bounding_box__rosidl_typesupport_introspection_cpp.hpp
[13.509s] -- Symlinking: /home/daniel/code/2025-phd-daniel-guerrero/ros-bridge/install/carla_msgs/include/carla_msgs/carla_msgs/msg/detail/carla_collision_event__rosidl_typesupport_introspection_cpp.hpp
[13.511s] -- Symlinking: /home/daniel/code/2025-phd-daniel-guerrero/ros-bridge/install/carla_msgs/include/carla_msgs/carla_msgs/msg/detail/carla_control__rosidl_typesupport_introspection_cpp.hpp
[13.513s] -- Symlinking: /home/daniel/code/2025-phd-daniel-guerrero/ros-bridge/install/carla_msgs/include/carla_msgs/carla_msgs/msg/detail/carla_ego_vehicle_control__rosidl_typesupport_introspection_cpp.hpp
[13.515s] -- Symlinking: /home/daniel/code/2025-phd-daniel-guerrero/ros-bridge/install/carla_msgs/include/carla_msgs/carla_msgs/msg/detail/carla_ego_vehicle_info__rosidl_typesupport_introspection_cpp.hpp
[13.518s] -- Symlinking: /home/daniel/code/2025-phd-daniel-guerrero/ros-bridge/install/carla_msgs/include/carla_msgs/carla_msgs/msg/detail/carla_ego_vehicle_info_wheel__rosidl_typesupport_introspection_cpp.hpp
[13.520s] -- Symlinking: /home/daniel/code/2025-phd-daniel-guerrero/ros-bridge/install/carla_msgs/include/carla_msgs/carla_msgs/msg/detail/carla_ego_vehicle_status__rosidl_typesupport_introspection_cpp.hpp
[13.523s] -- Symlinking: /home/daniel/code/2025-phd-daniel-guerrero/ros-bridge/install/carla_msgs/include/carla_msgs/carla_msgs/msg/detail/carla_lane_invasion_event__rosidl_typesupport_introspection_cpp.hpp
[13.525s] -- Symlinking: /home/daniel/code/2025-phd-daniel-guerrero/ros-bridge/install/carla_msgs/include/carla_msgs/carla_msgs/msg/detail/carla_status__rosidl_typesupport_introspection_cpp.hpp
[13.527s] -- Symlinking: /home/daniel/code/2025-phd-daniel-guerrero/ros-bridge/install/carla_msgs/include/carla_msgs/carla_msgs/msg/detail/carla_traffic_light_info__rosidl_typesupport_introspection_cpp.hpp
[13.530s] -- Symlinking: /home/daniel/code/2025-phd-daniel-guerrero/ros-bridge/install/carla_msgs/include/carla_msgs/carla_msgs/msg/detail/carla_traffic_light_info_list__rosidl_typesupport_introspection_cpp.hpp
[13.532s] -- Symlinking: /home/daniel/code/2025-phd-daniel-guerrero/ros-bridge/install/carla_msgs/include/carla_msgs/carla_msgs/msg/detail/carla_traffic_light_status__rosidl_typesupport_introspection_cpp.hpp
[13.534s] -- Symlinking: /home/daniel/code/2025-phd-daniel-guerrero/ros-bridge/install/carla_msgs/include/carla_msgs/carla_msgs/msg/detail/carla_traffic_light_status_list__rosidl_typesupport_introspection_cpp.hpp
[13.536s] -- Symlinking: /home/daniel/code/2025-phd-daniel-guerrero/ros-bridge/install/carla_msgs/include/carla_msgs/carla_msgs/msg/detail/carla_walker_control__rosidl_typesupport_introspection_cpp.hpp
[13.539s] -- Symlinking: /home/daniel/code/2025-phd-daniel-guerrero/ros-bridge/install/carla_msgs/include/carla_msgs/carla_msgs/msg/detail/carla_weather_parameters__rosidl_typesupport_introspection_cpp.hpp
[13.541s] -- Symlinking: /home/daniel/code/2025-phd-daniel-guerrero/ros-bridge/install/carla_msgs/include/carla_msgs/carla_msgs/msg/detail/carla_world_info__rosidl_typesupport_introspection_cpp.hpp
[13.543s] -- Symlinking: /home/daniel/code/2025-phd-daniel-guerrero/ros-bridge/install/carla_msgs/include/carla_msgs/carla_msgs/srv/detail/destroy_object__rosidl_typesupport_introspection_cpp.hpp
[13.546s] -- Symlinking: /home/daniel/code/2025-phd-daniel-guerrero/ros-bridge/install/carla_msgs/include/carla_msgs/carla_msgs/srv/detail/get_blueprints__rosidl_typesupport_introspection_cpp.hpp
[13.548s] -- Symlinking: /home/daniel/code/2025-phd-daniel-guerrero/ros-bridge/install/carla_msgs/include/carla_msgs/carla_msgs/srv/detail/spawn_object__rosidl_typesupport_introspection_cpp.hpp
[13.552s] -- Symlinking: /home/daniel/code/2025-phd-daniel-guerrero/ros-bridge/install/carla_msgs/share/carla_msgs/environment/pythonpath.sh
[13.554s] -- Symlinking: /home/daniel/code/2025-phd-daniel-guerrero/ros-bridge/install/carla_msgs/share/carla_msgs/environment/pythonpath.dsv
[13.557s] -- Symlinking: /home/daniel/code/2025-phd-daniel-guerrero/ros-bridge/install/carla_msgs/local/lib/python3.10/dist-packages/carla_msgs-1.3.0-py3.10.egg-info/PKG-INFO
[13.560s] -- Symlinking: /home/daniel/code/2025-phd-daniel-guerrero/ros-bridge/install/carla_msgs/local/lib/python3.10/dist-packages/carla_msgs-1.3.0-py3.10.egg-info/SOURCES.txt
[13.562s] -- Symlinking: /home/daniel/code/2025-phd-daniel-guerrero/ros-bridge/install/carla_msgs/local/lib/python3.10/dist-packages/carla_msgs-1.3.0-py3.10.egg-info/dependency_links.txt
[13.564s] -- Symlinking: /home/daniel/code/2025-phd-daniel-guerrero/ros-bridge/install/carla_msgs/local/lib/python3.10/dist-packages/carla_msgs-1.3.0-py3.10.egg-info/top_level.txt
[13.569s] -- Symlinking: /home/daniel/code/2025-phd-daniel-guerrero/ros-bridge/install/carla_msgs/local/lib/python3.10/dist-packages/carla_msgs/__init__.py
[13.573s] -- Symlinking: /home/daniel/code/2025-phd-daniel-guerrero/ros-bridge/install/carla_msgs/local/lib/python3.10/dist-packages/carla_msgs/_carla_msgs_s.ep.rosidl_typesupport_c.c
[13.575s] -- Symlinking: /home/daniel/code/2025-phd-daniel-guerrero/ros-bridge/install/carla_msgs/local/lib/python3.10/dist-packages/carla_msgs/_carla_msgs_s.ep.rosidl_typesupport_fastrtps_c.c
[13.578s] -- Symlinking: /home/daniel/code/2025-phd-daniel-guerrero/ros-bridge/install/carla_msgs/local/lib/python3.10/dist-packages/carla_msgs/_carla_msgs_s.ep.rosidl_typesupport_introspection_c.c
[13.581s] -- Symlinking: /home/daniel/code/2025-phd-daniel-guerrero/ros-bridge/install/carla_msgs/local/lib/python3.10/dist-packages/carla_msgs/carla_msgs_s__rosidl_typesupport_c.cpython-310-x86_64-linux-gnu.so
[13.583s] -- Symlinking: /home/daniel/code/2025-phd-daniel-guerrero/ros-bridge/install/carla_msgs/local/lib/python3.10/dist-packages/carla_msgs/carla_msgs_s__rosidl_typesupport_fastrtps_c.cpython-310-x86_64-linux-gnu.so
[13.585s] -- Symlinking: /home/daniel/code/2025-phd-daniel-guerrero/ros-bridge/install/carla_msgs/local/lib/python3.10/dist-packages/carla_msgs/carla_msgs_s__rosidl_typesupport_introspection_c.cpython-310-x86_64-linux-gnu.so
[13.588s] -- Symlinking: /home/daniel/code/2025-phd-daniel-guerrero/ros-bridge/install/carla_msgs/local/lib/python3.10/dist-packages/carla_msgs/libcarla_msgs__rosidl_generator_py.so
[13.591s] -- Symlinking: /home/daniel/code/2025-phd-daniel-guerrero/ros-bridge/install/carla_msgs/local/lib/python3.10/dist-packages/carla_msgs/msg/__init__.py
[13.593s] -- Symlinking: /home/daniel/code/2025-phd-daniel-guerrero/ros-bridge/install/carla_msgs/local/lib/python3.10/dist-packages/carla_msgs/msg/_carla_actor_info.py
[13.595s] -- Symlinking: /home/daniel/code/2025-phd-daniel-guerrero/ros-bridge/install/carla_msgs/local/lib/python3.10/dist-packages/carla_msgs/msg/_carla_actor_info_s.c
[13.598s] -- Symlinking: /home/daniel/code/2025-phd-daniel-guerrero/ros-bridge/install/carla_msgs/local/lib/python3.10/dist-packages/carla_msgs/msg/_carla_actor_list.py
[13.600s] -- Symlinking: /home/daniel/code/2025-phd-daniel-guerrero/ros-bridge/install/carla_msgs/local/lib/python3.10/dist-packages/carla_msgs/msg/_carla_actor_list_s.c
[13.603s] -- Symlinking: /home/daniel/code/2025-phd-daniel-guerrero/ros-bridge/install/carla_msgs/local/lib/python3.10/dist-packages/carla_msgs/msg/_carla_bounding_box.py
[13.605s] -- Symlinking: /home/daniel/code/2025-phd-daniel-guerrero/ros-bridge/install/carla_msgs/local/lib/python3.10/dist-packages/carla_msgs/msg/_carla_bounding_box_s.c
[13.607s] -- Symlinking: /home/daniel/code/2025-phd-daniel-guerrero/ros-bridge/install/carla_msgs/local/lib/python3.10/dist-packages/carla_msgs/msg/_carla_collision_event.py
[13.610s] -- Symlinking: /home/daniel/code/2025-phd-daniel-guerrero/ros-bridge/install/carla_msgs/local/lib/python3.10/dist-packages/carla_msgs/msg/_carla_collision_event_s.c
[13.612s] -- Symlinking: /home/daniel/code/2025-phd-daniel-guerrero/ros-bridge/install/carla_msgs/local/lib/python3.10/dist-packages/carla_msgs/msg/_carla_control.py
[13.614s] -- Symlinking: /home/daniel/code/2025-phd-daniel-guerrero/ros-bridge/install/carla_msgs/local/lib/python3.10/dist-packages/carla_msgs/msg/_carla_control_s.c
[13.617s] -- Symlinking: /home/daniel/code/2025-phd-daniel-guerrero/ros-bridge/install/carla_msgs/local/lib/python3.10/dist-packages/carla_msgs/msg/_carla_ego_vehicle_control.py
[13.619s] -- Symlinking: /home/daniel/code/2025-phd-daniel-guerrero/ros-bridge/install/carla_msgs/local/lib/python3.10/dist-packages/carla_msgs/msg/_carla_ego_vehicle_control_s.c
[13.621s] -- Symlinking: /home/daniel/code/2025-phd-daniel-guerrero/ros-bridge/install/carla_msgs/local/lib/python3.10/dist-packages/carla_msgs/msg/_carla_ego_vehicle_info.py
[13.624s] -- Symlinking: /home/daniel/code/2025-phd-daniel-guerrero/ros-bridge/install/carla_msgs/local/lib/python3.10/dist-packages/carla_msgs/msg/_carla_ego_vehicle_info_s.c
[13.626s] -- Symlinking: /home/daniel/code/2025-phd-daniel-guerrero/ros-bridge/install/carla_msgs/local/lib/python3.10/dist-packages/carla_msgs/msg/_carla_ego_vehicle_info_wheel.py
[13.628s] -- Symlinking: /home/daniel/code/2025-phd-daniel-guerrero/ros-bridge/install/carla_msgs/local/lib/python3.10/dist-packages/carla_msgs/msg/_carla_ego_vehicle_info_wheel_s.c
[13.631s] -- Symlinking: /home/daniel/code/2025-phd-daniel-guerrero/ros-bridge/install/carla_msgs/local/lib/python3.10/dist-packages/carla_msgs/msg/_carla_ego_vehicle_status.py
[13.633s] -- Symlinking: /home/daniel/code/2025-phd-daniel-guerrero/ros-bridge/install/carla_msgs/local/lib/python3.10/dist-packages/carla_msgs/msg/_carla_ego_vehicle_status_s.c
[13.635s] -- Symlinking: /home/daniel/code/2025-phd-daniel-guerrero/ros-bridge/install/carla_msgs/local/lib/python3.10/dist-packages/carla_msgs/msg/_carla_lane_invasion_event.py
[13.638s] -- Symlinking: /home/daniel/code/2025-phd-daniel-guerrero/ros-bridge/install/carla_msgs/local/lib/python3.10/dist-packages/carla_msgs/msg/_carla_lane_invasion_event_s.c
[13.640s] -- Symlinking: /home/daniel/code/2025-phd-daniel-guerrero/ros-bridge/install/carla_msgs/local/lib/python3.10/dist-packages/carla_msgs/msg/_carla_status.py
[13.642s] -- Symlinking: /home/daniel/code/2025-phd-daniel-guerrero/ros-bridge/install/carla_msgs/local/lib/python3.10/dist-packages/carla_msgs/msg/_carla_status_s.c
[13.645s] -- Symlinking: /home/daniel/code/2025-phd-daniel-guerrero/ros-bridge/install/carla_msgs/local/lib/python3.10/dist-packages/carla_msgs/msg/_carla_traffic_light_info.py
[13.647s] -- Symlinking: /home/daniel/code/2025-phd-daniel-guerrero/ros-bridge/install/carla_msgs/local/lib/python3.10/dist-packages/carla_msgs/msg/_carla_traffic_light_info_list.py
[13.649s] -- Symlinking: /home/daniel/code/2025-phd-daniel-guerrero/ros-bridge/install/carla_msgs/local/lib/python3.10/dist-packages/carla_msgs/msg/_carla_traffic_light_info_list_s.c
[13.652s] -- Symlinking: /home/daniel/code/2025-phd-daniel-guerrero/ros-bridge/install/carla_msgs/local/lib/python3.10/dist-packages/carla_msgs/msg/_carla_traffic_light_info_s.c
[13.654s] -- Symlinking: /home/daniel/code/2025-phd-daniel-guerrero/ros-bridge/install/carla_msgs/local/lib/python3.10/dist-packages/carla_msgs/msg/_carla_traffic_light_status.py
[13.656s] -- Symlinking: /home/daniel/code/2025-phd-daniel-guerrero/ros-bridge/install/carla_msgs/local/lib/python3.10/dist-packages/carla_msgs/msg/_carla_traffic_light_status_list.py
[13.659s] -- Symlinking: /home/daniel/code/2025-phd-daniel-guerrero/ros-bridge/install/carla_msgs/local/lib/python3.10/dist-packages/carla_msgs/msg/_carla_traffic_light_status_list_s.c
[13.661s] -- Symlinking: /home/daniel/code/2025-phd-daniel-guerrero/ros-bridge/install/carla_msgs/local/lib/python3.10/dist-packages/carla_msgs/msg/_carla_traffic_light_status_s.c
[13.663s] -- Symlinking: /home/daniel/code/2025-phd-daniel-guerrero/ros-bridge/install/carla_msgs/local/lib/python3.10/dist-packages/carla_msgs/msg/_carla_walker_control.py
[13.666s] -- Symlinking: /home/daniel/code/2025-phd-daniel-guerrero/ros-bridge/install/carla_msgs/local/lib/python3.10/dist-packages/carla_msgs/msg/_carla_walker_control_s.c
[13.668s] -- Symlinking: /home/daniel/code/2025-phd-daniel-guerrero/ros-bridge/install/carla_msgs/local/lib/python3.10/dist-packages/carla_msgs/msg/_carla_weather_parameters.py
[13.670s] -- Symlinking: /home/daniel/code/2025-phd-daniel-guerrero/ros-bridge/install/carla_msgs/local/lib/python3.10/dist-packages/carla_msgs/msg/_carla_weather_parameters_s.c
[13.672s] -- Symlinking: /home/daniel/code/2025-phd-daniel-guerrero/ros-bridge/install/carla_msgs/local/lib/python3.10/dist-packages/carla_msgs/msg/_carla_world_info.py
[13.675s] -- Symlinking: /home/daniel/code/2025-phd-daniel-guerrero/ros-bridge/install/carla_msgs/local/lib/python3.10/dist-packages/carla_msgs/msg/_carla_world_info_s.c
[13.677s] -- Symlinking: /home/daniel/code/2025-phd-daniel-guerrero/ros-bridge/install/carla_msgs/local/lib/python3.10/dist-packages/carla_msgs/srv/__init__.py
[13.680s] -- Symlinking: /home/daniel/code/2025-phd-daniel-guerrero/ros-bridge/install/carla_msgs/local/lib/python3.10/dist-packages/carla_msgs/srv/_destroy_object.py
[13.682s] -- Symlinking: /home/daniel/code/2025-phd-daniel-guerrero/ros-bridge/install/carla_msgs/local/lib/python3.10/dist-packages/carla_msgs/srv/_destroy_object_s.c
[13.684s] -- Symlinking: /home/daniel/code/2025-phd-daniel-guerrero/ros-bridge/install/carla_msgs/local/lib/python3.10/dist-packages/carla_msgs/srv/_get_blueprints.py
[13.687s] -- Symlinking: /home/daniel/code/2025-phd-daniel-guerrero/ros-bridge/install/carla_msgs/local/lib/python3.10/dist-packages/carla_msgs/srv/_get_blueprints_s.c
[13.689s] -- Symlinking: /home/daniel/code/2025-phd-daniel-guerrero/ros-bridge/install/carla_msgs/local/lib/python3.10/dist-packages/carla_msgs/srv/_spawn_object.py
[13.691s] -- Symlinking: /home/daniel/code/2025-phd-daniel-guerrero/ros-bridge/install/carla_msgs/local/lib/python3.10/dist-packages/carla_msgs/srv/_spawn_object_s.c
[13.694s] -- Up-to-date symlink: /home/daniel/code/2025-phd-daniel-guerrero/ros-bridge/install/carla_msgs/local/lib/python3.10/dist-packages/carla_msgs/carla_msgs_s__rosidl_typesupport_fastrtps_c.cpython-310-x86_64-linux-gnu.so
[13.694s] -- Up-to-date symlink: /home/daniel/code/2025-phd-daniel-guerrero/ros-bridge/install/carla_msgs/local/lib/python3.10/dist-packages/carla_msgs/carla_msgs_s__rosidl_typesupport_introspection_c.cpython-310-x86_64-linux-gnu.so
[13.695s] -- Up-to-date symlink: /home/daniel/code/2025-phd-daniel-guerrero/ros-bridge/install/carla_msgs/local/lib/python3.10/dist-packages/carla_msgs/carla_msgs_s__rosidl_typesupport_c.cpython-310-x86_64-linux-gnu.so
[13.695s] -- Symlinking: /home/daniel/code/2025-phd-daniel-guerrero/ros-bridge/install/carla_msgs/share/carla_msgs/msg/CarlaBoundingBox.idl
[13.698s] -- Symlinking: /home/daniel/code/2025-phd-daniel-guerrero/ros-bridge/install/carla_msgs/share/carla_msgs/msg/CarlaEgoVehicleControl.idl
[13.700s] -- Symlinking: /home/daniel/code/2025-phd-daniel-guerrero/ros-bridge/install/carla_msgs/share/carla_msgs/msg/CarlaEgoVehicleStatus.idl
[13.703s] -- Symlinking: /home/daniel/code/2025-phd-daniel-guerrero/ros-bridge/install/carla_msgs/share/carla_msgs/msg/CarlaEgoVehicleInfoWheel.idl
[13.705s] -- Symlinking: /home/daniel/code/2025-phd-daniel-guerrero/ros-bridge/install/carla_msgs/share/carla_msgs/msg/CarlaEgoVehicleInfo.idl
[13.707s] -- Symlinking: /home/daniel/code/2025-phd-daniel-guerrero/ros-bridge/install/carla_msgs/share/carla_msgs/msg/CarlaCollisionEvent.idl
[13.710s] -- Symlinking: /home/daniel/code/2025-phd-daniel-guerrero/ros-bridge/install/carla_msgs/share/carla_msgs/msg/CarlaLaneInvasionEvent.idl
[13.712s] -- Symlinking: /home/daniel/code/2025-phd-daniel-guerrero/ros-bridge/install/carla_msgs/share/carla_msgs/msg/CarlaWorldInfo.idl
[13.715s] -- Symlinking: /home/daniel/code/2025-phd-daniel-guerrero/ros-bridge/install/carla_msgs/share/carla_msgs/msg/CarlaActorInfo.idl
[13.718s] -- Symlinking: /home/daniel/code/2025-phd-daniel-guerrero/ros-bridge/install/carla_msgs/share/carla_msgs/msg/CarlaActorList.idl
[13.720s] -- Symlinking: /home/daniel/code/2025-phd-daniel-guerrero/ros-bridge/install/carla_msgs/share/carla_msgs/msg/CarlaControl.idl
[13.723s] -- Symlinking: /home/daniel/code/2025-phd-daniel-guerrero/ros-bridge/install/carla_msgs/share/carla_msgs/msg/CarlaStatus.idl
[13.725s] -- Symlinking: /home/daniel/code/2025-phd-daniel-guerrero/ros-bridge/install/carla_msgs/share/carla_msgs/msg/CarlaTrafficLightInfo.idl
[13.727s] -- Symlinking: /home/daniel/code/2025-phd-daniel-guerrero/ros-bridge/install/carla_msgs/share/carla_msgs/msg/CarlaTrafficLightInfoList.idl
[13.730s] -- Symlinking: /home/daniel/code/2025-phd-daniel-guerrero/ros-bridge/install/carla_msgs/share/carla_msgs/msg/CarlaTrafficLightStatus.idl
[13.732s] -- Symlinking: /home/daniel/code/2025-phd-daniel-guerrero/ros-bridge/install/carla_msgs/share/carla_msgs/msg/CarlaTrafficLightStatusList.idl
[13.736s] -- Symlinking: /home/daniel/code/2025-phd-daniel-guerrero/ros-bridge/install/carla_msgs/share/carla_msgs/msg/CarlaWalkerControl.idl
[13.738s] -- Symlinking: /home/daniel/code/2025-phd-daniel-guerrero/ros-bridge/install/carla_msgs/share/carla_msgs/msg/CarlaWeatherParameters.idl
[13.740s] -- Symlinking: /home/daniel/code/2025-phd-daniel-guerrero/ros-bridge/install/carla_msgs/share/carla_msgs/srv/SpawnObject.idl
[13.743s] -- Symlinking: /home/daniel/code/2025-phd-daniel-guerrero/ros-bridge/install/carla_msgs/share/carla_msgs/srv/DestroyObject.idl
[13.745s] -- Symlinking: /home/daniel/code/2025-phd-daniel-guerrero/ros-bridge/install/carla_msgs/share/carla_msgs/srv/GetBlueprints.idl
[13.748s] -- Symlinking: /home/daniel/code/2025-phd-daniel-guerrero/ros-bridge/install/carla_msgs/share/carla_msgs/msg/CarlaBoundingBox.msg
[13.751s] -- Symlinking: /home/daniel/code/2025-phd-daniel-guerrero/ros-bridge/install/carla_msgs/share/carla_msgs/msg/CarlaEgoVehicleControl.msg
[13.753s] -- Symlinking: /home/daniel/code/2025-phd-daniel-guerrero/ros-bridge/install/carla_msgs/share/carla_msgs/msg/CarlaEgoVehicleStatus.msg
[13.756s] -- Symlinking: /home/daniel/code/2025-phd-daniel-guerrero/ros-bridge/install/carla_msgs/share/carla_msgs/msg/CarlaEgoVehicleInfoWheel.msg
[13.758s] -- Symlinking: /home/daniel/code/2025-phd-daniel-guerrero/ros-bridge/install/carla_msgs/share/carla_msgs/msg/CarlaEgoVehicleInfo.msg
[13.760s] -- Symlinking: /home/daniel/code/2025-phd-daniel-guerrero/ros-bridge/install/carla_msgs/share/carla_msgs/msg/CarlaCollisionEvent.msg
[13.763s] -- Symlinking: /home/daniel/code/2025-phd-daniel-guerrero/ros-bridge/install/carla_msgs/share/carla_msgs/msg/CarlaLaneInvasionEvent.msg
[13.765s] -- Symlinking: /home/daniel/code/2025-phd-daniel-guerrero/ros-bridge/install/carla_msgs/share/carla_msgs/msg/CarlaWorldInfo.msg
[13.768s] -- Symlinking: /home/daniel/code/2025-phd-daniel-guerrero/ros-bridge/install/carla_msgs/share/carla_msgs/msg/CarlaActorInfo.msg
[13.770s] -- Symlinking: /home/daniel/code/2025-phd-daniel-guerrero/ros-bridge/install/carla_msgs/share/carla_msgs/msg/CarlaActorList.msg
[13.773s] -- Symlinking: /home/daniel/code/2025-phd-daniel-guerrero/ros-bridge/install/carla_msgs/share/carla_msgs/msg/CarlaControl.msg
[13.775s] -- Symlinking: /home/daniel/code/2025-phd-daniel-guerrero/ros-bridge/install/carla_msgs/share/carla_msgs/msg/CarlaStatus.msg
[13.778s] -- Symlinking: /home/daniel/code/2025-phd-daniel-guerrero/ros-bridge/install/carla_msgs/share/carla_msgs/msg/CarlaTrafficLightInfo.msg
[13.780s] -- Symlinking: /home/daniel/code/2025-phd-daniel-guerrero/ros-bridge/install/carla_msgs/share/carla_msgs/msg/CarlaTrafficLightInfoList.msg
[13.783s] -- Symlinking: /home/daniel/code/2025-phd-daniel-guerrero/ros-bridge/install/carla_msgs/share/carla_msgs/msg/CarlaTrafficLightStatus.msg
[13.785s] -- Symlinking: /home/daniel/code/2025-phd-daniel-guerrero/ros-bridge/install/carla_msgs/share/carla_msgs/msg/CarlaTrafficLightStatusList.msg
[13.788s] -- Symlinking: /home/daniel/code/2025-phd-daniel-guerrero/ros-bridge/install/carla_msgs/share/carla_msgs/msg/CarlaWalkerControl.msg
[13.790s] -- Symlinking: /home/daniel/code/2025-phd-daniel-guerrero/ros-bridge/install/carla_msgs/share/carla_msgs/msg/CarlaWeatherParameters.msg
[13.793s] -- Symlinking: /home/daniel/code/2025-phd-daniel-guerrero/ros-bridge/install/carla_msgs/share/carla_msgs/srv/SpawnObject.srv
[13.795s] -- Symlinking: /home/daniel/code/2025-phd-daniel-guerrero/ros-bridge/install/carla_msgs/share/carla_msgs/srv/SpawnObject_Request.msg
[13.798s] -- Symlinking: /home/daniel/code/2025-phd-daniel-guerrero/ros-bridge/install/carla_msgs/share/carla_msgs/srv/SpawnObject_Response.msg
[13.800s] -- Symlinking: /home/daniel/code/2025-phd-daniel-guerrero/ros-bridge/install/carla_msgs/share/carla_msgs/srv/DestroyObject.srv
[13.802s] -- Symlinking: /home/daniel/code/2025-phd-daniel-guerrero/ros-bridge/install/carla_msgs/share/carla_msgs/srv/DestroyObject_Request.msg
[13.805s] -- Symlinking: /home/daniel/code/2025-phd-daniel-guerrero/ros-bridge/install/carla_msgs/share/carla_msgs/srv/DestroyObject_Response.msg
[13.807s] -- Symlinking: /home/daniel/code/2025-phd-daniel-guerrero/ros-bridge/install/carla_msgs/share/carla_msgs/srv/GetBlueprints.srv
[13.810s] -- Symlinking: /home/daniel/code/2025-phd-daniel-guerrero/ros-bridge/install/carla_msgs/share/carla_msgs/srv/GetBlueprints_Request.msg
[13.812s] -- Symlinking: /home/daniel/code/2025-phd-daniel-guerrero/ros-bridge/install/carla_msgs/share/carla_msgs/srv/GetBlueprints_Response.msg
[13.816s] -- Symlinking: /home/daniel/code/2025-phd-daniel-guerrero/ros-bridge/install/carla_msgs/share/ament_index/resource_index/package_run_dependencies/carla_msgs
[13.819s] -- Symlinking: /home/daniel/code/2025-phd-daniel-guerrero/ros-bridge/install/carla_msgs/share/ament_index/resource_index/parent_prefix_path/carla_msgs
[13.823s] -- Symlinking: /home/daniel/code/2025-phd-daniel-guerrero/ros-bridge/install/carla_msgs/share/carla_msgs/environment/ament_prefix_path.sh
[13.825s] -- Symlinking: /home/daniel/code/2025-phd-daniel-guerrero/ros-bridge/install/carla_msgs/share/carla_msgs/environment/ament_prefix_path.dsv
[13.827s] -- Symlinking: /home/daniel/code/2025-phd-daniel-guerrero/ros-bridge/install/carla_msgs/share/carla_msgs/environment/path.sh
[13.830s] -- Symlinking: /home/daniel/code/2025-phd-daniel-guerrero/ros-bridge/install/carla_msgs/share/carla_msgs/environment/path.dsv
[13.832s] -- Symlinking: /home/daniel/code/2025-phd-daniel-guerrero/ros-bridge/install/carla_msgs/share/carla_msgs/local_setup.bash
[13.835s] -- Symlinking: /home/daniel/code/2025-phd-daniel-guerrero/ros-bridge/install/carla_msgs/share/carla_msgs/local_setup.sh
[13.837s] -- Symlinking: /home/daniel/code/2025-phd-daniel-guerrero/ros-bridge/install/carla_msgs/share/carla_msgs/local_setup.zsh
[13.839s] -- Symlinking: /home/daniel/code/2025-phd-daniel-guerrero/ros-bridge/install/carla_msgs/share/carla_msgs/local_setup.dsv
[13.842s] -- Symlinking: /home/daniel/code/2025-phd-daniel-guerrero/ros-bridge/install/carla_msgs/share/carla_msgs/package.dsv
[13.844s] -- Symlinking: /home/daniel/code/2025-phd-daniel-guerrero/ros-bridge/install/carla_msgs/share/ament_index/resource_index/packages/carla_msgs
[13.846s] -- Symlinking: /home/daniel/code/2025-phd-daniel-guerrero/ros-bridge/install/carla_msgs/share/carla_msgs/cmake/rosidl_cmake-extras.cmake
[13.849s] -- Symlinking: /home/daniel/code/2025-phd-daniel-guerrero/ros-bridge/install/carla_msgs/share/carla_msgs/cmake/ament_cmake_export_dependencies-extras.cmake
[13.852s] -- Symlinking: /home/daniel/code/2025-phd-daniel-guerrero/ros-bridge/install/carla_msgs/share/carla_msgs/cmake/ament_cmake_export_include_directories-extras.cmake
[13.854s] -- Symlinking: /home/daniel/code/2025-phd-daniel-guerrero/ros-bridge/install/carla_msgs/share/carla_msgs/cmake/ament_cmake_export_libraries-extras.cmake
[13.857s] -- Symlinking: /home/daniel/code/2025-phd-daniel-guerrero/ros-bridge/install/carla_msgs/share/carla_msgs/cmake/ament_cmake_export_targets-extras.cmake
[13.859s] -- Symlinking: /home/daniel/code/2025-phd-daniel-guerrero/ros-bridge/install/carla_msgs/share/carla_msgs/cmake/rosidl_cmake_export_typesupport_targets-extras.cmake
[13.861s] -- Symlinking: /home/daniel/code/2025-phd-daniel-guerrero/ros-bridge/install/carla_msgs/share/carla_msgs/cmake/rosidl_cmake_export_typesupport_libraries-extras.cmake
[13.864s] -- Symlinking: /home/daniel/code/2025-phd-daniel-guerrero/ros-bridge/install/carla_msgs/share/carla_msgs/cmake/carla_msgsConfig.cmake
[13.866s] -- Symlinking: /home/daniel/code/2025-phd-daniel-guerrero/ros-bridge/install/carla_msgs/share/carla_msgs/cmake/carla_msgsConfig-version.cmake
[13.869s] -- Symlinking: /home/daniel/code/2025-phd-daniel-guerrero/ros-bridge/install/carla_msgs/share/carla_msgs/package.xml
[13.871s] -- Installing: /home/daniel/code/2025-phd-daniel-guerrero/ros-bridge/install/carla_msgs/lib/libcarla_msgs__rosidl_generator_c.so
[13.872s] -- Set non-toolchain portion of runtime path of "/home/daniel/code/2025-phd-daniel-guerrero/ros-bridge/install/carla_msgs/lib/libcarla_msgs__rosidl_generator_c.so" to ""
[13.872s] -- Installing: /home/daniel/code/2025-phd-daniel-guerrero/ros-bridge/install/carla_msgs/lib/libcarla_msgs__rosidl_typesupport_fastrtps_c.so
[13.873s] -- Set non-toolchain portion of runtime path of "/home/daniel/code/2025-phd-daniel-guerrero/ros-bridge/install/carla_msgs/lib/libcarla_msgs__rosidl_typesupport_fastrtps_c.so" to ""
[13.873s] -- Installing: /home/daniel/code/2025-phd-daniel-guerrero/ros-bridge/install/carla_msgs/lib/libcarla_msgs__rosidl_typesupport_fastrtps_cpp.so
[13.874s] -- Set non-toolchain portion of runtime path of "/home/daniel/code/2025-phd-daniel-guerrero/ros-bridge/install/carla_msgs/lib/libcarla_msgs__rosidl_typesupport_fastrtps_cpp.so" to ""
[13.874s] -- Installing: /home/daniel/code/2025-phd-daniel-guerrero/ros-bridge/install/carla_msgs/lib/libcarla_msgs__rosidl_typesupport_introspection_c.so
[13.875s] -- Set non-toolchain portion of runtime path of "/home/daniel/code/2025-phd-daniel-guerrero/ros-bridge/install/carla_msgs/lib/libcarla_msgs__rosidl_typesupport_introspection_c.so" to ""
[13.875s] -- Installing: /home/daniel/code/2025-phd-daniel-guerrero/ros-bridge/install/carla_msgs/lib/libcarla_msgs__rosidl_typesupport_c.so
[13.875s] -- Set non-toolchain portion of runtime path of "/home/daniel/code/2025-phd-daniel-guerrero/ros-bridge/install/carla_msgs/lib/libcarla_msgs__rosidl_typesupport_c.so" to ""
[13.875s] -- Installing: /home/daniel/code/2025-phd-daniel-guerrero/ros-bridge/install/carla_msgs/lib/libcarla_msgs__rosidl_typesupport_introspection_cpp.so
[13.877s] -- Set non-toolchain portion of runtime path of "/home/daniel/code/2025-phd-daniel-guerrero/ros-bridge/install/carla_msgs/lib/libcarla_msgs__rosidl_typesupport_introspection_cpp.so" to ""
[13.877s] -- Installing: /home/daniel/code/2025-phd-daniel-guerrero/ros-bridge/install/carla_msgs/lib/libcarla_msgs__rosidl_typesupport_cpp.so
[13.877s] -- Set non-toolchain portion of runtime path of "/home/daniel/code/2025-phd-daniel-guerrero/ros-bridge/install/carla_msgs/lib/libcarla_msgs__rosidl_typesupport_cpp.so" to ""
[13.932s] Listing '/home/daniel/code/2025-phd-daniel-guerrero/ros-bridge/install/carla_msgs/local/lib/python3.10/dist-packages/carla_msgs'...
[13.932s] Compiling '/home/daniel/code/2025-phd-daniel-guerrero/ros-bridge/install/carla_msgs/local/lib/python3.10/dist-packages/carla_msgs/__init__.py'...
[13.932s] Listing '/home/daniel/code/2025-phd-daniel-guerrero/ros-bridge/install/carla_msgs/local/lib/python3.10/dist-packages/carla_msgs/msg'...
[13.932s] Compiling '/home/daniel/code/2025-phd-daniel-guerrero/ros-bridge/install/carla_msgs/local/lib/python3.10/dist-packages/carla_msgs/msg/__init__.py'...
[13.932s] Compiling '/home/daniel/code/2025-phd-daniel-guerrero/ros-bridge/install/carla_msgs/local/lib/python3.10/dist-packages/carla_msgs/msg/_carla_actor_info.py'...
[13.932s] Compiling '/home/daniel/code/2025-phd-daniel-guerrero/ros-bridge/install/carla_msgs/local/lib/python3.10/dist-packages/carla_msgs/msg/_carla_actor_list.py'...
[13.932s] Compiling '/home/daniel/code/2025-phd-daniel-guerrero/ros-bridge/install/carla_msgs/local/lib/python3.10/dist-packages/carla_msgs/msg/_carla_bounding_box.py'...
[13.932s] Compiling '/home/daniel/code/2025-phd-daniel-guerrero/ros-bridge/install/carla_msgs/local/lib/python3.10/dist-packages/carla_msgs/msg/_carla_collision_event.py'...
[13.932s] Compiling '/home/daniel/code/2025-phd-daniel-guerrero/ros-bridge/install/carla_msgs/local/lib/python3.10/dist-packages/carla_msgs/msg/_carla_control.py'...
[13.932s] Compiling '/home/daniel/code/2025-phd-daniel-guerrero/ros-bridge/install/carla_msgs/local/lib/python3.10/dist-packages/carla_msgs/msg/_carla_ego_vehicle_control.py'...
[13.932s] Compiling '/home/daniel/code/2025-phd-daniel-guerrero/ros-bridge/install/carla_msgs/local/lib/python3.10/dist-packages/carla_msgs/msg/_carla_ego_vehicle_info.py'...
[13.932s] Compiling '/home/daniel/code/2025-phd-daniel-guerrero/ros-bridge/install/carla_msgs/local/lib/python3.10/dist-packages/carla_msgs/msg/_carla_ego_vehicle_info_wheel.py'...
[13.933s] Compiling '/home/daniel/code/2025-phd-daniel-guerrero/ros-bridge/install/carla_msgs/local/lib/python3.10/dist-packages/carla_msgs/msg/_carla_ego_vehicle_status.py'...
[13.933s] Compiling '/home/daniel/code/2025-phd-daniel-guerrero/ros-bridge/install/carla_msgs/local/lib/python3.10/dist-packages/carla_msgs/msg/_carla_lane_invasion_event.py'...
[13.933s] Compiling '/home/daniel/code/2025-phd-daniel-guerrero/ros-bridge/install/carla_msgs/local/lib/python3.10/dist-packages/carla_msgs/msg/_carla_status.py'...
[13.933s] Compiling '/home/daniel/code/2025-phd-daniel-guerrero/ros-bridge/install/carla_msgs/local/lib/python3.10/dist-packages/carla_msgs/msg/_carla_traffic_light_info.py'...
[13.933s] Compiling '/home/daniel/code/2025-phd-daniel-guerrero/ros-bridge/install/carla_msgs/local/lib/python3.10/dist-packages/carla_msgs/msg/_carla_traffic_light_info_list.py'...
[13.933s] Compiling '/home/daniel/code/2025-phd-daniel-guerrero/ros-bridge/install/carla_msgs/local/lib/python3.10/dist-packages/carla_msgs/msg/_carla_traffic_light_status.py'...
[13.933s] Compiling '/home/daniel/code/2025-phd-daniel-guerrero/ros-bridge/install/carla_msgs/local/lib/python3.10/dist-packages/carla_msgs/msg/_carla_traffic_light_status_list.py'...
[13.933s] Compiling '/home/daniel/code/2025-phd-daniel-guerrero/ros-bridge/install/carla_msgs/local/lib/python3.10/dist-packages/carla_msgs/msg/_carla_walker_control.py'...
[13.933s] Compiling '/home/daniel/code/2025-phd-daniel-guerrero/ros-bridge/install/carla_msgs/local/lib/python3.10/dist-packages/carla_msgs/msg/_carla_weather_parameters.py'...
[13.933s] Compiling '/home/daniel/code/2025-phd-daniel-guerrero/ros-bridge/install/carla_msgs/local/lib/python3.10/dist-packages/carla_msgs/msg/_carla_world_info.py'...
[13.933s] Listing '/home/daniel/code/2025-phd-daniel-guerrero/ros-bridge/install/carla_msgs/local/lib/python3.10/dist-packages/carla_msgs/srv'...
[13.933s] Compiling '/home/daniel/code/2025-phd-daniel-guerrero/ros-bridge/install/carla_msgs/local/lib/python3.10/dist-packages/carla_msgs/srv/__init__.py'...
[13.933s] Compiling '/home/daniel/code/2025-phd-daniel-guerrero/ros-bridge/install/carla_msgs/local/lib/python3.10/dist-packages/carla_msgs/srv/_destroy_object.py'...
[13.933s] Compiling '/home/daniel/code/2025-phd-daniel-guerrero/ros-bridge/install/carla_msgs/local/lib/python3.10/dist-packages/carla_msgs/srv/_get_blueprints.py'...
[13.933s] Compiling '/home/daniel/code/2025-phd-daniel-guerrero/ros-bridge/install/carla_msgs/local/lib/python3.10/dist-packages/carla_msgs/srv/_spawn_object.py'...
[13.935s] -- Installing: /home/daniel/code/2025-phd-daniel-guerrero/ros-bridge/install/carla_msgs/lib/libcarla_msgs__rosidl_generator_py.so
[13.937s] -- Set non-toolchain portion of runtime path of "/home/daniel/code/2025-phd-daniel-guerrero/ros-bridge/install/carla_msgs/lib/libcarla_msgs__rosidl_generator_py.so" to ""
[13.937s] -- Installing: /home/daniel/code/2025-phd-daniel-guerrero/ros-bridge/install/carla_msgs/share/carla_msgs/cmake/export_carla_msgs__rosidl_generator_cExport.cmake
[13.937s] -- Installing: /home/daniel/code/2025-phd-daniel-guerrero/ros-bridge/install/carla_msgs/share/carla_msgs/cmake/export_carla_msgs__rosidl_generator_cExport-noconfig.cmake
[13.937s] -- Installing: /home/daniel/code/2025-phd-daniel-guerrero/ros-bridge/install/carla_msgs/share/carla_msgs/cmake/export_carla_msgs__rosidl_typesupport_fastrtps_cExport.cmake
[13.938s] -- Installing: /home/daniel/code/2025-phd-daniel-guerrero/ros-bridge/install/carla_msgs/share/carla_msgs/cmake/export_carla_msgs__rosidl_typesupport_fastrtps_cExport-noconfig.cmake
[13.938s] -- Installing: /home/daniel/code/2025-phd-daniel-guerrero/ros-bridge/install/carla_msgs/share/carla_msgs/cmake/export_carla_msgs__rosidl_generator_cppExport.cmake
[13.938s] -- Installing: /home/daniel/code/2025-phd-daniel-guerrero/ros-bridge/install/carla_msgs/share/carla_msgs/cmake/export_carla_msgs__rosidl_typesupport_fastrtps_cppExport.cmake
[13.939s] -- Installing: /home/daniel/code/2025-phd-daniel-guerrero/ros-bridge/install/carla_msgs/share/carla_msgs/cmake/export_carla_msgs__rosidl_typesupport_fastrtps_cppExport-noconfig.cmake
[13.939s] -- Installing: /home/daniel/code/2025-phd-daniel-guerrero/ros-bridge/install/carla_msgs/share/carla_msgs/cmake/carla_msgs__rosidl_typesupport_introspection_cExport.cmake
[13.939s] -- Installing: /home/daniel/code/2025-phd-daniel-guerrero/ros-bridge/install/carla_msgs/share/carla_msgs/cmake/carla_msgs__rosidl_typesupport_introspection_cExport-noconfig.cmake
[13.939s] -- Installing: /home/daniel/code/2025-phd-daniel-guerrero/ros-bridge/install/carla_msgs/share/carla_msgs/cmake/carla_msgs__rosidl_typesupport_cExport.cmake
[13.940s] -- Installing: /home/daniel/code/2025-phd-daniel-guerrero/ros-bridge/install/carla_msgs/share/carla_msgs/cmake/carla_msgs__rosidl_typesupport_cExport-noconfig.cmake
[13.940s] -- Installing: /home/daniel/code/2025-phd-daniel-guerrero/ros-bridge/install/carla_msgs/share/carla_msgs/cmake/carla_msgs__rosidl_typesupport_introspection_cppExport.cmake
[13.940s] -- Installing: /home/daniel/code/2025-phd-daniel-guerrero/ros-bridge/install/carla_msgs/share/carla_msgs/cmake/carla_msgs__rosidl_typesupport_introspection_cppExport-noconfig.cmake
[13.941s] -- Installing: /home/daniel/code/2025-phd-daniel-guerrero/ros-bridge/install/carla_msgs/share/carla_msgs/cmake/carla_msgs__rosidl_typesupport_cppExport.cmake
[13.941s] -- Installing: /home/daniel/code/2025-phd-daniel-guerrero/ros-bridge/install/carla_msgs/share/carla_msgs/cmake/carla_msgs__rosidl_typesupport_cppExport-noconfig.cmake
[13.941s] -- Installing: /home/daniel/code/2025-phd-daniel-guerrero/ros-bridge/install/carla_msgs/share/carla_msgs/cmake/export_carla_msgs__rosidl_generator_pyExport.cmake
[13.941s] -- Installing: /home/daniel/code/2025-phd-daniel-guerrero/ros-bridge/install/carla_msgs/share/carla_msgs/cmake/export_carla_msgs__rosidl_generator_pyExport-noconfig.cmake
[13.944s] Invoked command in '/home/daniel/code/2025-phd-daniel-guerrero/ros-bridge/build/carla_msgs' returned '0': CMAKE_PREFIX_PATH=${CMAKE_PREFIX_PATH}:/home/daniel/code/2025-phd-daniel-guerrero/ros-bridge/install/rqt_carla_control:/home/daniel/code/2025-phd-daniel-guerrero/ros-bridge/install/carla_waypoint_publisher:/home/daniel/code/2025-phd-daniel-guerrero/ros-bridge/install/carla_ackermann_control:/home/daniel/code/2025-phd-daniel-guerrero/ros-bridge/install/carla_ros_bridge:/home/daniel/code/2025-phd-daniel-guerrero/ros-bridge/install/carla_spawn_objects:/home/daniel/code/2025-phd-daniel-guerrero/ros-bridge/install/carla_manual_control:/home/daniel/code/2025-phd-daniel-guerrero/ros-bridge/install/carla_ad_agent:/home/daniel/code/2025-phd-daniel-guerrero/ros-bridge/install/ros_compatibility:/home/daniel/code/2025-phd-daniel-guerrero/ros-bridge/install/carla_walker_agent:/home/daniel/code/2025-phd-daniel-guerrero/ros-bridge/install/carla_twist_to_control:/home/daniel/code/2025-phd-daniel-guerrero/ros-bridge/install/carla_ros_scenario_runner:/home/daniel/code/2025-phd-daniel-guerrero/ros-bridge/install/carla_common:/home/daniel/carla-ros-bridge/install/rqt_carla_control:/home/daniel/carla-ros-bridge/install/carla_waypoint_publisher:/home/daniel/carla-ros-bridge/install/carla_ackermann_control:/home/daniel/carla-ros-bridge/install/carla_ros_bridge:/home/daniel/carla-ros-bridge/install/carla_spawn_objects:/home/daniel/carla-ros-bridge/install/carla_manual_control:/home/daniel/carla-ros-bridge/install/carla_ad_agent:/home/daniel/carla-ros-bridge/install/ros_compatibility:/home/daniel/carla-ros-bridge/install/carla_walker_agent:/home/daniel/carla-ros-bridge/install/carla_twist_to_control:/home/daniel/carla-ros-bridge/install/carla_ros_scenario_runner:/home/daniel/carla-ros-bridge/install/carla_common:/opt/ros/humble /opt/cmake-3.28.3-linux-x86_64/bin/cmake --install /home/daniel/code/2025-phd-daniel-guerrero/ros-bridge/build/carla_msgs
